Name,Method short name,Parameter short name
Air - Physical,4460,385_00_00_05_24
Air - Physical,2182,839_00_00_05_10
Biological - Biological,2296,521_00_00_02_13
Biological - Biological,2294,523_00_00_02_36
Biological - Biological,2295,525_00_00_02_13
Biological - Descriptive,4393,2119_00_00_02_02
Biological - Descriptive,4393,2118_00_00_02_02
Biological - Descriptive,4393,2117_00_00_02_02
Biological - Dioxins and Furans,4393,2671_00_00_02_02
Biological - Dioxins and Furans,4393,2129_00_00_02_02
Biological - Dioxins and Furans,4393,4816_00_00_02_02
Biological - Dioxins and Furans,4393,2115_00_00_02_02
Biological - Dioxins and Furans,4393,2126_00_00_02_02
Biological - Dioxins and Furans,4393,2662_00_00_02_02
Biological - Dioxins and Furans,4393,2660_00_00_02_02
Biological - Dioxins and Furans,4393,4817_00_00_02_02
Biological - Dioxins and Furans,4393,2124_00_00_02_02
Biological - Dioxins and Furans,4393,2665_00_00_02_02
Biological - Dioxins and Furans,4393,2116_00_00_02_02
Biological - Dioxins and Furans,4393,2128_00_00_02_02
Biological - Dioxins and Furans,4393,2669_00_00_02_02
Biological - Dioxins and Furans,4393,2125_00_00_02_02
Biological - Dioxins and Furans,4393,2122_00_00_02_02
Biological - Dioxins and Furans,4393,2659_00_00_02_02
Biological - Dioxins and Furans,4393,2664_00_00_02_02
Biological - Dioxins and Furans,4393,2663_00_00_02_02
Biological - Dioxins and Furans,4393,1419_00_00_02_02
Biological - Dioxins and Furans,4393,2666_00_00_02_02
Biological - Dioxins and Furans,4393,2120_00_00_02_02
Biological - Dioxins and Furans,4393,1418_00_00_02_02
Biological - Dioxins and Furans,4393,2667_00_00_02_02
Biological - Dioxins and Furans,4393,2661_00_00_02_02
Biological - Dioxins and Furans,4393,2121_00_00_02_02
Biological - Dioxins and Furans,4393,2670_00_00_02_02
Biological - Dioxins and Furans,4393,2123_00_00_02_02
Biological - Dioxins and Furans,4393,2127_00_00_02_02
Biological - Dioxins and Furans,4393,2668_00_00_02_02
Biological - Hydrocarbons,4438,968_00_00_02_01
Biological - Hydrocarbons,2592,1084_00_00_02_02
Biological - Hydrocarbons,4302,1099_00_00_02_02
Biological - Hydrocarbons,4302,1583_00_00_02_02
Biological - Hydrocarbons,4302,1097_00_00_02_02
Biological - Hydrocarbons,4302,1578_00_00_02_02
Biological - Hydrocarbons,4302,1593_00_00_02_02
Biological - Hydrocarbons,4302,1096_00_00_02_02
Biological - Hydrocarbons,4302,1102_00_00_02_02
Biological - Hydrocarbons,4302,1103_00_00_02_02
Biological - Hydrocarbons,4302,1552_00_00_02_02
Biological - Hydrocarbons,4302,4417_00_00_02_02
Biological - Hydrocarbons,4302,1101_00_00_02_02
Biological - Hydrocarbons,4302,1575_00_00_02_02
Biological - Hydrocarbons,4302,5314_00_00_02_02
Biological - Hydrocarbons,4302,1083_00_00_02_02
Biological - Hydrocarbons,4302,1545_00_00_02_02
Biological - Hydrocarbons,4302,1541_00_00_02_02
Biological - Hydrocarbons,4302,1561_00_00_02_02
Biological - Hydrocarbons,4302,4418_00_00_02_02
Biological - Hydrocarbons,2818,214_00_00_02_02
Biological - Hydrocarbons,4302,1100_00_00_02_02
Biological - Hydrocarbons,4302,1092_00_00_02_02
Biological - Hydrocarbons,4302,1529_00_00_02_02
Biological - Hydrocarbons,4302,4416_00_00_02_02
Biological - Hydrocarbons,2818,91_00_00_02_02
Biological - Hydrocarbons,4302,5310_00_00_02_02
Biological - Hydrocarbons,2875,245_00_00_02_02
Biological - Hydrocarbons,4302,1041_00_00_02_02
Biological - Hydrocarbons,4302,1533_00_00_02_02
Biological - Hydrocarbons,4302,1571_00_00_02_02
Biological - Hydrocarbons,4302,4415_00_00_02_02
Biological - Hydrocarbons,4302,1554_00_00_02_02
Biological - Hydrocarbons,4302,5315_00_00_02_02
Biological - Hydrocarbons,4302,5311_00_00_02_02
Biological - Hydrocarbons,2592,1103_00_00_02_02
Biological - Hydrocarbons,2592,1099_00_00_02_02
Biological - Hydrocarbons,4302,1104_00_00_02_02
Biological - Hydrocarbons,4302,1094_00_00_02_02
Biological - Hydrocarbons,4302,5313_00_00_02_02
Biological - Hydrocarbons,4302,1542_00_00_02_02
Biological - Hydrocarbons,4302,1088_00_00_02_02
Biological - Hydrocarbons,4302,1587_00_00_02_02
Biological - Hydrocarbons,2592,1101_00_00_02_02
Biological - Hydrocarbons,4302,1091_00_00_02_02
Biological - Hydrocarbons,4302,1530_00_00_02_02
Biological - Hydrocarbons,4302,1531_00_00_02_02
Biological - Hydrocarbons,4302,1538_00_00_02_02
Biological - Hydrocarbons,2592,1097_00_00_02_02
Biological - Hydrocarbons,4302,1093_00_00_02_02
Biological - Hydrocarbons,4302,1567_00_00_02_02
Biological - Hydrocarbons,2592,1100_00_00_02_02
Biological - Hydrocarbons,2592,1091_00_00_02_02
Biological - Hydrocarbons,4302,1086_00_00_02_02
Biological - Hydrocarbons,4302,5309_00_00_02_02
Biological - Hydrocarbons,2592,1086_00_00_02_02
Biological - Hydrocarbons,4302,2619_00_00_02_02
Biological - Hydrocarbons,4302,5312_00_00_02_02
Biological - Hydrocarbons,2592,1098_00_00_02_02
Biological - Hydrocarbons,4302,1098_00_00_02_02
Biological - Hydrocarbons,4302,1563_00_00_02_02
Biological - Hydrocarbons,4302,2650_00_00_02_02
Biological - Hydrocarbons,2592,1092_00_00_02_02
Biological - Hydrocarbons,2592,1087_00_00_02_02
Biological - Hydrocarbons,2592,1088_00_00_02_02
Biological - Hydrocarbons,2592,1083_00_00_02_02
Biological - Hydrocarbons,2818,76_00_00_02_02
Biological - Hydrocarbons,2592,1096_00_00_02_02
Biological - Hydrocarbons,2592,1102_00_00_02_02
Biological - Hydrocarbons,2818,77_00_00_02_02
Biological - Hydrocarbons,2592,1094_00_00_02_02
Biological - Hydrocarbons,2592,1089_00_00_02_02
Biological - Hydrocarbons,2592,1093_00_00_02_02
Biological - Hydrocarbons,2592,1082_00_00_02_02
Biological - Hydrocarbons,2592,1085_00_00_02_02
Biological - Hydrocarbons,2592,1095_00_00_02_02
Biological - Hydrocarbons,2592,1090_00_00_02_02
Biological - Hydrocarbons,2592,292_00_00_02_02
Biological - Hydrocarbons,2592,148_00_00_02_02
Biological - Hydrocarbons,2592,219_00_00_02_02
Biological - Hydrocarbons,2592,155_00_00_02_02
Biological - Hydrocarbons,2592,204_00_00_02_02
Biological - Hydrocarbons,2592,145_00_00_02_02
Biological - Hydrocarbons,2592,132_00_00_02_02
Biological - Hydrocarbons,2592,147_00_00_02_02
Biological - Hydrocarbons,2592,1104_00_00_02_02
Biological - Hydrocarbons,2592,212_00_00_02_02
Biological - Hydrocarbons,2875,329_00_00_02_02
Biological - Hydrocarbons,2592,146_00_00_02_02
Biological - Hydrocarbons,2592,303_00_00_02_02
Biological - Hydrocarbons,2875,91_00_00_02_02
Biological - Hydrocarbons,2592,140_00_00_02_02
Biological - Hydrocarbons,2353,910_00_00_02_01
Biological - Hydrocarbons,2875,215_00_00_02_02
Biological - Hydrocarbons,2592,312_00_00_02_02
Biological - Hydrocarbons,2875,237_00_00_02_02
Biological - Hydrocarbons,2592,299_00_00_02_02
Biological - Hydrocarbons,2592,1272_00_00_02_02
Biological - Hydrocarbons,2677,1041_00_00_02_02
Biological - Hydrocarbons,2875,1041_00_00_02_02
Biological - Hydrocarbons,2875,95_00_00_02_02
Biological - Hydrocarbons,2593,181_00_00_02_02
Biological - Hydrocarbons,2875,181_00_00_02_02
Biological - Hydrocarbons,2592,93_00_00_02_02
Biological - Hydrocarbons,2875,64_00_00_02_02
Biological - Hydrocarbons,2875,72_00_00_02_02
Biological - Hydrocarbons,2875,304_00_00_02_02
Biological - Major Ions,924,567_00_00_02_02
Biological - Major Ions,924,408_00_00_02_02
Biological - Major Ions,924,585_00_00_02_02
Biological - Metal,1916,3336_00_00_02_02
Biological - Metal,1916,1002_00_00_02_02
Biological - Metal,1916,1012_00_00_02_02
Biological - Metal,1916,1005_00_00_02_02
Biological - Metal,1916,1010_00_00_02_02
Biological - Metal,1916,858_00_00_02_02
Biological - Metal,1916,1999_00_00_02_02
Biological - Metal,1916,1004_00_00_02_02
Biological - Metal,1916,2764_00_00_02_02
Biological - Metal,1916,4456_00_00_02_02
Biological - Metal,1916,3348_00_00_02_02
Biological - Metal,1916,3492_00_00_02_02
Biological - Metal,1916,1003_00_00_02_02
Biological - Metal,1916,1007_00_00_02_02
Biological - Metal,1916,401_00_00_02_02
Biological - Metal,1916,3335_00_00_02_02
Biological - Metal,1916,1998_00_00_02_02
Biological - Metal,1916,1009_00_00_02_02
Biological - Metal,1916,1013_00_00_02_02
Biological - Metal,1916,3334_00_00_02_02
Biological - Metal,1916,2000_00_00_02_02
Biological - Metal,1916,1015_00_00_02_02
Biological - Metal,1916,1997_00_00_02_02
Biological - Metal,1916,1996_00_00_02_02
Biological - Metal,1916,1014_00_00_02_02
Biological - Metal,1916,1008_00_00_02_02
Biological - Metal,1916,1049_00_00_02_02
Biological - Metal,1916,2725_00_00_02_02
Biological - Metal,1916,3135_00_00_02_02
Biological - Metal,1916,350_00_00_02_02
Biological - Metal,1916,373_00_00_02_02
Biological - Metal,1916,379_00_00_02_02
Biological - Metal,4016,379_00_00_02_02
Biological - Metal,1916,388_00_00_02_02
Biological - Metal,1916,393_00_00_02_02
Biological - Metal,1916,412_00_00_02_02
Biological - Metal,2636,412_00_00_02_02
Biological - Metal,4016,412_00_00_02_02
Biological - Metal,2830,456_00_00_02_02
Biological - Metal,4016,456_00_00_02_02
Biological - Metal,1916,463_00_00_02_02
Biological - Metal,1916,470_00_00_02_02
Biological - Metal,4016,470_00_00_02_02
Biological - Metal,1916,519_00_00_02_02
Biological - Metal,1611,549_00_00_02_02
Biological - Metal,1886,549_00_00_02_02
Biological - Metal,1887,549_00_00_02_02
Biological - Metal,2642,549_00_00_02_02
Biological - Metal,1916,576_00_00_02_02
Biological - Metal,1916,591_00_00_02_02
Biological - Metal,4016,591_00_00_02_02
Biological - Metal,1916,595_00_00_02_02
Biological - Metal,2636,595_00_00_02_02
Biological - Metal,1916,610_00_00_02_02
Biological - Metal,2636,610_00_00_02_02
Biological - Metal,4016,610_00_00_02_02
Biological - Metal,1916,683_00_00_02_02
Biological - Metal,2636,683_00_00_02_02
Biological - Metal,4016,683_00_00_02_02
Biological - Metal,1916,766_00_00_02_02
Biological - Metal,1916,782_00_00_02_02
Biological - Metal,4016,782_00_00_02_02
Biological - Metal,1916,812_00_00_02_02
Biological - Metal,1916,823_00_00_02_02
Biological - Metal,1916,861_00_00_02_02
Biological - Metal,1916,878_00_00_02_02
Biological - Metal,1916,890_00_00_02_02
Biological - Metal,4016,890_00_00_02_02
Biological - Metal,1916,1006_00_00_02_02
Biological - Nonmetals,1916,2737_00_00_02_02
Biological - Nutrients,924,730_00_00_02_02
Biological - Pesticides,2818,187_00_00_02_02
Biological - Pesticides,2818,261_00_00_02_02
Biological - Pesticides,2818,260_00_00_02_02
Biological - Pesticides,2818,207_00_00_02_02
Biological - Pesticides,2818,165_00_00_02_02
Biological - Pesticides,2818,84_00_00_02_02
Biological - Pesticides,2818,335_00_00_02_02
Biological - Pesticides,2818,206_00_00_02_02
Biological - Pesticides,2818,259_00_00_02_02
Biological - Pesticides,2818,235_00_00_02_02
Biological - Pesticides,2832,2881_00_00_02_02
Biological - Pesticides,2818,2679_00_00_02_02
Biological - Pesticides,2818,1047_00_00_02_02
Biological - Pesticides,2818,1042_00_00_02_02
Biological - Pesticides,2818,177_00_00_02_02
Biological - Pesticides,2818,258_00_00_02_02
Biological - Pesticides,2818,287_00_00_02_02
Biological - Pesticides,2818,60_00_00_02_02
Biological - Pesticides,2818,1044_00_00_02_02
Biological - Pesticides,2818,200_00_00_02_02
Biological - Pesticides,2818,281_00_00_02_02
Biological - Pesticides,2818,2852_00_00_02_02
Biological - Pesticides,2593,177_00_00_02_02
Biological - Pesticides,2875,177_00_00_02_02
Biological - Pesticides,2593,187_00_00_02_02
Biological - Pesticides,2875,187_00_00_02_02
Biological - Pesticides,2593,235_00_00_02_02
Biological - Pesticides,2875,235_00_00_02_02
Biological - Pesticides,2593,258_00_00_02_02
Biological - Pesticides,2875,258_00_00_02_02
Biological - Pesticides,2875,281_00_00_02_02
Biological - Pesticides,2593,60_00_00_02_02
Biological - Pesticides,2875,60_00_00_02_02
Biological - Pesticides,2593,165_00_00_02_02
Biological - Pesticides,2875,165_00_00_02_02
Biological - Pesticides,668,165_00_00_02_02
Biological - Pesticides,2593,192_00_00_02_02
Biological - Pesticides,2593,206_00_00_02_02
Biological - Pesticides,2875,206_00_00_02_02
Biological - Pesticides,2593,207_00_00_02_02
Biological - Pesticides,2875,207_00_00_02_02
Biological - Pesticides,2593,260_00_00_02_02
Biological - Pesticides,2875,260_00_00_02_02
Biological - Pesticides,2875,2679_00_00_02_01
Biological - Pesticides,2593,335_00_00_02_02
Biological - Pesticides,2875,335_00_00_02_02
Biological - Pesticides,2593,227_00_00_02_02
Biological - Pesticides,2875,227_00_00_02_02
Biological - Pesticides,2593,211_00_00_02_02
Biological - Pesticides,2593,287_00_00_02_02
Biological - Pesticides,2875,287_00_00_02_02
Biological - Pesticides,2593,261_00_00_02_02
Biological - Pesticides,2875,261_00_00_02_02
Biological - Pesticides,2593,200_00_00_02_02
Biological - Pesticides,2875,200_00_00_02_02
Biological - Pesticides,2593,259_00_00_02_02
Biological - Pesticides,2875,259_00_00_02_02
Biological - Physical,2873,3045_00_00_02_01
Biological - Surrogate,4393,1521_00_00_02_01
Biological - Surrogate,2818,2853_00_00_02_01
Biological - Surrogate,4393,1520_00_00_02_01
Biological - Surrogate,2818,2854_00_00_02_01
Biological - Surrogate,4393,4580_00_00_02_01
Biological - Surrogate,2818,2858_00_00_02_01
Biological - Surrogate,2818,2859_00_00_02_01
Biological - Surrogate,4302,2090_00_00_02_01
Biological - Surrogate,2818,2855_00_00_02_01
Biological - Surrogate,4302,2093_00_00_02_01
Biological - Surrogate,2818,2857_00_00_02_01
Biological - Surrogate,4302,3907_00_00_02_01
Biological - Surrogate,4302,3906_00_00_02_01
Biological - Surrogate,4302,3912_00_00_02_01
Biological - Surrogate,4393,1524_00_00_02_01
Biological - Surrogate,4302,3911_00_00_02_01
Biological - Surrogate,4302,2091_00_00_02_01
Biological - Surrogate,4393,1525_00_00_02_01
Biological - Surrogate,4393,1517_00_00_02_01
Biological - Surrogate,4393,1518_00_00_02_01
Biological - Surrogate,2818,1043_00_00_02_02
Biological - Surrogate,4393,4581_00_00_02_01
Biological - Surrogate,4393,2106_00_00_02_01
Biological - Surrogate,2875,243_00_00_02_01
Biological - Surrogate,2875,247_00_00_02_01
Biological - Surrogate,2875,643_00_00_02_01
Biological - Surrogate,2875,68_00_00_02_01
Sediment - Anti-Parasitic Drug,4336,3658_00_00_01_02
Sediment - Antineoplastic agent,464,4720_00_00_01_02
Sediment - Antineoplastic agent,464,4718_00_00_01_02
Sediment - Biological,464,4499_00_00_01_02
Sediment - Carbamate,4336,121_00_00_01_02
Sediment - Carbamate,4336,164_00_00_01_02
Sediment - Carbamate,4336,87_00_00_01_02
Sediment - Carbon,4266,485_00_00_01_01
Sediment - Carbon,4266,487_00_00_01_01
Sediment - Carbon,4264,485_00_00_01_01
Sediment - Carbon,4264,492_00_00_01_01
Sediment - Carbon,2597,485_00_00_01_01
Sediment - Carbon,110,487_00_00_01_02
Sediment - Carbon,4386,487_00_00_01_51
Sediment - Carbon,690,490_00_00_01_01
Sediment - Carbon,110,492_00_00_01_02
Sediment - Chlorinated paraffins,4256,4860_00_00_01_02
Sediment - Chlorinated paraffins,740,4860_00_01_01_44
Sediment - Chlorinated paraffins,4256,4861_00_00_01_02
Sediment - Chlorinated paraffins,740,4861_00_01_01_52
Sediment - Chlorinated paraffins,4256,4862_00_00_01_02
Sediment - Chlorinated paraffins,740,4862_00_01_01_44
Sediment - Chlorinated paraffins,4256,4863_00_00_01_02
Sediment - Chlorinated paraffins,740,4863_00_01_01_44
Sediment - Chlorinated paraffins,4256,4961_00_00_01_02
Sediment - Chlorinated paraffins,4256,4962_00_00_01_02
Sediment - Chlorinated paraffins,4256,4963_00_00_01_02
Sediment - Chlorinated paraffins,4256,4964_00_00_01_02
Sediment - Chlorinated paraffins,4256,4965_00_00_01_02
Sediment - Chlorinated paraffins,4256,4966_00_00_01_02
Sediment - Chlorinated paraffins,4256,4967_00_00_01_02
Sediment - Chlorinated paraffins,4256,4968_00_00_01_02
Sediment - Chlorinated paraffins,4256,4969_00_00_01_02
Sediment - Chlorinated paraffins,4256,4970_00_00_01_02
Sediment - Chlorinated paraffins,4256,4971_00_00_01_02
Sediment - Chlorinated paraffins,4256,4972_00_00_01_02
Sediment - Chlorinated paraffins,4256,4973_00_00_01_02
Sediment - Chlorinated paraffins,4256,4974_00_00_01_02
Sediment - Chlorinated paraffins,4256,4975_00_00_01_02
Sediment - Chlorinated paraffins,4256,4976_00_00_01_02
Sediment - Chlorinated paraffins,4256,4977_00_00_01_02
Sediment - Chlorinated paraffins,4256,4978_00_00_01_02
Sediment - Chlorinated paraffins,4256,4979_00_00_01_02
Sediment - Chlorinated paraffins,4256,4980_00_00_01_02
Sediment - Chlorinated paraffins,4256,4981_00_00_01_02
Sediment - Chlorinated paraffins,4256,4982_00_00_01_02
Sediment - Chlorinated paraffins,4256,4983_00_00_01_02
Sediment - Chlorinated paraffins,4256,4984_00_00_01_02
Sediment - Chlorinated paraffins,4256,4985_00_00_01_02
Sediment - Chlorinated paraffins,4256,4986_00_00_01_02
Sediment - Chlorinated paraffins,4256,4987_00_00_01_02
Sediment - Chlorinated paraffins,4256,4988_00_00_01_02
Sediment - Chlorinated paraffins,4256,4989_00_00_01_02
Sediment - Chlorinated paraffins,4256,4990_00_00_01_02
Sediment - Chlorinated paraffins,4256,4991_00_00_01_02
Sediment - Chlorinated paraffins,4256,4992_00_00_01_02
Sediment - Chlorinated paraffins,4256,4993_00_00_01_02
Sediment - Chlorinated paraffins,4256,4994_00_00_01_02
Sediment - Chlorinated paraffins,4256,4995_00_00_01_02
Sediment - Chlorinated paraffins,4256,4996_00_00_01_02
Sediment - Chlorinated paraffins,4256,4997_00_00_01_02
Sediment - Chlorinated paraffins,4256,4998_00_00_01_02
Sediment - Chlorinated paraffins,4256,4999_00_00_01_02
Sediment - Chlorinated paraffins,4256,5000_00_00_01_02
Sediment - Chlorinated paraffins,4256,5001_00_00_01_02
Sediment - Chlorinated paraffins,4256,5002_00_00_01_02
Sediment - Chlorinated paraffins,4256,5003_00_00_01_02
Sediment - Chlorinated paraffins,4256,5004_00_00_01_02
Sediment - Chlorinated paraffins,4256,5005_00_00_01_02
Sediment - Chlorinated paraffins,4256,5006_00_00_01_02
Sediment - Chlorinated paraffins,4256,5007_00_00_01_02
Sediment - Chlorinated paraffins,4256,5008_00_00_01_02
Sediment - Chlorinated paraffins,4256,5009_00_00_01_02
Sediment - Chlorinated paraffins,4256,5010_00_00_01_02
Sediment - Chlorinated paraffins,4256,5011_00_00_01_02
Sediment - Chlorinated paraffins,4256,5012_00_00_01_02
Sediment - Chlorinated paraffins,4256,5013_00_00_01_02
Sediment - Chlorinated paraffins,4256,5014_00_00_01_02
Sediment - Chlorinated paraffins,4256,5015_00_00_01_02
Sediment - Chlorinated paraffins,4256,5016_00_00_01_02
Sediment - Chlorinated paraffins,4256,5017_00_00_01_02
Sediment - Chlorinated paraffins,4256,5018_00_00_01_02
Sediment - Chlorinated paraffins,4256,5019_00_00_01_02
Sediment - Chlorinated paraffins,4256,5020_00_00_01_02
Sediment - Chlorinated paraffins,4256,5021_00_00_01_02
Sediment - Chlorinated paraffins,4256,5022_00_00_01_02
Sediment - Chlorinated paraffins,4256,5023_00_00_01_02
Sediment - Chlorinated paraffins,4256,5024_00_00_01_02
Sediment - Chlorinated paraffins,4256,5025_00_00_01_02
Sediment - Chlorinated paraffins,4256,5026_00_00_01_02
Sediment - Chlorinated paraffins,4256,5027_00_00_01_02
Sediment - Chlorinated paraffins,4256,5028_00_00_01_02
Sediment - Chlorinated paraffins,4256,5029_00_00_01_02
Sediment - Chlorinated paraffins,4256,5030_00_00_01_02
Sediment - Chlorinated paraffins,4256,5031_00_00_01_02
Sediment - Chlorinated paraffins,4256,5032_00_00_01_02
Sediment - Chlorinated paraffins,4256,5033_00_00_01_02
Sediment - Chlorinated paraffins,4256,5034_00_00_01_02
Sediment - Chlorinated paraffins,4256,5035_00_00_01_02
Sediment - Chlorinated paraffins,4256,5036_00_00_01_02
Sediment - Chlorinated paraffins,4256,5037_00_00_01_02
Sediment - Descriptive,192,5477_00_00_01_01
Sediment - Descriptive,192,5585_00_00_01_01
Sediment - Descriptive,192,5520_00_00_01_01
Sediment - Descriptive,192,5522_00_00_01_01
Sediment - Descriptive,192,5545_00_00_01_01
Sediment - Descriptive,192,5555_00_00_01_01
Sediment - Descriptive,192,5556_00_00_01_01
Sediment - Descriptive,192,5481_00_00_01_01
Sediment - Descriptive,192,5532_00_00_01_01
Sediment - Descriptive,192,5553_00_00_01_01
Sediment - Descriptive,192,5591_00_00_01_01
Sediment - Descriptive,689,5423_00_00_01_01
Sediment - Descriptive,192,5510_00_00_01_01
Sediment - Descriptive,192,5536_00_00_01_01
Sediment - Descriptive,192,5541_00_00_01_01
Sediment - Descriptive,192,5578_00_00_01_01
Sediment - Descriptive,689,5427_00_00_01_01
Sediment - Descriptive,192,5491_00_00_01_01
Sediment - Descriptive,192,5495_00_00_01_01
Sediment - Descriptive,4405,4082_00_00_01_02
Sediment - Descriptive,192,5490_00_00_01_01
Sediment - Descriptive,192,5521_00_00_01_01
Sediment - Descriptive,192,5534_00_00_01_01
Sediment - Descriptive,192,5539_00_00_01_01
Sediment - Descriptive,192,5543_00_00_01_01
Sediment - Descriptive,192,5547_00_00_01_01
Sediment - Descriptive,192,5577_00_00_01_01
Sediment - Descriptive,192,5586_00_00_01_01
Sediment - Descriptive,192,5501_00_00_01_01
Sediment - Descriptive,192,5503_00_00_01_01
Sediment - Descriptive,4406,4083_00_00_01_02
Sediment - Descriptive,192,5563_00_00_01_01
Sediment - Descriptive,192,5593_00_00_01_01
Sediment - Descriptive,192,5598_00_00_01_01
Sediment - Descriptive,192,5486_00_00_01_01
Sediment - Descriptive,192,5587_00_00_01_01
Sediment - Descriptive,192,5538_00_00_01_01
Sediment - Descriptive,192,5483_00_00_01_01
Sediment - Descriptive,192,5548_00_00_01_01
Sediment - Descriptive,192,5488_00_00_01_01
Sediment - Descriptive,192,5592_00_00_01_01
Sediment - Descriptive,192,5529_00_00_01_01
Sediment - Descriptive,192,5533_00_00_01_01
Sediment - Descriptive,192,5568_00_00_01_01
Sediment - Descriptive,4406,4081_00_00_01_02
Sediment - Descriptive,192,5523_00_00_01_01
Sediment - Descriptive,192,5531_00_00_01_01
Sediment - Descriptive,192,5581_00_00_01_01
Sediment - Descriptive,192,5560_00_00_01_01
Sediment - Descriptive,4406,4082_00_00_01_02
Sediment - Descriptive,192,5506_00_00_01_01
Sediment - Descriptive,192,5507_00_00_01_01
Sediment - Descriptive,192,5565_00_00_01_01
Sediment - Descriptive,689,5425_00_00_01_01
Sediment - Descriptive,192,5514_00_00_01_01
Sediment - Descriptive,192,5519_00_00_01_01
Sediment - Descriptive,192,5524_00_00_01_01
Sediment - Descriptive,192,5561_00_00_01_01
Sediment - Descriptive,192,5597_00_00_01_01
Sediment - Descriptive,192,5525_00_00_01_01
Sediment - Descriptive,192,5550_00_00_01_01
Sediment - Descriptive,192,5551_00_00_01_01
Sediment - Descriptive,192,5562_00_00_01_01
Sediment - Descriptive,192,5596_00_00_01_01
Sediment - Descriptive,689,5421_00_00_01_01
Sediment - Descriptive,192,5494_00_00_01_01
Sediment - Descriptive,192,5508_00_00_01_01
Sediment - Descriptive,192,5558_00_00_01_01
Sediment - Descriptive,192,5579_00_00_01_01
Sediment - Descriptive,689,5429_00_00_01_01
Sediment - Descriptive,192,5496_00_00_01_01
Sediment - Descriptive,192,5500_00_00_01_01
Sediment - Descriptive,192,5511_00_00_01_01
Sediment - Descriptive,192,5546_00_00_01_01
Sediment - Descriptive,192,5493_00_00_01_01
Sediment - Descriptive,192,5499_00_00_01_01
Sediment - Descriptive,192,5502_00_00_01_01
Sediment - Descriptive,192,5537_00_00_01_01
Sediment - Descriptive,192,5589_00_00_01_01
Sediment - Descriptive,192,5535_00_00_01_01
Sediment - Descriptive,192,5492_00_00_01_01
Sediment - Descriptive,192,5516_00_00_01_01
Sediment - Descriptive,192,5580_00_00_01_01
Sediment - Descriptive,192,5594_00_00_01_01
Sediment - Descriptive,192,5571_00_00_01_01
Sediment - Descriptive,4394,2117_00_00_01_02
Sediment - Descriptive,4394,2119_00_00_01_02
Sediment - Descriptive,192,5498_00_00_01_01
Sediment - Descriptive,192,5505_00_00_01_01
Sediment - Descriptive,192,5544_00_00_01_01
Sediment - Descriptive,192,5552_00_00_01_01
Sediment - Descriptive,4405,4081_00_00_01_02
Sediment - Descriptive,192,5517_00_00_01_01
Sediment - Descriptive,192,5570_00_00_01_01
Sediment - Descriptive,192,5484_00_00_01_01
Sediment - Descriptive,192,5497_00_00_01_01
Sediment - Descriptive,192,5509_00_00_01_01
Sediment - Descriptive,192,5566_00_00_01_01
Sediment - Descriptive,192,5485_00_00_01_01
Sediment - Descriptive,192,5489_00_00_01_01
Sediment - Descriptive,192,5518_00_00_01_01
Sediment - Descriptive,192,5549_00_00_01_01
Sediment - Descriptive,689,5431_00_00_01_01
Sediment - Descriptive,192,5478_00_00_01_01
Sediment - Descriptive,192,5480_00_00_01_01
Sediment - Descriptive,192,5515_00_00_01_01
Sediment - Descriptive,192,5482_00_00_01_01
Sediment - Descriptive,192,5530_00_00_01_01
Sediment - Descriptive,192,5559_00_00_01_01
Sediment - Descriptive,192,5574_00_00_01_01
Sediment - Descriptive,192,5582_00_00_01_01
Sediment - Descriptive,192,5595_00_00_01_01
Sediment - Descriptive,192,5504_00_00_01_01
Sediment - Descriptive,4394,2118_00_00_01_02
Sediment - Descriptive,192,5527_00_00_01_01
Sediment - Descriptive,192,5528_00_00_01_01
Sediment - Descriptive,192,5557_00_00_01_01
Sediment - Descriptive,192,5572_00_00_01_01
Sediment - Descriptive,192,5479_00_00_01_01
Sediment - Descriptive,192,5567_00_00_01_01
Sediment - Descriptive,192,5569_00_00_01_01
Sediment - Descriptive,192,5576_00_00_01_01
Sediment - Descriptive,192,5564_00_00_01_01
Sediment - Descriptive,4405,4083_00_00_01_02
Sediment - Descriptive,689,5424_00_00_01_01
Sediment - Descriptive,689,5428_00_00_01_01
Sediment - Descriptive,192,5575_00_00_01_01
Sediment - Descriptive,192,5584_00_00_01_01
Sediment - Descriptive,192,5588_00_00_01_01
Sediment - Descriptive,689,5422_00_00_01_01
Sediment - Descriptive,192,5512_00_00_01_01
Sediment - Descriptive,192,5513_00_00_01_01
Sediment - Descriptive,192,5526_00_00_01_01
Sediment - Descriptive,192,5554_00_00_01_01
Sediment - Descriptive,192,5583_00_00_01_01
Sediment - Descriptive,192,5590_00_00_01_01
Sediment - Descriptive,689,5430_00_00_01_01
Sediment - Descriptive,192,5487_00_00_01_01
Sediment - Descriptive,192,5540_00_00_01_01
Sediment - Descriptive,192,5542_00_00_01_01
Sediment - Descriptive,192,5573_00_00_01_01
Sediment - Descriptive,689,2375_00_00_01_01
Sediment - Descriptive,689,2376_00_00_01_01
Sediment - Descriptive,689,2377_00_00_01_01
Sediment - Descriptive,689,2378_00_00_01_01
Sediment - Descriptive,689,2379_00_00_01_01
Sediment - Descriptive,689,2380_00_00_01_01
Sediment - Descriptive,689,2381_00_00_01_01
Sediment - Descriptive,689,2382_00_00_01_01
Sediment - Descriptive,689,2383_00_00_01_01
Sediment - Descriptive,689,2384_00_00_01_01
Sediment - Descriptive,689,2385_00_00_01_01
Sediment - Descriptive,689,2386_00_00_01_01
Sediment - Descriptive,689,2387_00_00_01_01
Sediment - Descriptive,689,2388_00_00_01_01
Sediment - Descriptive,689,2389_00_00_01_01
Sediment - Descriptive,689,2390_00_00_01_01
Sediment - Descriptive,689,2391_00_00_01_01
Sediment - Descriptive,689,2392_00_00_01_01
Sediment - Descriptive,689,2393_00_00_01_01
Sediment - Descriptive,689,2394_00_00_01_01
Sediment - Descriptive,689,2395_00_00_01_01
Sediment - Descriptive,689,2396_00_00_01_01
Sediment - Descriptive,689,2397_00_00_01_01
Sediment - Descriptive,689,2398_00_00_01_01
Sediment - Descriptive,689,2399_00_00_01_01
Sediment - Descriptive,689,2400_00_00_01_01
Sediment - Descriptive,689,2401_00_00_01_01
Sediment - Descriptive,689,2402_00_00_01_01
Sediment - Descriptive,689,2403_00_00_01_01
Sediment - Descriptive,689,2404_00_00_01_01
Sediment - Descriptive,689,2405_00_00_01_01
Sediment - Descriptive,689,2406_00_00_01_01
Sediment - Descriptive,713,4081_00_00_01_02
Sediment - Descriptive,714,4081_00_00_01_02
Sediment - Descriptive,713,4082_00_00_01_02
Sediment - Descriptive,714,4082_00_00_01_02
Sediment - Descriptive,713,4083_00_00_01_02
Sediment - Descriptive,714,4083_00_00_01_02
Sediment - Descriptive,689,5298_00_00_01_01
Sediment - Descriptive,689,5299_00_00_01_01
Sediment - Descriptive,689,5300_00_00_01_01
Sediment - Descriptive,689,5301_00_00_01_01
Sediment - Descriptive,689,5302_00_00_01_01
Sediment - Descriptive,689,5303_00_00_01_01
Sediment - Descriptive,689,5304_00_00_01_01
Sediment - Descriptive,689,5305_00_00_01_01
Sediment - Descriptive,689,5306_00_00_01_01
Sediment - Descriptive,689,5307_00_00_01_01
Sediment - Descriptive,689,5308_00_00_01_01
Sediment - Dioxins and Furans,4262,2668_00_01_01_02
Sediment - Dioxins and Furans,4405,2668_00_00_01_02
Sediment - Dioxins and Furans,4262,2671_00_01_01_02
Sediment - Dioxins and Furans,4262,918_00_01_01_02
Sediment - Dioxins and Furans,4262,926_00_01_01_02
Sediment - Dioxins and Furans,4262,925_00_01_01_02
Sediment - Dioxins and Furans,4262,2667_00_01_01_02
Sediment - Dioxins and Furans,4262,919_00_01_01_02
Sediment - Dioxins and Furans,4262,921_00_01_01_02
Sediment - Dioxins and Furans,4262,2659_00_01_01_02
Sediment - Dioxins and Furans,4262,2670_00_01_01_02
Sediment - Dioxins and Furans,4262,2665_00_01_01_02
Sediment - Dioxins and Furans,4262,2660_00_01_01_02
Sediment - Dioxins and Furans,4262,2666_00_01_01_02
Sediment - Dioxins and Furans,4405,2128_00_00_01_02
Sediment - Dioxins and Furans,4262,923_00_01_01_02
Sediment - Dioxins and Furans,4262,920_00_01_01_02
Sediment - Dioxins and Furans,4262,927_00_01_01_02
Sediment - Dioxins and Furans,4262,2662_00_01_01_02
Sediment - Dioxins and Furans,4262,924_00_01_01_02
Sediment - Dioxins and Furans,4394,2129_00_00_01_02
Sediment - Dioxins and Furans,4394,4816_00_00_01_02
Sediment - Dioxins and Furans,4262,129_00_01_01_02
Sediment - Dioxins and Furans,4405,2125_00_00_01_02
Sediment - Dioxins and Furans,4262,922_00_01_01_02
Sediment - Dioxins and Furans,4262,2669_00_01_01_02
Sediment - Dioxins and Furans,4262,2661_00_01_01_02
Sediment - Dioxins and Furans,4262,2663_00_01_01_02
Sediment - Dioxins and Furans,4262,2664_00_01_01_02
Sediment - Dioxins and Furans,4262,928_00_01_01_02
Sediment - Dioxins and Furans,4394,2115_00_00_01_02
Sediment - Dioxins and Furans,4405,129_00_00_01_02
Sediment - Dioxins and Furans,4405,2124_00_00_01_02
Sediment - Dioxins and Furans,4394,2666_00_00_01_02
Sediment - Dioxins and Furans,4394,2669_00_00_01_02
Sediment - Dioxins and Furans,4394,2662_00_00_01_02
Sediment - Dioxins and Furans,4394,2663_00_00_01_02
Sediment - Dioxins and Furans,4394,2121_00_00_01_02
Sediment - Dioxins and Furans,4394,2122_00_00_01_02
Sediment - Dioxins and Furans,4405,928_00_00_01_02
Sediment - Dioxins and Furans,4394,2670_00_00_01_02
Sediment - Dioxins and Furans,4394,2664_00_00_01_02
Sediment - Dioxins and Furans,4394,2668_00_00_01_02
Sediment - Dioxins and Furans,4405,2129_00_00_01_02
Sediment - Dioxins and Furans,4394,2126_00_00_01_02
Sediment - Dioxins and Furans,4405,2123_00_00_01_02
Sediment - Dioxins and Furans,4405,922_00_00_01_02
Sediment - Dioxins and Furans,4394,4817_00_00_01_02
Sediment - Dioxins and Furans,4394,2116_00_00_01_02
Sediment - Dioxins and Furans,4394,2128_00_00_01_02
Sediment - Dioxins and Furans,4394,2124_00_00_01_02
Sediment - Dioxins and Furans,4405,2126_00_00_01_02
Sediment - Dioxins and Furans,4405,2671_00_00_01_02
Sediment - Dioxins and Furans,4405,2661_00_00_01_02
Sediment - Dioxins and Furans,4394,2125_00_00_01_02
Sediment - Dioxins and Furans,4394,2120_00_00_01_02
Sediment - Dioxins and Furans,4405,2670_00_00_01_02
Sediment - Dioxins and Furans,4394,2127_00_00_01_02
Sediment - Dioxins and Furans,4405,2665_00_00_01_02
Sediment - Dioxins and Furans,4405,923_00_00_01_02
Sediment - Dioxins and Furans,4394,2665_00_00_01_02
Sediment - Dioxins and Furans,4405,2662_00_00_01_02
Sediment - Dioxins and Furans,4405,2667_00_00_01_02
Sediment - Dioxins and Furans,4394,1419_00_00_01_02
Sediment - Dioxins and Furans,4394,2661_00_00_01_02
Sediment - Dioxins and Furans,4405,2122_00_00_01_02
Sediment - Dioxins and Furans,4405,2659_00_00_01_02
Sediment - Dioxins and Furans,4405,2666_00_00_01_02
Sediment - Dioxins and Furans,4394,2671_00_00_01_02
Sediment - Dioxins and Furans,4405,2663_00_00_01_02
Sediment - Dioxins and Furans,4405,2669_00_00_01_02
Sediment - Dioxins and Furans,4394,1418_00_00_01_02
Sediment - Dioxins and Furans,4394,2660_00_00_01_02
Sediment - Dioxins and Furans,4394,2659_00_00_01_02
Sediment - Dioxins and Furans,4394,2667_00_00_01_02
Sediment - Dioxins and Furans,4405,2664_00_00_01_02
Sediment - Dioxins and Furans,4394,2123_00_00_01_02
Sediment - Dioxins and Furans,4405,2127_00_00_01_02
Sediment - Dioxins and Furans,4405,2660_00_00_01_02
Sediment - Dioxins and Furans,2045,129_00_00_01_02
Sediment - Dioxins and Furans,2324,129_00_00_01_02
Sediment - Dioxins and Furans,2888,129_00_00_01_02
Sediment - Dioxins and Furans,714,129_00_00_01_02
Sediment - Dioxins and Furans,714,2122_00_00_01_02
Sediment - Dioxins and Furans,714,2123_00_00_01_02
Sediment - Dioxins and Furans,714,2124_00_00_01_02
Sediment - Dioxins and Furans,714,2125_00_00_01_02
Sediment - Dioxins and Furans,714,2126_00_00_01_02
Sediment - Dioxins and Furans,714,2127_00_00_01_02
Sediment - Dioxins and Furans,714,2128_00_00_01_02
Sediment - Dioxins and Furans,714,2129_00_00_01_02
Sediment - Dioxins and Furans,714,2130_00_00_01_02
Sediment - Dioxins and Furans,3224,2659_00_00_01_02
Sediment - Dioxins and Furans,714,2659_00_00_01_02
Sediment - Dioxins and Furans,714,2660_00_00_01_02
Sediment - Dioxins and Furans,714,2661_00_00_01_02
Sediment - Dioxins and Furans,3224,2662_00_00_01_02
Sediment - Dioxins and Furans,714,2662_00_00_01_02
Sediment - Dioxins and Furans,714,2663_00_00_01_02
Sediment - Dioxins and Furans,714,2664_00_00_01_02
Sediment - Dioxins and Furans,3224,2665_00_00_01_02
Sediment - Dioxins and Furans,714,2665_00_00_01_02
Sediment - Dioxins and Furans,3224,2666_00_00_01_02
Sediment - Dioxins and Furans,714,2666_00_00_01_02
Sediment - Dioxins and Furans,3224,2667_00_00_01_02
Sediment - Dioxins and Furans,714,2667_00_00_01_02
Sediment - Dioxins and Furans,714,2668_00_00_01_02
Sediment - Dioxins and Furans,714,2669_00_00_01_02
Sediment - Dioxins and Furans,714,2670_00_00_01_02
Sediment - Dioxins and Furans,714,2671_00_00_01_02
Sediment - Dioxins and Furans,2324,918_00_00_01_02
Sediment - Dioxins and Furans,3224,918_00_00_01_02
Sediment - Dioxins and Furans,2324,919_00_00_01_02
Sediment - Dioxins and Furans,3224,919_00_00_01_02
Sediment - Dioxins and Furans,2324,920_00_00_01_02
Sediment - Dioxins and Furans,2324,921_00_00_01_02
Sediment - Dioxins and Furans,2324,922_00_00_01_02
Sediment - Dioxins and Furans,714,922_00_00_01_02
Sediment - Dioxins and Furans,2324,923_00_00_01_02
Sediment - Dioxins and Furans,714,923_00_00_01_02
Sediment - Dioxins and Furans,2324,924_00_00_01_02
Sediment - Dioxins and Furans,2324,925_00_00_01_02
Sediment - Dioxins and Furans,2324,926_00_00_01_02
Sediment - Dioxins and Furans,2324,927_00_00_01_02
Sediment - Dioxins and Furans,2324,928_00_00_01_02
Sediment - Dioxins and Furans,714,928_00_00_01_02
Sediment - Hydrocarbons,4447,137_00_00_01_02
Sediment - Hydrocarbons,4261,81_00_00_01_02
Sediment - Hydrocarbons,4262,4206_00_01_01_02
Sediment - Hydrocarbons,4447,4048_00_00_01_02
Sediment - Hydrocarbons,4447,3027_00_00_01_02
Sediment - Hydrocarbons,4263,4247_00_01_01_02
Sediment - Hydrocarbons,4263,4254_00_01_01_02
Sediment - Hydrocarbons,4447,1429_00_00_01_02
Sediment - Hydrocarbons,4447,1432_00_00_01_02
Sediment - Hydrocarbons,4447,148_00_00_01_02
Sediment - Hydrocarbons,4261,132_00_00_01_02
Sediment - Hydrocarbons,4261,155_00_00_01_02
Sediment - Hydrocarbons,4447,155_00_00_01_02
Sediment - Hydrocarbons,4406,1082_00_00_01_02
Sediment - Hydrocarbons,4447,2364_00_00_01_02
Sediment - Hydrocarbons,4406,1556_00_00_01_02
Sediment - Hydrocarbons,4447,292_00_00_01_02
Sediment - Hydrocarbons,4406,3889_00_00_01_02
Sediment - Hydrocarbons,4447,3025_00_00_01_02
Sediment - Hydrocarbons,4261,2718_00_00_01_02
Sediment - Hydrocarbons,4447,219_00_00_01_02
Sediment - Hydrocarbons,4262,1094_00_01_01_02
Sediment - Hydrocarbons,4447,3026_00_00_01_02
Sediment - Hydrocarbons,4447,4401_00_00_01_02
Sediment - Hydrocarbons,4261,219_00_00_01_02
Sediment - Hydrocarbons,4261,76_00_00_01_02
Sediment - Hydrocarbons,4262,1552_00_01_01_02
Sediment - Hydrocarbons,4447,1433_00_00_01_02
Sediment - Hydrocarbons,4447,1430_00_00_01_02
Sediment - Hydrocarbons,4263,4214_00_01_01_02
Sediment - Hydrocarbons,4447,303_00_00_01_02
Sediment - Hydrocarbons,4447,4052_00_00_01_02
Sediment - Hydrocarbons,4447,312_00_00_01_02
Sediment - Hydrocarbons,4447,4410_00_00_01_02
Sediment - Hydrocarbons,4261,212_00_00_01_02
Sediment - Hydrocarbons,4447,915_00_00_01_02
Sediment - Hydrocarbons,4262,1090_00_01_01_02
Sediment - Hydrocarbons,4263,3727_00_01_01_02
Sediment - Hydrocarbons,4447,3636_00_00_01_02
Sediment - Hydrocarbons,4263,4216_00_01_01_02
Sediment - Hydrocarbons,4447,1431_00_00_01_02
Sediment - Hydrocarbons,4447,4051_00_00_01_02
Sediment - Hydrocarbons,4447,4405_00_00_01_02
Sediment - Hydrocarbons,4447,132_00_00_01_02
Sediment - Hydrocarbons,4263,4211_00_01_01_02
Sediment - Hydrocarbons,4447,299_00_00_01_02
Sediment - Hydrocarbons,4263,3719_00_01_01_02
Sediment - Hydrocarbons,4447,4054_00_00_01_02
Sediment - Hydrocarbons,4447,4069_00_00_01_02
Sediment - Hydrocarbons,4447,4053_00_00_01_02
Sediment - Hydrocarbons,4261,299_00_00_01_02
Sediment - Hydrocarbons,4447,4411_00_00_01_02
Sediment - Hydrocarbons,4447,3635_00_00_01_02
Sediment - Hydrocarbons,4447,3756_00_00_01_02
Sediment - Hydrocarbons,4447,145_00_00_01_02
Sediment - Hydrocarbons,4263,4249_00_01_01_02
Sediment - Hydrocarbons,4447,204_00_00_01_02
Sediment - Hydrocarbons,4406,3814_00_00_01_02
Sediment - Hydrocarbons,4447,212_00_00_01_02
Sediment - Hydrocarbons,4406,5310_00_00_01_02
Sediment - Hydrocarbons,4447,4408_00_00_01_02
Sediment - Hydrocarbons,4447,146_00_00_01_02
Sediment - Hydrocarbons,4447,4529_00_00_01_02
Sediment - Hydrocarbons,4447,93_00_00_01_02
Sediment - Hydrocarbons,4301,1083_00_00_01_02
Sediment - Hydrocarbons,4447,141_00_00_01_02
Sediment - Hydrocarbons,4447,1272_00_00_01_02
Sediment - Hydrocarbons,4447,140_00_00_01_02
Sediment - Hydrocarbons,4262,4255_00_01_01_02
Sediment - Hydrocarbons,4447,1423_00_00_01_02
Sediment - Hydrocarbons,4447,3023_00_00_01_02
Sediment - Hydrocarbons,4447,3637_00_00_01_02
Sediment - Hydrocarbons,4261,104_00_00_01_02
Sediment - Hydrocarbons,4447,4049_00_00_01_02
Sediment - Hydrocarbons,4262,4557_00_01_01_02
Sediment - Hydrocarbons,4263,4213_00_01_01_02
Sediment - Hydrocarbons,4263,4217_00_01_01_02
Sediment - Hydrocarbons,4261,140_00_00_01_02
Sediment - Hydrocarbons,4261,2719_00_00_01_02
Sediment - Hydrocarbons,4263,4248_00_01_01_02
Sediment - Hydrocarbons,4262,2650_00_01_01_02
Sediment - Hydrocarbons,4263,4212_00_01_01_02
Sediment - Hydrocarbons,4263,4241_00_01_01_02
Sediment - Hydrocarbons,4263,4244_00_01_01_02
Sediment - Hydrocarbons,4406,1099_00_00_01_02
Sediment - Hydrocarbons,3702,237_00_01_01_02
Sediment - Hydrocarbons,4261,312_00_00_01_02
Sediment - Hydrocarbons,4406,1538_00_00_01_02
Sediment - Hydrocarbons,4406,1548_00_00_01_02
Sediment - Hydrocarbons,4406,3849_00_00_01_02
Sediment - Hydrocarbons,4261,145_00_00_01_02
Sediment - Hydrocarbons,4406,4418_00_00_01_02
Sediment - Hydrocarbons,4406,5311_00_00_01_02
Sediment - Hydrocarbons,4263,4218_00_01_01_02
Sediment - Hydrocarbons,4437,297_00_00_01_02
Sediment - Hydrocarbons,4261,303_00_00_01_02
Sediment - Hydrocarbons,4263,4238_00_01_01_02
Sediment - Hydrocarbons,4261,1041_00_00_01_02
Sediment - Hydrocarbons,4261,147_00_00_01_02
Sediment - Hydrocarbons,4261,148_00_00_01_02
Sediment - Hydrocarbons,4262,1093_00_01_01_02
Sediment - Hydrocarbons,4263,4563_00_01_01_02
Sediment - Hydrocarbons,4261,105_00_00_01_02
Sediment - Hydrocarbons,4263,4258_00_01_01_02
Sediment - Hydrocarbons,4262,4210_00_01_01_02
Sediment - Hydrocarbons,4262,4261_00_01_01_02
Sediment - Hydrocarbons,4263,3717_00_01_01_02
Sediment - Hydrocarbons,4263,4266_00_01_01_02
Sediment - Hydrocarbons,4261,80_00_00_01_02
Sediment - Hydrocarbons,4262,4207_00_01_01_02
Sediment - Hydrocarbons,4263,3726_00_01_01_02
Sediment - Hydrocarbons,4263,4215_00_01_01_02
Sediment - Hydrocarbons,4261,214_00_00_01_02
Sediment - Hydrocarbons,4406,1564_00_00_01_02
Sediment - Hydrocarbons,4406,3659_00_00_01_02
Sediment - Hydrocarbons,4261,292_00_00_01_02
Sediment - Hydrocarbons,4406,3831_00_00_01_02
Sediment - Hydrocarbons,4263,4250_00_01_01_02
Sediment - Hydrocarbons,4261,1272_00_00_01_02
Sediment - Hydrocarbons,4261,91_00_00_01_02
Sediment - Hydrocarbons,4262,3728_00_01_01_02
Sediment - Hydrocarbons,4262,4549_00_01_01_02
Sediment - Hydrocarbons,4263,5048_00_01_01_02
Sediment - Hydrocarbons,4262,1565_00_01_01_02
Sediment - Hydrocarbons,4263,4245_00_01_01_02
Sediment - Hydrocarbons,4406,1103_00_00_01_02
Sediment - Hydrocarbons,4406,1547_00_00_01_02
Sediment - Hydrocarbons,4406,3835_00_00_01_02
Sediment - Hydrocarbons,4406,3859_00_00_01_02
Sediment - Hydrocarbons,4406,3885_00_00_01_02
Sediment - Hydrocarbons,4263,4259_00_01_01_02
Sediment - Hydrocarbons,4261,1270_00_00_01_02
Sediment - Hydrocarbons,4261,146_00_00_01_02
Sediment - Hydrocarbons,4263,4209_00_01_01_02
Sediment - Hydrocarbons,4301,5311_00_00_01_02
Sediment - Hydrocarbons,4263,4246_00_01_01_02
Sediment - Hydrocarbons,4261,77_00_00_01_02
Sediment - Hydrocarbons,4262,1537_00_01_01_02
Sediment - Hydrocarbons,4263,4270_00_01_01_02
Sediment - Hydrocarbons,4263,4240_00_01_01_02
Sediment - Hydrocarbons,4261,204_00_00_01_02
Sediment - Hydrocarbons,4262,1095_00_01_01_02
Sediment - Hydrocarbons,4262,1551_00_01_01_02
Sediment - Hydrocarbons,4262,4553_00_01_01_02
Sediment - Hydrocarbons,4406,1584_00_00_01_02
Sediment - Hydrocarbons,4406,3828_00_00_01_02
Sediment - Hydrocarbons,4406,3850_00_00_01_02
Sediment - Hydrocarbons,4406,3893_00_00_01_02
Sediment - Hydrocarbons,4406,3900_00_00_01_02
Sediment - Hydrocarbons,4406,4417_00_00_01_02
Sediment - Hydrocarbons,4437,300_00_00_01_02
Sediment - Hydrocarbons,4301,5310_00_00_01_02
Sediment - Hydrocarbons,4406,1090_00_00_01_02
Sediment - Hydrocarbons,4406,1595_00_00_01_02
Sediment - Hydrocarbons,4406,3870_00_00_01_02
Sediment - Hydrocarbons,4406,3876_00_00_01_02
Sediment - Hydrocarbons,4406,3880_00_00_01_02
Sediment - Hydrocarbons,4406,3895_00_00_01_02
Sediment - Hydrocarbons,4301,1561_00_00_01_02
Sediment - Hydrocarbons,4406,1041_00_00_01_02
Sediment - Hydrocarbons,4406,1093_00_00_01_02
Sediment - Hydrocarbons,4406,1101_00_00_01_02
Sediment - Hydrocarbons,4406,1550_00_00_01_02
Sediment - Hydrocarbons,4406,3826_00_00_01_02
Sediment - Hydrocarbons,4406,4415_00_00_01_02
Sediment - Hydrocarbons,4301,5314_00_00_01_02
Sediment - Hydrocarbons,4406,3838_00_00_01_02
Sediment - Hydrocarbons,4406,3863_00_00_01_02
Sediment - Hydrocarbons,4406,3892_00_00_01_02
Sediment - Hydrocarbons,4406,1543_00_00_01_02
Sediment - Hydrocarbons,4406,3883_00_00_01_02
Sediment - Hydrocarbons,4301,1563_00_00_01_02
Sediment - Hydrocarbons,4389,91_00_00_01_02
Sediment - Hydrocarbons,4406,1537_00_00_01_02
Sediment - Hydrocarbons,4406,1549_00_00_01_02
Sediment - Hydrocarbons,4406,1559_00_00_01_02
Sediment - Hydrocarbons,4406,3813_00_00_01_02
Sediment - Hydrocarbons,4406,3843_00_00_01_02
Sediment - Hydrocarbons,4406,3855_00_00_01_02
Sediment - Hydrocarbons,4406,3874_00_00_01_02
Sediment - Hydrocarbons,4406,4545_00_00_01_02
Sediment - Hydrocarbons,4406,3818_00_00_01_02
Sediment - Hydrocarbons,4406,3821_00_00_01_02
Sediment - Hydrocarbons,4406,3881_00_00_01_02
Sediment - Hydrocarbons,4406,3782_00_00_01_02
Sediment - Hydrocarbons,4406,3811_00_00_01_02
Sediment - Hydrocarbons,4406,3847_00_00_01_02
Sediment - Hydrocarbons,4406,3899_00_00_01_02
Sediment - Hydrocarbons,4406,4553_00_00_01_02
Sediment - Hydrocarbons,4406,4557_00_00_01_02
Sediment - Hydrocarbons,4406,5309_00_00_01_02
Sediment - Hydrocarbons,4437,5714_00_00_01_02
Sediment - Hydrocarbons,4301,1041_00_00_01_02
Sediment - Hydrocarbons,4301,1092_00_00_01_02
Sediment - Hydrocarbons,4406,1542_00_00_01_02
Sediment - Hydrocarbons,4406,3779_00_00_01_02
Sediment - Hydrocarbons,4406,3823_00_00_01_02
Sediment - Hydrocarbons,4406,3836_00_00_01_02
Sediment - Hydrocarbons,4406,3877_00_00_01_02
Sediment - Hydrocarbons,4301,1097_00_00_01_02
Sediment - Hydrocarbons,4301,5315_00_00_01_02
Sediment - Hydrocarbons,4406,1081_00_00_01_02
Sediment - Hydrocarbons,4406,1594_00_00_01_02
Sediment - Hydrocarbons,4406,3137_00_00_01_02
Sediment - Hydrocarbons,4406,3853_00_00_01_02
Sediment - Hydrocarbons,4406,3858_00_00_01_02
Sediment - Hydrocarbons,4406,3878_00_00_01_02
Sediment - Hydrocarbons,4301,5313_00_00_01_02
Sediment - Hydrocarbons,4389,4045_00_00_01_02
Sediment - Hydrocarbons,4406,3887_00_00_01_02
Sediment - Hydrocarbons,4406,3897_00_00_01_02
Sediment - Hydrocarbons,4406,5085_00_00_01_02
Sediment - Hydrocarbons,4437,108_00_00_01_02
Sediment - Hydrocarbons,2041,158_00_00_01_14
Sediment - Hydrocarbons,2041,159_00_00_01_14
Sediment - Hydrocarbons,723,1626_00_00_01_02
Sediment - Hydrocarbons,4228,1626_00_01_01_44
Sediment - Hydrocarbons,3700,1275_00_01_01_44
Sediment - Hydrocarbons,713,1259_00_00_01_02
Sediment - Hydrocarbons,3700,1259_00_01_01_44
Sediment - Hydrocarbons,2149,245_00_00_01_02
Sediment - Hydrocarbons,2869,245_00_00_01_02
Sediment - Hydrocarbons,2880,245_00_00_01_02
Sediment - Hydrocarbons,4406,3825_00_00_01_02
Sediment - Hydrocarbons,4406,3842_00_00_01_02
Sediment - Hydrocarbons,4406,3856_00_00_01_02
Sediment - Hydrocarbons,713,1266_00_00_01_02
Sediment - Hydrocarbons,4406,3872_00_00_01_02
Sediment - Hydrocarbons,4406,3891_00_00_01_02
Sediment - Hydrocarbons,4437,4911_00_00_01_02
Sediment - Hydrocarbons,3700,1266_00_01_01_44
Sediment - Hydrocarbons,723,3300_00_00_01_02
Sediment - Hydrocarbons,713,1262_00_00_01_02
Sediment - Hydrocarbons,3700,1262_00_01_01_44
Sediment - Hydrocarbons,723,3291_00_00_01_02
Sediment - Hydrocarbons,713,1274_00_00_01_02
Sediment - Hydrocarbons,3700,1274_00_01_01_44
Sediment - Hydrocarbons,4406,1530_00_00_01_02
Sediment - Hydrocarbons,4406,3820_00_00_01_02
Sediment - Hydrocarbons,4406,3882_00_00_01_02
Sediment - Hydrocarbons,4406,3898_00_00_01_02
Sediment - Hydrocarbons,713,1277_00_00_01_02
Sediment - Hydrocarbons,3700,1277_00_01_01_44
Sediment - Hydrocarbons,713,1268_00_00_01_02
Sediment - Hydrocarbons,3700,1268_00_01_01_44
Sediment - Hydrocarbons,4208,3740_00_00_01_02
Sediment - Hydrocarbons,3701,1627_00_00_01_02
Sediment - Hydrocarbons,723,1627_00_00_01_02
Sediment - Hydrocarbons,4228,1627_00_01_01_44
Sediment - Hydrocarbons,723,3292_00_00_01_02
Sediment - Hydrocarbons,713,1263_00_00_01_02
Sediment - Hydrocarbons,3700,1263_00_01_01_44
Sediment - Hydrocarbons,4406,1089_00_00_01_02
Sediment - Hydrocarbons,4406,3645_00_00_01_02
Sediment - Hydrocarbons,4406,5315_00_00_01_02
Sediment - Hydrocarbons,713,1258_00_00_01_02
Sediment - Hydrocarbons,3700,1258_00_01_01_44
Sediment - Hydrocarbons,4301,1088_00_00_01_02
Sediment - Hydrocarbons,4301,1093_00_00_01_02
Sediment - Hydrocarbons,4208,2627_00_00_01_02
Sediment - Hydrocarbons,4301,1099_00_00_01_02
Sediment - Hydrocarbons,4301,1538_00_00_01_02
Sediment - Hydrocarbons,3700,1257_00_01_01_44
Sediment - Hydrocarbons,3222,4433_00_00_01_02
Sediment - Hydrocarbons,4204,4433_00_00_01_02
Sediment - Hydrocarbons,674,4433_00_00_01_02
Sediment - Hydrocarbons,4208,3741_00_00_01_02
Sediment - Hydrocarbons,723,3293_00_00_01_02
Sediment - Hydrocarbons,3700,1265_00_01_01_44
Sediment - Hydrocarbons,4208,3742_00_00_01_02
Sediment - Hydrocarbons,4208,3743_00_00_01_02
Sediment - Hydrocarbons,464,4602_00_00_01_02
Sediment - Hydrocarbons,4208,3744_00_00_01_02
Sediment - Hydrocarbons,3700,1264_00_01_01_44
Sediment - Hydrocarbons,4406,1094_00_00_01_02
Sediment - Hydrocarbons,4406,1540_00_00_01_02
Sediment - Hydrocarbons,4406,3830_00_00_01_02
Sediment - Hydrocarbons,713,1267_00_00_01_02
Sediment - Hydrocarbons,4406,3837_00_00_01_02
Sediment - Hydrocarbons,4406,3879_00_00_01_02
Sediment - Hydrocarbons,4437,4916_00_00_01_02
Sediment - Hydrocarbons,3700,1267_00_01_01_44
Sediment - Hydrocarbons,4437,88_00_00_01_02
Sediment - Hydrocarbons,3700,1273_00_01_01_44
Sediment - Hydrocarbons,3222,913_00_00_01_02
Sediment - Hydrocarbons,4204,913_00_00_01_02
Sediment - Hydrocarbons,674,913_00_00_01_02
Sediment - Hydrocarbons,4208,3745_00_00_01_02
Sediment - Hydrocarbons,2065,311_00_00_01_02
Sediment - Hydrocarbons,2303,311_00_00_01_02
Sediment - Hydrocarbons,4301n2,1104_00_00_01_02
Sediment - Hydrocarbons,2869,311_00_00_01_02
Sediment - Hydrocarbons,2880,311_00_00_01_02
Sediment - Hydrocarbons,3222,311_00_00_01_02
Sediment - Hydrocarbons,4204,311_00_00_01_02
Sediment - Hydrocarbons,4208,311_00_00_01_02
Sediment - Hydrocarbons,674,311_00_00_01_02
Sediment - Hydrocarbons,918,311_00_00_01_02
Sediment - Hydrocarbons,2149,311_00_01_01_44
Sediment - Hydrocarbons,195,1080_00_00_01_02
Sediment - Hydrocarbons,3222,1080_00_00_01_02
Sediment - Hydrocarbons,4406,1558_00_00_01_02
Sediment - Hydrocarbons,4208,1080_00_00_01_02
Sediment - Hydrocarbons,4406,2650_00_00_01_02
Sediment - Hydrocarbons,674,1080_00_00_01_02
Sediment - Hydrocarbons,4406,3829_00_00_01_02
Sediment - Hydrocarbons,4406,3834_00_00_01_02
Sediment - Hydrocarbons,4406,3844_00_00_01_02
Sediment - Hydrocarbons,3222,4440_00_00_01_02
Sediment - Hydrocarbons,4204,4440_00_00_01_02
Sediment - Hydrocarbons,674,4440_00_00_01_02
Sediment - Hydrocarbons,716,2144_00_00_01_02
Sediment - Hydrocarbons,713,4553_00_00_01_02
Sediment - Hydrocarbons,3700,4553_00_01_01_44
Sediment - Hydrocarbons,3701,4237_00_00_01_02
Sediment - Hydrocarbons,3221,4274_00_00_01_02
Sediment - Hydrocarbons,3492,4274_00_00_01_02
Sediment - Hydrocarbons,3701,4274_00_00_01_02
Sediment - Hydrocarbons,308,1103_00_00_01_02
Sediment - Hydrocarbons,4203,1103_00_00_01_02
Sediment - Hydrocarbons,674,1103_00_00_01_02
Sediment - Hydrocarbons,713,1103_00_00_01_02
Sediment - Hydrocarbons,4406,1565_00_00_01_02
Sediment - Hydrocarbons,4406,3662_00_00_01_02
Sediment - Hydrocarbons,4406,3816_00_00_01_02
Sediment - Hydrocarbons,3700,1103_00_01_01_44
Sediment - Hydrocarbons,4406,3888_00_00_01_02
Sediment - Hydrocarbons,4437,89_00_00_01_02
Sediment - Hydrocarbons,308,1531_00_00_01_02
Sediment - Hydrocarbons,3227,1531_00_00_01_02
Sediment - Hydrocarbons,4203,1531_00_00_01_02
Sediment - Hydrocarbons,674,1531_00_00_01_02
Sediment - Hydrocarbons,713,1531_00_00_01_02
Sediment - Hydrocarbons,3700,1531_00_01_01_44
Sediment - Hydrocarbons,3700,1532_00_01_01_44
Sediment - Hydrocarbons,3221,4275_00_00_01_02
Sediment - Hydrocarbons,3492,4275_00_00_01_02
Sediment - Hydrocarbons,3701,4275_00_00_01_02
Sediment - Hydrocarbons,4406,3839_00_00_01_02
Sediment - Hydrocarbons,4406,3848_00_00_01_02
Sediment - Hydrocarbons,713,1528_00_00_01_02
Sediment - Hydrocarbons,4406,3864_00_00_01_02
Sediment - Hydrocarbons,4406n2,1104_00_00_01_02
Sediment - Hydrocarbons,3700,1528_00_01_01_44
Sediment - Hydrocarbons,4437,4921_00_00_01_02
Sediment - Hydrocarbons,308,1099_00_00_01_02
Sediment - Hydrocarbons,3227,1099_00_00_01_02
Sediment - Hydrocarbons,4203,1099_00_00_01_02
Sediment - Hydrocarbons,674,1099_00_00_01_02
Sediment - Hydrocarbons,713,1099_00_00_01_02
Sediment - Hydrocarbons,3700,1488_00_01_01_44
Sediment - Hydrocarbons,3221,4292_00_00_01_02
Sediment - Hydrocarbons,4301,1554_00_00_01_02
Sediment - Hydrocarbons,4301,2619_00_00_01_02
Sediment - Hydrocarbons,4406,3845_00_00_01_02
Sediment - Hydrocarbons,3700,1535_00_01_01_44
Sediment - Hydrocarbons,4301,5309_00_00_01_02
Sediment - Hydrocarbons,4406,3852_00_00_01_02
Sediment - Hydrocarbons,4406,3865_00_00_01_02
Sediment - Hydrocarbons,4406,3871_00_00_01_02
Sediment - Hydrocarbons,4437,109_00_00_01_02
Sediment - Hydrocarbons,4437,4910_00_00_01_02
Sediment - Hydrocarbons,308,1541_00_00_01_02
Sediment - Hydrocarbons,4203,1541_00_00_01_02
Sediment - Hydrocarbons,674,1541_00_00_01_02
Sediment - Hydrocarbons,3700,1541_00_01_01_44
Sediment - Hydrocarbons,3492,4264_00_00_01_02
Sediment - Hydrocarbons,3701,4264_00_00_01_02
Sediment - Hydrocarbons,308,1542_00_00_01_02
Sediment - Hydrocarbons,4203,1542_00_00_01_02
Sediment - Hydrocarbons,674,1542_00_00_01_02
Sediment - Hydrocarbons,713,1542_00_00_01_02
Sediment - Hydrocarbons,3700,1542_00_01_01_44
Sediment - Hydrocarbons,713,1536_00_00_01_02
Sediment - Hydrocarbons,4406,1095_00_00_01_02
Sediment - Hydrocarbons,4406,3776_00_00_01_02
Sediment - Hydrocarbons,4406,3827_00_00_01_02
Sediment - Hydrocarbons,4406,3857_00_00_01_02
Sediment - Hydrocarbons,3700,1536_00_01_01_44
Sediment - Hydrocarbons,4406,3867_00_00_01_02
Sediment - Hydrocarbons,4406,3884_00_00_01_02
Sediment - Hydrocarbons,4406,3886_00_00_01_02
Sediment - Hydrocarbons,713,1547_00_00_01_02
Sediment - Hydrocarbons,3700,1547_00_01_01_44
Sediment - Hydrocarbons,713,1556_00_00_01_02
Sediment - Hydrocarbons,3700,1556_00_01_01_44
Sediment - Hydrocarbons,308,1533_00_00_01_02
Sediment - Hydrocarbons,4203,1533_00_00_01_02
Sediment - Hydrocarbons,674,1533_00_00_01_02
Sediment - Hydrocarbons,3700,1533_00_01_01_44
Sediment - Hydrocarbons,4301,1545_00_00_01_02
Sediment - Hydrocarbons,3492,4276_00_00_01_02
Sediment - Hydrocarbons,3701,4276_00_00_01_02
Sediment - Hydrocarbons,308,1529_00_00_01_02
Sediment - Hydrocarbons,4203,1529_00_00_01_02
Sediment - Hydrocarbons,4406,1528_00_00_01_02
Sediment - Hydrocarbons,674,1529_00_00_01_02
Sediment - Hydrocarbons,713,1529_00_00_01_02
Sediment - Hydrocarbons,4406,1586_00_00_01_02
Sediment - Hydrocarbons,4406,3812_00_00_01_02
Sediment - Hydrocarbons,4406,3862_00_00_01_02
Sediment - Hydrocarbons,4406,3894_00_00_01_02
Sediment - Hydrocarbons,3700,1529_00_01_01_44
Sediment - Hydrocarbons,3700,1534_00_01_01_44
Sediment - Hydrocarbons,713,1540_00_00_01_02
Sediment - Hydrocarbons,713,1543_00_00_01_02
Sediment - Hydrocarbons,3700,1553_00_01_01_44
Sediment - Hydrocarbons,308,4418_00_00_01_02
Sediment - Hydrocarbons,4203,4418_00_00_01_02
Sediment - Hydrocarbons,674,4418_00_00_01_02
Sediment - Hydrocarbons,713,4418_00_00_01_02
Sediment - Hydrocarbons,4406,1554_00_00_01_02
Sediment - Hydrocarbons,4406,5314_00_00_01_02
Sediment - Hydrocarbons,713,1549_00_00_01_02
Sediment - Hydrocarbons,3700,1549_00_01_01_44
Sediment - Hydrocarbons,4301,1542_00_00_01_02
Sediment - Hydrocarbons,4301,1552_00_00_01_02
Sediment - Hydrocarbons,713,1559_00_00_01_02
Sediment - Hydrocarbons,3700,1987_00_01_01_44
Sediment - Hydrocarbons,308,4417_00_00_01_02
Sediment - Hydrocarbons,4203,4417_00_00_01_02
Sediment - Hydrocarbons,674,4417_00_00_01_02
Sediment - Hydrocarbons,713,4417_00_00_01_02
Sediment - Hydrocarbons,3700,4417_00_01_01_44
Sediment - Hydrocarbons,713,1548_00_00_01_02
Sediment - Hydrocarbons,3700,1548_00_01_01_44
Sediment - Hydrocarbons,3700,1562_00_01_01_44
Sediment - Hydrocarbons,4406,1102_00_00_01_02
Sediment - Hydrocarbons,4406,3841_00_00_01_02
Sediment - Hydrocarbons,4406n1,1104_00_00_01_02
Sediment - Hydrocarbons,713,1550_00_00_01_02
Sediment - Hydrocarbons,4437,4918_00_00_01_02
Sediment - Hydrocarbons,3700,1550_00_01_01_44
Sediment - Hydrocarbons,713,1564_00_00_01_02
Sediment - Hydrocarbons,3700,1564_00_01_01_44
Sediment - Hydrocarbons,3227,1579_00_00_01_02
Sediment - Hydrocarbons,3700,1579_00_01_01_44
Sediment - Hydrocarbons,4301,1100_00_00_01_02
Sediment - Hydrocarbons,4301,1102_00_00_01_02
Sediment - Hydrocarbons,308,1561_00_00_01_02
Sediment - Hydrocarbons,4203,1561_00_00_01_02
Sediment - Hydrocarbons,674,1561_00_00_01_02
Sediment - Hydrocarbons,308,1101_00_00_01_02
Sediment - Hydrocarbons,4203,1101_00_00_01_02
Sediment - Hydrocarbons,674,1101_00_00_01_02
Sediment - Hydrocarbons,713,1101_00_00_01_02
Sediment - Hydrocarbons,713,1558_00_00_01_02
Sediment - Hydrocarbons,4406,1266_00_00_01_02
Sediment - Hydrocarbons,3700,1558_00_01_01_44
Sediment - Hydrocarbons,4406,1267_00_00_01_02
Sediment - Hydrocarbons,4406,5313_00_00_01_02
Sediment - Hydrocarbons,4437,296_00_00_01_02
Sediment - Hydrocarbons,4437,4912_00_00_01_02
Sediment - Hydrocarbons,3700,1574_00_01_01_44
Sediment - Hydrocarbons,713,1581_00_00_01_02
Sediment - Hydrocarbons,3492,4271_00_00_01_02
Sediment - Hydrocarbons,3701,4271_00_00_01_02
Sediment - Hydrocarbons,308,1545_00_00_01_02
Sediment - Hydrocarbons,3227,1545_00_00_01_02
Sediment - Hydrocarbons,4203,1545_00_00_01_02
Sediment - Hydrocarbons,674,1545_00_00_01_02
Sediment - Hydrocarbons,3700,1545_00_01_01_44
Sediment - Hydrocarbons,3700,1546_00_01_01_44
Sediment - Hydrocarbons,4301,2650_00_00_01_02
Sediment - Hydrocarbons,4406,1263_00_00_01_02
Sediment - Hydrocarbons,4406,3840_00_00_01_02
Sediment - Hydrocarbons,4301,4418_00_00_01_02
Sediment - Hydrocarbons,4406,3851_00_00_01_02
Sediment - Hydrocarbons,308,1097_00_00_01_02
Sediment - Hydrocarbons,4406,3896_00_00_01_02
Sediment - Hydrocarbons,4406,4549_00_00_01_02
Sediment - Hydrocarbons,3227,1097_00_00_01_02
Sediment - Hydrocarbons,4203,1097_00_00_01_02
Sediment - Hydrocarbons,674,1097_00_00_01_02
Sediment - Hydrocarbons,3492,4265_00_00_01_02
Sediment - Hydrocarbons,3701,4265_00_00_01_02
Sediment - Hydrocarbons,3492,4273_00_00_01_02
Sediment - Hydrocarbons,3701,4273_00_00_01_02
Sediment - Hydrocarbons,308,1100_00_00_01_02
Sediment - Hydrocarbons,3227,1100_00_00_01_02
Sediment - Hydrocarbons,4203,1100_00_00_01_02
Sediment - Hydrocarbons,674,1100_00_00_01_02
Sediment - Hydrocarbons,4406,1268_00_00_01_02
Sediment - Hydrocarbons,3700,1100_00_01_01_44
Sediment - Hydrocarbons,4406,1531_00_00_01_02
Sediment - Hydrocarbons,4406,1557_00_00_01_02
Sediment - Hydrocarbons,4406,3780_00_00_01_02
Sediment - Hydrocarbons,3492,4270_00_00_01_02
Sediment - Hydrocarbons,4406,3846_00_00_01_02
Sediment - Hydrocarbons,3701,4270_00_00_01_02
Sediment - Hydrocarbons,4406,3861_00_00_01_02
Sediment - Hydrocarbons,4406,3869_00_00_01_02
Sediment - Hydrocarbons,4406,3901_00_00_01_02
Sediment - Hydrocarbons,4406,5312_00_00_01_02
Sediment - Hydrocarbons,4437,293_00_00_01_02
Sediment - Hydrocarbons,713,1555_00_00_01_02
Sediment - Hydrocarbons,3700,1555_00_01_01_44
Sediment - Hydrocarbons,4301,1575_00_00_01_02
Sediment - Hydrocarbons,4301,5312_00_00_01_02
Sediment - Hydrocarbons,4389,237_00_00_01_02
Sediment - Hydrocarbons,3700,1489_00_01_01_44
Sediment - Hydrocarbons,3492,4266_00_00_01_02
Sediment - Hydrocarbons,3701,4266_00_00_01_02
Sediment - Hydrocarbons,3492,4262_00_00_01_02
Sediment - Hydrocarbons,3701,4262_00_00_01_02
Sediment - Hydrocarbons,308,1091_00_00_01_02
Sediment - Hydrocarbons,4203,1091_00_00_01_02
Sediment - Hydrocarbons,674,1091_00_00_01_02
Sediment - Hydrocarbons,3700,1544_00_01_01_44
Sediment - Hydrocarbons,713,1557_00_00_01_02
Sediment - Hydrocarbons,3700,1557_00_01_01_44
Sediment - Hydrocarbons,4406,1259_00_00_01_02
Sediment - Hydrocarbons,4406,1277_00_00_01_02
Sediment - Hydrocarbons,4406,1555_00_00_01_02
Sediment - Hydrocarbons,4406,3777_00_00_01_02
Sediment - Hydrocarbons,308,1575_00_00_01_02
Sediment - Hydrocarbons,4406,3833_00_00_01_02
Sediment - Hydrocarbons,4406,4560_00_00_01_02
Sediment - Hydrocarbons,4203,1575_00_00_01_02
Sediment - Hydrocarbons,674,1575_00_00_01_02
Sediment - Hydrocarbons,308,1086_00_00_01_02
Sediment - Hydrocarbons,3227,1086_00_00_01_02
Sediment - Hydrocarbons,4203,1086_00_00_01_02
Sediment - Hydrocarbons,674,1086_00_00_01_02
Sediment - Hydrocarbons,3700,1086_00_01_01_44
Sediment - Hydrocarbons,308,1563_00_00_01_02
Sediment - Hydrocarbons,4203,1563_00_00_01_02
Sediment - Hydrocarbons,674,1563_00_00_01_02
Sediment - Hydrocarbons,3700,1563_00_01_01_44
Sediment - Hydrocarbons,4301,1103_00_00_01_02
Sediment - Hydrocarbons,4406,1258_00_00_01_02
Sediment - Hydrocarbons,4301,1530_00_00_01_02
Sediment - Hydrocarbons,713,1584_00_00_01_02
Sediment - Hydrocarbons,4301,1578_00_00_01_02
Sediment - Hydrocarbons,4406,1262_00_00_01_02
Sediment - Hydrocarbons,4406,1274_00_00_01_02
Sediment - Hydrocarbons,4301,1583_00_00_01_02
Sediment - Hydrocarbons,3700,1584_00_01_01_44
Sediment - Hydrocarbons,4406,3832_00_00_01_02
Sediment - Hydrocarbons,4406,3875_00_00_01_02
Sediment - Hydrocarbons,3700,1585_00_01_01_44
Sediment - Hydrocarbons,3700,1591_00_01_01_44
Sediment - Hydrocarbons,3221,1920_00_00_01_02
Sediment - Hydrocarbons,3492,4267_00_00_01_02
Sediment - Hydrocarbons,3701,4267_00_00_01_02
Sediment - Hydrocarbons,308,1098_00_00_01_02
Sediment - Hydrocarbons,3227,1098_00_00_01_02
Sediment - Hydrocarbons,4203,1098_00_00_01_02
Sediment - Hydrocarbons,674,1098_00_00_01_02
Sediment - Hydrocarbons,3700,1098_00_01_01_44
Sediment - Hydrocarbons,3492,4268_00_00_01_02
Sediment - Hydrocarbons,3701,4268_00_00_01_02
Sediment - Hydrocarbons,3492,4263_00_00_01_02
Sediment - Hydrocarbons,3701,4263_00_00_01_02
Sediment - Hydrocarbons,308,1571_00_00_01_02
Sediment - Hydrocarbons,4203,1571_00_00_01_02
Sediment - Hydrocarbons,674,1571_00_00_01_02
Sediment - Hydrocarbons,4301n1,1104_00_00_01_02
Sediment - Hydrocarbons,3700,1571_00_01_01_44
Sediment - Hydrocarbons,4406,1593_00_00_01_02
Sediment - Hydrocarbons,3492,4269_00_00_01_02
Sediment - Hydrocarbons,4406,3822_00_00_01_02
Sediment - Hydrocarbons,3701,4269_00_00_01_02
Sediment - Hydrocarbons,4406,3890_00_00_01_02
Sediment - Hydrocarbons,4406,4546_00_00_01_02
Sediment - Hydrocarbons,3492,4257_00_00_01_02
Sediment - Hydrocarbons,3701,4257_00_00_01_02
Sediment - Hydrocarbons,3492,4249_00_00_01_02
Sediment - Hydrocarbons,3701,4249_00_00_01_02
Sediment - Hydrocarbons,3221,4250_00_00_01_02
Sediment - Hydrocarbons,3492,4250_00_00_01_02
Sediment - Hydrocarbons,3701,4250_00_00_01_02
Sediment - Hydrocarbons,308,1583_00_00_01_02
Sediment - Hydrocarbons,3227,1583_00_00_01_02
Sediment - Hydrocarbons,4203,1583_00_00_01_02
Sediment - Hydrocarbons,674,1583_00_00_01_02
Sediment - Hydrocarbons,4228,1628_00_01_01_44
Sediment - Hydrocarbons,4406,1536_00_00_01_02
Sediment - Hydrocarbons,4406,1581_00_00_01_02
Sediment - Hydrocarbons,308,1092_00_00_01_02
Sediment - Hydrocarbons,4406,3810_00_00_01_02
Sediment - Hydrocarbons,3227,1092_00_00_01_02
Sediment - Hydrocarbons,4406,3824_00_00_01_02
Sediment - Hydrocarbons,4203,1092_00_00_01_02
Sediment - Hydrocarbons,674,1092_00_00_01_02
Sediment - Hydrocarbons,4301,1094_00_00_01_02
Sediment - Hydrocarbons,3492,4251_00_00_01_02
Sediment - Hydrocarbons,3701,4251_00_00_01_02
Sediment - Hydrocarbons,3700,1087_00_01_01_44
Sediment - Hydrocarbons,3221,4206_00_00_01_02
Sediment - Hydrocarbons,308,1593_00_00_01_02
Sediment - Hydrocarbons,4203,1593_00_00_01_02
Sediment - Hydrocarbons,674,1593_00_00_01_02
Sediment - Hydrocarbons,713,1593_00_00_01_02
Sediment - Hydrocarbons,4406,1088_00_00_01_02
Sediment - Hydrocarbons,4406,3854_00_00_01_02
Sediment - Hydrocarbons,4437,298_00_00_01_02
Sediment - Hydrocarbons,3700,1593_00_01_01_44
Sediment - Hydrocarbons,3492,4243_00_00_01_02
Sediment - Hydrocarbons,3701,4243_00_00_01_02
Sediment - Hydrocarbons,308,1088_00_00_01_02
Sediment - Hydrocarbons,3227,1088_00_00_01_02
Sediment - Hydrocarbons,4203,1088_00_00_01_02
Sediment - Hydrocarbons,674,1088_00_00_01_02
Sediment - Hydrocarbons,713,1088_00_00_01_02
Sediment - Hydrocarbons,308,1083_00_00_01_02
Sediment - Hydrocarbons,3227,1083_00_00_01_02
Sediment - Hydrocarbons,4203,1083_00_00_01_02
Sediment - Hydrocarbons,674,1083_00_00_01_02
Sediment - Hydrocarbons,4406,1529_00_00_01_02
Sediment - Hydrocarbons,4406,1566_00_00_01_02
Sediment - Hydrocarbons,4406,3817_00_00_01_02
Sediment - Hydrocarbons,3700,1083_00_01_01_44
Sediment - Hydrocarbons,4301,1541_00_00_01_02
Sediment - Hydrocarbons,713,1594_00_00_01_02
Sediment - Hydrocarbons,3700,1594_00_01_01_44
Sediment - Hydrocarbons,308,1096_00_00_01_02
Sediment - Hydrocarbons,3227,1096_00_00_01_02
Sediment - Hydrocarbons,4203,1096_00_00_01_02
Sediment - Hydrocarbons,674,1096_00_00_01_02
Sediment - Hydrocarbons,3700,1096_00_01_01_44
Sediment - Hydrocarbons,4406,3781_00_00_01_02
Sediment - Hydrocarbons,4406,3815_00_00_01_02
Sediment - Hydrocarbons,4406,3819_00_00_01_02
Sediment - Hydrocarbons,308,1102_00_00_01_02
Sediment - Hydrocarbons,4406,3873_00_00_01_02
Sediment - Hydrocarbons,4203,1102_00_00_01_02
Sediment - Hydrocarbons,674,1102_00_00_01_02
Sediment - Hydrocarbons,713,1102_00_00_01_02
Sediment - Hydrocarbons,3700,1102_00_01_01_44
Sediment - Hydrocarbons,3221,3726_00_00_01_02
Sediment - Hydrocarbons,308,4416_00_00_01_02
Sediment - Hydrocarbons,4203,4416_00_00_01_02
Sediment - Hydrocarbons,674,4416_00_00_01_02
Sediment - Hydrocarbons,3700,1577_00_01_01_44
Sediment - Hydrocarbons,3492,4253_00_00_01_02
Sediment - Hydrocarbons,3701,4253_00_00_01_02
Sediment - Hydrocarbons,308,1587_00_00_01_02
Sediment - Hydrocarbons,4203,1587_00_00_01_02
Sediment - Hydrocarbons,674,1587_00_00_01_02
Sediment - Hydrocarbons,713,4557_00_00_01_02
Sediment - Hydrocarbons,4437,295_00_00_01_02
Sediment - Hydrocarbons,3700,4557_00_01_01_44
Sediment - Hydrocarbons,308,1094_00_00_01_02
Sediment - Hydrocarbons,3227,1094_00_00_01_02
Sediment - Hydrocarbons,4203,1094_00_00_01_02
Sediment - Hydrocarbons,674,1094_00_00_01_02
Sediment - Hydrocarbons,713,1094_00_00_01_02
Sediment - Hydrocarbons,3492,4260_00_00_01_02
Sediment - Hydrocarbons,3701,4260_00_00_01_02
Sediment - Hydrocarbons,3492,4252_00_00_01_02
Sediment - Hydrocarbons,3701,4252_00_00_01_02
Sediment - Hydrocarbons,3700,1589_00_01_01_44
Sediment - Hydrocarbons,3700,1590_00_01_01_44
Sediment - Hydrocarbons,713,1089_00_00_01_02
Sediment - Hydrocarbons,3700,1539_00_01_01_44
Sediment - Hydrocarbons,4301,1529_00_00_01_02
Sediment - Hydrocarbons,713,1566_00_00_01_02
Sediment - Hydrocarbons,4301,1533_00_00_01_02
Sediment - Hydrocarbons,4301,1571_00_00_01_02
Sediment - Hydrocarbons,308,1567_00_00_01_02
Sediment - Hydrocarbons,4203,1567_00_00_01_02
Sediment - Hydrocarbons,674,1567_00_00_01_02
Sediment - Hydrocarbons,3700,1567_00_01_01_44
Sediment - Hydrocarbons,3700,1576_00_01_01_44
Sediment - Hydrocarbons,308,1538_00_00_01_02
Sediment - Hydrocarbons,4203,1538_00_00_01_02
Sediment - Hydrocarbons,674,1538_00_00_01_02
Sediment - Hydrocarbons,713,1538_00_00_01_02
Sediment - Hydrocarbons,3700,1538_00_01_01_44
Sediment - Hydrocarbons,3700,1551_00_01_01_44
Sediment - Hydrocarbons,713,4560_00_00_01_02
Sediment - Hydrocarbons,308,1530_00_00_01_02
Sediment - Hydrocarbons,4203,1530_00_00_01_02
Sediment - Hydrocarbons,674,1530_00_00_01_02
Sediment - Hydrocarbons,713,1530_00_00_01_02
Sediment - Hydrocarbons,3700,1530_00_01_01_44
Sediment - Hydrocarbons,4301,1096_00_00_01_02
Sediment - Hydrocarbons,4301,1593_00_00_01_02
Sediment - Hydrocarbons,4301,4416_00_00_01_02
Sediment - Hydrocarbons,713,1537_00_00_01_02
Sediment - Hydrocarbons,3700,1537_00_01_01_44
Sediment - Hydrocarbons,3492,4272_00_00_01_02
Sediment - Hydrocarbons,3701,4272_00_00_01_02
Sediment - Hydrocarbons,308,1552_00_00_01_02
Sediment - Hydrocarbons,4203,1552_00_00_01_02
Sediment - Hydrocarbons,674,1552_00_00_01_02
Sediment - Hydrocarbons,3700,1552_00_01_01_44
Sediment - Hydrocarbons,308,1554_00_00_01_02
Sediment - Hydrocarbons,4203,1554_00_00_01_02
Sediment - Hydrocarbons,674,1554_00_00_01_02
Sediment - Hydrocarbons,713,1554_00_00_01_02
Sediment - Hydrocarbons,3492,4258_00_00_01_02
Sediment - Hydrocarbons,3701,4258_00_00_01_02
Sediment - Hydrocarbons,308,1093_00_00_01_02
Sediment - Hydrocarbons,3227,1093_00_00_01_02
Sediment - Hydrocarbons,4203,1093_00_00_01_02
Sediment - Hydrocarbons,674,1093_00_00_01_02
Sediment - Hydrocarbons,713,1093_00_00_01_02
Sediment - Hydrocarbons,713,1586_00_00_01_02
Sediment - Hydrocarbons,3700,1586_00_01_01_44
Sediment - Hydrocarbons,713,1565_00_00_01_02
Sediment - Hydrocarbons,3700,1565_00_01_01_44
Sediment - Hydrocarbons,3492,4259_00_00_01_02
Sediment - Hydrocarbons,3701,4259_00_00_01_02
Sediment - Hydrocarbons,2083,198_00_00_01_02
Sediment - Hydrocarbons,2662,198_00_00_01_02
Sediment - Hydrocarbons,2083,123_00_00_01_02
Sediment - Hydrocarbons,2340,123_00_00_01_02
Sediment - Hydrocarbons,2662,123_00_00_01_02
Sediment - Hydrocarbons,723,1629_00_00_01_02
Sediment - Hydrocarbons,4228,1629_00_01_01_44
Sediment - Hydrocarbons,2059,188_00_00_01_01
Sediment - Hydrocarbons,2083,321_00_00_01_02
Sediment - Hydrocarbons,2662,321_00_00_01_02
Sediment - Hydrocarbons,2083,320_00_00_01_02
Sediment - Hydrocarbons,2340,320_00_00_01_02
Sediment - Hydrocarbons,2662,320_00_00_01_02
Sediment - Hydrocarbons,3222,1079_00_00_01_02
Sediment - Hydrocarbons,4204,1079_00_00_01_02
Sediment - Hydrocarbons,4208,1079_00_00_01_02
Sediment - Hydrocarbons,674,1079_00_00_01_02
Sediment - Hydrocarbons,4301,1587_00_00_01_02
Sediment - Hydrocarbons,2083,319_00_00_01_02
Sediment - Hydrocarbons,2340,319_00_00_01_02
Sediment - Hydrocarbons,2662,319_00_00_01_02
Sediment - Hydrocarbons,4208,3746_00_00_01_02
Sediment - Hydrocarbons,3700,1592_00_01_01_44
Sediment - Hydrocarbons,723,1630_00_00_01_02
Sediment - Hydrocarbons,4228,1630_00_01_01_44
Sediment - Hydrocarbons,2083,226_00_00_01_02
Sediment - Hydrocarbons,2340,226_00_00_01_02
Sediment - Hydrocarbons,2662,226_00_00_01_02
Sediment - Hydrocarbons,308,4415_00_00_01_02
Sediment - Hydrocarbons,3227,4415_00_00_01_02
Sediment - Hydrocarbons,4203,4415_00_00_01_02
Sediment - Hydrocarbons,674,4415_00_00_01_02
Sediment - Hydrocarbons,713,4415_00_00_01_02
Sediment - Hydrocarbons,3700,4415_00_01_01_44
Sediment - Hydrocarbons,3492,4246_00_00_01_02
Sediment - Hydrocarbons,3701,4246_00_00_01_02
Sediment - Hydrocarbons,713,1082_00_00_01_02
Sediment - Hydrocarbons,3492,4242_00_00_01_02
Sediment - Hydrocarbons,3701,4242_00_00_01_02
Sediment - Hydrocarbons,308,1578_00_00_01_02
Sediment - Hydrocarbons,4203,1578_00_00_01_02
Sediment - Hydrocarbons,674,1578_00_00_01_02
Sediment - Hydrocarbons,3492,4254_00_00_01_02
Sediment - Hydrocarbons,3701,4254_00_00_01_02
Sediment - Hydrocarbons,3221,4207_00_00_01_02
Sediment - Hydrocarbons,4301,1567_00_00_01_02
Sediment - Hydrocarbons,308,2619_00_00_01_02
Sediment - Hydrocarbons,4203,2619_00_00_01_02
Sediment - Hydrocarbons,674,2619_00_00_01_02
Sediment - Hydrocarbons,3700,2619_00_01_01_44
Sediment - Hydrocarbons,3492,4244_00_00_01_02
Sediment - Hydrocarbons,3701,4244_00_00_01_02
Sediment - Hydrocarbons,3227,1588_00_00_01_02
Sediment - Hydrocarbons,3700,1085_00_01_01_44
Sediment - Hydrocarbons,2055,333_00_00_01_02
Sediment - Hydrocarbons,2083,333_00_00_01_02
Sediment - Hydrocarbons,2662,333_00_00_01_02
Sediment - Hydrocarbons,3492,4245_00_00_01_02
Sediment - Hydrocarbons,3701,4245_00_00_01_02
Sediment - Hydrocarbons,2055,308_00_00_01_02
Sediment - Hydrocarbons,2083,308_00_00_01_02
Sediment - Hydrocarbons,2662,308_00_00_01_02
Sediment - Hydrocarbons,3492,4241_00_00_01_02
Sediment - Hydrocarbons,3701,4241_00_00_01_02
Sediment - Hydrocarbons,3700,1269_00_01_01_44
Sediment - Hydrocarbons,4301,1086_00_00_01_02
Sediment - Hydrocarbons,2083,96_00_00_01_02
Sediment - Hydrocarbons,2340,96_00_00_01_02
Sediment - Hydrocarbons,2662,96_00_00_01_02
Sediment - Hydrocarbons,4208,3747_00_00_01_02
Sediment - Hydrocarbons,3492,4238_00_00_01_02
Sediment - Hydrocarbons,3701,4238_00_00_01_02
Sediment - Hydrocarbons,2083,305_00_00_01_02
Sediment - Hydrocarbons,2340,305_00_00_01_02
Sediment - Hydrocarbons,2662,305_00_00_01_02
Sediment - Hydrocarbons,4208,1078_00_00_01_02
Sediment - Hydrocarbons,4208,3748_00_00_01_02
Sediment - Hydrocarbons,716,1872_00_00_01_02
Sediment - Hydrocarbons,716,1873_00_00_01_02
Sediment - Hydrocarbons,723,1631_00_00_01_02
Sediment - Hydrocarbons,4228,1631_00_01_01_44
Sediment - Hydrocarbons,2083,338_00_00_01_02
Sediment - Hydrocarbons,2083,239_00_00_01_02
Sediment - Hydrocarbons,2662,239_00_00_01_02
Sediment - Hydrocarbons,2083,231_00_00_01_02
Sediment - Hydrocarbons,2340,231_00_00_01_02
Sediment - Hydrocarbons,2662,231_00_00_01_02
Sediment - Hydrocarbons,713,1081_00_00_01_02
Sediment - Hydrocarbons,3700,1081_00_01_01_44
Sediment - Hydrocarbons,2065,315_00_00_01_02
Sediment - Hydrocarbons,2303,315_00_00_01_02
Sediment - Hydrocarbons,2869,315_00_00_01_02
Sediment - Hydrocarbons,2880,315_00_00_01_02
Sediment - Hydrocarbons,3222,315_00_00_01_02
Sediment - Hydrocarbons,4204,315_00_00_01_02
Sediment - Hydrocarbons,674,315_00_00_01_02
Sediment - Hydrocarbons,918,315_00_00_01_02
Sediment - Hydrocarbons,2149,315_00_01_01_44
Sediment - Hydrocarbons,723,1632_00_00_01_02
Sediment - Hydrocarbons,4228,1632_00_01_01_44
Sediment - Hydrocarbons,4208,2623_00_00_01_02
Sediment - Hydrocarbons,3222,4435_00_00_01_02
Sediment - Hydrocarbons,4204,4435_00_00_01_02
Sediment - Hydrocarbons,674,4435_00_00_01_02
Sediment - Hydrocarbons,3222,2625_00_00_01_02
Sediment - Hydrocarbons,4204,2625_00_00_01_02
Sediment - Hydrocarbons,674,2625_00_00_01_02
Sediment - Hydrocarbons,4208,3750_00_00_01_02
Sediment - Hydrocarbons,2065,314_00_00_01_02
Sediment - Hydrocarbons,2303,314_00_00_01_02
Sediment - Hydrocarbons,2869,314_00_00_01_02
Sediment - Hydrocarbons,2880,314_00_00_01_02
Sediment - Hydrocarbons,3222,314_00_00_01_02
Sediment - Hydrocarbons,4204,314_00_00_01_02
Sediment - Hydrocarbons,4208,314_00_00_01_02
Sediment - Hydrocarbons,674,314_00_00_01_02
Sediment - Hydrocarbons,918,314_00_00_01_02
Sediment - Hydrocarbons,2149,314_00_01_01_44
Sediment - Hydrocarbons,4208,2621_00_00_01_02
Sediment - Hydrocarbons,4301,4415_00_00_01_02
Sediment - Hydrocarbons,4389,306_00_00_01_02
Sediment - Hydrocarbons,4208,3749_00_00_01_02
Sediment - Hydrocarbons,2783,2650_00_00_01_02
Sediment - Hydrocarbons,308,2650_00_00_01_02
Sediment - Hydrocarbons,3227,2650_00_00_01_02
Sediment - Hydrocarbons,4203,2650_00_00_01_02
Sediment - Hydrocarbons,674,2650_00_00_01_02
Sediment - Hydrocarbons,713,2650_00_00_01_02
Sediment - Hydrocarbons,3700,2650_00_01_01_44
Sediment - Hydrocarbons,3221,4261_00_00_01_02
Sediment - Hydrocarbons,3492,4261_00_00_01_02
Sediment - Hydrocarbons,3701,4261_00_00_01_02
Sediment - Hydrocarbons,3221,4255_00_00_01_02
Sediment - Hydrocarbons,3492,4255_00_00_01_02
Sediment - Hydrocarbons,3701,4255_00_00_01_02
Sediment - Hydrocarbons,3227,1095_00_00_01_02
Sediment - Hydrocarbons,713,1095_00_00_01_02
Sediment - Hydrocarbons,3700,1095_00_01_01_44
Sediment - Hydrocarbons,3492,4256_00_00_01_02
Sediment - Hydrocarbons,3701,4256_00_00_01_02
Sediment - Hydrocarbons,3492,4247_00_00_01_02
Sediment - Hydrocarbons,3701,4247_00_00_01_02
Sediment - Hydrocarbons,3227,1090_00_00_01_02
Sediment - Hydrocarbons,713,1090_00_00_01_02
Sediment - Hydrocarbons,3700,1090_00_01_01_44
Sediment - Hydrocarbons,713,4549_00_00_01_02
Sediment - Hydrocarbons,3700,4549_00_01_01_44
Sediment - Hydrocarbons,3492,4248_00_00_01_02
Sediment - Hydrocarbons,3701,4248_00_00_01_02
Sediment - Hydrocarbons,2083,238_00_00_01_02
Sediment - Hydrocarbons,2340,238_00_00_01_02
Sediment - Hydrocarbons,2662,238_00_00_01_02
Sediment - Hydrocarbons,3492,4239_00_00_01_02
Sediment - Hydrocarbons,3701,4239_00_00_01_02
Sediment - Hydrocarbons,2059,3137_00_00_01_01
Sediment - Hydrocarbons,713,3137_00_00_01_02
Sediment - Hydrocarbons,3700,3137_00_01_01_44
Sediment - Hydrocarbons,2083,233_00_00_01_02
Sediment - Hydrocarbons,2340,233_00_00_01_02
Sediment - Hydrocarbons,2662,233_00_00_01_02
Sediment - Hydrocarbons,4208,2628_00_00_01_02
Sediment - Hydrocarbons,3222,3069_00_00_01_02
Sediment - Hydrocarbons,4204,3069_00_00_01_02
Sediment - Hydrocarbons,674,3069_00_00_01_02
Sediment - Hydrocarbons,3222,4436_00_00_01_02
Sediment - Hydrocarbons,4204,4436_00_00_01_02
Sediment - Hydrocarbons,674,4436_00_00_01_02
Sediment - Hydrocarbons,4208,1434_00_00_01_02
Sediment - Hydrocarbons,4208,3751_00_00_01_02
Sediment - Hydrocarbons,716,2131_00_00_01_02
Sediment - Hydrocarbons,3492,4240_00_00_01_02
Sediment - Hydrocarbons,3701,4240_00_00_01_02
Sediment - Hydrocarbons,713,1595_00_00_01_02
Sediment - Hydrocarbons,3700,1595_00_01_01_44
Sediment - Hydrocarbons,4208,2038_00_00_01_02
Sediment - Hydrocarbons,716,2140_00_00_01_02
Sediment - Hydrocarbons,3029,1290_00_00_01_02
Sediment - Hydrocarbons,3222,4437_00_00_01_02
Sediment - Hydrocarbons,4204,4437_00_00_01_02
Sediment - Hydrocarbons,674,1995_00_00_01_02
Sediment - Hydrocarbons,3029,619_00_00_01_02
Sediment - Hydrocarbons,3029,3623_00_00_01_02
Sediment - Hydrocarbons,3029,3622_00_00_01_02
Sediment - Hydrocarbons,4320,1874_00_00_01_02
Sediment - Hydrocarbons,716,2058_00_00_01_02
Sediment - Hydrocarbons,4208,3752_00_00_01_02
Sediment - Hydrocarbons,3222,4438_00_00_01_02
Sediment - Hydrocarbons,4204,4438_00_00_01_02
Sediment - Hydrocarbons,674,4438_00_00_01_02
Sediment - Hydrocarbons,195,3755_00_00_01_02
Sediment - Hydrocarbons,4208,3755_00_00_01_02
Sediment - Hydrocarbons,716,2132_00_00_01_02
Sediment - Hydrocarbons,3222,4439_00_00_01_02
Sediment - Hydrocarbons,4204,4439_00_00_01_02
Sediment - Hydrocarbons,4320,5200_00_00_01_02
Sediment - Hydrocarbons,4320,2059_00_00_01_02
Sediment - Hydrocarbons,716,2059_00_00_01_02
Sediment - Hydrocarbons,3222,3070_00_00_01_02
Sediment - Hydrocarbons,4204,3070_00_00_01_02
Sediment - Hydrocarbons,4301,1101_00_00_01_02
Sediment - Hydrocarbons,4389,282_00_00_01_02
Sediment - Hydrocarbons,195,2364_00_00_01_02
Sediment - Hydrocarbons,4208,2364_00_00_01_02
Sediment - Hydrocarbons,674,2364_00_00_01_02
Sediment - Hydrocarbons,4208,3754_00_00_01_02
Sediment - Hydrocarbons,716,2133_00_00_01_02
Sediment - Hydrocarbons,3222,4077_00_00_01_02
Sediment - Hydrocarbons,4204,4077_00_00_01_02
Sediment - Hydrocarbons,674,4077_00_00_01_02
Sediment - Hydrocarbons,4320,5201_00_00_01_02
Sediment - Hydrocarbons,4320,2060_00_00_01_02
Sediment - Hydrocarbons,716,2060_00_00_01_02
Sediment - Hydrocarbons,716,2143_00_00_01_02
Sediment - Hydrocarbons,4208,3753_00_00_01_02
Sediment - Hydrocarbons,200,292_00_00_01_02
Sediment - Hydrocarbons,2065,292_00_00_01_02
Sediment - Hydrocarbons,2782,292_00_00_01_02
Sediment - Hydrocarbons,2869,292_00_00_01_02
Sediment - Hydrocarbons,3222,292_00_00_01_02
Sediment - Hydrocarbons,4204,292_00_00_01_02
Sediment - Hydrocarbons,4208,292_00_00_01_02
Sediment - Hydrocarbons,674,292_00_00_01_02
Sediment - Hydrocarbons,693,292_00_00_01_02
Sediment - Hydrocarbons,918n1,292_00_00_01_02
Sediment - Hydrocarbons,918n2,292_00_00_01_02
Sediment - Hydrocarbons,202,3639_00_00_01_02
Sediment - Hydrocarbons,693,3639_00_00_01_02
Sediment - Hydrocarbons,4208,4072_00_00_01_02
Sediment - Hydrocarbons,4301,1098_00_00_01_02
Sediment - Hydrocarbons,4301,1531_00_00_01_02
Sediment - Hydrocarbons,200,148_00_00_01_02
Sediment - Hydrocarbons,2065,148_00_00_01_02
Sediment - Hydrocarbons,2303,148_00_00_01_02
Sediment - Hydrocarbons,2782,148_00_00_01_02
Sediment - Hydrocarbons,2869,148_00_00_01_02
Sediment - Hydrocarbons,2880,148_00_00_01_02
Sediment - Hydrocarbons,3222,148_00_00_01_02
Sediment - Hydrocarbons,4204,148_00_00_01_02
Sediment - Hydrocarbons,4208,148_00_00_01_02
Sediment - Hydrocarbons,674,148_00_00_01_02
Sediment - Hydrocarbons,693,148_00_00_01_02
Sediment - Hydrocarbons,2149,148_00_01_01_44
Sediment - Hydrocarbons,4228,1633_00_01_01_44
Sediment - Hydrocarbons,4204,10019_00_00_01_02
Sediment - Hydrocarbons,3222,1463_00_00_01_02
Sediment - Hydrocarbons,674,1463_00_00_01_02
Sediment - Hydrocarbons,200,1270_00_00_01_02
Sediment - Hydrocarbons,3222,1270_00_00_01_02
Sediment - Hydrocarbons,675,114_00_00_01_02
Sediment - Hydrocarbons,719,114_00_00_01_02
Sediment - Hydrocarbons,4301,1091_00_00_01_02
Sediment - Hydrocarbons,4301,4417_00_00_01_02
Sediment - Hydrocarbons,3221,4213_00_00_01_02
Sediment - Hydrocarbons,3221,4215_00_00_01_02
Sediment - Hydrocarbons,3221,4216_00_00_01_02
Sediment - Hydrocarbons,3221,4217_00_00_01_02
Sediment - Hydrocarbons,3221,4208_00_00_01_02
Sediment - Hydrocarbons,3221,4209_00_00_01_02
Sediment - Hydrocarbons,3221,4210_00_00_01_02
Sediment - Hydrocarbons,3221,4211_00_00_01_02
Sediment - Hydrocarbons,3221,4212_00_00_01_02
Sediment - Hydrocarbons,202,4529_00_00_01_02
Sediment - Hydrocarbons,202,4530_00_00_01_02
Sediment - Hydrocarbons,202,3637_00_00_01_02
Sediment - Hydrocarbons,4208,3637_00_00_01_02
Sediment - Hydrocarbons,693,3637_00_00_01_02
Sediment - Hydrocarbons,200,219_00_00_01_02
Sediment - Hydrocarbons,2045,219_00_00_01_02
Sediment - Hydrocarbons,2782,219_00_00_01_02
Sediment - Hydrocarbons,2869,219_00_00_01_02
Sediment - Hydrocarbons,2880,219_00_00_01_02
Sediment - Hydrocarbons,3222,219_00_00_01_02
Sediment - Hydrocarbons,4204,219_00_00_01_02
Sediment - Hydrocarbons,4208,219_00_00_01_02
Sediment - Hydrocarbons,674,219_00_00_01_02
Sediment - Hydrocarbons,693,219_00_00_01_02
Sediment - Hydrocarbons,693,4066_00_00_01_02
Sediment - Hydrocarbons,4208,4543_00_00_01_02
Sediment - Hydrocarbons,1947,155_00_00_01_02
Sediment - Hydrocarbons,200,155_00_00_01_02
Sediment - Hydrocarbons,2045,155_00_00_01_02
Sediment - Hydrocarbons,2782,155_00_00_01_02
Sediment - Hydrocarbons,2869,155_00_00_01_02
Sediment - Hydrocarbons,2880,155_00_00_01_02
Sediment - Hydrocarbons,3222,155_00_00_01_02
Sediment - Hydrocarbons,4204,155_00_00_01_02
Sediment - Hydrocarbons,4208,155_00_00_01_02
Sediment - Hydrocarbons,674,155_00_00_01_02
Sediment - Hydrocarbons,693,155_00_00_01_02
Sediment - Hydrocarbons,991,155_00_00_01_02
Sediment - Hydrocarbons,200,204_00_00_01_02
Sediment - Hydrocarbons,2045,204_00_00_01_02
Sediment - Hydrocarbons,2065,204_00_00_01_02
Sediment - Hydrocarbons,2782,204_00_00_01_02
Sediment - Hydrocarbons,2869,204_00_00_01_02
Sediment - Hydrocarbons,2880,204_00_00_01_02
Sediment - Hydrocarbons,3222,204_00_00_01_02
Sediment - Hydrocarbons,4204,204_00_00_01_02
Sediment - Hydrocarbons,4208,204_00_00_01_02
Sediment - Hydrocarbons,674,204_00_00_01_02
Sediment - Hydrocarbons,693,204_00_00_01_02
Sediment - Hydrocarbons,202,4525_00_00_01_02
Sediment - Hydrocarbons,202,4531_00_00_01_02
Sediment - Hydrocarbons,202,4532_00_00_01_02
Sediment - Hydrocarbons,202,4533_00_00_01_02
Sediment - Hydrocarbons,202,4534_00_00_01_02
Sediment - Hydrocarbons,200,145_00_00_01_02
Sediment - Hydrocarbons,2045n1,145_00_00_01_02
Sediment - Hydrocarbons,2045n2,145_00_00_01_02
Sediment - Hydrocarbons,2065,145_00_00_01_02
Sediment - Hydrocarbons,2782,145_00_00_01_02
Sediment - Hydrocarbons,2869,145_00_00_01_02
Sediment - Hydrocarbons,3222,145_00_00_01_02
Sediment - Hydrocarbons,4204,145_00_00_01_02
Sediment - Hydrocarbons,4208,145_00_00_01_02
Sediment - Hydrocarbons,674,145_00_00_01_02
Sediment - Hydrocarbons,693,145_00_00_01_02
Sediment - Hydrocarbons,2880,3048_00_00_01_02
Sediment - Hydrocarbons,4208,4544_00_00_01_02
Sediment - Hydrocarbons,3222,4434_00_00_01_02
Sediment - Hydrocarbons,4204,4434_00_00_01_02
Sediment - Hydrocarbons,3222,3076_00_00_01_02
Sediment - Hydrocarbons,4204,3076_00_00_01_02
Sediment - Hydrocarbons,674,3076_00_00_01_02
Sediment - Hydrocarbons,200,137_00_00_01_02
Sediment - Hydrocarbons,2869,137_00_00_01_02
Sediment - Hydrocarbons,3222,137_00_00_01_02
Sediment - Hydrocarbons,4204,137_00_00_01_02
Sediment - Hydrocarbons,4208,137_00_00_01_02
Sediment - Hydrocarbons,674,137_00_00_01_02
Sediment - Hydrocarbons,693,137_00_00_01_02
Sediment - Hydrocarbons,200,132_00_00_01_02
Sediment - Hydrocarbons,2065,132_00_00_01_02
Sediment - Hydrocarbons,2303,132_00_00_01_02
Sediment - Hydrocarbons,2782,132_00_00_01_02
Sediment - Hydrocarbons,2869,132_00_00_01_02
Sediment - Hydrocarbons,2880,132_00_00_01_02
Sediment - Hydrocarbons,3222,132_00_00_01_02
Sediment - Hydrocarbons,4204,132_00_00_01_02
Sediment - Hydrocarbons,4208,132_00_00_01_02
Sediment - Hydrocarbons,674,132_00_00_01_02
Sediment - Hydrocarbons,693,132_00_00_01_02
Sediment - Hydrocarbons,3222,144_00_00_01_02
Sediment - Hydrocarbons,4204,144_00_00_01_02
Sediment - Hydrocarbons,674,144_00_00_01_02
Sediment - Hydrocarbons,200,3756_00_00_01_02
Sediment - Hydrocarbons,4208,3756_00_00_01_02
Sediment - Hydrocarbons,693,3756_00_00_01_02
Sediment - Hydrocarbons,200,147_00_00_01_02
Sediment - Hydrocarbons,2045,147_00_00_01_02
Sediment - Hydrocarbons,2065,147_00_00_01_02
Sediment - Hydrocarbons,2782,147_00_00_01_02
Sediment - Hydrocarbons,2869,147_00_00_01_02
Sediment - Hydrocarbons,3222,147_00_00_01_02
Sediment - Hydrocarbons,4204,147_00_00_01_02
Sediment - Hydrocarbons,674,147_00_00_01_02
Sediment - Hydrocarbons,4208,3638_00_00_01_02
Sediment - Hydrocarbons,693,4832_00_00_01_02
Sediment - Hydrocarbons,693,4833_00_00_01_02
Sediment - Hydrocarbons,693,4834_00_00_01_02
Sediment - Hydrocarbons,693,4835_00_00_01_02
Sediment - Hydrocarbons,693,4836_00_00_01_02
Sediment - Hydrocarbons,464,4024_00_00_01_02
Sediment - Hydrocarbons,464,4307_00_00_01_02
Sediment - Hydrocarbons,195,1077_00_00_01_02
Sediment - Hydrocarbons,3222,1077_00_00_01_02
Sediment - Hydrocarbons,4208,1077_00_00_01_02
Sediment - Hydrocarbons,674,1077_00_00_01_02
Sediment - Hydrocarbons,4208,3024_00_00_01_02
Sediment - Hydrocarbons,202,3640_00_00_01_02
Sediment - Hydrocarbons,693,3640_00_00_01_02
Sediment - Hydrocarbons,202,4050_00_00_01_02
Sediment - Hydrocarbons,693,4050_00_00_01_02
Sediment - Hydrocarbons,1194,1295_00_00_01_02
Sediment - Hydrocarbons,464,1295_00_00_01_02
Sediment - Hydrocarbons,1194,1292_00_00_01_02
Sediment - Hydrocarbons,4231,1295_00_01_01_44
Sediment - Hydrocarbons,1194,1435_00_00_01_02
Sediment - Hydrocarbons,1194,10238_00_00_01_02
Sediment - Hydrocarbons,4231,3938_00_01_01_44
Sediment - Hydrocarbons,1194,1436_00_00_01_02
Sediment - Hydrocarbons,4231,1436_00_01_01_44
Sediment - Hydrocarbons,1194,1440_00_00_01_02
Sediment - Hydrocarbons,4231,1440_00_01_01_44
Sediment - Hydrocarbons,2303,300_00_00_01_02
Sediment - Hydrocarbons,4230,300_00_01_01_44
Sediment - Hydrocarbons,2083,331_00_00_01_02
Sediment - Hydrocarbons,2340,331_00_00_01_02
Sediment - Hydrocarbons,2662,331_00_00_01_02
Sediment - Hydrocarbons,713,3810_00_00_01_02
Sediment - Hydrocarbons,3700,3810_00_01_01_44
Sediment - Hydrocarbons,713,3776_00_00_01_02
Sediment - Hydrocarbons,3700,3776_00_01_01_44
Sediment - Hydrocarbons,713,3811_00_00_01_02
Sediment - Hydrocarbons,713,3814_00_00_01_02
Sediment - Hydrocarbons,3700,3814_00_01_01_44
Sediment - Hydrocarbons,713,3777_00_00_01_02
Sediment - Hydrocarbons,713,3813_00_00_01_02
Sediment - Hydrocarbons,713,3812_00_00_01_02
Sediment - Hydrocarbons,713,3818_00_00_01_02
Sediment - Hydrocarbons,713,3825_00_00_01_02
Sediment - Hydrocarbons,713,3821_00_00_01_02
Sediment - Hydrocarbons,713,3817_00_00_01_02
Sediment - Hydrocarbons,713,3823_00_00_01_02
Sediment - Hydrocarbons,713,3822_00_00_01_02
Sediment - Hydrocarbons,713,3816_00_00_01_02
Sediment - Hydrocarbons,713,3824_00_00_01_02
Sediment - Hydrocarbons,713,3815_00_00_01_02
Sediment - Hydrocarbons,713,3819_00_00_01_02
Sediment - Hydrocarbons,713,3820_00_00_01_02
Sediment - Hydrocarbons,713,3829_00_00_01_02
Sediment - Hydrocarbons,3700,3829_00_01_01_44
Sediment - Hydrocarbons,713,3826_00_00_01_02
Sediment - Hydrocarbons,3700,3826_00_01_01_44
Sediment - Hydrocarbons,713,3828_00_00_01_02
Sediment - Hydrocarbons,3700,3828_00_01_01_44
Sediment - Hydrocarbons,713,3827_00_00_01_02
Sediment - Hydrocarbons,3700,3827_00_01_01_44
Sediment - Hydrocarbons,713,3838_00_00_01_02
Sediment - Hydrocarbons,713,3833_00_00_01_02
Sediment - Hydrocarbons,713,3836_00_00_01_02
Sediment - Hydrocarbons,713,3831_00_00_01_02
Sediment - Hydrocarbons,713,3835_00_00_01_02
Sediment - Hydrocarbons,713,3830_00_00_01_02
Sediment - Hydrocarbons,3227,3779_00_00_01_02
Sediment - Hydrocarbons,713,3779_00_00_01_02
Sediment - Hydrocarbons,3700,3779_00_01_01_44
Sediment - Hydrocarbons,713,3846_00_00_01_02
Sediment - Hydrocarbons,713,3842_00_00_01_02
Sediment - Hydrocarbons,3700,3842_00_01_01_44
Sediment - Hydrocarbons,713,3843_00_00_01_02
Sediment - Hydrocarbons,3700,3843_00_01_01_44
Sediment - Hydrocarbons,713,3837_00_00_01_02
Sediment - Hydrocarbons,3227,3847_00_00_01_02
Sediment - Hydrocarbons,713,3847_00_00_01_02
Sediment - Hydrocarbons,713,3845_00_00_01_02
Sediment - Hydrocarbons,713,3839_00_00_01_02
Sediment - Hydrocarbons,713,3844_00_00_01_02
Sediment - Hydrocarbons,3700,3844_00_01_01_44
Sediment - Hydrocarbons,713,3841_00_00_01_02
Sediment - Hydrocarbons,713,3834_00_00_01_02
Sediment - Hydrocarbons,713,3840_00_00_01_02
Sediment - Hydrocarbons,3700,3840_00_01_01_44
Sediment - Hydrocarbons,713,3832_00_00_01_02
Sediment - Hydrocarbons,713,3850_00_00_01_02
Sediment - Hydrocarbons,3700,3850_00_01_01_44
Sediment - Hydrocarbons,713,3849_00_00_01_02
Sediment - Hydrocarbons,3700,3849_00_01_01_44
Sediment - Hydrocarbons,713,3848_00_00_01_02
Sediment - Hydrocarbons,713,3780_00_00_01_02
Sediment - Hydrocarbons,3700,3780_00_01_01_44
Sediment - Hydrocarbons,713,3869_00_00_01_02
Sediment - Hydrocarbons,713,3866_00_00_01_02
Sediment - Hydrocarbons,713,3867_00_00_01_02
Sediment - Hydrocarbons,713,3868_00_00_01_02
Sediment - Hydrocarbons,713,3863_00_00_01_02
Sediment - Hydrocarbons,713,3864_00_00_01_02
Sediment - Hydrocarbons,713,3859_00_00_01_02
Sediment - Hydrocarbons,3700,3859_00_01_01_44
Sediment - Hydrocarbons,713,3857_00_00_01_02
Sediment - Hydrocarbons,713,3862_00_00_01_02
Sediment - Hydrocarbons,713,3865_00_00_01_02
Sediment - Hydrocarbons,713,3856_00_00_01_02
Sediment - Hydrocarbons,713,3870_00_00_01_02
Sediment - Hydrocarbons,3700,3870_00_01_01_44
Sediment - Hydrocarbons,713,3871_00_00_01_02
Sediment - Hydrocarbons,713,3858_00_00_01_02
Sediment - Hydrocarbons,713,3854_00_00_01_02
Sediment - Hydrocarbons,713,3855_00_00_01_02
Sediment - Hydrocarbons,713,3852_00_00_01_02
Sediment - Hydrocarbons,3700,3852_00_01_01_44
Sediment - Hydrocarbons,713,3853_00_00_01_02
Sediment - Hydrocarbons,713,3851_00_00_01_02
Sediment - Hydrocarbons,3700,3851_00_01_01_44
Sediment - Hydrocarbons,713,3888_00_00_01_02
Sediment - Hydrocarbons,713,3882_00_00_01_02
Sediment - Hydrocarbons,3700,3882_00_01_01_44
Sediment - Hydrocarbons,713,3879_00_00_01_02
Sediment - Hydrocarbons,3700,3879_00_01_01_44
Sediment - Hydrocarbons,713,3887_00_00_01_02
Sediment - Hydrocarbons,713,3880_00_00_01_02
Sediment - Hydrocarbons,713,3881_00_00_01_02
Sediment - Hydrocarbons,713,3877_00_00_01_02
Sediment - Hydrocarbons,713,3874_00_00_01_02
Sediment - Hydrocarbons,3700,3874_00_01_01_44
Sediment - Hydrocarbons,713,3878_00_00_01_02
Sediment - Hydrocarbons,713,3875_00_00_01_02
Sediment - Hydrocarbons,3700,3875_00_01_01_44
Sediment - Hydrocarbons,713,3873_00_00_01_02
Sediment - Hydrocarbons,3700,3873_00_01_01_44
Sediment - Hydrocarbons,713,3876_00_00_01_02
Sediment - Hydrocarbons,713,3872_00_00_01_02
Sediment - Hydrocarbons,3700,3872_00_01_01_44
Sediment - Hydrocarbons,713,3885_00_00_01_02
Sediment - Hydrocarbons,713,3781_00_00_01_02
Sediment - Hydrocarbons,3700,3781_00_01_01_44
Sediment - Hydrocarbons,713,3884_00_00_01_02
Sediment - Hydrocarbons,3700,3884_00_01_01_44
Sediment - Hydrocarbons,713,3889_00_00_01_02
Sediment - Hydrocarbons,3700,3889_00_01_01_44
Sediment - Hydrocarbons,713,3886_00_00_01_02
Sediment - Hydrocarbons,713,3883_00_00_01_02
Sediment - Hydrocarbons,3700,3883_00_01_01_44
Sediment - Hydrocarbons,713,3895_00_00_01_02
Sediment - Hydrocarbons,713,3897_00_00_01_02
Sediment - Hydrocarbons,713,3894_00_00_01_02
Sediment - Hydrocarbons,713,3892_00_00_01_02
Sediment - Hydrocarbons,713,3893_00_00_01_02
Sediment - Hydrocarbons,713,3890_00_00_01_02
Sediment - Hydrocarbons,3700,3890_00_01_01_44
Sediment - Hydrocarbons,713,3891_00_00_01_02
Sediment - Hydrocarbons,3700,3891_00_01_01_44
Sediment - Hydrocarbons,713,3782_00_00_01_02
Sediment - Hydrocarbons,3700,3782_00_01_01_44
Sediment - Hydrocarbons,713,3896_00_00_01_02
Sediment - Hydrocarbons,713,3900_00_00_01_02
Sediment - Hydrocarbons,713,3898_00_00_01_02
Sediment - Hydrocarbons,713,3899_00_00_01_02
Sediment - Hydrocarbons,713,3901_00_00_01_02
Sediment - Hydrocarbons,464,3574_00_00_01_02
Sediment - Hydrocarbons,3222,915_00_00_01_02
Sediment - Hydrocarbons,4204,915_00_00_01_02
Sediment - Hydrocarbons,674,915_00_00_01_02
Sediment - Hydrocarbons,2083,228_00_00_01_02
Sediment - Hydrocarbons,2662,228_00_00_01_02
Sediment - Hydrocarbons,3222,4441_00_00_01_02
Sediment - Hydrocarbons,4204,4441_00_00_01_02
Sediment - Hydrocarbons,674,4441_00_00_01_02
Sediment - Hydrocarbons,464,3575_00_00_01_02
Sediment - Hydrocarbons,3701,4588_00_00_01_02
Sediment - Hydrocarbons,4228,4588_00_01_01_44
Sediment - Hydrocarbons,3221,3728_00_00_01_02
Sediment - Hydrocarbons,3492,4277_00_00_01_02
Sediment - Hydrocarbons,308,1104_00_00_01_02
Sediment - Hydrocarbons,4203,1104_00_00_01_02
Sediment - Hydrocarbons,674,1104_00_00_01_02
Sediment - Hydrocarbons,713d1,1104_00_00_01_02
Sediment - Hydrocarbons,713d2,1104_00_00_01_02
Sediment - Hydrocarbons,3700d1,1104_00_01_01_44
Sediment - Hydrocarbons,3700d2,1104_00_01_01_44
Sediment - Hydrocarbons,4230,296_00_01_01_44
Sediment - Hydrocarbons,2303,297_00_00_01_02
Sediment - Hydrocarbons,4230,297_00_01_01_44
Sediment - Hydrocarbons,4230,4916_00_01_01_44
Sediment - Hydrocarbons,4230,4918_00_01_01_44
Sediment - Hydrocarbons,4230,4921_00_01_01_44
Sediment - Hydrocarbons,4204,10023_00_00_01_02
Sediment - Hydrocarbons,3222,1466_00_00_01_02
Sediment - Hydrocarbons,195,4078_00_00_01_02
Sediment - Hydrocarbons,3222,4078_00_00_01_02
Sediment - Hydrocarbons,4204,10032_00_00_01_02
Sediment - Hydrocarbons,3222,1475_00_00_01_02
Sediment - Hydrocarbons,674,1475_00_00_01_02
Sediment - Hydrocarbons,674,1986_00_00_01_02
Sediment - Hydrocarbons,3222,4443_00_00_01_02
Sediment - Hydrocarbons,4204,4443_00_00_01_02
Sediment - Hydrocarbons,674,4443_00_00_01_02
Sediment - Hydrocarbons,3222,4444_00_00_01_02
Sediment - Hydrocarbons,4204,4444_00_00_01_02
Sediment - Hydrocarbons,674,4444_00_00_01_02
Sediment - Hydrocarbons,3222,4442_00_00_01_02
Sediment - Hydrocarbons,4204,4442_00_00_01_02
Sediment - Hydrocarbons,200,212_00_00_01_02
Sediment - Hydrocarbons,2303,212_00_00_01_02
Sediment - Hydrocarbons,2782,212_00_00_01_02
Sediment - Hydrocarbons,2869,212_00_00_01_02
Sediment - Hydrocarbons,2880,212_00_00_01_02
Sediment - Hydrocarbons,3222,212_00_00_01_02
Sediment - Hydrocarbons,4204,212_00_00_01_02
Sediment - Hydrocarbons,4208,212_00_00_01_02
Sediment - Hydrocarbons,693,212_00_00_01_02
Sediment - Hydrocarbons,2149,212_00_01_01_44
Sediment - Hydrocarbons,3222,3072_00_00_01_02
Sediment - Hydrocarbons,4204,3072_00_00_01_02
Sediment - Hydrocarbons,674,3072_00_00_01_02
Sediment - Hydrocarbons,3222,3073_00_00_01_02
Sediment - Hydrocarbons,4204,3073_00_00_01_02
Sediment - Hydrocarbons,674,3073_00_00_01_02
Sediment - Hydrocarbons,3222,3074_00_00_01_02
Sediment - Hydrocarbons,4204,3074_00_00_01_02
Sediment - Hydrocarbons,195,2626_00_00_01_02
Sediment - Hydrocarbons,3222,2626_00_00_01_02
Sediment - Hydrocarbons,4208,2626_00_00_01_02
Sediment - Hydrocarbons,202,4400_00_00_01_02
Sediment - Hydrocarbons,4208,4400_00_00_01_02
Sediment - Hydrocarbons,693,4400_00_00_01_02
Sediment - Hydrocarbons,202,4053_00_00_01_02
Sediment - Hydrocarbons,4208,4053_00_00_01_02
Sediment - Hydrocarbons,693,4053_00_00_01_02
Sediment - Hydrocarbons,202,4054_00_00_01_02
Sediment - Hydrocarbons,4208,4054_00_00_01_02
Sediment - Hydrocarbons,693,4054_00_00_01_02
Sediment - Hydrocarbons,4208,4542_00_00_01_02
Sediment - Hydrocarbons,4230,4912_00_01_01_44
Sediment - Hydrocarbons,2149,329_00_00_01_02
Sediment - Hydrocarbons,2869,329_00_00_01_02
Sediment - Hydrocarbons,2880,329_00_00_01_02
Sediment - Hydrocarbons,4230,293_00_01_01_44
Sediment - Hydrocarbons,2303,295_00_00_01_02
Sediment - Hydrocarbons,4230,295_00_01_01_44
Sediment - Hydrocarbons,4208,3765_00_00_01_02
Sediment - Hydrocarbons,2303,108_00_00_01_02
Sediment - Hydrocarbons,4230,108_00_01_01_44
Sediment - Hydrocarbons,4230,298_00_01_01_44
Sediment - Hydrocarbons,4229,1856_00_01_01_44
Sediment - Hydrocarbons,200,146_00_00_01_02
Sediment - Hydrocarbons,2045,146_00_00_01_02
Sediment - Hydrocarbons,2065,146_00_00_01_02
Sediment - Hydrocarbons,2782,146_00_00_01_02
Sediment - Hydrocarbons,152,642_00_00_01_02
Sediment - Hydrocarbons,2869,146_00_00_01_02
Sediment - Hydrocarbons,2880,146_00_00_01_02
Sediment - Hydrocarbons,3222,146_00_00_01_02
Sediment - Hydrocarbons,4204,146_00_00_01_02
Sediment - Hydrocarbons,4208,146_00_00_01_02
Sediment - Hydrocarbons,674,146_00_00_01_02
Sediment - Hydrocarbons,693,146_00_00_01_02
Sediment - Hydrocarbons,918,146_00_00_01_02
Sediment - Hydrocarbons,202,4401_00_00_01_02
Sediment - Hydrocarbons,4208,4401_00_00_01_02
Sediment - Hydrocarbons,693,4401_00_00_01_02
Sediment - Hydrocarbons,202,4405_00_00_01_02
Sediment - Hydrocarbons,4208,4405_00_00_01_02
Sediment - Hydrocarbons,693,4405_00_00_01_02
Sediment - Hydrocarbons,202,4408_00_00_01_02
Sediment - Hydrocarbons,4208,4408_00_00_01_02
Sediment - Hydrocarbons,693,4408_00_00_01_02
Sediment - Hydrocarbons,202,4410_00_00_01_02
Sediment - Hydrocarbons,4208,4410_00_00_01_02
Sediment - Hydrocarbons,693,4410_00_00_01_02
Sediment - Hydrocarbons,202,4528_00_00_01_02
Sediment - Hydrocarbons,693,4838_00_00_01_02
Sediment - Hydrocarbons,1007,303_00_00_01_02
Sediment - Hydrocarbons,200,303_00_00_01_02
Sediment - Hydrocarbons,2065,303_00_00_01_02
Sediment - Hydrocarbons,2303,303_00_00_01_02
Sediment - Hydrocarbons,2782,303_00_00_01_02
Sediment - Hydrocarbons,2869,303_00_00_01_02
Sediment - Hydrocarbons,2880,303_00_00_01_02
Sediment - Hydrocarbons,3222,303_00_00_01_02
Sediment - Hydrocarbons,4204,303_00_00_01_02
Sediment - Hydrocarbons,4208,303_00_00_01_02
Sediment - Hydrocarbons,674,303_00_00_01_02
Sediment - Hydrocarbons,693,303_00_00_01_02
Sediment - Hydrocarbons,2149,303_00_01_01_44
Sediment - Hydrocarbons,4208,4402_00_00_01_02
Sediment - Hydrocarbons,4208,4051_00_00_01_02
Sediment - Hydrocarbons,4208,4052_00_00_01_02
Sediment - Hydrocarbons,3221,1403_00_00_01_02
Sediment - Hydrocarbons,3221,1404_00_00_01_02
Sediment - Hydrocarbons,308,5313_00_00_01_02
Sediment - Hydrocarbons,4203,5313_00_00_01_02
Sediment - Hydrocarbons,674,5313_00_00_01_02
Sediment - Hydrocarbons,713,5313_00_00_01_02
Sediment - Hydrocarbons,3700,5313_00_01_01_44
Sediment - Hydrocarbons,3701,1644_00_00_01_02
Sediment - Hydrocarbons,723,1644_00_00_01_02
Sediment - Hydrocarbons,4228,1644_00_01_01_44
Sediment - Hydrocarbons,4228,3729_00_01_01_44
Sediment - Hydrocarbons,3221,1405_00_00_01_02
Sediment - Hydrocarbons,2149,91_00_00_01_02
Sediment - Hydrocarbons,2339,91_00_00_01_02
Sediment - Hydrocarbons,2869,91_00_00_01_02
Sediment - Hydrocarbons,2880,91_00_00_01_02
Sediment - Hydrocarbons,3223,91_00_00_01_02
Sediment - Hydrocarbons,3225,91_00_00_01_02
Sediment - Hydrocarbons,4205,91_00_00_01_02
Sediment - Hydrocarbons,4235,91_00_00_01_02
Sediment - Hydrocarbons,674,91_00_00_01_02
Sediment - Hydrocarbons,675,91_00_00_01_02
Sediment - Hydrocarbons,715,91_00_00_01_02
Sediment - Hydrocarbons,2149,91_00_01_01_44
Sediment - Hydrocarbons,3700,91_00_01_01_44
Sediment - Hydrocarbons,308,5312_00_00_01_02
Sediment - Hydrocarbons,4203,5312_00_00_01_02
Sediment - Hydrocarbons,674,5312_00_00_01_02
Sediment - Hydrocarbons,713,5312_00_00_01_02
Sediment - Hydrocarbons,3700,5312_00_01_01_44
Sediment - Hydrocarbons,2147,306_00_00_01_02
Sediment - Hydrocarbons,2869,306_00_00_01_02
Sediment - Hydrocarbons,2880,306_00_00_01_02
Sediment - Hydrocarbons,3223,306_00_00_01_02
Sediment - Hydrocarbons,4205,306_00_00_01_02
Sediment - Hydrocarbons,674,306_00_00_01_02
Sediment - Hydrocarbons,2149,306_00_01_01_44
Sediment - Hydrocarbons,3700,306_00_01_01_44
Sediment - Hydrocarbons,2302,282_00_00_01_02
Sediment - Hydrocarbons,2880,282_00_00_01_02
Sediment - Hydrocarbons,3223,282_00_00_01_02
Sediment - Hydrocarbons,4205,282_00_00_01_02
Sediment - Hydrocarbons,674,282_00_00_01_02
Sediment - Hydrocarbons,195,327_00_00_01_02
Sediment - Hydrocarbons,2065,327_00_00_01_02
Sediment - Hydrocarbons,2869,327_00_00_01_02
Sediment - Hydrocarbons,3222,327_00_00_01_02
Sediment - Hydrocarbons,674,327_00_00_01_02
Sediment - Hydrocarbons,918,327_00_00_01_02
Sediment - Hydrocarbons,200,140_00_00_01_02
Sediment - Hydrocarbons,2065,140_00_00_01_02
Sediment - Hydrocarbons,2303,140_00_00_01_02
Sediment - Hydrocarbons,2782,140_00_00_01_02
Sediment - Hydrocarbons,2869,140_00_00_01_02
Sediment - Hydrocarbons,2880,140_00_00_01_02
Sediment - Hydrocarbons,3222,140_00_00_01_02
Sediment - Hydrocarbons,4204,140_00_00_01_02
Sediment - Hydrocarbons,4208,140_00_00_01_02
Sediment - Hydrocarbons,674,140_00_00_01_02
Sediment - Hydrocarbons,693,140_00_00_01_02
Sediment - Hydrocarbons,2149,215_00_00_01_02
Sediment - Hydrocarbons,2869,215_00_00_01_02
Sediment - Hydrocarbons,2880,215_00_00_01_02
Sediment - Hydrocarbons,4231,1283_00_01_01_44
Sediment - Hydrocarbons,716,1877_00_00_01_02
Sediment - Hydrocarbons,716,1878_00_00_01_02
Sediment - Hydrocarbons,716,1879_00_00_01_02
Sediment - Hydrocarbons,200,312_00_00_01_02
Sediment - Hydrocarbons,2303,312_00_00_01_02
Sediment - Hydrocarbons,2782,312_00_00_01_02
Sediment - Hydrocarbons,2869,312_00_00_01_02
Sediment - Hydrocarbons,2880,312_00_00_01_02
Sediment - Hydrocarbons,3222,312_00_00_01_02
Sediment - Hydrocarbons,4204,312_00_00_01_02
Sediment - Hydrocarbons,4208,312_00_00_01_02
Sediment - Hydrocarbons,674,312_00_00_01_02
Sediment - Hydrocarbons,693,312_00_00_01_02
Sediment - Hydrocarbons,2149,312_00_01_01_44
Sediment - Hydrocarbons,202,1429_00_00_01_02
Sediment - Hydrocarbons,4208,1429_00_00_01_02
Sediment - Hydrocarbons,693,1429_00_00_01_02
Sediment - Hydrocarbons,202,4048_00_00_01_02
Sediment - Hydrocarbons,4208,4048_00_00_01_02
Sediment - Hydrocarbons,693,4048_00_00_01_02
Sediment - Hydrocarbons,202,4049_00_00_01_02
Sediment - Hydrocarbons,4208,4049_00_00_01_02
Sediment - Hydrocarbons,693,4049_00_00_01_02
Sediment - Hydrocarbons,202,1430_00_00_01_02
Sediment - Hydrocarbons,4208,1430_00_00_01_02
Sediment - Hydrocarbons,693,1430_00_00_01_02
Sediment - Hydrocarbons,202,4526_00_00_01_02
Sediment - Hydrocarbons,693,4526_00_00_01_02
Sediment - Hydrocarbons,308,5315_00_00_01_02
Sediment - Hydrocarbons,4203,5315_00_00_01_02
Sediment - Hydrocarbons,674,5315_00_00_01_02
Sediment - Hydrocarbons,713,5315_00_00_01_02
Sediment - Hydrocarbons,3700,5315_00_01_01_44
Sediment - Hydrocarbons,3221,1406_00_00_01_02
Sediment - Hydrocarbons,4228,4536_00_01_01_44
Sediment - Hydrocarbons,308,5314_00_00_01_02
Sediment - Hydrocarbons,4203,5314_00_00_01_02
Sediment - Hydrocarbons,674,5314_00_00_01_02
Sediment - Hydrocarbons,713,5314_00_00_01_02
Sediment - Hydrocarbons,3700,5314_00_01_01_44
Sediment - Hydrocarbons,713,3645_00_00_01_02
Sediment - Hydrocarbons,3700,3645_00_01_01_44
Sediment - Hydrocarbons,3700,1760_00_01_01_44
Sediment - Hydrocarbons,3700,1759_00_01_01_44
Sediment - Hydrocarbons,3700,1755_00_01_01_44
Sediment - Hydrocarbons,3700,1751_00_01_01_44
Sediment - Hydrocarbons,3700,1764_00_01_01_44
Sediment - Hydrocarbons,3700,1752_00_01_01_44
Sediment - Hydrocarbons,3700,1758_00_01_01_44
Sediment - Hydrocarbons,3700,1754_00_01_01_44
Sediment - Hydrocarbons,3700,1765_00_01_01_44
Sediment - Hydrocarbons,3700,1763_00_01_01_44
Sediment - Hydrocarbons,3700,1761_00_01_01_44
Sediment - Hydrocarbons,3700,1762_00_01_01_44
Sediment - Hydrocarbons,3700,3661_00_01_01_44
Sediment - Hydrocarbons,3700,1766_00_01_01_44
Sediment - Hydrocarbons,3700,1767_00_01_01_44
Sediment - Hydrocarbons,3700,1770_00_01_01_44
Sediment - Hydrocarbons,3700,1769_00_01_01_44
Sediment - Hydrocarbons,3700,1768_00_01_01_44
Sediment - Hydrocarbons,713,3662_00_00_01_02
Sediment - Hydrocarbons,3700,1771_00_01_01_44
Sediment - Hydrocarbons,713,5085_00_00_01_02
Sediment - Hydrocarbons,3700,5085_00_01_01_44
Sediment - Hydrocarbons,3700,5086_00_01_01_44
Sediment - Hydrocarbons,3700,1736_00_01_01_44
Sediment - Hydrocarbons,3700,1735_00_01_01_44
Sediment - Hydrocarbons,3700,1744_00_01_01_44
Sediment - Hydrocarbons,3700,1743_00_01_01_44
Sediment - Hydrocarbons,3700,1741_00_01_01_44
Sediment - Hydrocarbons,3700,1740_00_01_01_44
Sediment - Hydrocarbons,713,3659_00_00_01_02
Sediment - Hydrocarbons,3700,1737_00_01_01_44
Sediment - Hydrocarbons,3700,1739_00_01_01_44
Sediment - Hydrocarbons,3700,1742_00_01_01_44
Sediment - Hydrocarbons,3700,1746_00_01_01_44
Sediment - Hydrocarbons,3700,1738_00_01_01_44
Sediment - Hydrocarbons,3700,1745_00_01_01_44
Sediment - Hydrocarbons,3700,1753_00_01_01_44
Sediment - Hydrocarbons,3700,1757_00_01_01_44
Sediment - Hydrocarbons,3700,1756_00_01_01_44
Sediment - Hydrocarbons,3700,1749_00_01_01_44
Sediment - Hydrocarbons,3700,1750_00_01_01_44
Sediment - Hydrocarbons,3700,1748_00_01_01_44
Sediment - Hydrocarbons,3700,1747_00_01_01_44
Sediment - Hydrocarbons,2149,2876_00_00_01_02
Sediment - Hydrocarbons,2880,2876_00_00_01_02
Sediment - Hydrocarbons,713,3860_00_00_01_02
Sediment - Hydrocarbons,713,3861_00_00_01_02
Sediment - Hydrocarbons,2083,65_00_00_01_02
Sediment - Hydrocarbons,2662,65_00_00_01_02
Sediment - Hydrocarbons,4228,1645_00_01_01_44
Sediment - Hydrocarbons,3701,1646_00_00_01_02
Sediment - Hydrocarbons,723,1646_00_00_01_02
Sediment - Hydrocarbons,4228,1646_00_01_01_44
Sediment - Hydrocarbons,723,1647_00_00_01_02
Sediment - Hydrocarbons,4228,1647_00_01_01_44
Sediment - Hydrocarbons,223,4045_00_00_01_02
Sediment - Hydrocarbons,2869,4045_00_00_01_02
Sediment - Hydrocarbons,674,4045_00_00_01_02
Sediment - Hydrocarbons,2149,237_00_00_01_02
Sediment - Hydrocarbons,223,237_00_00_01_02
Sediment - Hydrocarbons,2869,237_00_00_01_02
Sediment - Hydrocarbons,2880,237_00_00_01_02
Sediment - Hydrocarbons,674,237_00_00_01_02
Sediment - Hydrocarbons,308,5311_00_00_01_02
Sediment - Hydrocarbons,4203,5311_00_00_01_02
Sediment - Hydrocarbons,674,5311_00_00_01_02
Sediment - Hydrocarbons,713,5311_00_00_01_02
Sediment - Hydrocarbons,3700,5311_00_01_01_44
Sediment - Hydrocarbons,2055,307_00_00_01_02
Sediment - Hydrocarbons,2083,307_00_00_01_02
Sediment - Hydrocarbons,2662,307_00_00_01_02
Sediment - Hydrocarbons,716,2134_00_00_01_02
Sediment - Hydrocarbons,4320,1882_00_00_01_02
Sediment - Hydrocarbons,716,1883_00_00_01_02
Sediment - Hydrocarbons,716,2141_00_00_01_02
Sediment - Hydrocarbons,716,2137_00_00_01_02
Sediment - Hydrocarbons,716,2136_00_00_01_02
Sediment - Hydrocarbons,716,2135_00_00_01_02
Sediment - Hydrocarbons,4320,1884_00_00_01_02
Sediment - Hydrocarbons,716,1884_00_00_01_02
Sediment - Hydrocarbons,4320,1885_00_00_01_02
Sediment - Hydrocarbons,716,1885_00_00_01_02
Sediment - Hydrocarbons,716,1886_00_00_01_02
Sediment - Hydrocarbons,4320,1887_00_00_01_02
Sediment - Hydrocarbons,716,1887_00_00_01_02
Sediment - Hydrocarbons,4320,1888_00_00_01_02
Sediment - Hydrocarbons,716,1888_00_00_01_02
Sediment - Hydrocarbons,4320,1889_00_00_01_02
Sediment - Hydrocarbons,716,1889_00_00_01_02
Sediment - Hydrocarbons,4320,1890_00_00_01_02
Sediment - Hydrocarbons,716,1890_00_00_01_02
Sediment - Hydrocarbons,4320,1891_00_00_01_02
Sediment - Hydrocarbons,716,1891_00_00_01_02
Sediment - Hydrocarbons,716,1892_00_00_01_02
Sediment - Hydrocarbons,716,1893_00_00_01_02
Sediment - Hydrocarbons,4320,1894_00_00_01_02
Sediment - Hydrocarbons,4320,1895_00_00_01_02
Sediment - Hydrocarbons,716,1895_00_00_01_02
Sediment - Hydrocarbons,4320,1881_00_00_01_02
Sediment - Hydrocarbons,716,2056_00_00_01_02
Sediment - Hydrocarbons,716,2057_00_00_01_02
Sediment - Hydrocarbons,716,2054_00_00_01_02
Sediment - Hydrocarbons,4320,1896_00_00_01_02
Sediment - Hydrocarbons,716,1896_00_00_01_02
Sediment - Hydrocarbons,716,2055_00_00_01_02
Sediment - Hydrocarbons,4320,1897_00_00_01_02
Sediment - Hydrocarbons,716,1897_00_00_01_02
Sediment - Hydrocarbons,716,2053_00_00_01_02
Sediment - Hydrocarbons,716,4762_00_00_01_02
Sediment - Hydrocarbons,200,141_00_00_01_02
Sediment - Hydrocarbons,2869,141_00_00_01_02
Sediment - Hydrocarbons,3222,141_00_00_01_02
Sediment - Hydrocarbons,4204,141_00_00_01_02
Sediment - Hydrocarbons,4208,141_00_00_01_02
Sediment - Hydrocarbons,674,141_00_00_01_02
Sediment - Hydrocarbons,693,141_00_00_01_02
Sediment - Hydrocarbons,200,299_00_00_01_02
Sediment - Hydrocarbons,2065,299_00_00_01_02
Sediment - Hydrocarbons,2303,299_00_00_01_02
Sediment - Hydrocarbons,2782,299_00_00_01_02
Sediment - Hydrocarbons,2869,299_00_00_01_02
Sediment - Hydrocarbons,2880,299_00_00_01_02
Sediment - Hydrocarbons,3222,299_00_00_01_02
Sediment - Hydrocarbons,4204,299_00_00_01_02
Sediment - Hydrocarbons,4208,299_00_00_01_02
Sediment - Hydrocarbons,674,299_00_00_01_02
Sediment - Hydrocarbons,693,299_00_00_01_02
Sediment - Hydrocarbons,918,299_00_00_01_02
Sediment - Hydrocarbons,202,10054_00_00_01_02
Sediment - Hydrocarbons,4208,1431_00_00_01_02
Sediment - Hydrocarbons,693,1431_00_00_01_02
Sediment - Hydrocarbons,202,4055_00_00_01_02
Sediment - Hydrocarbons,4208,4055_00_00_01_02
Sediment - Hydrocarbons,693,4055_00_00_01_02
Sediment - Hydrocarbons,202,10049_00_00_01_02
Sediment - Hydrocarbons,4208,1432_00_00_01_02
Sediment - Hydrocarbons,693,1432_00_00_01_02
Sediment - Hydrocarbons,202,10047_00_00_01_02
Sediment - Hydrocarbons,4208,1433_00_00_01_02
Sediment - Hydrocarbons,693,1433_00_00_01_02
Sediment - Hydrocarbons,202,4527_00_00_01_02
Sediment - Hydrocarbons,693,4840_00_00_01_02
Sediment - Hydrocarbons,2055,75_00_00_01_02
Sediment - Hydrocarbons,2045,90_00_00_01_02
Sediment - Hydrocarbons,2083,330_00_00_01_02
Sediment - Hydrocarbons,2662,330_00_00_01_02
Sediment - Hydrocarbons,1007,1272_00_00_01_02
Sediment - Hydrocarbons,200,1272_00_00_01_02
Sediment - Hydrocarbons,2045,1272_00_00_01_02
Sediment - Hydrocarbons,2065,1272_00_00_01_02
Sediment - Hydrocarbons,2782,1272_00_00_01_02
Sediment - Hydrocarbons,2869,1272_00_00_01_02
Sediment - Hydrocarbons,2880,1272_00_00_01_02
Sediment - Hydrocarbons,3222,1272_00_00_01_02
Sediment - Hydrocarbons,4204,1272_00_00_01_02
Sediment - Hydrocarbons,4208,1272_00_00_01_02
Sediment - Hydrocarbons,674,1272_00_00_01_02
Sediment - Hydrocarbons,693,1272_00_00_01_02
Sediment - Hydrocarbons,918,313_00_00_01_02
Sediment - Hydrocarbons,3222,3364_00_00_01_02
Sediment - Hydrocarbons,723,1648_00_00_01_02
Sediment - Hydrocarbons,4228,1648_00_01_01_44
Sediment - Hydrocarbons,308,5310_00_00_01_02
Sediment - Hydrocarbons,4203,5310_00_00_01_02
Sediment - Hydrocarbons,674,5310_00_00_01_02
Sediment - Hydrocarbons,713,5310_00_00_01_02
Sediment - Hydrocarbons,3700,5310_00_01_01_44
Sediment - Hydrocarbons,2065,92_00_00_01_02
Sediment - Hydrocarbons,2869,92_00_00_01_02
Sediment - Hydrocarbons,918,92_00_00_01_02
Sediment - Hydrocarbons,2149,1041_00_00_01_02
Sediment - Hydrocarbons,2339,1041_00_00_01_02
Sediment - Hydrocarbons,2778,1041_00_00_01_02
Sediment - Hydrocarbons,2869,1041_00_00_01_02
Sediment - Hydrocarbons,308,1041_00_00_01_02
Sediment - Hydrocarbons,4203,1041_00_00_01_02
Sediment - Hydrocarbons,674,1041_00_00_01_02
Sediment - Hydrocarbons,713,1041_00_00_01_02
Sediment - Hydrocarbons,3700,1041_00_01_01_44
Sediment - Hydrocarbons,713,4546_00_00_01_02
Sediment - Hydrocarbons,3700,4546_00_01_01_44
Sediment - Hydrocarbons,713,4545_00_00_01_02
Sediment - Hydrocarbons,3700,4545_00_01_01_44
Sediment - Hydrocarbons,464,4693_00_00_01_02
Sediment - Hydrocarbons,464,4694_00_00_01_02
Sediment - Hydrocarbons,2149,95_00_00_01_02
Sediment - Hydrocarbons,2869,95_00_00_01_02
Sediment - Hydrocarbons,2880,95_00_00_01_02
Sediment - Hydrocarbons,308,5309_00_00_01_02
Sediment - Hydrocarbons,4203,5309_00_00_01_02
Sediment - Hydrocarbons,674,5309_00_00_01_02
Sediment - Hydrocarbons,713,5309_00_00_01_02
Sediment - Hydrocarbons,3700,5309_00_01_01_44
Sediment - Hydrocarbons,845,4848_00_00_01_02
Sediment - Hydrocarbons,2149,181_00_00_01_02
Sediment - Hydrocarbons,2339,181_00_00_01_02
Sediment - Hydrocarbons,2869,181_00_00_01_02
Sediment - Hydrocarbons,2880,181_00_00_01_02
Sediment - Hydrocarbons,3223,181_00_00_01_02
Sediment - Hydrocarbons,3225,181_00_00_01_02
Sediment - Hydrocarbons,4235,181_00_00_01_02
Sediment - Hydrocarbons,674,181_00_00_01_02
Sediment - Hydrocarbons,675,181_00_00_01_02
Sediment - Hydrocarbons,719,181_00_00_01_02
Sediment - Hydrocarbons,3700,181_00_01_01_44
Sediment - Hydrocarbons,202,3635_00_00_01_02
Sediment - Hydrocarbons,4208,3635_00_00_01_02
Sediment - Hydrocarbons,693,3635_00_00_01_02
Sediment - Hydrocarbons,202,3636_00_00_01_02
Sediment - Hydrocarbons,4208,3636_00_00_01_02
Sediment - Hydrocarbons,693,3636_00_00_01_02
Sediment - Hydrocarbons,693,4837_00_00_01_02
Sediment - Hydrocarbons,4208,5053_00_00_01_02
Sediment - Hydrocarbons,845,4849_00_00_01_02
Sediment - Hydrocarbons,4230,4910_00_01_01_44
Sediment - Hydrocarbons,723,1643_00_00_01_02
Sediment - Hydrocarbons,4228,1643_00_01_01_44
Sediment - Hydrocarbons,2045,88_00_00_01_02
Sediment - Hydrocarbons,4230,88_00_01_01_44
Sediment - Hydrocarbons,4230,4911_00_01_01_44
Sediment - Hydrocarbons,4230,846_00_01_01_44
Sediment - Hydrocarbons,4230,89_00_01_01_44
Sediment - Hydrocarbons,2083,70_00_00_01_02
Sediment - Hydrocarbons,2662,70_00_00_01_02
Sediment - Hydrocarbons,4230,109_00_01_01_44
Sediment - Hydrocarbons,845,4850_00_00_01_02
Sediment - Hydrocarbons,4228,4850_00_01_01_44
Sediment - Hydrocarbons,716,1880_00_00_01_02
Sediment - Hydrocarbons,2303,93_00_00_01_02
Sediment - Hydrocarbons,2782,93_00_00_01_02
Sediment - Hydrocarbons,2869,93_00_00_01_02
Sediment - Hydrocarbons,2880,93_00_00_01_02
Sediment - Hydrocarbons,4204,93_00_00_01_02
Sediment - Hydrocarbons,4208,93_00_00_01_02
Sediment - Hydrocarbons,674,93_00_00_01_02
Sediment - Hydrocarbons,693,93_00_00_01_02
Sediment - Hydrocarbons,991,93_00_00_01_02
Sediment - Hydrocarbons,2149,93_00_01_01_44
Sediment - Hydrocarbons,2149,64_00_00_01_02
Sediment - Hydrocarbons,2869,64_00_00_01_02
Sediment - Hydrocarbons,2880,64_00_00_01_02
Sediment - Hydrocarbons,2149,72_00_00_01_02
Sediment - Hydrocarbons,2869,72_00_00_01_02
Sediment - Hydrocarbons,2880,72_00_00_01_02
Sediment - Hydrocarbons,2149,304_00_00_01_02
Sediment - Hydrocarbons,2869,304_00_00_01_02
Sediment - Hydrocarbons,2880,304_00_00_01_02
Sediment - Immunosuppressive drug,464,4719_00_00_01_02
Sediment - Major Ions,4260,583_00_00_01_01
Sediment - Major Ions,4260,566_00_00_01_01
Sediment - Major Ions,4260,601_00_00_01_01
Sediment - Major Ions,4260,2692_00_00_01_01
Sediment - Major Ions,2937,1199_00_00_01_02
Sediment - Major Ions,3559,1199_00_00_01_02
Sediment - Major Ions,103975,1199_00_01_01_44
Sediment - Major Ions,2937,1203_00_00_01_02
Sediment - Major Ions,3559,1203_00_00_01_02
Sediment - Major Ions,103975,1203_00_01_01_44
Sediment - Major Ions,2937,1205_00_00_01_02
Sediment - Major Ions,3559,1205_00_00_01_02
Sediment - Major Ions,103975,1205_00_01_01_44
Sediment - Major Ions,2937,1208_00_00_01_02
Sediment - Major Ions,3559,1208_00_00_01_02
Sediment - Major Ions,103975,1208_00_01_01_44
Sediment - Major Ions,103975,1211_00_01_01_44
Sediment - Major Ions,3021,1402_00_00_01_02
Sediment - Major Ions,4252,1402_00_00_01_02
Sediment - Major Ions,4253,1402_00_00_01_02
Sediment - Major Ions,3021,1402_00_00_01_13
Sediment - Major Ions,3687,1843_00_00_01_02
Sediment - Major Ions,3687,1844_00_00_01_02
Sediment - Major Ions,3687,1845_00_00_01_02
Sediment - Major Ions,3687,1846_00_00_01_02
Sediment - Major Ions,4022,2692_00_00_01_02
Sediment - Major Ions,2940,408_00_00_01_02
Sediment - Major Ions,3558,408_00_00_01_02
Sediment - Major Ions,4022,566_00_00_01_02
Sediment - Major Ions,2940,567_00_00_01_02
Sediment - Major Ions,3558,567_00_00_01_02
Sediment - Major Ions,4022,583_00_00_01_02
Sediment - Major Ions,2940,585_00_00_01_02
Sediment - Major Ions,3558,585_00_00_01_02
Sediment - Major Ions,4022,601_00_00_01_02
Sediment - Major Ions,2940,602_00_00_01_02
Sediment - Major Ions,3558,602_00_00_01_02
Sediment - Metal,4260,392_00_00_01_02
Sediment - Metal,4260,468_00_00_01_02
Sediment - Metal,4260,2832_00_00_01_02
Sediment - Metal,4260,461_00_00_01_02
Sediment - Metal,4260,3489_00_00_01_02
Sediment - Metal,4260,517_00_00_01_01
Sediment - Metal,4260,589_00_00_01_02
Sediment - Metal,4260,548_00_00_01_02
Sediment - Metal,4260,3491_00_00_01_02
Sediment - Metal,4260,780_00_00_01_02
Sediment - Metal,4260,608_00_00_01_02
Sediment - Metal,4260,888_00_00_01_02
Sediment - Metal,4260,679_00_00_01_02
Sediment - Metal,4260,877_00_00_01_02
Sediment - Metal,4260,575_00_00_01_02
Sediment - Metal,4260,387_00_00_01_02
Sediment - Metal,4260,820_00_00_01_02
Sediment - Metal,4260,594_00_00_01_02
Sediment - Metal,4260,377_00_00_01_02
Sediment - Metal,4260,811_00_00_01_02
Sediment - Metal,4260,349_00_00_01_02
Sediment - Metal,4260,886_00_00_01_02
Sediment - Metal,4260,857_00_00_01_02
Sediment - Metal,4260,764_00_00_01_02
Sediment - Metal,4260,410_00_00_01_02
Sediment - Metal,4260,371_00_00_01_01
Sediment - Metal,4260,454_00_00_01_02
Sediment - Metal,4409,1202_00_01_01_02
Sediment - Metal,2940,1008_00_00_01_02
Sediment - Metal,3558,1008_00_00_01_02
Sediment - Metal,103975,10244_00_01_01_44
Sediment - Metal,2940,1049_00_00_01_02
Sediment - Metal,3558,1049_00_00_01_02
Sediment - Metal,2664,1070_00_00_01_02
Sediment - Metal,4013,1070_00_00_01_02
Sediment - Metal,2937,1196_00_00_01_02
Sediment - Metal,3559,1196_00_00_01_02
Sediment - Metal,983,1196_00_01_01_44
Sediment - Metal,2937,1197_00_00_01_02
Sediment - Metal,3559,1197_00_00_01_02
Sediment - Metal,983,1197_00_01_01_44
Sediment - Metal,2937,1198_00_00_01_02
Sediment - Metal,3559,1198_00_00_01_02
Sediment - Metal,983,1198_00_01_01_44
Sediment - Metal,2937,1201_00_00_01_02
Sediment - Metal,3559,1201_00_00_01_02
Sediment - Metal,103975,1201_00_01_01_44
Sediment - Metal,3234,1202_00_00_01_02
Sediment - Metal,2937,1204_00_00_01_02
Sediment - Metal,3559,1204_00_00_01_02
Sediment - Metal,983,1204_00_01_01_44
Sediment - Metal,2937,1206_00_00_01_02
Sediment - Metal,3559,1206_00_00_01_02
Sediment - Metal,983,1206_00_01_01_44
Sediment - Metal,2937,1207_00_00_01_02
Sediment - Metal,3559,1207_00_00_01_02
Sediment - Metal,983,1207_00_01_01_44
Sediment - Metal,2937,1210_00_00_01_02
Sediment - Metal,3559,1210_00_00_01_02
Sediment - Metal,983,1210_00_01_01_44
Sediment - Metal,2937,1212_00_00_01_02
Sediment - Metal,3559,1212_00_00_01_02
Sediment - Metal,983,1212_00_01_01_44
Sediment - Metal,2937,1214_00_00_01_02
Sediment - Metal,3559,1214_00_00_01_02
Sediment - Metal,983,1214_00_01_01_44
Sediment - Metal,2937,1215_00_00_01_02
Sediment - Metal,3559,1215_00_00_01_02
Sediment - Metal,983,1215_00_01_01_44
Sediment - Metal,3027,1311_00_00_01_02
Sediment - Metal,3020,1401_00_00_01_02
Sediment - Metal,342,1401_00_00_01_02
Sediment - Metal,4253,1401_00_00_01_02
Sediment - Metal,3008,2002_00_00_01_02
Sediment - Metal,3559,2002_00_00_01_02
Sediment - Metal,2940,2725_00_00_01_02
Sediment - Metal,3558,2725_00_00_01_02
Sediment - Metal,2937,3103_00_00_01_02
Sediment - Metal,3559,3103_00_00_01_02
Sediment - Metal,983,3103_00_01_01_44
Sediment - Metal,2937,3107_00_00_01_02
Sediment - Metal,3559,3107_00_00_01_02
Sediment - Metal,2940,3135_00_00_01_02
Sediment - Metal,3558,3135_00_00_01_02
Sediment - Metal,2937,3337_00_00_01_02
Sediment - Metal,3559,3337_00_00_01_02
Sediment - Metal,983,3337_00_01_01_44
Sediment - Metal,3008,3339_00_00_01_02
Sediment - Metal,3559,3339_00_00_01_02
Sediment - Metal,3008,3340_00_00_01_02
Sediment - Metal,3559,3340_00_00_01_02
Sediment - Metal,3008,3341_00_00_01_02
Sediment - Metal,3559,3341_00_00_01_02
Sediment - Metal,3008,3342_00_00_01_02
Sediment - Metal,3559,3342_00_00_01_02
Sediment - Metal,983,3342_00_01_01_44
Sediment - Metal,2937,3343_00_00_01_02
Sediment - Metal,3559,3343_00_00_01_02
Sediment - Metal,983,3343_00_01_01_44
Sediment - Metal,3008,3344_00_00_01_02
Sediment - Metal,3559,3344_00_00_01_02
Sediment - Metal,983,3344_00_01_01_44
Sediment - Metal,2937,3345_00_00_01_02
Sediment - Metal,3559,3345_00_00_01_02
Sediment - Metal,3008,3346_00_00_01_02
Sediment - Metal,3559,3346_00_00_01_02
Sediment - Metal,3008,3347_00_00_01_02
Sediment - Metal,3008,3349_00_00_01_02
Sediment - Metal,3559,3349_00_00_01_02
Sediment - Metal,3008,3350_00_00_01_02
Sediment - Metal,3559,3350_00_00_01_02
Sediment - Metal,2937,3351_00_00_01_02
Sediment - Metal,3559,3351_00_00_01_02
Sediment - Metal,103975,3351_00_01_01_44
Sediment - Metal,2937,3352_00_00_01_02
Sediment - Metal,3559,3352_00_00_01_02
Sediment - Metal,103975,3352_00_01_01_44
Sediment - Metal,4022,349_00_00_01_02
Sediment - Metal,4058,349_00_00_01_02
Sediment - Metal,2647,371_00_00_01_02
Sediment - Metal,2939,371_00_00_01_02
Sediment - Metal,4022,371_00_00_01_02
Sediment - Metal,4058,371_00_00_01_02
Sediment - Metal,487,372_00_00_01_02
Sediment - Metal,2646,373_00_00_01_02
Sediment - Metal,2940,373_00_00_01_02
Sediment - Metal,3558,373_00_00_01_02
Sediment - Metal,486,373_00_00_01_02
Sediment - Metal,58,373_00_00_01_02
Sediment - Metal,2937,374_00_00_01_02
Sediment - Metal,3559,374_00_00_01_02
Sediment - Metal,103975,374_00_01_01_44
Sediment - Metal,4022,377_00_00_01_02
Sediment - Metal,4058,377_00_00_01_02
Sediment - Metal,1373,379_00_00_01_02
Sediment - Metal,2940,379_00_00_01_02
Sediment - Metal,3558,379_00_00_01_02
Sediment - Metal,4022,387_00_00_01_02
Sediment - Metal,4058,387_00_00_01_02
Sediment - Metal,2616,388_00_00_01_02
Sediment - Metal,2940,388_00_00_01_02
Sediment - Metal,3558,388_00_00_01_02
Sediment - Metal,2937,389_00_00_01_02
Sediment - Metal,3559,389_00_00_01_02
Sediment - Metal,983,389_00_01_01_44
Sediment - Metal,4022,392_00_00_01_02
Sediment - Metal,4058,392_00_00_01_02
Sediment - Metal,2940,393_00_00_01_02
Sediment - Metal,3558,393_00_00_01_02
Sediment - Metal,4022,400_00_00_01_02
Sediment - Metal,2647,410_00_00_01_02
Sediment - Metal,2939,410_00_00_01_02
Sediment - Metal,4022,410_00_00_01_02
Sediment - Metal,4058,410_00_00_01_02
Sediment - Metal,487,411_00_00_01_02
Sediment - Metal,2940,412_00_00_01_02
Sediment - Metal,3558,412_00_00_01_02
Sediment - Metal,486,412_00_00_01_02
Sediment - Metal,58,412_00_00_01_02
Sediment - Metal,2937,413_00_00_01_02
Sediment - Metal,3559,413_00_00_01_02
Sediment - Metal,983,413_00_01_01_44
Sediment - Metal,2937,4398_00_00_01_02
Sediment - Metal,3559,4398_00_00_01_02
Sediment - Metal,2937,4523_00_00_01_02
Sediment - Metal,3559,4523_00_00_01_02
Sediment - Metal,2939,454_00_00_01_02
Sediment - Metal,4022,454_00_00_01_02
Sediment - Metal,4058,454_00_00_01_02
Sediment - Metal,647,454_00_00_01_02
Sediment - Metal,487,455_00_00_01_02
Sediment - Metal,2940,456_00_00_01_02
Sediment - Metal,3558,456_00_00_01_02
Sediment - Metal,486,456_00_00_01_02
Sediment - Metal,58,456_00_00_01_02
Sediment - Metal,2937,457_00_00_01_02
Sediment - Metal,3559,457_00_00_01_02
Sediment - Metal,983,457_00_01_01_44
Sediment - Metal,2647,461_00_00_01_02
Sediment - Metal,2939,461_00_00_01_02
Sediment - Metal,4022,461_00_00_01_02
Sediment - Metal,4058,461_00_00_01_02
Sediment - Metal,487,462_00_00_01_02
Sediment - Metal,1123,463_00_00_01_02
Sediment - Metal,2940,463_00_00_01_02
Sediment - Metal,3558,463_00_00_01_02
Sediment - Metal,58,463_00_00_01_02
Sediment - Metal,2937,465_00_00_01_02
Sediment - Metal,3559,465_00_00_01_02
Sediment - Metal,983,465_00_01_01_44
Sediment - Metal,2647,468_00_00_01_02
Sediment - Metal,2939,468_00_00_01_02
Sediment - Metal,4022,468_00_00_01_02
Sediment - Metal,4058,468_00_00_01_02
Sediment - Metal,487,469_00_00_01_02
Sediment - Metal,2940,470_00_00_01_02
Sediment - Metal,3558,470_00_00_01_02
Sediment - Metal,486,470_00_00_01_02
Sediment - Metal,58,470_00_00_01_02
Sediment - Metal,2937,471_00_00_01_02
Sediment - Metal,3008,471_00_00_01_02
Sediment - Metal,3559,471_00_00_01_02
Sediment - Metal,103975,471_00_01_01_44
Sediment - Metal,342,4809_00_00_01_02
Sediment - Metal,1508,517_00_00_01_02
Sediment - Metal,2647,517_00_00_01_02
Sediment - Metal,2939,517_00_00_01_02
Sediment - Metal,4022,517_00_00_01_02
Sediment - Metal,4058,517_00_00_01_02
Sediment - Metal,487,518_00_00_01_02
Sediment - Metal,2903,519_00_00_01_02
Sediment - Metal,2940,519_00_00_01_02
Sediment - Metal,3558,519_00_00_01_02
Sediment - Metal,486,519_00_00_01_02
Sediment - Metal,58,519_00_00_01_02
Sediment - Metal,1599,549_00_00_01_02
Sediment - Metal,2937,549_00_00_01_02
Sediment - Metal,3643u1,549_00_00_01_02
Sediment - Metal,3643u2,549_00_00_01_02
Sediment - Metal,4010,549_00_00_01_02
Sediment - Metal,4013,549_00_00_01_02
Sediment - Metal,4022,575_00_00_01_02
Sediment - Metal,2940,576_00_00_01_02
Sediment - Metal,3558,576_00_00_01_02
Sediment - Metal,2647,589_00_00_01_02
Sediment - Metal,2939,589_00_00_01_02
Sediment - Metal,4022,589_00_00_01_02
Sediment - Metal,4058,589_00_00_01_02
Sediment - Metal,487,590_00_00_01_02
Sediment - Metal,2940,591_00_00_01_02
Sediment - Metal,3558,591_00_00_01_02
Sediment - Metal,486,591_00_00_01_02
Sediment - Metal,58,591_00_00_01_02
Sediment - Metal,4022,594_00_00_01_02
Sediment - Metal,4058,594_00_00_01_02
Sediment - Metal,2646,595_00_00_01_02
Sediment - Metal,2940,595_00_00_01_02
Sediment - Metal,3558,595_00_00_01_02
Sediment - Metal,486,595_00_00_01_02
Sediment - Metal,58,595_00_00_01_02
Sediment - Metal,2647,608_00_00_01_02
Sediment - Metal,2939,608_00_00_01_02
Sediment - Metal,4022,608_00_00_01_02
Sediment - Metal,4058,608_00_00_01_02
Sediment - Metal,487,609_00_00_01_02
Sediment - Metal,2940,610_00_00_01_02
Sediment - Metal,3558,610_00_00_01_02
Sediment - Metal,486,610_00_00_01_02
Sediment - Metal,58,610_00_00_01_02
Sediment - Metal,2937,611_00_00_01_02
Sediment - Metal,3559,611_00_00_01_02
Sediment - Metal,103975,611_00_01_01_44
Sediment - Metal,983,611_00_01_01_44
Sediment - Metal,1656,677_00_00_01_02
Sediment - Metal,2647,679_00_00_01_02
Sediment - Metal,2939,679_00_00_01_02
Sediment - Metal,4022,679_00_00_01_02
Sediment - Metal,4058,679_00_00_01_02
Sediment - Metal,487,680_00_00_01_02
Sediment - Metal,2940,683_00_00_01_02
Sediment - Metal,3558,683_00_00_01_02
Sediment - Metal,4248,683_00_00_01_02
Sediment - Metal,486,683_00_00_01_02
Sediment - Metal,58,683_00_00_01_02
Sediment - Metal,2937,684_00_00_01_02
Sediment - Metal,3559,684_00_00_01_02
Sediment - Metal,103975,684_00_01_01_44
Sediment - Metal,983,684_00_01_01_44
Sediment - Metal,4022,764_00_00_01_02
Sediment - Metal,4058,764_00_00_01_02
Sediment - Metal,2940,766_00_00_01_02
Sediment - Metal,3558,766_00_00_01_02
Sediment - Metal,4058,780_00_00_01_02
Sediment - Metal,1373,782_00_00_01_02
Sediment - Metal,3558,782_00_00_01_02
Sediment - Metal,4022,811_00_00_01_02
Sediment - Metal,4058,811_00_00_01_02
Sediment - Metal,4022,820_00_00_01_02
Sediment - Metal,4058,820_00_00_01_02
Sediment - Metal,2940,823_00_00_01_02
Sediment - Metal,3558,823_00_00_01_02
Sediment - Metal,4022,857_00_00_01_02
Sediment - Metal,4058,857_00_00_01_02
Sediment - Metal,4058,860_00_00_01_02
Sediment - Metal,2940,861_00_00_01_02
Sediment - Metal,3558,861_00_00_01_02
Sediment - Metal,4022,877_00_00_01_02
Sediment - Metal,4058,877_00_00_01_02
Sediment - Metal,2940,878_00_00_01_02
Sediment - Metal,3558,878_00_00_01_02
Sediment - Metal,486,878_00_00_01_02
Sediment - Metal,58,878_00_00_01_02
Sediment - Metal,2937,879_00_00_01_02
Sediment - Metal,3559,879_00_00_01_02
Sediment - Metal,983,879_00_01_01_44
Sediment - Metal,2647,888_00_00_01_02
Sediment - Metal,2939,888_00_00_01_02
Sediment - Metal,4022,888_00_00_01_02
Sediment - Metal,4058,888_00_00_01_02
Sediment - Metal,487,889_00_00_01_02
Sediment - Metal,2940,890_00_00_01_02
Sediment - Metal,3558,890_00_00_01_02
Sediment - Metal,486,890_00_00_01_02
Sediment - Metal,58,890_00_00_01_02
Sediment - Metal,2937,891_00_00_01_02
Sediment - Metal,3559,891_00_00_01_02
Sediment - Metal,103975,891_00_01_01_44
Sediment - Metal,3020,969_00_00_01_02
Sediment - Metal,342,969_00_00_01_02
Sediment - Metal,4253,969_00_00_01_02
Sediment - Metal,3020,975_00_00_01_02
Sediment - Metal,342,975_00_00_01_02
Sediment - Metal,4253,975_00_00_01_02
Sediment - Metal,297,976_00_00_01_02
Sediment - Metal,4254,976_00_00_01_02
Sediment - Metal,3020,979_00_00_01_02
Sediment - Metal,342,979_00_00_01_02
Sediment - Metal,4248,979_00_00_01_02
Sediment - Metal,4249,979_00_00_01_02
Sediment - Metal,4253d1,979_00_00_01_02
Sediment - Metal,4253d2,979_00_00_01_02
Sediment - Metal,3020,984_00_00_01_02
Sediment - Metal,342,984_00_00_01_02
Sediment - Metal,4249,984_00_00_01_02
Sediment - Metal,4253,984_00_00_01_02
Sediment - Metal,3020,985_00_00_01_02
Sediment - Metal,342,985_00_00_01_02
Sediment - Metal,4249,985_00_00_01_02
Sediment - Metal,4253,985_00_00_01_02
Sediment - Metal,3020,986_00_00_01_02
Sediment - Metal,342,986_00_00_01_02
Sediment - Metal,4249,986_00_00_01_02
Sediment - Metal,4253,986_00_00_01_02
Sediment - Metal,3020,987_00_00_01_02
Sediment - Metal,342,987_00_00_01_02
Sediment - Metal,4253,987_00_00_01_02
Sediment - Metal,3020,988_00_00_01_02
Sediment - Metal,342,988_00_00_01_02
Sediment - Metal,4253,988_00_00_01_02
Sediment - Metal,3020,992_00_00_01_02
Sediment - Metal,342,992_00_00_01_02
Sediment - Metal,4253,992_00_00_01_02
Sediment - Metal,3008,3338_00_00_01_02
Sediment - Metal,3559,3338_00_00_01_02
Sediment - Metal,1663,668_00_00_01_02
Sediment - Metal,1667,672_00_00_01_02
Sediment - Metal,1660,671_00_00_01_02
Sediment - Metal,3008,2001_00_00_01_02
Sediment - Metal,3559,2001_00_00_01_02
Sediment - Metal,3008,3348_00_00_01_02
Sediment - Metal,3559,3348_00_00_01_02
Sediment - Metal,3008,2003_00_00_01_02
Sediment - Metal,3559,2003_00_00_01_02
Sediment - Metal,3008,2004_00_00_01_02
Sediment - Metal,3559,2004_00_00_01_02
Sediment - Metal,2940,1006_00_00_01_02
Sediment - Metal,3558,1006_00_00_01_02
Sediment - Metal,2937,3104_00_00_01_02
Sediment - Metal,3559,3104_00_00_01_02
Sediment - Metal,3008,2005_00_00_01_02
Sediment - Metal,3559,2005_00_00_01_02
Sediment - Metal,1668,676_00_00_01_02
Sediment - Metal,3008,2006_00_00_01_02
Sediment - Metal,3559,2006_00_00_01_02
Sediment - Metal,3008,2007_00_00_01_02
Sediment - Metal,3559,2007_00_00_01_02
Sediment - Metal,3008,2008_00_00_01_02
Sediment - Metal,3559,2008_00_00_01_02
Sediment - Metal,3008,2009_00_00_01_02
Sediment - Metal,3559,2009_00_00_01_02
Sediment - Metal,3008,2010_00_00_01_02
Sediment - Metal,3559,2010_00_00_01_02
Sediment - Metal,1665,670_00_00_01_02
Sediment - Metal,1662,675_00_00_01_02
Sediment - Metal,1664,669_00_00_01_02
Sediment - Metal,1666,674_00_00_01_02
Sediment - Metal,1661,673_00_00_01_02
Sediment - Metal,3008,2011_00_00_01_02
Sediment - Metal,3559,2011_00_00_01_02
Sediment - Neonicotinoid,254,4491_00_00_01_02
Sediment - Neonicotinoid,4336,4491_00_00_01_02
Sediment - Nonmetals,3559,5281_00_00_01_02
Sediment - Nonmetals,2937,1912_00_00_01_02
Sediment - Nutrients,3687,9148_00_00_01_02
Sediment - Nutrients,3687,1852_00_00_01_02
Sediment - Nutrients,3687,1851_00_00_01_02
Sediment - Nutrients,251,612_00_00_01_02
Sediment - Nutrients,690,629_00_00_01_01
Sediment - Nutrients,110,635_00_00_01_02
Sediment - Nutrients,4227,635_00_01_01_44
Sediment - Nutrients,2940,730_00_00_01_02
Sediment - Nutrients,3558,730_00_00_01_02
Sediment - Nutrients,524,730_00_00_01_02
Sediment - Nutrients,2937,3113_00_00_01_02
Sediment - Nutrients,3559,3113_00_00_01_02
Sediment - Nutrients,103975,1209_00_01_01_44
Sediment - Organophosphate flame retardant,846,5323_00_00_01_02
Sediment - Organophosphate flame retardant,846,5324_00_00_01_02
Sediment - Organophosphate flame retardant,723,1634_00_00_01_02
Sediment - Organophosphate flame retardant,4228,1634_00_01_01_44
Sediment - Organophosphate flame retardant,723,1635_00_00_01_02
Sediment - Organophosphate flame retardant,4228,1635_00_01_01_44
Sediment - Organophosphate flame retardant,846,1966_00_00_01_02
Sediment - Organophosphate flame retardant,846,1967_00_00_01_02
Sediment - Organophosphate flame retardant,846,1968_00_00_01_02
Sediment - Organophosphate flame retardant,846,1969_00_00_01_02
Sediment - Organophosphate flame retardant,846,1970_00_00_01_02
Sediment - Organophosphate flame retardant,846,1971_00_00_01_02
Sediment - Organophosphate flame retardant,846,1972_00_00_01_02
Sediment - Organophosphate flame retardant,846,1973_00_00_01_02
Sediment - Organophosphate flame retardant,846,1974_00_00_01_02
Sediment - Organophosphate flame retardant,846,1975_00_00_01_02
Sediment - Organophosphate flame retardant,846,1976_00_00_01_02
Sediment - Organophosphate flame retardant,846,1977_00_00_01_02
Sediment - Organophosphate flame retardant,846,1985_00_00_01_02
Sediment - Organophosphate flame retardant,723,3284_00_00_01_02
Sediment - Organophosphate flame retardant,723,3285_00_00_01_02
Sediment - Organophosphate flame retardant,723,3286_00_00_01_02
Sediment - Organophosphate flame retardant,723,3287_00_00_01_02
Sediment - Organophosphate flame retardant,4228,3287_00_01_01_44
Sediment - Organophosphate flame retardant,723,3288_00_00_01_02
Sediment - Organophosphate flame retardant,723,3289_00_00_01_02
Sediment - Organophosphate flame retardant,723,3294_00_00_01_02
Sediment - Organophosphate flame retardant,4228,4874_00_01_01_44
Sediment - Organophosphate flame retardant,4228,4875_00_01_01_44
Sediment - Organophosphate flame retardant,4228,4876_00_01_01_44
Sediment - Organosilicone,304,1407_00_01_01_44
Sediment - Organosilicone,304,1408_00_01_01_44
Sediment - Organosilicone,304,1409_00_01_01_44
Sediment - Organosilicone,304,1410_00_01_01_44
Sediment - Organosilicone,304,1411_00_01_01_44
Sediment - Organosilicone,304,1412_00_01_01_44
Sediment - Organosilicone,304,1413_00_01_01_44
Sediment - Organosilicone,304,1414_00_01_01_44
Sediment - Organosilicone,304,1415_00_01_01_44
Sediment - Organosilicone,304,1416_00_00_01_01
Sediment - Pesticides,4389,259_00_00_01_02
Sediment - Pesticides,4261,287_00_00_01_02
Sediment - Pesticides,4261,261_00_00_01_02
Sediment - Pesticides,4389,5416_00_00_01_02
Sediment - Pesticides,4261,258_00_00_01_02
Sediment - Pesticides,4261,182_00_00_01_02
Sediment - Pesticides,4261,187_00_00_01_02
Sediment - Pesticides,4335,1703_00_00_01_02
Sediment - Pesticides,4336,1693_00_00_01_02
Sediment - Pesticides,4261,269_00_00_01_02
Sediment - Pesticides,4261,177_00_00_01_02
Sediment - Pesticides,4261,192_00_00_01_02
Sediment - Pesticides,4261,211_00_00_01_02
Sediment - Pesticides,4389,1046_00_00_01_02
Sediment - Pesticides,4261,335_00_00_01_02
Sediment - Pesticides,4261,291_00_00_01_02
Sediment - Pesticides,4261,169_00_00_01_02
Sediment - Pesticides,4261,1909_00_00_01_02
Sediment - Pesticides,4261,60_00_00_01_02
Sediment - Pesticides,4261,281_00_00_01_02
Sediment - Pesticides,4261,227_00_00_01_02
Sediment - Pesticides,4389,200_00_00_01_02
Sediment - Pesticides,4389,287_00_00_01_02
Sediment - Pesticides,4335,3648_00_00_01_02
Sediment - Pesticides,4261,1042_00_00_01_02
Sediment - Pesticides,4261,260_00_00_01_02
Sediment - Pesticides,4261,206_00_00_01_02
Sediment - Pesticides,4261,200_00_00_01_02
Sediment - Pesticides,4336,3652_00_00_01_02
Sediment - Pesticides,4261,207_00_00_01_02
Sediment - Pesticides,4261,165_00_00_01_02
Sediment - Pesticides,4261,2679_00_00_01_02
Sediment - Pesticides,4261,235_00_00_01_02
Sediment - Pesticides,4261,259_00_00_01_02
Sediment - Pesticides,4336,3647_00_00_01_02
Sediment - Pesticides,4389,1712_00_00_01_02
Sediment - Pesticides,4336,2646_00_00_01_02
Sediment - Pesticides,4335,2159_00_00_01_02
Sediment - Pesticides,4335,2152_00_00_01_02
Sediment - Pesticides,4335,2153_00_00_01_02
Sediment - Pesticides,4336,2561_00_00_01_02
Sediment - Pesticides,4335,1144_00_00_01_02
Sediment - Pesticides,4389,258_00_00_01_02
Sediment - Pesticides,4389,2852_00_00_01_02
Sediment - Pesticides,4335,1_00_00_01_02
Sediment - Pesticides,4336,10226_00_00_01_02
Sediment - Pesticides,4336,3646_00_00_01_02
Sediment - Pesticides,4335,1143_00_00_01_02
Sediment - Pesticides,4335,1139_00_00_01_02
Sediment - Pesticides,4335,2_00_00_01_02
Sediment - Pesticides,4336,127_00_00_01_02
Sediment - Pesticides,4389,1047_00_00_01_02
Sediment - Pesticides,4389,165_00_00_01_02
Sediment - Pesticides,4389,192_00_00_01_02
Sediment - Pesticides,4389,235_00_00_01_02
Sediment - Pesticides,4389,4_00_00_01_02
Sediment - Pesticides,4336,3632_00_00_01_02
Sediment - Pesticides,4335,2155_00_00_01_02
Sediment - Pesticides,4336,83_00_00_01_02
Sediment - Pesticides,4336,49_00_00_01_02
Sediment - Pesticides,4336,3653_00_00_01_02
Sediment - Pesticides,4389,206_00_00_01_02
Sediment - Pesticides,4389,269_00_00_01_02
Sediment - Pesticides,4335,3233_00_00_01_02
Sediment - Pesticides,4336,244_00_00_01_02
Sediment - Pesticides,4389,169_00_00_01_02
Sediment - Pesticides,4335,2158_00_00_01_02
Sediment - Pesticides,4389,182_00_00_01_02
Sediment - Pesticides,4335,1150_00_00_01_02
Sediment - Pesticides,4389,1909_00_00_01_02
Sediment - Pesticides,4389,211_00_00_01_02
Sediment - Pesticides,4335,2151_00_00_01_02
Sediment - Pesticides,4336,3649_00_00_01_02
Sediment - Pesticides,4335,1146_00_00_01_02
Sediment - Pesticides,4335,4_00_00_01_02
Sediment - Pesticides,4335,1704_00_00_01_02
Sediment - Pesticides,4335,2157_00_00_01_02
Sediment - Pesticides,4336,2581_00_00_01_02
Sediment - Pesticides,4335,1149_00_00_01_02
Sediment - Pesticides,4389,281_00_00_01_02
Sediment - Pesticides,4335,2156_00_00_01_02
Sediment - Pesticides,4335,2154_00_00_01_02
Sediment - Pesticides,4336,5288_00_00_01_02
Sediment - Pesticides,4389,1_00_00_01_02
Sediment - Pesticides,4389,3520_00_00_01_02
Sediment - Pesticides,4389,177_00_00_01_02
Sediment - Pesticides,4389,227_00_00_01_02
Sediment - Pesticides,4389,2679_00_00_01_02
Sediment - Pesticides,4389,1042_00_00_01_02
Sediment - Pesticides,4389,1045_00_00_01_02
Sediment - Pesticides,4389,261_00_00_01_02
Sediment - Pesticides,4389,4450_00_00_01_02
Sediment - Pesticides,4389,5_00_00_01_02
Sediment - Pesticides,4389,260_00_00_01_02
Sediment - Pesticides,4389,10235_00_00_01_02
Sediment - Pesticides,4336,5112_00_00_01_02
Sediment - Pesticides,254,4493_00_00_01_02
Sediment - Pesticides,4336,4493_00_00_01_02
Sediment - Pesticides,3741,124_00_00_01_02
Sediment - Pesticides,4235,124_00_00_01_02
Sediment - Pesticides,2149,177_00_00_01_02
Sediment - Pesticides,2339,177_00_00_01_02
Sediment - Pesticides,2869,177_00_00_01_02
Sediment - Pesticides,2880,177_00_00_01_02
Sediment - Pesticides,3223,177_00_00_01_02
Sediment - Pesticides,3225,177_00_00_01_02
Sediment - Pesticides,4205,177_00_00_01_02
Sediment - Pesticides,4235,177_00_00_01_02
Sediment - Pesticides,674,177_00_00_01_02
Sediment - Pesticides,675,177_00_00_01_02
Sediment - Pesticides,715,177_00_00_01_02
Sediment - Pesticides,719,177_00_00_01_02
Sediment - Pesticides,3700,177_00_01_01_44
Sediment - Pesticides,294,1694_00_00_01_02
Sediment - Pesticides,303,4105_00_00_01_02
Sediment - Pesticides,4235,4105_00_00_01_02
Sediment - Pesticides,2303,133_00_00_01_02
Sediment - Pesticides,2339,133_00_00_01_02
Sediment - Pesticides,2880,133_00_00_01_02
Sediment - Pesticides,303,133_00_00_01_02
Sediment - Pesticides,4235,133_00_00_01_02
Sediment - Pesticides,4336,133_00_00_01_02
Sediment - Pesticides,2594,240_00_00_01_02
Sediment - Pesticides,4336,56_00_00_01_02
Sediment - Pesticides,2149,133_00_01_01_44
Sediment - Pesticides,4336,3634_00_00_01_02
Sediment - Pesticides,303,166_00_00_01_02
Sediment - Pesticides,303,302_00_00_01_02
Sediment - Pesticides,4235,302_00_00_01_02
Sediment - Pesticides,4336,302_00_00_01_02
Sediment - Pesticides,2339,58_00_00_01_02
Sediment - Pesticides,2339,156_00_00_01_02
Sediment - Pesticides,4335,156_00_00_01_02
Sediment - Pesticides,2149,187_00_00_01_02
Sediment - Pesticides,2339,187_00_00_01_02
Sediment - Pesticides,2869,187_00_00_01_02
Sediment - Pesticides,2880,187_00_00_01_02
Sediment - Pesticides,3223,187_00_00_01_02
Sediment - Pesticides,4235,187_00_00_01_02
Sediment - Pesticides,674,187_00_00_01_02
Sediment - Pesticides,675,187_00_00_01_02
Sediment - Pesticides,715,187_00_00_01_02
Sediment - Pesticides,719,187_00_00_01_02
Sediment - Pesticides,2149,187_00_01_01_44
Sediment - Pesticides,3700,187_00_01_01_44
Sediment - Pesticides,294,1703_00_00_01_02
Sediment - Pesticides,4336,179_00_00_01_02
Sediment - Pesticides,4235,4106_00_00_01_02
Sediment - Pesticides,2594,937_00_00_01_02
Sediment - Pesticides,4235,937_00_00_01_02
Sediment - Pesticides,4336,937_00_00_01_02
Sediment - Pesticides,223,46_00_00_01_02
Sediment - Pesticides,4235,46_00_00_01_02
Sediment - Pesticides,464,4593_00_00_01_02
Sediment - Pesticides,464,4594_00_00_01_02
Sediment - Pesticides,4336,1932_00_00_01_02
Sediment - Pesticides,223,5_00_00_01_02
Sediment - Pesticides,4235,5_00_00_01_02
Sediment - Pesticides,674,5_00_00_01_02
Sediment - Pesticides,2552,1024_00_00_01_02
Sediment - Pesticides,303,170_00_00_01_02
Sediment - Pesticides,4235,170_00_00_01_02
Sediment - Pesticides,4336,170_00_00_01_02
Sediment - Pesticides,4235,4107_00_00_01_02
Sediment - Pesticides,4235,4108_00_00_01_02
Sediment - Pesticides,294,1696_00_00_01_02
Sediment - Pesticides,294,1699_00_00_01_02
Sediment - Pesticides,4336,4167_00_00_01_02
Sediment - Pesticides,254,4490_00_00_01_02
Sediment - Pesticides,4336,4490_00_00_01_02
Sediment - Pesticides,464,4721_00_00_01_02
Sediment - Pesticides,4336,220_00_00_01_02
Sediment - Pesticides,303,154_00_00_01_02
Sediment - Pesticides,4235,154_00_00_01_02
Sediment - Pesticides,4336,154_00_00_01_02
Sediment - Pesticides,4336,1949_00_00_01_02
Sediment - Pesticides,294,1707_00_00_01_02
Sediment - Pesticides,4235,3_00_00_01_02
Sediment - Pesticides,2594,1018_00_00_01_02
Sediment - Pesticides,4235,130_00_00_01_02
Sediment - Pesticides,723,3283_00_00_01_02
Sediment - Pesticides,464,4598_00_00_01_02
Sediment - Pesticides,223,1_00_00_01_02
Sediment - Pesticides,294,1710_00_00_01_02
Sediment - Pesticides,4235,1019_00_00_01_02
Sediment - Pesticides,4336,1110_00_00_01_02
Sediment - Pesticides,2339,161_00_00_01_02
Sediment - Pesticides,4336,161_00_00_01_02
Sediment - Pesticides,2552,189_00_00_01_02
Sediment - Pesticides,303,189_00_00_01_02
Sediment - Pesticides,4235,189_00_00_01_02
Sediment - Pesticides,4235,4109_00_00_01_02
Sediment - Pesticides,2552,1022_00_00_01_02
Sediment - Pesticides,2339,210_00_00_01_02
Sediment - Pesticides,4335,210_00_00_01_02
Sediment - Pesticides,2149,235_00_00_01_02
Sediment - Pesticides,2339,235_00_00_01_02
Sediment - Pesticides,2869,235_00_00_01_02
Sediment - Pesticides,2880,235_00_00_01_02
Sediment - Pesticides,3223,235_00_00_01_02
Sediment - Pesticides,3225,235_00_00_01_02
Sediment - Pesticides,4205,235_00_00_01_02
Sediment - Pesticides,4235,235_00_00_01_02
Sediment - Pesticides,674,235_00_00_01_02
Sediment - Pesticides,675,235_00_00_01_02
Sediment - Pesticides,715,235_00_00_01_02
Sediment - Pesticides,719,235_00_00_01_02
Sediment - Pesticides,2149,235_00_01_01_44
Sediment - Pesticides,3700,235_00_01_01_44
Sediment - Pesticides,464,4599_00_00_01_02
Sediment - Pesticides,464,4600_00_00_01_02
Sediment - Pesticides,464,4601_00_00_01_02
Sediment - Pesticides,4235,4110_00_00_01_02
Sediment - Pesticides,2552,234_00_00_01_02
Sediment - Pesticides,4235,234_00_00_01_02
Sediment - Pesticides,4336,234_00_00_01_02
Sediment - Pesticides,2552,174_00_00_01_02
Sediment - Pesticides,4235,174_00_00_01_02
Sediment - Pesticides,4336,174_00_00_01_02
Sediment - Pesticides,4235,4111_00_00_01_02
Sediment - Pesticides,4205,1045_00_00_01_02
Sediment - Pesticides,4205,1046_00_00_01_02
Sediment - Pesticides,223,1909_00_00_01_02
Sediment - Pesticides,4235,1909_00_00_01_02
Sediment - Pesticides,674,1909_00_00_01_02
Sediment - Pesticides,715,1909_00_00_01_02
Sediment - Pesticides,3700,1909_00_01_01_44
Sediment - Pesticides,2149,258_00_00_01_02
Sediment - Pesticides,2339d1,258_00_00_01_02
Sediment - Pesticides,2339d2,258_00_00_01_02
Sediment - Pesticides,2869,258_00_00_01_02
Sediment - Pesticides,2880,258_00_00_01_02
Sediment - Pesticides,3223,258_00_00_01_02
Sediment - Pesticides,3225,258_00_00_01_02
Sediment - Pesticides,4205,258_00_00_01_02
Sediment - Pesticides,4235,258_00_00_01_02
Sediment - Pesticides,674,258_00_00_01_02
Sediment - Pesticides,675,258_00_00_01_02
Sediment - Pesticides,715,258_00_00_01_02
Sediment - Pesticides,719,258_00_00_01_02
Sediment - Pesticides,223,269_00_00_01_02
Sediment - Pesticides,2302,269_00_00_01_02
Sediment - Pesticides,2880,269_00_00_01_02
Sediment - Pesticides,715,269_00_00_01_02
Sediment - Pesticides,3700,269_00_01_01_44
Sediment - Pesticides,223,1712_00_00_01_02
Sediment - Pesticides,4235,1712_00_00_01_02
Sediment - Pesticides,674,1712_00_00_01_02
Sediment - Pesticides,715,1712_00_00_01_02
Sediment - Pesticides,3700,1712_00_01_01_44
Sediment - Pesticides,3700,258_00_01_01_44
Sediment - Pesticides,4235,2721_00_00_01_02
Sediment - Pesticides,4335,2721_00_00_01_02
Sediment - Pesticides,1850,221_00_00_01_02
Sediment - Pesticides,2552,221_00_00_01_02
Sediment - Pesticides,303,221_00_00_01_02
Sediment - Pesticides,4235,221_00_00_01_02
Sediment - Pesticides,4336,221_00_00_01_02
Sediment - Pesticides,4235,99_00_00_01_02
Sediment - Pesticides,294,1704_00_00_01_02
Sediment - Pesticides,294,1709_00_00_01_02
Sediment - Pesticides,4336,1692_00_00_01_02
Sediment - Pesticides,294,1708_00_00_01_02
Sediment - Pesticides,4235,4112_00_00_01_02
Sediment - Pesticides,4235,4113_00_00_01_02
Sediment - Pesticides,2552,326_00_00_01_02
Sediment - Pesticides,303,326_00_00_01_02
Sediment - Pesticides,4235,326_00_00_01_02
Sediment - Pesticides,4336,326_00_00_01_02
Sediment - Pesticides,2149,281_00_00_01_02
Sediment - Pesticides,2339,281_00_00_01_02
Sediment - Pesticides,2869,281_00_00_01_02
Sediment - Pesticides,2880,281_00_00_01_02
Sediment - Pesticides,3223,281_00_00_01_02
Sediment - Pesticides,3225,281_00_00_01_02
Sediment - Pesticides,4205,281_00_00_01_02
Sediment - Pesticides,4235,281_00_00_01_02
Sediment - Pesticides,674,281_00_00_01_02
Sediment - Pesticides,675,281_00_00_01_02
Sediment - Pesticides,715,281_00_00_01_02
Sediment - Pesticides,719,281_00_00_01_02
Sediment - Pesticides,2149,60_00_00_01_02
Sediment - Pesticides,2339,60_00_00_01_02
Sediment - Pesticides,2869,60_00_00_01_02
Sediment - Pesticides,2880,60_00_00_01_02
Sediment - Pesticides,3225,60_00_00_01_02
Sediment - Pesticides,4235,60_00_00_01_02
Sediment - Pesticides,675,60_00_00_01_02
Sediment - Pesticides,715,60_00_00_01_02
Sediment - Pesticides,719,60_00_00_01_02
Sediment - Pesticides,3223,4449_00_00_01_02
Sediment - Pesticides,4205,4449_00_00_01_02
Sediment - Pesticides,3223,4450_00_00_01_02
Sediment - Pesticides,4205,4450_00_00_01_02
Sediment - Pesticides,674,4450_00_00_01_02
Sediment - Pesticides,3700,60_00_01_01_44
Sediment - Pesticides,3700,281_00_01_01_44
Sediment - Pesticides,4235,209_00_00_01_02
Sediment - Pesticides,4336,209_00_00_01_02
Sediment - Pesticides,254,4155_00_00_01_02
Sediment - Pesticides,4336,4155_00_00_01_02
Sediment - Pesticides,2552,1025_00_00_01_02
Sediment - Pesticides,294,1697_00_00_01_02
Sediment - Pesticides,294,1700_00_00_01_02
Sediment - Pesticides,294,1706_00_00_01_02
Sediment - Pesticides,4235,186_00_00_01_02
Sediment - Pesticides,4336,186_00_00_01_02
Sediment - Pesticides,2552,98_00_00_01_02
Sediment - Pesticides,303,98_00_00_01_02
Sediment - Pesticides,4235,98_00_00_01_02
Sediment - Pesticides,4336,98_00_00_01_02
Sediment - Pesticides,4235,1111_00_00_01_02
Sediment - Pesticides,4336,4152_00_00_01_02
Sediment - Pesticides,223,208_00_00_01_02
Sediment - Pesticides,2303,208_00_00_01_02
Sediment - Pesticides,2339,208_00_00_01_02
Sediment - Pesticides,2880,208_00_00_01_02
Sediment - Pesticides,303,208_00_00_01_02
Sediment - Pesticides,4235,208_00_00_01_02
Sediment - Pesticides,4336,208_00_00_01_02
Sediment - Pesticides,2149,208_00_01_01_44
Sediment - Pesticides,2594,150_00_00_01_02
Sediment - Pesticides,303,150_00_00_01_02
Sediment - Pesticides,4235,150_00_00_01_02
Sediment - Pesticides,4336,150_00_00_01_02
Sediment - Pesticides,464,4605_00_00_01_02
Sediment - Pesticides,2149,165_00_00_01_02
Sediment - Pesticides,2339,165_00_00_01_02
Sediment - Pesticides,2869,165_00_00_01_02
Sediment - Pesticides,2880,165_00_00_01_02
Sediment - Pesticides,3223,165_00_00_01_02
Sediment - Pesticides,3225,165_00_00_01_02
Sediment - Pesticides,3741,165_00_00_01_02
Sediment - Pesticides,4205,165_00_00_01_02
Sediment - Pesticides,4235,165_00_00_01_02
Sediment - Pesticides,674,165_00_00_01_02
Sediment - Pesticides,675,165_00_00_01_02
Sediment - Pesticides,715,165_00_00_01_02
Sediment - Pesticides,3700,165_00_01_01_44
Sediment - Pesticides,464,4606_00_00_01_02
Sediment - Pesticides,2552,218_00_00_01_02
Sediment - Pesticides,303,218_00_00_01_02
Sediment - Pesticides,4235,218_00_00_01_02
Sediment - Pesticides,4335,218_00_00_01_02
Sediment - Pesticides,4235,171_00_00_01_02
Sediment - Pesticides,4235,4114_00_00_01_02
Sediment - Pesticides,4336,4114_00_00_01_02
Sediment - Pesticides,4235,3080_00_00_01_02
Sediment - Pesticides,223,4_00_00_01_02
Sediment - Pesticides,4235,4_00_00_01_02
Sediment - Pesticides,294,1705_00_00_01_02
Sediment - Pesticides,2552,172_00_00_01_02
Sediment - Pesticides,4235,172_00_00_01_02
Sediment - Pesticides,4335,172_00_00_01_02
Sediment - Pesticides,303,994_00_00_01_02
Sediment - Pesticides,4235,994_00_00_01_02
Sediment - Pesticides,4336,994_00_00_01_02
Sediment - Pesticides,2302,194_00_00_01_02
Sediment - Pesticides,2880,194_00_00_01_02
Sediment - Pesticides,294,1147_00_00_01_02
Sediment - Pesticides,4336,1147_00_00_01_02
Sediment - Pesticides,4235,4115_00_00_01_02
Sediment - Pesticides,294,1695_00_00_01_02
Sediment - Pesticides,303,264_00_00_01_02
Sediment - Pesticides,303,117_00_00_01_02
Sediment - Pesticides,294,1698_00_00_01_02
Sediment - Pesticides,294,1701_00_00_01_02
Sediment - Pesticides,4336,5286_00_00_01_02
Sediment - Pesticides,674,10235_00_00_01_02
Sediment - Pesticides,674,10236_00_00_01_02
Sediment - Pesticides,2552,1026_00_00_01_02
Sediment - Pesticides,223,1047_00_00_01_02
Sediment - Pesticides,2869,1047_00_00_01_02
Sediment - Pesticides,4235,1047_00_00_01_02
Sediment - Pesticides,715,1047_00_00_01_02
Sediment - Pesticides,3700,1047_00_01_01_44
Sediment - Pesticides,294,1702_00_00_01_02
Sediment - Pesticides,464,1140_00_00_01_02
Sediment - Pesticides,2147,169_00_00_01_02
Sediment - Pesticides,2880,169_00_00_01_02
Sediment - Pesticides,3223,169_00_00_01_02
Sediment - Pesticides,4205,169_00_00_01_02
Sediment - Pesticides,4235,169_00_00_01_02
Sediment - Pesticides,674,169_00_00_01_02
Sediment - Pesticides,2149,169_00_01_01_44
Sediment - Pesticides,3700,169_00_01_01_44
Sediment - Pesticides,2869,192_00_00_01_02
Sediment - Pesticides,3223,192_00_00_01_02
Sediment - Pesticides,4205,192_00_00_01_02
Sediment - Pesticides,4235,192_00_00_01_02
Sediment - Pesticides,674,192_00_00_01_02
Sediment - Pesticides,675,192_00_00_01_02
Sediment - Pesticides,715,192_00_00_01_02
Sediment - Pesticides,3700,192_00_01_01_44
Sediment - Pesticides,2149,206_00_00_01_02
Sediment - Pesticides,2339,206_00_00_01_02
Sediment - Pesticides,2869,206_00_00_01_02
Sediment - Pesticides,2880,206_00_00_01_02
Sediment - Pesticides,3223,206_00_00_01_02
Sediment - Pesticides,3225,206_00_00_01_02
Sediment - Pesticides,4205,206_00_00_01_02
Sediment - Pesticides,4235,206_00_00_01_02
Sediment - Pesticides,674,206_00_00_01_02
Sediment - Pesticides,675,206_00_00_01_02
Sediment - Pesticides,715,206_00_00_01_02
Sediment - Pesticides,2594,100_00_00_01_02
Sediment - Pesticides,719,206_00_00_01_02
Sediment - Pesticides,303,100_00_00_01_02
Sediment - Pesticides,4235,100_00_00_01_02
Sediment - Pesticides,3700,206_00_01_01_44
Sediment - Pesticides,4336,100_00_00_01_02
Sediment - Pesticides,2149,207_00_00_01_02
Sediment - Pesticides,2339,207_00_00_01_02
Sediment - Pesticides,2869,207_00_00_01_02
Sediment - Pesticides,2880,207_00_00_01_02
Sediment - Pesticides,3741,207_00_00_01_02
Sediment - Pesticides,4205,207_00_00_01_02
Sediment - Pesticides,4235,207_00_00_01_02
Sediment - Pesticides,674,207_00_00_01_02
Sediment - Pesticides,675,207_00_00_01_02
Sediment - Pesticides,715,207_00_00_01_02
Sediment - Pesticides,719,207_00_00_01_02
Sediment - Pesticides,4336,1929_00_00_01_02
Sediment - Pesticides,3700,207_00_01_01_44
Sediment - Pesticides,2149,260_00_00_01_02
Sediment - Pesticides,2339,260_00_00_01_02
Sediment - Pesticides,2869,260_00_00_01_02
Sediment - Pesticides,2880,260_00_00_01_02
Sediment - Pesticides,3223,260_00_00_01_02
Sediment - Pesticides,3225,260_00_00_01_02
Sediment - Pesticides,4336,1930_00_00_01_02
Sediment - Pesticides,4205,260_00_00_01_02
Sediment - Pesticides,4235,260_00_00_01_02
Sediment - Pesticides,674,260_00_00_01_02
Sediment - Pesticides,675,260_00_00_01_02
Sediment - Pesticides,715,260_00_00_01_02
Sediment - Pesticides,719,260_00_00_01_02
Sediment - Pesticides,4336,1931_00_00_01_02
Sediment - Pesticides,2149,260_00_01_01_44
Sediment - Pesticides,3700,260_00_01_01_44
Sediment - Pesticides,4235,262_00_00_01_02
Sediment - Pesticides,2059,2679_00_00_01_01
Sediment - Pesticides,2869,2679_00_00_01_01
Sediment - Pesticides,223,2679_00_00_01_02
Sediment - Pesticides,4235,2679_00_00_01_02
Sediment - Pesticides,674,2679_00_00_01_02
Sediment - Pesticides,715,2679_00_00_01_02
Sediment - Pesticides,3700,2679_00_01_01_44
Sediment - Pesticides,223,2852_00_00_01_02
Sediment - Pesticides,4336,1933_00_00_01_02
Sediment - Pesticides,2869,2852_00_00_01_02
Sediment - Pesticides,4235,2852_00_00_01_02
Sediment - Pesticides,674,2852_00_00_01_02
Sediment - Pesticides,715,2852_00_00_01_02
Sediment - Pesticides,3700,2852_00_01_01_44
Sediment - Pesticides,464,4640_00_00_01_02
Sediment - Pesticides,4235,3653_00_00_01_02
Sediment - Pesticides,4235,4117_00_00_01_02
Sediment - Pesticides,2552,1023_00_00_01_02
Sediment - Pesticides,4235,1023_00_00_01_02
Sediment - Pesticides,4336,1023_00_00_01_02
Sediment - Pesticides,294,1150_00_00_01_02
Sediment - Pesticides,464,4610_00_00_01_02
Sediment - Pesticides,254,4489_00_00_01_02
Sediment - Pesticides,4336,4489_00_00_01_02
Sediment - Pesticides,254,1165_00_00_01_02
Sediment - Pesticides,4336,1165_00_00_01_02
Sediment - Pesticides,294,3233_00_00_01_02
Sediment - Pesticides,294,3232_00_00_01_02
Sediment - Pesticides,2339,162_00_00_01_02
Sediment - Pesticides,4235,162_00_00_01_02
Sediment - Pesticides,4336,162_00_00_01_02
Sediment - Pesticides,464,1284_00_00_01_02
Sediment - Pesticides,4231,1284_00_01_01_44
Sediment - Pesticides,464,1171_00_00_01_02
Sediment - Pesticides,4231,1171_00_01_01_44
Sediment - Pesticides,2339,122_00_00_01_02
Sediment - Pesticides,4235,122_00_00_01_02
Sediment - Pesticides,4335,122_00_00_01_02
Sediment - Pesticides,2149,335_00_00_01_02
Sediment - Pesticides,2339,335_00_00_01_02
Sediment - Pesticides,2869,335_00_00_01_02
Sediment - Pesticides,2880,335_00_00_01_02
Sediment - Pesticides,3223,335_00_00_01_02
Sediment - Pesticides,3225,335_00_00_01_02
Sediment - Pesticides,4235,335_00_00_01_02
Sediment - Pesticides,674,335_00_00_01_02
Sediment - Pesticides,675,335_00_00_01_02
Sediment - Pesticides,715,335_00_00_01_02
Sediment - Pesticides,719,335_00_00_01_02
Sediment - Pesticides,3700,335_00_01_01_44
Sediment - Pesticides,4205,1042_00_00_01_02
Sediment - Pesticides,715,1042_00_00_01_02
Sediment - Pesticides,2149,1042_00_01_01_44
Sediment - Pesticides,2869,4044_00_00_01_02
Sediment - Pesticides,3223,182_00_00_01_02
Sediment - Pesticides,3225,182_00_00_01_02
Sediment - Pesticides,4205,182_00_00_01_02
Sediment - Pesticides,4235,182_00_00_01_02
Sediment - Pesticides,715,182_00_00_01_02
Sediment - Pesticides,3700n1,182_00_01_01_44
Sediment - Pesticides,3700n2,182_00_01_01_44
Sediment - Pesticides,223,2856_00_00_01_02
Sediment - Pesticides,4235,2856_00_00_01_02
Sediment - Pesticides,674,2856_00_00_01_02
Sediment - Pesticides,715,2856_00_00_01_02
Sediment - Pesticides,2869,4046_00_00_01_02
Sediment - Pesticides,3700,2856_00_01_01_44
Sediment - Pesticides,2149,227_00_00_01_02
Sediment - Pesticides,2339,227_00_00_01_02
Sediment - Pesticides,2869,227_00_00_01_02
Sediment - Pesticides,2880,227_00_00_01_02
Sediment - Pesticides,3223,227_00_00_01_02
Sediment - Pesticides,4235,227_00_00_01_02
Sediment - Pesticides,674,227_00_00_01_02
Sediment - Pesticides,675,227_00_00_01_02
Sediment - Pesticides,715,227_00_00_01_02
Sediment - Pesticides,719,227_00_00_01_02
Sediment - Pesticides,2149,227_00_01_01_44
Sediment - Pesticides,4205,1044_00_00_01_02
Sediment - Pesticides,2869,211_00_00_01_02
Sediment - Pesticides,3223,211_00_00_01_02
Sediment - Pesticides,3225,211_00_00_01_02
Sediment - Pesticides,4205,211_00_00_01_02
Sediment - Pesticides,4235,211_00_00_01_02
Sediment - Pesticides,674,211_00_00_01_02
Sediment - Pesticides,675,211_00_00_01_02
Sediment - Pesticides,715,211_00_00_01_02
Sediment - Pesticides,3700,211_00_01_01_44
Sediment - Pesticides,2149,287_00_00_01_02
Sediment - Pesticides,2869,287_00_00_01_02
Sediment - Pesticides,2880,287_00_00_01_02
Sediment - Pesticides,3223,287_00_00_01_02
Sediment - Pesticides,3225,287_00_00_01_02
Sediment - Pesticides,4205,287_00_00_01_02
Sediment - Pesticides,4235,287_00_00_01_02
Sediment - Pesticides,674,287_00_00_01_02
Sediment - Pesticides,675,287_00_00_01_02
Sediment - Pesticides,715,287_00_00_01_02
Sediment - Pesticides,719,287_00_00_01_02
Sediment - Pesticides,2149,287_00_01_01_44
Sediment - Pesticides,3700,287_00_01_01_44
Sediment - Pesticides,2149,261_00_00_01_02
Sediment - Pesticides,2339,261_00_00_01_02
Sediment - Pesticides,2869,261_00_00_01_02
Sediment - Pesticides,2880,261_00_00_01_02
Sediment - Pesticides,3223,261_00_00_01_02
Sediment - Pesticides,3225,261_00_00_01_02
Sediment - Pesticides,4205,261_00_00_01_02
Sediment - Pesticides,4235,261_00_00_01_02
Sediment - Pesticides,674,261_00_00_01_02
Sediment - Pesticides,675,261_00_00_01_02
Sediment - Pesticides,715,261_00_00_01_02
Sediment - Pesticides,719,261_00_00_01_02
Sediment - Pesticides,2149,261_00_01_01_44
Sediment - Pesticides,3700,261_00_01_01_44
Sediment - Pesticides,2149,200_00_00_01_02
Sediment - Pesticides,2339,200_00_00_01_02
Sediment - Pesticides,2869,200_00_00_01_02
Sediment - Pesticides,2880,200_00_00_01_02
Sediment - Pesticides,3223,200_00_00_01_02
Sediment - Pesticides,3225,200_00_00_01_02
Sediment - Pesticides,4205,200_00_00_01_02
Sediment - Pesticides,4235,200_00_00_01_02
Sediment - Pesticides,674,200_00_00_01_02
Sediment - Pesticides,675,200_00_00_01_02
Sediment - Pesticides,715,200_00_00_01_02
Sediment - Pesticides,719,200_00_00_01_02
Sediment - Pesticides,3700,200_00_01_01_44
Sediment - Pesticides,2149,259_00_00_01_02
Sediment - Pesticides,2339,259_00_00_01_02
Sediment - Pesticides,2869,259_00_00_01_02
Sediment - Pesticides,2880,259_00_00_01_02
Sediment - Pesticides,3223,259_00_00_01_02
Sediment - Pesticides,4205,259_00_00_01_02
Sediment - Pesticides,4235,259_00_00_01_02
Sediment - Pesticides,674,259_00_00_01_02
Sediment - Pesticides,675,259_00_00_01_02
Sediment - Pesticides,715,259_00_00_01_02
Sediment - Pesticides,719,259_00_00_01_02
Sediment - Pesticides,2149,259_00_01_01_44
Sediment - Pesticides,3700,259_00_01_01_44
Sediment - Pesticides,3223,3520_00_00_01_02
Sediment - Pesticides,3225,3520_00_00_01_02
Sediment - Pharmaceutical,464,4680_00_00_01_02
Sediment - Pharmaceutical,464,4678_00_00_01_02
Sediment - Pharmaceutical,464,4670_00_00_01_02
Sediment - Pharmaceutical,464,4683_00_00_01_02
Sediment - Pharmaceutical,464,4635_00_00_01_02
Sediment - Pharmaceutical,464,4674_00_00_01_02
Sediment - Pharmaceutical,464,4656_00_00_01_02
Sediment - Pharmaceutical,464,4686_00_00_01_02
Sediment - Pharmaceutical,464,4638_00_00_01_02
Sediment - Pharmaceutical,464,4681_00_00_01_02
Sediment - Pharmaceutical,464,4696_00_00_01_02
Sediment - Pharmaceutical,464,4682_00_00_01_02
Sediment - Pharmaceutical,464,4685_00_00_01_02
Sediment - Pharmaceutical,464,4689_00_00_01_02
Sediment - Pharmaceutical,464,4691_00_00_01_02
Sediment - Pharmaceutical,464,4672_00_00_01_02
Sediment - Pharmaceutical,464,4636_00_00_01_02
Sediment - Pharmaceutical,464,4695_00_00_01_02
Sediment - Pharmaceutical,464,4677_00_00_01_02
Sediment - Pharmaceutical,464,4655_00_00_01_02
Sediment - Pharmaceutical,464,4648_00_00_01_02
Sediment - Pharmaceutical,464,4649_00_00_01_02
Sediment - Pharmaceutical,464,4651_00_00_01_02
Sediment - Pharmaceutical,464,4652_00_00_01_02
Sediment - Pharmaceutical,464,4653_00_00_01_02
Sediment - Pharmaceutical,464,4675_00_00_01_02
Sediment - Pharmaceutical,464,4692_00_00_01_02
Sediment - Pharmaceutical,464,4730_00_00_01_02
Sediment - Pharmaceutical,4392,5417_00_00_01_02
Sediment - Pharmaceutical,4392,5418_00_00_01_01
Sediment - Pharmaceutical,464,4679_00_00_01_02
Sediment - Pharmaceutical,464,4639_00_00_01_02
Sediment - Pharmaceutical,464,4625_00_00_01_02
Sediment - Pharmaceutical,464,4631_00_00_01_02
Sediment - Pharmaceutical,464,4623_00_00_01_02
Sediment - Pharmaceutical,464,4629_00_00_01_02
Sediment - Pharmaceutical,464,4630_00_00_01_02
Sediment - Pharmaceutical,464,1193_00_00_01_02
Sediment - Pharmaceutical,464,4671_00_00_01_02
Sediment - Pharmaceutical,464,4624_00_00_01_02
Sediment - Pharmaceutical,464,4632_00_00_01_02
Sediment - Pharmaceutical,464,4592_00_00_01_02
Sediment - Pharmaceutical,464,3573_00_00_01_02
Sediment - Pharmaceutical,464,4591_00_00_01_02
Sediment - Pharmaceutical,464,4101_00_00_01_02
Sediment - Pharmaceutical,464,1241_00_00_01_02
Sediment - Pharmaceutical,464,4713_00_00_01_02
Sediment - Pharmaceutical,464,4595_00_00_01_02
Sediment - Pharmaceutical,464,4596_00_00_01_02
Sediment - Pharmaceutical,464,4597_00_00_01_02
Sediment - Pharmaceutical,464,4039_00_00_01_02
Sediment - Pharmaceutical,464,3572_00_00_01_02
Sediment - Pharmaceutical,464,4723_00_00_01_02
Sediment - Pharmaceutical,464,4627_00_00_01_02
Sediment - Pharmaceutical,464,4603_00_00_01_02
Sediment - Pharmaceutical,464,4724_00_00_01_02
Sediment - Pharmaceutical,464,4628_00_00_01_02
Sediment - Pharmaceutical,464,4725_00_00_01_02
Sediment - Pharmaceutical,464,1242_00_00_01_02
Sediment - Pharmaceutical,464,1247_00_00_01_02
Sediment - Pharmaceutical,464,4726_00_00_01_02
Sediment - Pharmaceutical,464,4090_00_00_01_02
Sediment - Pharmaceutical,464,4676_00_00_01_02
Sediment - Pharmaceutical,464,1243_00_00_01_02
Sediment - Pharmaceutical,464,3607_00_00_01_02
Sediment - Pharmaceutical,464,4654_00_00_01_02
Sediment - Pharmaceutical,464,3608_00_00_01_02
Sediment - Pharmaceutical,464,4626_00_00_01_02
Sediment - Pharmaceutical,464,1235_00_00_01_02
Sediment - Pharmaceutical,464,4604_00_00_01_02
Sediment - Pharmaceutical,464,4727_00_00_01_02
Sediment - Pharmaceutical,464,4734_00_00_01_02
Sediment - Pharmaceutical,464,4728_00_00_01_02
Sediment - Pharmaceutical,464,4633_00_00_01_02
Sediment - Pharmaceutical,464,4729_00_00_01_02
Sediment - Pharmaceutical,464,3611_00_00_01_02
Sediment - Pharmaceutical,464,3614_00_00_01_02
Sediment - Pharmaceutical,464,1244_00_00_01_02
Sediment - Pharmaceutical,464,3615_00_00_01_02
Sediment - Pharmaceutical,464,4093_00_00_01_02
Sediment - Pharmaceutical,464,4607_00_00_01_02
Sediment - Pharmaceutical,464,3616_00_00_01_02
Sediment - Pharmaceutical,464,4650_00_00_01_02
Sediment - Pharmaceutical,464,3618_00_00_01_02
Sediment - Pharmaceutical,464,4684_00_00_01_02
Sediment - Pharmaceutical,464,4608_00_00_01_02
Sediment - Pharmaceutical,464,4609_00_00_01_02
Sediment - Pharmaceutical,464,4687_00_00_01_02
Sediment - Pharmaceutical,464,4688_00_00_01_02
Sediment - Pharmaceutical,464,4731_00_00_01_02
Sediment - Pharmaceutical,464,3612_00_00_01_02
Sediment - Pharmaceutical,464,4091_00_00_01_02
Sediment - Pharmaceutical,464,4690_00_00_01_02
Sediment - Pharmaceutical,464,3598_00_00_01_02
Sediment - Pharmaceutical,464,3578_00_00_01_02
Sediment - Pharmaceutical,464,3600_00_00_01_02
Sediment - Pharmaceutical,464,3582_00_00_01_02
Sediment - Pharmaceutical,464,3595_00_00_01_02
Sediment - Pharmaceutical,464,3593_00_00_01_02
Sediment - Pharmaceutical,464,3579_00_00_01_02
Sediment - Pharmaceutical,464,4097_00_00_01_02
Sediment - Pharmaceutical,464,3581_00_00_01_02
Sediment - Pharmaceutical,464,4716_00_00_01_02
Sediment - Pharmaceutical,464,4732_00_00_01_02
Sediment - Pharmaceutical,464,3619_00_00_01_02
Sediment - Pharmaceutical,464,3570_00_00_01_02
Sediment - Pharmaceutical,464,4611_00_00_01_02
Sediment - Pharmaceutical,464,4717_00_00_01_02
Sediment - Pharmaceutical,464,3302_00_00_01_02
Sediment - Pharmaceutical,464,4733_00_00_01_02
Sediment - Pharmaceutical,464,4658_00_00_01_02
Sediment - Pharmaceutical,464,4673_00_00_01_02
Sediment - Pharmaceutical,464,4657_00_00_01_02
Sediment - Pharmaceutical,464,4637_00_00_01_02
Sediment - Physical,4265,962_00_00_01_01
Sediment - Physical,1838,966_00_00_01_01
Sediment - Physical,689,5426_00_00_01_01
Sediment - Physical,2873,3043_00_00_01_01
Sediment - Physical,689,3055_00_00_01_01
Sediment - Physical,4257,5045_00_00_01_01
Sediment - Physical,1199,687_00_00_01_29
Sediment - Physical,2224,769_00_00_01_01
Sediment - Physical,2222,771_00_00_01_01
Sediment - Physical,2223,772_00_00_01_01
Sediment - Physical,4374,9266_00_00_01_01
Sediment - Physical,689,959_00_00_01_01
Sediment - Physical,689,960_00_00_01_01
Sediment - Physical,689,961_00_00_01_01
Sediment - Physical,2254,966_00_00_01_01
Sediment - Physical,2698,966_00_00_01_01
Sediment - Physical,3580,966_00_00_01_01
Sediment - Radiocontrast agent,464,4714_00_00_01_02
Sediment - Radiocontrast agent,464,4715_00_00_01_02
Sediment - Radionuclides,4478,466_00_00_01_06
Sediment - Radionuclides,4478,2150_00_00_01_06
Sediment - Radionuclides,4478,741_00_00_01_06
Sediment - Radionuclides,4478,682_00_00_01_06
Sediment - Radionuclides,1253,466_00_00_01_06
Sediment - Radionuclides,1253,682_00_00_01_06
Sediment - Radionuclides,1253,741_00_00_01_06
Sediment - Substituted Diphenylamine Antioxidants (sDPA),4229,4924_00_01_01_44
Sediment - Substituted Diphenylamine Antioxidants (sDPA),4229,4925_00_01_01_44
Sediment - Substituted Diphenylamine Antioxidants (sDPA),4229,4926_00_01_01_44
Sediment - Substituted Diphenylamine Antioxidants (sDPA),4229,4927_00_01_01_44
Sediment - Substituted Diphenylamine Antioxidants (sDPA),4229,4928_00_01_01_44
Sediment - Substituted Diphenylamine Antioxidants (sDPA),4229,4929_00_01_01_44
Sediment - Substituted Diphenylamine Antioxidants (sDPA),4229,4930_00_01_01_44
Sediment - Substituted Diphenylamine Antioxidants (sDPA),4229,4931_00_01_01_44
Sediment - Substituted Diphenylamine Antioxidants (sDPA),4229,4932_00_01_01_44
Sediment - Substituted Diphenylamine Antioxidants (sDPA),4229,4933_00_01_01_44
Sediment - Substituted Diphenylamine Antioxidants (sDPA),4229,4934_00_01_01_44
Sediment - Substituted Diphenylamine Antioxidants (sDPA),4229,4935_00_01_01_44
Sediment - Substituted Diphenylamine Antioxidants (sDPA),4229,4936_00_01_01_44
Sediment - Substituted Diphenylamine Antioxidants (sDPA),4229,4937_00_01_01_44
Sediment - Substituted Diphenylamine Antioxidants (sDPA),4229,4938_00_01_01_44
Sediment - Substituted Diphenylamine Antioxidants (sDPA),4229,4939_00_01_01_44
Sediment - Substituted Diphenylamine Antioxidants (sDPA),4229,4940_00_01_01_44
Sediment - Substituted Diphenylamine Antioxidants (sDPA),4229,4941_00_01_01_44
Sediment - Substituted Diphenylamine Antioxidants (sDPA),4229,4942_00_01_01_44
Sediment - Substituted Diphenylamine Antioxidants (sDPA),4229,4943_00_01_01_44
Sediment - Substituted Diphenylamine Antioxidants (sDPA),4229,4944_00_01_01_44
Sediment - Substituted Diphenylamine Antioxidants (sDPA),4229,4945_00_01_01_44
Sediment - Sulphur,3008,3353_00_00_01_02
Sediment - Sulphur,3559,3353_00_00_01_02
Sediment - Sulphur,690,50_00_00_01_01
Sediment - Surrogate,4301,3907_00_00_01_01
Sediment - Surrogate,4447,3642_00_00_01_01
Sediment - Surrogate,4447,1428_00_00_01_01
Sediment - Surrogate,4394,4580_00_00_01_01
Sediment - Surrogate,4406,3804_00_00_01_01
Sediment - Surrogate,4301,2091_00_00_01_01
Sediment - Surrogate,846,5326_00_00_01_01
Sediment - Surrogate,4447,1426_00_00_01_01
Sediment - Surrogate,4389,2859_00_00_01_01
Sediment - Surrogate,4447,1425_00_00_01_01
Sediment - Surrogate,4447,1505_00_00_01_01
Sediment - Surrogate,4301,2090_00_00_01_01
Sediment - Surrogate,4447,3037_00_00_01_01
Sediment - Surrogate,4447,3040_00_00_01_01
Sediment - Surrogate,4301,2093_00_00_01_01
Sediment - Surrogate,4405,1518_00_00_01_01
Sediment - Surrogate,4437,4923_00_00_01_01
Sediment - Surrogate,4405,1521_00_00_01_01
Sediment - Surrogate,4406,1495_00_00_01_01
Sediment - Surrogate,4406,3793_00_00_01_01
Sediment - Surrogate,4301,3906_00_00_01_01
Sediment - Surrogate,4406,1497_00_00_01_01
Sediment - Surrogate,4406,3789_00_00_01_01
Sediment - Surrogate,4394,1517_00_00_01_01
Sediment - Surrogate,4406,3794_00_00_01_01
Sediment - Surrogate,4301,3911_00_00_01_01
Sediment - Surrogate,4406,3806_00_00_01_01
Sediment - Surrogate,846,5327_00_00_01_01
Sediment - Surrogate,846,5325_00_00_01_01
Sediment - Surrogate,4405,4585_00_00_01_01
Sediment - Surrogate,4405,4586_00_00_01_01
Sediment - Surrogate,4437,4920_00_00_01_01
Sediment - Surrogate,4301,3912_00_00_01_01
Sediment - Surrogate,4406,3790_00_00_01_01
Sediment - Surrogate,4406,3783_00_00_01_01
Sediment - Surrogate,846,5390_00_00_01_01
Sediment - Surrogate,4405,1520_00_00_01_01
Sediment - Surrogate,4405,1525_00_00_01_01
Sediment - Surrogate,4405,4582_00_00_01_01
Sediment - Surrogate,4406,10068_00_00_01_01
Sediment - Surrogate,4406,3800_00_00_01_01
Sediment - Surrogate,4335,2160_00_00_01_01
Sediment - Surrogate,4394,1521_00_00_01_01
Sediment - Surrogate,4406,3788_00_00_01_01
Sediment - Surrogate,4406,3795_00_00_01_01
Sediment - Surrogate,4437,4922_00_00_01_01
Sediment - Surrogate,846,5389_00_00_01_01
Sediment - Surrogate,4406,3799_00_00_01_01
Sediment - Surrogate,4406,3801_00_00_01_01
Sediment - Surrogate,4394,1518_00_00_01_01
Sediment - Surrogate,3701,3516_00_00_01_01
Sediment - Surrogate,4405,4580_00_00_01_01
Sediment - Surrogate,4406,3798_00_00_01_01
Sediment - Surrogate,4437,4914_00_00_01_01
Sediment - Surrogate,4394,4581_00_00_01_01
Sediment - Surrogate,4406,3786_00_00_01_01
Sediment - Surrogate,4437,4919_00_00_01_01
Sediment - Surrogate,4389,2858_00_00_01_01
Sediment - Surrogate,4394,1520_00_00_01_01
Sediment - Surrogate,4394,1525_00_00_01_01
Sediment - Surrogate,4405,4584_00_00_01_01
Sediment - Surrogate,4406,10075_00_00_01_01
Sediment - Surrogate,4405,4583_00_00_01_01
Sediment - Surrogate,4437,4913_00_00_01_01
Sediment - Surrogate,4394,1524_00_00_01_01
Sediment - Surrogate,4405,4581_00_00_01_01
Sediment - Surrogate,4405,1523_00_00_01_01
Sediment - Surrogate,4406,3796_00_00_01_01
Sediment - Surrogate,4336,5287_00_00_01_01
Sediment - Surrogate,4406,3785_00_00_01_01
Sediment - Surrogate,4389,42_00_00_01_01
Sediment - Surrogate,4405,1503_00_00_01_01
Sediment - Surrogate,846,5328_00_00_01_01
Sediment - Surrogate,4405,1522_00_00_01_01
Sediment - Surrogate,4406,3803_00_00_01_01
Sediment - Surrogate,4437,4917_00_00_01_01
Sediment - Surrogate,4394,2106_00_00_01_01
Sediment - Surrogate,4406,3791_00_00_01_01
Sediment - Surrogate,4406,3797_00_00_01_01
Sediment - Surrogate,4389,1449_00_00_01_01
Sediment - Surrogate,4406,3802_00_00_01_01
Sediment - Surrogate,4406,3805_00_00_01_01
Sediment - Surrogate,4437,4915_00_00_01_01
Sediment - Surrogate,4405,1517_00_00_01_01
Sediment - Surrogate,4406,3787_00_00_01_01
Sediment - Surrogate,4405,1524_00_00_01_01
Sediment - Surrogate,4406,10074_00_00_01_01
Sediment - Surrogate,4406,1496_00_00_01_01
Sediment - Surrogate,4406,1499_00_00_01_01
Sediment - Surrogate,4406,3784_00_00_01_01
Sediment - Surrogate,4406,3792_00_00_01_01
Sediment - Surrogate,723,5278_00_00_01_01
Sediment - Surrogate,4389,2857_00_00_01_01
Sediment - Surrogate,4389,4452_00_00_01_01
Sediment - Surrogate,4204,10079_00_00_01_01
Sediment - Surrogate,4204,10080_00_00_01_01
Sediment - Surrogate,4204,10083_00_00_01_01
Sediment - Surrogate,1194,10239_00_00_01_01
Sediment - Surrogate,1194,10240_00_00_01_01
Sediment - Surrogate,1194,10241_00_00_01_01
Sediment - Surrogate,1194,10242_00_00_01_01
Sediment - Surrogate,1194,10243_00_00_01_01
Sediment - Surrogate,3225,1043_00_00_01_02
Sediment - Surrogate,200,1156_00_00_01_01
Sediment - Surrogate,4199,1156_00_00_01_01
Sediment - Surrogate,4208,1156_00_00_01_01
Sediment - Surrogate,693,1156_00_00_01_01
Sediment - Surrogate,195,1286_00_00_01_01
Sediment - Surrogate,3222,1424_00_00_01_01
Sediment - Surrogate,4204,1424_00_00_01_01
Sediment - Surrogate,4208,1424_00_00_01_01
Sediment - Surrogate,674,1424_00_00_01_01
Sediment - Surrogate,200,1425_00_00_01_01
Sediment - Surrogate,4208,1425_00_00_01_01
Sediment - Surrogate,693,1425_00_00_01_01
Sediment - Surrogate,200,1426_00_00_01_01
Sediment - Surrogate,3222,1426_00_00_01_01
Sediment - Surrogate,4208,1426_00_00_01_01
Sediment - Surrogate,674,1426_00_00_01_01
Sediment - Surrogate,693,1426_00_00_01_01
Sediment - Surrogate,3222,1427_00_00_01_01
Sediment - Surrogate,4208,1427_00_00_01_01
Sediment - Surrogate,674,1427_00_00_01_01
Sediment - Surrogate,693n1,1427_00_00_01_01
Sediment - Surrogate,693n2,1427_00_00_01_01
Sediment - Surrogate,4208,1428_00_00_01_01
Sediment - Surrogate,693n1,1428_00_00_01_01
Sediment - Surrogate,693n2,1428_00_00_01_01
Sediment - Surrogate,4231,1438_00_00_01_01
Sediment - Surrogate,3029,1439_00_00_01_01
Sediment - Surrogate,3223,1449_00_00_01_01
Sediment - Surrogate,464,1486_00_00_01_01
Sediment - Surrogate,674,1491_00_00_01_01
Sediment - Surrogate,693n1,1491_00_00_01_01
Sediment - Surrogate,693n2,1491_00_00_01_01
Sediment - Surrogate,713,1494_00_00_01_01
Sediment - Surrogate,713,1495_00_00_01_01
Sediment - Surrogate,713,1496_00_00_01_01
Sediment - Surrogate,713,1497_00_00_01_01
Sediment - Surrogate,308,1498_00_00_01_01
Sediment - Surrogate,713,1499_00_00_01_01
Sediment - Surrogate,713,1500_00_00_01_01
Sediment - Surrogate,713,1501_00_00_01_01
Sediment - Surrogate,714,1503_00_00_01_01
Sediment - Surrogate,200,1505_00_00_01_01
Sediment - Surrogate,3222,1505_00_00_01_01
Sediment - Surrogate,674,1505_00_00_01_01
Sediment - Surrogate,693,1505_00_00_01_01
Sediment - Surrogate,714,1517_00_00_01_01
Sediment - Surrogate,714,1518_00_00_01_01
Sediment - Surrogate,714,1520_00_00_01_01
Sediment - Surrogate,714,1521_00_00_01_01
Sediment - Surrogate,714,1522_00_00_01_01
Sediment - Surrogate,714,1523_00_00_01_01
Sediment - Surrogate,714,1524_00_00_01_01
Sediment - Surrogate,714,1525_00_00_01_01
Sediment - Surrogate,3221,1636_00_00_01_01
Sediment - Surrogate,3221,1638_00_00_01_01
Sediment - Surrogate,3221,1640_00_00_01_01
Sediment - Surrogate,3701,1640_00_00_01_01
Sediment - Surrogate,3221,1641_00_00_01_01
Sediment - Surrogate,715,1911_00_00_01_01
Sediment - Surrogate,3701,1963_00_00_01_01
Sediment - Surrogate,4228,1963_00_00_01_01
Sediment - Surrogate,723,1963_00_00_01_01
Sediment - Surrogate,3701,1964_00_00_01_01
Sediment - Surrogate,723,1964_00_00_01_01
Sediment - Surrogate,3701,1965_00_00_01_01
Sediment - Surrogate,4228,1965_00_00_01_01
Sediment - Surrogate,846,1978_00_00_01_01
Sediment - Surrogate,846,1979_00_00_01_01
Sediment - Surrogate,846,1980_00_00_01_01
Sediment - Surrogate,846,1981_00_00_01_01
Sediment - Surrogate,846,1982_00_00_01_01
Sediment - Surrogate,846,1983_00_00_01_01
Sediment - Surrogate,846,1984_00_00_01_01
Sediment - Surrogate,4320,2061_00_00_01_01
Sediment - Surrogate,716,2061_00_00_01_01
Sediment - Surrogate,4320,2062_00_00_01_01
Sediment - Surrogate,716,2062_00_00_01_01
Sediment - Surrogate,4320,2063_00_00_01_01
Sediment - Surrogate,716,2063_00_00_01_01
Sediment - Surrogate,4320,2064_00_00_01_01
Sediment - Surrogate,716,2064_00_00_01_01
Sediment - Surrogate,4320,2065_00_00_01_01
Sediment - Surrogate,716,2065_00_00_01_01
Sediment - Surrogate,4320,2066_00_00_01_01
Sediment - Surrogate,716,2066_00_00_01_01
Sediment - Surrogate,4320,2067_00_00_01_01
Sediment - Surrogate,716,2067_00_00_01_01
Sediment - Surrogate,4320,2069_00_00_01_01
Sediment - Surrogate,716,2069_00_00_01_01
Sediment - Surrogate,4320,2070_00_00_01_01
Sediment - Surrogate,716,2070_00_00_01_01
Sediment - Surrogate,716,2071_00_00_01_01
Sediment - Surrogate,716,2075_00_00_01_01
Sediment - Surrogate,716,2076_00_00_01_01
Sediment - Surrogate,716,2077_00_00_01_01
Sediment - Surrogate,716,2078_00_00_01_01
Sediment - Surrogate,716,2079_00_00_01_01
Sediment - Surrogate,716,2080_00_00_01_01
Sediment - Surrogate,4320,2081_00_00_01_01
Sediment - Surrogate,716,2081_00_00_01_01
Sediment - Surrogate,715,2083_00_00_01_01
Sediment - Surrogate,715,2085_00_00_01_01
Sediment - Surrogate,716,2145_00_00_01_01
Sediment - Surrogate,716,2146_00_00_01_01
Sediment - Surrogate,716,2147_00_00_01_01
Sediment - Surrogate,716,2148_00_00_01_01
Sediment - Surrogate,3029,2365_00_00_01_01
Sediment - Surrogate,2059,243_00_00_01_01
Sediment - Surrogate,2869,243_00_00_01_01
Sediment - Surrogate,2059,247_00_00_01_01
Sediment - Surrogate,2869,247_00_00_01_01
Sediment - Surrogate,4235,2853_00_00_01_01
Sediment - Surrogate,3223,2857_00_00_01_01
Sediment - Surrogate,4205,2857_00_00_01_01
Sediment - Surrogate,715,2857_00_00_01_01
Sediment - Surrogate,3223,2858_00_00_01_01
Sediment - Surrogate,4205,2858_00_00_01_01
Sediment - Surrogate,715,2858_00_00_01_01
Sediment - Surrogate,200,3037_00_00_01_01
Sediment - Surrogate,2869,3037_00_00_01_01
Sediment - Surrogate,2880,3037_00_00_01_01
Sediment - Surrogate,4208,3037_00_00_01_01
Sediment - Surrogate,693,3037_00_00_01_01
Sediment - Surrogate,2869,3038_00_00_01_01
Sediment - Surrogate,2880,3038_00_00_01_01
Sediment - Surrogate,2869,3039_00_00_01_01
Sediment - Surrogate,2880,3039_00_00_01_01
Sediment - Surrogate,3222,3039_00_00_01_01
Sediment - Surrogate,4204,3039_00_00_01_01
Sediment - Surrogate,2869,3040_00_00_01_01
Sediment - Surrogate,2880,3040_00_00_01_01
Sediment - Surrogate,3222,3040_00_00_01_01
Sediment - Surrogate,4208,3040_00_00_01_01
Sediment - Surrogate,674,3040_00_00_01_01
Sediment - Surrogate,693n1,3040_00_00_01_01
Sediment - Surrogate,693n2,3040_00_00_01_01
Sediment - Surrogate,4235,3234_00_00_01_01
Sediment - Surrogate,4235,3235_00_00_01_01
Sediment - Surrogate,4235,3236_00_00_01_01
Sediment - Surrogate,4335,3236_00_00_01_01
Sediment - Surrogate,4235,3237_00_00_01_01
Sediment - Surrogate,4235,3238_00_00_01_01
Sediment - Surrogate,4235,3240_00_00_01_01
Sediment - Surrogate,4235,3241_00_00_01_01
Sediment - Surrogate,4235,3242_00_00_01_01
Sediment - Surrogate,4235,3243_00_00_01_01
Sediment - Surrogate,4235,3244_00_00_01_01
Sediment - Surrogate,4235,3246_00_00_01_01
Sediment - Surrogate,4235,3247_00_00_01_01
Sediment - Surrogate,4235,3249_00_00_01_01
Sediment - Surrogate,4235,3251_00_00_01_01
Sediment - Surrogate,4235,3252_00_00_01_01
Sediment - Surrogate,4235,3253_00_00_01_01
Sediment - Surrogate,715,3255_00_00_01_01
Sediment - Surrogate,4235,3256_00_00_01_01
Sediment - Surrogate,4235,3259_00_00_01_01
Sediment - Surrogate,4235,3260_00_00_01_01
Sediment - Surrogate,4235,3261_00_00_01_01
Sediment - Surrogate,715,3266_00_00_01_01
Sediment - Surrogate,715,3267_00_00_01_01
Sediment - Surrogate,715,3268_00_00_01_01
Sediment - Surrogate,715,3269_00_00_01_01
Sediment - Surrogate,715,3270_00_00_01_01
Sediment - Surrogate,715,3271_00_00_01_01
Sediment - Surrogate,715,3272_00_00_01_01
Sediment - Surrogate,715,3273_00_00_01_01
Sediment - Surrogate,715,3274_00_00_01_01
Sediment - Surrogate,715,3275_00_00_01_01
Sediment - Surrogate,715,3276_00_00_01_01
Sediment - Surrogate,715,3277_00_00_01_01
Sediment - Surrogate,715,3278_00_00_01_01
Sediment - Surrogate,715,3279_00_00_01_01
Sediment - Surrogate,715,3280_00_00_01_01
Sediment - Surrogate,715,3281_00_00_01_01
Sediment - Surrogate,715,3282_00_00_01_01
Sediment - Surrogate,723,3295_00_00_01_01
Sediment - Surrogate,4228,3296_00_00_01_01
Sediment - Surrogate,723,3296_00_00_01_01
Sediment - Surrogate,723,3297_00_00_01_01
Sediment - Surrogate,4228,3298_00_00_01_01
Sediment - Surrogate,723,3298_00_00_01_01
Sediment - Surrogate,723,3299_00_00_01_01
Sediment - Surrogate,464,3303_00_00_01_01
Sediment - Surrogate,464,3304_00_00_01_01
Sediment - Surrogate,464,3305_00_00_01_01
Sediment - Surrogate,464,3306_00_00_01_01
Sediment - Surrogate,464,3307_00_00_01_01
Sediment - Surrogate,464,3308_00_00_01_01
Sediment - Surrogate,464,3309_00_00_01_01
Sediment - Surrogate,464,3310_00_00_01_01
Sediment - Surrogate,464,3311_00_00_01_01
Sediment - Surrogate,464,3312_00_00_01_01
Sediment - Surrogate,464,3313_00_00_01_01
Sediment - Surrogate,464,3314_00_00_01_01
Sediment - Surrogate,464,3315_00_00_01_01
Sediment - Surrogate,464,3316_00_00_01_01
Sediment - Surrogate,464,3317_00_00_01_01
Sediment - Surrogate,464,3318_00_00_01_01
Sediment - Surrogate,195,3641_00_00_01_01
Sediment - Surrogate,3222,3641_00_00_01_01
Sediment - Surrogate,674,3641_00_00_01_01
Sediment - Surrogate,4208,3642_00_00_01_01
Sediment - Surrogate,693n1,3642_00_00_01_01
Sediment - Surrogate,693n2,3642_00_00_01_01
Sediment - Surrogate,4208,3643_00_00_01_01
Sediment - Surrogate,693n1,3643_00_00_01_01
Sediment - Surrogate,693n2,3643_00_00_01_01
Sediment - Surrogate,4235,3681_00_00_01_01
Sediment - Surrogate,4231,3702_00_00_01_01
Sediment - Surrogate,3222,3758_00_00_01_01
Sediment - Surrogate,4208,3758_00_00_01_01
Sediment - Surrogate,674,3758_00_00_01_01
Sediment - Surrogate,4208,3759_00_00_01_01
Sediment - Surrogate,4208,3760_00_00_01_01
Sediment - Surrogate,693n1,3760_00_00_01_01
Sediment - Surrogate,693n2,3760_00_00_01_01
Sediment - Surrogate,4208,3761_00_00_01_01
Sediment - Surrogate,693n1,3761_00_00_01_01
Sediment - Surrogate,693n2,3761_00_00_01_01
Sediment - Surrogate,4208,3762_00_00_01_01
Sediment - Surrogate,693n1,3762_00_00_01_01
Sediment - Surrogate,693n2,3762_00_00_01_01
Sediment - Surrogate,4208,3763_00_00_01_01
Sediment - Surrogate,693n1,3763_00_00_01_01
Sediment - Surrogate,693n2,3763_00_00_01_01
Sediment - Surrogate,195,3764_00_00_01_01
Sediment - Surrogate,3222,3764_00_00_01_01
Sediment - Surrogate,4208,3764_00_00_01_01
Sediment - Surrogate,713,3783_00_00_01_01
Sediment - Surrogate,713,3784_00_00_01_01
Sediment - Surrogate,713,3785_00_00_01_01
Sediment - Surrogate,713,3786_00_00_01_01
Sediment - Surrogate,713,3787_00_00_01_01
Sediment - Surrogate,713,3788_00_00_01_01
Sediment - Surrogate,713,3789_00_00_01_01
Sediment - Surrogate,713,3790_00_00_01_01
Sediment - Surrogate,713,3791_00_00_01_01
Sediment - Surrogate,713,3792_00_00_01_01
Sediment - Surrogate,713,3793_00_00_01_01
Sediment - Surrogate,713,3794_00_00_01_01
Sediment - Surrogate,713,3795_00_00_01_01
Sediment - Surrogate,713,3796_00_00_01_01
Sediment - Surrogate,713,3797_00_00_01_01
Sediment - Surrogate,713,3798_00_00_01_01
Sediment - Surrogate,713,3799_00_00_01_01
Sediment - Surrogate,713,3800_00_00_01_01
Sediment - Surrogate,308,3801_00_00_01_01
Sediment - Surrogate,713,3801_00_00_01_01
Sediment - Surrogate,713,3802_00_00_01_01
Sediment - Surrogate,308,3803_00_00_01_01
Sediment - Surrogate,713,3803_00_00_01_01
Sediment - Surrogate,308,3804_00_00_01_01
Sediment - Surrogate,713,3804_00_00_01_01
Sediment - Surrogate,308,3805_00_00_01_01
Sediment - Surrogate,713,3805_00_00_01_01
Sediment - Surrogate,713,3806_00_00_01_01
Sediment - Surrogate,674,3906_00_00_01_01
Sediment - Surrogate,674,3907_00_00_01_01
Sediment - Surrogate,674,3908_00_00_01_01
Sediment - Surrogate,674,3909_00_00_01_01
Sediment - Surrogate,674,3910_00_00_01_01
Sediment - Surrogate,674,3911_00_00_01_01
Sediment - Surrogate,674,3912_00_00_01_01
Sediment - Surrogate,1194,3941_00_00_01_01
Sediment - Surrogate,4231,3943_00_00_01_01
Sediment - Surrogate,3223,42_00_00_01_01
Sediment - Surrogate,4205,42_00_00_01_01
Sediment - Surrogate,4235,42_00_00_01_01
Sediment - Surrogate,4203,4426_00_00_01_01
Sediment - Surrogate,4203,4427_00_00_01_01
Sediment - Surrogate,4203,4428_00_00_01_01
Sediment - Surrogate,4203,4429_00_00_01_01
Sediment - Surrogate,4203,4430_00_00_01_01
Sediment - Surrogate,4203,4431_00_00_01_01
Sediment - Surrogate,4203,4432_00_00_01_01
Sediment - Surrogate,4204,4445_00_00_01_01
Sediment - Surrogate,4204,4446_00_00_01_01
Sediment - Surrogate,3223,4452_00_00_01_01
Sediment - Surrogate,4205,4452_00_00_01_01
Sediment - Surrogate,3223,4453_00_00_01_01
Sediment - Surrogate,4205,4453_00_00_01_01
Sediment - Surrogate,254,4492_00_00_01_01
Sediment - Surrogate,3701,4569_00_00_01_01
Sediment - Surrogate,3701,4570_00_00_01_01
Sediment - Surrogate,3221,4571_00_00_01_01
Sediment - Surrogate,3701,4571_00_00_01_01
Sediment - Surrogate,3701,4572_00_00_01_01
Sediment - Surrogate,3701,4573_00_00_01_01
Sediment - Surrogate,3701,4574_00_00_01_01
Sediment - Surrogate,3701,4575_00_00_01_01
Sediment - Surrogate,3701,4576_00_00_01_01
Sediment - Surrogate,3221,4577_00_00_01_01
Sediment - Surrogate,3701,4577_00_00_01_01
Sediment - Surrogate,3701,4578_00_00_01_01
Sediment - Surrogate,3701,4579_00_00_01_01
Sediment - Surrogate,714,4580_00_00_01_01
Sediment - Surrogate,714,4581_00_00_01_01
Sediment - Surrogate,714,4582_00_00_01_01
Sediment - Surrogate,714,4583_00_00_01_01
Sediment - Surrogate,714,4584_00_00_01_01
Sediment - Surrogate,714,4585_00_00_01_01
Sediment - Surrogate,714,4586_00_00_01_01
Sediment - Surrogate,464,4613_00_00_01_01
Sediment - Surrogate,464,4614_00_00_01_01
Sediment - Surrogate,464,4615_00_00_01_01
Sediment - Surrogate,464,4616_00_00_01_01
Sediment - Surrogate,464,4617_00_00_01_01
Sediment - Surrogate,464,4618_00_00_01_01
Sediment - Surrogate,464,4619_00_00_01_01
Sediment - Surrogate,464,4620_00_00_01_01
Sediment - Surrogate,464,4621_00_00_01_01
Sediment - Surrogate,464n1,4622_00_00_01_01
Sediment - Surrogate,464n2,4622_00_00_01_01
Sediment - Surrogate,464,4641_00_00_01_01
Sediment - Surrogate,464,4642_00_00_01_01
Sediment - Surrogate,464,4643_00_00_01_01
Sediment - Surrogate,4231,4646_00_00_01_01
Sediment - Surrogate,464,4646_00_00_01_01
Sediment - Surrogate,464,4647_00_00_01_01
Sediment - Surrogate,464,4659_00_00_01_01
Sediment - Surrogate,464,4660_00_00_01_01
Sediment - Surrogate,464,4661_00_00_01_01
Sediment - Surrogate,464,4662_00_00_01_01
Sediment - Surrogate,464,4663_00_00_01_01
Sediment - Surrogate,464,4664_00_00_01_01
Sediment - Surrogate,464,4665_00_00_01_01
Sediment - Surrogate,464,4666_00_00_01_01
Sediment - Surrogate,464,4667_00_00_01_01
Sediment - Surrogate,464,4668_00_00_01_01
Sediment - Surrogate,464,4669_00_00_01_01
Sediment - Surrogate,464,4697_00_00_01_01
Sediment - Surrogate,464,4698_00_00_01_01
Sediment - Surrogate,464,4699_00_00_01_01
Sediment - Surrogate,464,4700_00_00_01_01
Sediment - Surrogate,464,4701_00_00_01_01
Sediment - Surrogate,464,4702_00_00_01_01
Sediment - Surrogate,464,4703_00_00_01_01
Sediment - Surrogate,464,4704_00_00_01_01
Sediment - Surrogate,464,4705_00_00_01_01
Sediment - Surrogate,464,4706_00_00_01_01
Sediment - Surrogate,464,4707_00_00_01_01
Sediment - Surrogate,464,4708_00_00_01_01
Sediment - Surrogate,464,4709_00_00_01_01
Sediment - Surrogate,464,4710_00_00_01_01
Sediment - Surrogate,464,4711_00_00_01_01
Sediment - Surrogate,464,4712_00_00_01_01
Sediment - Surrogate,464,4735_00_00_01_01
Sediment - Surrogate,464,4736_00_00_01_01
Sediment - Surrogate,464,4737_00_00_01_01
Sediment - Surrogate,464,4738_00_00_01_01
Sediment - Surrogate,464,4739_00_00_01_01
Sediment - Surrogate,464,4740_00_00_01_01
Sediment - Surrogate,464,4741_00_00_01_01
Sediment - Surrogate,464,4742_00_00_01_01
Sediment - Surrogate,464,4743_00_00_01_01
Sediment - Surrogate,464,4744_00_00_01_01
Sediment - Surrogate,464,4745_00_00_01_01
Sediment - Surrogate,464,4746_00_00_01_01
Sediment - Surrogate,464,4747_00_00_01_01
Sediment - Surrogate,464,4748_00_00_01_01
Sediment - Surrogate,464,4749_00_00_01_01
Sediment - Surrogate,464,4750_00_00_01_01
Sediment - Surrogate,464,4751_00_00_01_01
Sediment - Surrogate,464,4752_00_00_01_01
Sediment - Surrogate,464,4753_00_00_01_01
Sediment - Surrogate,464,4754_00_00_01_01
Sediment - Surrogate,4320,4767_00_00_01_01
Sediment - Surrogate,716,4767_00_00_01_01
Sediment - Surrogate,716,4772_00_00_01_01
Sediment - Surrogate,716,4775_00_00_01_01
Sediment - Surrogate,308,4818_00_00_01_01
Sediment - Surrogate,308,4819_00_00_01_01
Sediment - Surrogate,845,4851_00_00_01_01
Sediment - Surrogate,845,4852_00_00_01_01
Sediment - Surrogate,4228,4853_00_00_01_01
Sediment - Surrogate,845,4853_00_00_01_01
Sediment - Surrogate,464,4864_00_00_01_01
Sediment - Surrogate,464,4865_00_00_01_01
Sediment - Surrogate,464,4866_00_00_01_01
Sediment - Surrogate,4228,4871_00_00_01_01
Sediment - Surrogate,4228,4872_00_00_01_01
Sediment - Surrogate,4228,4873_00_00_01_01
Sediment - Surrogate,4230,4913_00_00_01_01
Sediment - Surrogate,4230,4914_00_00_01_01
Sediment - Surrogate,4230,4915_00_00_01_01
Sediment - Surrogate,4230,4917_00_00_01_01
Sediment - Surrogate,4230,4919_00_00_01_01
Sediment - Surrogate,4230,4920_00_00_01_01
Sediment - Surrogate,4230,4922_00_00_01_01
Sediment - Surrogate,4230,4923_00_00_01_01
Sediment - Surrogate,4229,4946_00_00_01_01
Sediment - Surrogate,4229,4947_00_00_01_01
Sediment - Surrogate,4229,4948_00_00_01_01
Sediment - Surrogate,4229,4949_00_00_01_01
Sediment - Surrogate,4229,4950_00_00_01_01
Sediment - Surrogate,4229,4951_00_00_01_01
Sediment - Surrogate,4229,4952_00_00_01_01
Sediment - Surrogate,4229,4953_00_00_01_01
Sediment - Surrogate,4256,5038_00_00_01_01
Sediment - Surrogate,4235,5039_00_00_01_01
Sediment - Surrogate,4235,5040_00_00_01_01
Sediment - Surrogate,4235,5041_00_00_01_01
Sediment - Surrogate,4235,5042_00_00_01_01
Sediment - Surrogate,4235,5043_00_00_01_01
Sediment - Surrogate,4235,5044_00_00_01_01
Sediment - Surrogate,464,5209_00_00_01_01
Sediment - Surrogate,464,5210_00_00_01_01
Sediment - Surrogate,464,5211_00_00_01_01
Sediment - Surrogate,464,5212_00_00_01_01
Sediment - Surrogate,464,5213_00_00_01_01
Sediment - Surrogate,464,5214_00_00_01_01
Sediment - Surrogate,464,5215_00_00_01_01
Sediment - Surrogate,464,5216_00_00_01_01
Sediment - Surrogate,464,5217_00_00_01_01
Sediment - Surrogate,464,5218_00_00_01_01
Sediment - Surrogate,464,5219_00_00_01_01
Sediment - Surrogate,464,5220_00_00_01_01
Sediment - Surrogate,464,5221_00_00_01_01
Sediment - Surrogate,464,5222_00_00_01_01
Sediment - Surrogate,464,5223_00_00_01_01
Sediment - Surrogate,464,5224_00_00_01_01
Sediment - Surrogate,464,5225_00_00_01_01
Sediment - Surrogate,464,5226_00_00_01_01
Sediment - Surrogate,464,5227_00_00_01_01
Sediment - Surrogate,464,5228_00_00_01_01
Sediment - Surrogate,464,5229_00_00_01_01
Sediment - Surrogate,464,5230_00_00_01_01
Sediment - Surrogate,464,5231_00_00_01_01
Sediment - Surrogate,464,5232_00_00_01_01
Sediment - Surrogate,464,5233_00_00_01_01
Sediment - Surrogate,464,5234_00_00_01_01
Sediment - Surrogate,464,5235_00_00_01_01
Sediment - Surrogate,464,5236_00_00_01_01
Sediment - Surrogate,464,5237_00_00_01_01
Sediment - Surrogate,464,5238_00_00_01_01
Sediment - Surrogate,464,5239_00_00_01_01
Sediment - Surrogate,464,5240_00_00_01_01
Sediment - Surrogate,464,5241_00_00_01_01
Sediment - Surrogate,464,5242_00_00_01_01
Sediment - Surrogate,464,5243_00_00_01_01
Sediment - Surrogate,4320,5254_00_00_01_01
Sediment - Surrogate,4231,5282_00_00_01_01
Sediment - Surrogate,4336,5284_00_00_01_01
Sediment - Surrogate,4335,5285_00_00_01_01
Sediment - Surrogate,2059,643_00_00_01_01
Sediment - Surrogate,2869,643_00_00_01_01
Sediment - Surrogate,2059,68_00_00_01_01
Sediment - Surrogate,2869,68_00_00_01_01
Sediment - Time,4271,5050_00_00_01_49
Sediment - Time,4271,5051_00_00_01_49
Sediment - Time,4271,5052_00_00_01_49
Sediment - Tricyclical Alkaloid,464,4722_00_00_01_02
Semi-Permeable Membrane Device - Hydrocarbons,3651,311_00_00_03_14
Semi-Permeable Membrane Device - Hydrocarbons,3639,311_00_00_03_37
Semi-Permeable Membrane Device - Hydrocarbons,3651,314_00_00_03_14
Semi-Permeable Membrane Device - Hydrocarbons,3639,314_00_00_03_37
Semi-Permeable Membrane Device - Hydrocarbons,3651,2364_00_00_03_14
Semi-Permeable Membrane Device - Hydrocarbons,3639,2364_00_00_03_37
Semi-Permeable Membrane Device - Hydrocarbons,3651,292_00_00_03_14
Semi-Permeable Membrane Device - Hydrocarbons,3639,292_00_00_03_37
Semi-Permeable Membrane Device - Hydrocarbons,3651,3639_00_00_03_14
Semi-Permeable Membrane Device - Hydrocarbons,3639,3639_00_00_03_37
Semi-Permeable Membrane Device - Hydrocarbons,3651,148_00_00_03_14
Semi-Permeable Membrane Device - Hydrocarbons,3639,148_00_00_03_37
Semi-Permeable Membrane Device - Hydrocarbons,3651,3075_00_00_03_14
Semi-Permeable Membrane Device - Hydrocarbons,3639,3075_00_00_03_37
Semi-Permeable Membrane Device - Hydrocarbons,3651,3637_00_00_03_14
Semi-Permeable Membrane Device - Hydrocarbons,3639,3637_00_00_03_37
Semi-Permeable Membrane Device - Hydrocarbons,3651,219_00_00_03_14
Semi-Permeable Membrane Device - Hydrocarbons,3639,219_00_00_03_37
Semi-Permeable Membrane Device - Hydrocarbons,3651,4066_00_00_03_14
Semi-Permeable Membrane Device - Hydrocarbons,3639,4066_00_00_03_37
Semi-Permeable Membrane Device - Hydrocarbons,3651,155_00_00_03_14
Semi-Permeable Membrane Device - Hydrocarbons,3639,155_00_00_03_37
Semi-Permeable Membrane Device - Hydrocarbons,3651,204_00_00_03_14
Semi-Permeable Membrane Device - Hydrocarbons,3639,204_00_00_03_37
Semi-Permeable Membrane Device - Hydrocarbons,3651,4235_00_00_03_14
Semi-Permeable Membrane Device - Hydrocarbons,3639,4235_00_00_03_37
Semi-Permeable Membrane Device - Hydrocarbons,3651,137_00_00_03_14
Semi-Permeable Membrane Device - Hydrocarbons,3639,137_00_00_03_37
Semi-Permeable Membrane Device - Hydrocarbons,3651,132_00_00_03_14
Semi-Permeable Membrane Device - Hydrocarbons,3639,132_00_00_03_37
Semi-Permeable Membrane Device - Hydrocarbons,3651,147_00_00_03_14
Semi-Permeable Membrane Device - Hydrocarbons,3639,147_00_00_03_37
Semi-Permeable Membrane Device - Hydrocarbons,3651,3638_00_00_03_14
Semi-Permeable Membrane Device - Hydrocarbons,3639,3638_00_00_03_37
Semi-Permeable Membrane Device - Hydrocarbons,3651,1077_00_00_03_14
Semi-Permeable Membrane Device - Hydrocarbons,3639,1077_00_00_03_37
Semi-Permeable Membrane Device - Hydrocarbons,3651,3640_00_00_03_14
Semi-Permeable Membrane Device - Hydrocarbons,3639,3640_00_00_03_37
Semi-Permeable Membrane Device - Hydrocarbons,3651,4050_00_00_03_14
Semi-Permeable Membrane Device - Hydrocarbons,3639,4050_00_00_03_37
Semi-Permeable Membrane Device - Hydrocarbons,3651,212_00_00_03_14
Semi-Permeable Membrane Device - Hydrocarbons,3639,212_00_00_03_37
Semi-Permeable Membrane Device - Hydrocarbons,3651,3026_00_00_03_14
Semi-Permeable Membrane Device - Hydrocarbons,3639,3026_00_00_03_37
Semi-Permeable Membrane Device - Hydrocarbons,3651,4400_00_00_03_14
Semi-Permeable Membrane Device - Hydrocarbons,3639,4400_00_00_03_37
Semi-Permeable Membrane Device - Hydrocarbons,3651,10053_00_00_03_14
Semi-Permeable Membrane Device - Hydrocarbons,3639,10053_00_00_03_37
Semi-Permeable Membrane Device - Hydrocarbons,3651,4054_00_00_03_14
Semi-Permeable Membrane Device - Hydrocarbons,3639,4054_00_00_03_37
Semi-Permeable Membrane Device - Hydrocarbons,3651,4069_00_00_03_14
Semi-Permeable Membrane Device - Hydrocarbons,3639,4069_00_00_03_37
Semi-Permeable Membrane Device - Hydrocarbons,3651,146_00_00_03_14
Semi-Permeable Membrane Device - Hydrocarbons,3639,146_00_00_03_37
Semi-Permeable Membrane Device - Hydrocarbons,3651,4401_00_00_03_14
Semi-Permeable Membrane Device - Hydrocarbons,3639,4401_00_00_03_37
Semi-Permeable Membrane Device - Hydrocarbons,3651,4405_00_00_03_14
Semi-Permeable Membrane Device - Hydrocarbons,3639,4405_00_00_03_37
Semi-Permeable Membrane Device - Hydrocarbons,3651,4408_00_00_03_14
Semi-Permeable Membrane Device - Hydrocarbons,3639,4408_00_00_03_37
Semi-Permeable Membrane Device - Hydrocarbons,3651,4410_00_00_03_14
Semi-Permeable Membrane Device - Hydrocarbons,3639,4410_00_00_03_37
Semi-Permeable Membrane Device - Hydrocarbons,3651,303_00_00_03_14
Semi-Permeable Membrane Device - Hydrocarbons,3639,303_00_00_03_37
Semi-Permeable Membrane Device - Hydrocarbons,3651,4402_00_00_03_14
Semi-Permeable Membrane Device - Hydrocarbons,3639,4402_00_00_03_37
Semi-Permeable Membrane Device - Hydrocarbons,3651,4051_00_00_03_14
Semi-Permeable Membrane Device - Hydrocarbons,3639,4051_00_00_03_37
Semi-Permeable Membrane Device - Hydrocarbons,3651,4052_00_00_03_14
Semi-Permeable Membrane Device - Hydrocarbons,3639,4052_00_00_03_37
Semi-Permeable Membrane Device - Hydrocarbons,3651,140_00_00_03_14
Semi-Permeable Membrane Device - Hydrocarbons,3639,140_00_00_03_37
Semi-Permeable Membrane Device - Hydrocarbons,3651n1,312_00_00_03_14
Semi-Permeable Membrane Device - Hydrocarbons,3651n2,312_00_00_03_14
Semi-Permeable Membrane Device - Hydrocarbons,3639,312_00_00_03_37
Semi-Permeable Membrane Device - Hydrocarbons,3639,4048_00_00_03_37
Semi-Permeable Membrane Device - Hydrocarbons,3651,4049_00_00_03_14
Semi-Permeable Membrane Device - Hydrocarbons,3639,4049_00_00_03_37
Semi-Permeable Membrane Device - Hydrocarbons,3651,1430_00_00_03_14
Semi-Permeable Membrane Device - Hydrocarbons,3639,1430_00_00_03_37
Semi-Permeable Membrane Device - Hydrocarbons,3651,141_00_00_03_14
Semi-Permeable Membrane Device - Hydrocarbons,3639,141_00_00_03_37
Semi-Permeable Membrane Device - Hydrocarbons,3651,299_00_00_03_14
Semi-Permeable Membrane Device - Hydrocarbons,3639,299_00_00_03_37
Semi-Permeable Membrane Device - Hydrocarbons,3651,4403_00_00_03_14
Semi-Permeable Membrane Device - Hydrocarbons,3639,4403_00_00_03_37
Semi-Permeable Membrane Device - Hydrocarbons,3651,4055_00_00_03_14
Semi-Permeable Membrane Device - Hydrocarbons,3639,4055_00_00_03_37
Semi-Permeable Membrane Device - Hydrocarbons,3651,4068_00_00_03_14
Semi-Permeable Membrane Device - Hydrocarbons,3639,4068_00_00_03_37
Semi-Permeable Membrane Device - Hydrocarbons,3651,4071_00_00_03_14
Semi-Permeable Membrane Device - Hydrocarbons,3639,4071_00_00_03_37
Semi-Permeable Membrane Device - Hydrocarbons,3651,1272_00_00_03_14
Semi-Permeable Membrane Device - Hydrocarbons,3639,1272_00_00_03_37
Semi-Permeable Membrane Device - Hydrocarbons,3651,313_00_00_03_14
Semi-Permeable Membrane Device - Hydrocarbons,3639,313_00_00_03_37
Semi-Permeable Membrane Device - Hydrocarbons,3651,3635_00_00_03_14
Semi-Permeable Membrane Device - Hydrocarbons,3639,3635_00_00_03_37
Semi-Permeable Membrane Device - Hydrocarbons,3651,3636_00_00_03_14
Semi-Permeable Membrane Device - Hydrocarbons,3639,3636_00_00_03_37
Semi-Permeable Membrane Device - Hydrocarbons,3651,5053_00_00_03_14
Semi-Permeable Membrane Device - Hydrocarbons,3639,5053_00_00_03_37
Semi-Permeable Membrane Device - Hydrocarbons,3651,93_00_00_03_14
Semi-Permeable Membrane Device - Hydrocarbons,3639,93_00_00_03_37
Semi-Permeable Membrane Device - Pharmaceutical,461,4592_00_00_03_43
Semi-Permeable Membrane Device - Pharmaceutical,461,3611_00_00_03_43
Semi-Permeable Membrane Device - Surrogate,3639,10065_00_00_03_01
Semi-Permeable Membrane Device - Surrogate,3651,10079_00_00_03_14
Semi-Permeable Membrane Device - Surrogate,3639,10079_00_00_03_37
Semi-Permeable Membrane Device - Surrogate,3639,10081_00_00_03_01
Semi-Permeable Membrane Device - Surrogate,3639,3037_00_00_03_01
Semi-Permeable Membrane Device - Surrogate,3639,3039_00_00_03_01
Semi-Permeable Membrane Device - Surrogate,3639,3040_00_00_03_01
Semi-Permeable Membrane Device - Surrogate,3639,3641_00_00_03_37
Semi-Permeable Membrane Device - Surrogate,3639,3642_00_00_03_37
Semi-Permeable Membrane Device - Surrogate,3639,3643_00_00_03_01
Water - Antineoplastic agent,462,4718_00_00_00_14
Water - Antineoplastic agent,462,4720_00_00_00_14
Water - Biological,2566,433_00_00_00_27
Water - Biological,2564,690_00_00_00_14
Water - Biological,2564,417_00_00_00_14
Water - Biological,4469,414_00_00_00_14
Water - Biological,702,4383_00_00_00_14
Water - Biological,702,4387_00_00_00_14
Water - Biological,462,4499_00_00_00_14
Water - Biological,190,414_00_00_00_14
Water - Biological,198,414_00_00_00_14
Water - Biological,41,414_00_00_00_14
Water - Biological,492,414_00_00_00_14
Water - Biological,492,415_00_00_00_14
Water - Biological,196,417_00_00_00_14
Water - Biological,190,421_00_00_00_14
Water - Biological,4435,2042_00_00_00_14
Water - Biological,35,4541_00_00_00_14
Water - Biological,641,4813_00_00_00_25
Water - Biological,10134,1613_00_00_00_08
Water - Biological,449,1613_00_00_00_08
Water - Biological,702,4381_00_00_00_14
Water - Biological,1431,384_00_00_00_27
Water - Biological,1431,382_00_00_00_27
Water - Biological,4435,1218_00_00_00_14
Water - Biological,4454,5733_00_00_00_14
Water - Biological,4435,2049_00_00_00_14
Water - Biological,4435,2046_00_00_00_14
Water - Biological,4435,2045_00_00_00_14
Water - Biological,4435,2047_00_00_00_14
Water - Biological,2714,434_00_00_00_27
Water - Biological,4435,4056_00_00_00_14
Water - Biological,4435,5692_00_00_00_14
Water - Biological,4435,4198_00_00_00_14
Water - Biological,4435,2044_00_00_00_14
Water - Biological,4435,4006_00_00_00_14
Water - Biological,691,433_00_00_00_08
Water - Biological,1431,383_00_00_00_27
Water - Biological,4435,2048_00_00_00_14
Water - Biological,698,1218_00_00_00_14
Water - Biological,698,2042_00_00_00_14
Water - Biological,698,2043_00_00_00_14
Water - Biological,698,2044_00_00_00_14
Water - Biological,698,2045_00_00_00_14
Water - Biological,698,2046_00_00_00_14
Water - Biological,698,2047_00_00_00_14
Water - Biological,698,2048_00_00_00_14
Water - Biological,698,2049_00_00_00_14
Water - Biological,10134,2710_00_00_00_08
Water - Biological,3009,2710_00_00_00_08
Water - Biological,328,2710_00_00_00_08
Water - Biological,10129,2710_00_00_00_25
Water - Biological,2978,2710_00_00_00_25
Water - Biological,2836,2710_00_00_00_27
Water - Biological,1905,3059_00_00_00_27
Water - Biological,2890,3059_00_00_00_27
Water - Biological,698,4006_00_00_00_14
Water - Biological,698,4056_00_00_00_14
Water - Biological,698,4198_00_00_00_14
Water - Biological,492,41_00_00_00_14
Water - Biological,10134,433_00_00_00_08
Water - Biological,1844,433_00_00_00_08
Water - Biological,332,433_00_00_00_08
Water - Biological,10129,433_00_00_00_25
Water - Biological,2607,433_00_00_00_25
Water - Biological,704,433_00_00_00_25
Water - Biological,1409,433_00_00_00_27
Water - Biological,1410,433_00_00_00_27
Water - Biological,1417,433_00_00_00_27
Water - Biological,1418,433_00_00_00_27
Water - Biological,10134,434_00_00_00_08
Water - Biological,1844,434_00_00_00_08
Water - Biological,2978,434_00_00_00_25
Water - Biological,1409,434_00_00_00_27
Water - Biological,1410,434_00_00_00_27
Water - Biological,1412,434_00_00_00_27
Water - Biological,1905,434_00_00_00_27
Water - Biological,2565,434_00_00_00_27
Water - Biological,2979,434_00_00_00_27
Water - Biological,1409,514_00_00_00_27
Water - Biological,1410,514_00_00_00_27
Water - Biological,1421d1,514_00_00_00_27
Water - Biological,1421d2,514_00_00_00_27
Water - Biological,4357,5334_00_00_00_01
Water - Biological,4357,5335_00_00_00_01
Water - Brominated compounds,3221,1947_00_00_00_14
Water - Brominated compounds,3228,1947_00_00_00_14
Water - Carbamate,303,121_00_00_00_14
Water - Carbamate,3216,121_00_00_00_14
Water - Carbamate,3231,121_00_00_00_14
Water - Carbamate,3461,121_00_00_00_14
Water - Carbamate,4000,121_00_00_00_14
Water - Carbamate,655,121_00_00_00_14
Water - Carbamate,687,121_00_00_00_14
Water - Carbamate,951,121_00_00_00_14
Water - Carbamate,3216,164_00_00_00_14
Water - Carbamate,3461,164_00_00_00_14
Water - Carbamate,655,164_00_00_00_14
Water - Carbamate,3461,87_00_00_00_14
Water - Carbamate,655,87_00_00_00_14
Water - Carbon,4469,487_00_00_00_14
Water - Carbon,4469,478_00_00_00_14
Water - Carbon,4469,475_00_00_00_14
Water - Carbon,4451,485_00_00_00_14
Water - Carbon,2576,486_00_00_00_14
Water - Carbon,4451,492_00_00_00_14
Water - Carbon,4451,487_00_00_00_14
Water - Carbon,2576,484_00_00_00_14
Water - Carbon,97,492_00_00_00_14
Water - Carbon,139,430_00_00_00_14
Water - Carbon,119,475_00_00_00_14
Water - Carbon,2411,475_00_00_00_14
Water - Carbon,2658,475_00_00_00_14
Water - Carbon,2695n1,475_00_00_00_14
Water - Carbon,2695n2,475_00_00_00_14
Water - Carbon,2799,475_00_00_00_14
Water - Carbon,3301,475_00_00_00_14
Water - Carbon,3554,475_00_00_00_14
Water - Carbon,95,475_00_00_00_14
Water - Carbon,99d1,475_00_00_00_14
Water - Carbon,99d2,475_00_00_00_14
Water - Carbon,133,476_00_00_00_14
Water - Carbon,10036,478_00_00_00_14
Water - Carbon,119,478_00_00_00_14
Water - Carbon,1957,478_00_00_00_14
Water - Carbon,206,478_00_00_00_14
Water - Carbon,2695,478_00_00_00_14
Water - Carbon,3301,478_00_00_00_14
Water - Carbon,95,478_00_00_00_14
Water - Carbon,99,478_00_00_00_14
Water - Carbon,97,481_00_00_00_14
Water - Carbon,2695n1,485_00_00_00_14
Water - Carbon,2695n2,485_00_00_00_14
Water - Carbon,3301,485_00_00_00_14
Water - Carbon,3554,485_00_00_00_14
Water - Carbon,95,485_00_00_00_14
Water - Carbon,10226,487_00_00_00_14
Water - Carbon,1957,487_00_00_00_14
Water - Carbon,206,487_00_00_00_14
Water - Carbon,2136,487_00_00_00_14
Water - Carbon,2695d1,487_00_00_00_14
Water - Carbon,2695d2,487_00_00_00_14
Water - Carbon,3637,487_00_00_00_14
Water - Carbon,473,487_00_00_00_14
Water - Carbon,95,487_00_00_00_14
Water - Carbon,96,487_00_00_00_14
Water - Carbon,99,487_00_00_00_14
Water - Carbon,96,488_00_00_00_14
Water - Carbon,210,490_00_00_00_01
Water - Carbon,210n1,490_00_00_00_14
Water - Carbon,210n2,490_00_00_00_14
Water - Carbon,3211,490_00_00_00_14
Water - Carbon,194,655_00_00_00_14
Water - Carbonated compounds,638,428_00_00_00_14
Water - Carbonated compounds,3602,428_00_00_00_14
Water - Carbonated compounds,4396,5419_00_00_00_14
Water - Carbonated compounds,2588,428_00_00_00_14
Water - Carbonated compounds,3485,428_00_00_00_14
Water - Carbonated compounds,2318,428_00_00_00_14
Water - Carbonated compounds,185,428_00_00_00_14
Water - Carbonated compounds,10365,428_00_00_00_14
Water - Carbonated compounds,187,428_00_00_00_14
Water - Carbonated compounds,2589,428_00_00_00_14
Water - Carbonated compounds,10349,428_00_00_00_14
Water - Carbonated compounds,10369,428_00_00_00_14
Water - Carbonated compounds,10338,428_00_00_00_14
Water - Carbonated compounds,2004,3543_00_00_00_14
Water - Carbonated compounds,4469,427_00_00_00_14
Water - Carbonated compounds,10369,427_00_00_00_14
Water - Carbonated compounds,187d1,427_00_00_00_14
Water - Carbonated compounds,186,427_00_00_00_14
Water - Carbonated compounds,10006,427_00_00_00_14
Water - Carbonated compounds,638,427_00_00_00_14
Water - Carbonated compounds,10365,427_00_00_00_14
Water - Carbonated compounds,184,427_00_00_00_14
Water - Carbonated compounds,187d2,427_00_00_00_14
Water - Carbonated compounds,3485,427_00_00_00_14
Water - Chlorinated paraffins,4358,5031_00_00_00_14
Water - Chlorinated paraffins,4358,5009_00_00_00_14
Water - Chlorinated paraffins,4358,4862_00_00_00_14
Water - Chlorinated paraffins,4358,4860_00_00_00_14
Water - Chlorinated paraffins,4358,4985_00_00_00_14
Water - Chlorinated paraffins,4358,4971_00_00_00_14
Water - Chlorinated paraffins,4358,4861_00_00_00_14
Water - Chlorinated paraffins,4358,4993_00_00_00_14
Water - Chlorinated paraffins,4358,5017_00_00_00_14
Water - Chlorinated paraffins,4358,5024_00_00_00_14
Water - Chlorinated paraffins,4358,4863_00_00_00_14
Water - Chlorinated paraffins,4358,5001_00_00_00_14
Water - Chlorinated paraffins,4358,4978_00_00_00_14
Water - Chlorinated paraffins,4358,4965_00_00_00_14
Water - Chlorinated paraffins,4358,5037_00_00_00_14
Water - Chlorinated paraffins,740,4860_00_00_00_14
Water - Chlorinated paraffins,740,4861_00_00_00_14
Water - Chlorinated paraffins,740,4862_00_00_00_14
Water - Chlorinated paraffins,740,4863_00_00_00_14
Water - Chlorinated paraffins,4358,4961_00_00_00_14
Water - Chlorinated paraffins,4358,4962_00_00_00_14
Water - Chlorinated paraffins,4358,4963_00_00_00_14
Water - Chlorinated paraffins,4358,4966_00_00_00_14
Water - Chlorinated paraffins,4358,4967_00_00_00_14
Water - Chlorinated paraffins,4358,4968_00_00_00_14
Water - Chlorinated paraffins,4358,4969_00_00_00_14
Water - Chlorinated paraffins,4358,4970_00_00_00_14
Water - Chlorinated paraffins,4358,4972_00_00_00_14
Water - Chlorinated paraffins,4358,4973_00_00_00_14
Water - Chlorinated paraffins,4358,4974_00_00_00_14
Water - Chlorinated paraffins,4358,4975_00_00_00_14
Water - Chlorinated paraffins,4358,4976_00_00_00_14
Water - Chlorinated paraffins,4358,4977_00_00_00_14
Water - Chlorinated paraffins,4358,4979_00_00_00_14
Water - Chlorinated paraffins,4358,4980_00_00_00_14
Water - Chlorinated paraffins,4358,4981_00_00_00_14
Water - Chlorinated paraffins,4358,4982_00_00_00_14
Water - Chlorinated paraffins,4358,4983_00_00_00_14
Water - Chlorinated paraffins,4358,4984_00_00_00_14
Water - Chlorinated paraffins,4358,4986_00_00_00_14
Water - Chlorinated paraffins,4358,4987_00_00_00_14
Water - Chlorinated paraffins,4358,4988_00_00_00_14
Water - Chlorinated paraffins,4358,4989_00_00_00_14
Water - Chlorinated paraffins,4358,4990_00_00_00_14
Water - Chlorinated paraffins,4358,4991_00_00_00_14
Water - Chlorinated paraffins,4358,4992_00_00_00_14
Water - Chlorinated paraffins,4358,4994_00_00_00_14
Water - Chlorinated paraffins,4358,4995_00_00_00_14
Water - Chlorinated paraffins,4358,4996_00_00_00_14
Water - Chlorinated paraffins,4358,4997_00_00_00_14
Water - Chlorinated paraffins,4358,4998_00_00_00_14
Water - Chlorinated paraffins,4358,4999_00_00_00_14
Water - Chlorinated paraffins,4358,5000_00_00_00_14
Water - Chlorinated paraffins,4358,5002_00_00_00_14
Water - Chlorinated paraffins,4358,5003_00_00_00_14
Water - Chlorinated paraffins,4358,5004_00_00_00_14
Water - Chlorinated paraffins,4358,5005_00_00_00_14
Water - Chlorinated paraffins,4358,5006_00_00_00_14
Water - Chlorinated paraffins,4358,5007_00_00_00_14
Water - Chlorinated paraffins,4358,5008_00_00_00_14
Water - Chlorinated paraffins,4358,5010_00_00_00_14
Water - Chlorinated paraffins,4358,5011_00_00_00_14
Water - Chlorinated paraffins,4358,5012_00_00_00_14
Water - Chlorinated paraffins,4358,5013_00_00_00_14
Water - Chlorinated paraffins,4358,5014_00_00_00_14
Water - Chlorinated paraffins,4358,5015_00_00_00_14
Water - Chlorinated paraffins,4358,5016_00_00_00_14
Water - Chlorinated paraffins,4358,5018_00_00_00_14
Water - Chlorinated paraffins,4358,5019_00_00_00_14
Water - Chlorinated paraffins,4358,5020_00_00_00_14
Water - Chlorinated paraffins,4358,5021_00_00_00_14
Water - Chlorinated paraffins,4358,5022_00_00_00_14
Water - Chlorinated paraffins,4358,5023_00_00_00_14
Water - Chlorinated paraffins,4358,5026_00_00_00_14
Water - Chlorinated paraffins,4358,5027_00_00_00_14
Water - Chlorinated paraffins,4358,5028_00_00_00_14
Water - Chlorinated paraffins,4358,5029_00_00_00_14
Water - Chlorinated paraffins,4358,5030_00_00_00_14
Water - Chlorinated paraffins,4358,5033_00_00_00_14
Water - Chlorinated paraffins,4358,5034_00_00_00_14
Water - Chlorinated paraffins,4358,5035_00_00_00_14
Water - Chlorinated paraffins,4358,5036_00_00_00_14
Water - Degradation Product,4479,5806_00_00_00_14
Water - Descriptive,4406,4081_00_00_00_14
Water - Descriptive,3677,4081_00_00_00_43
Water - Descriptive,4405,4083_00_00_00_14
Water - Descriptive,4406,4082_00_00_00_14
Water - Descriptive,4406,4083_00_00_00_14
Water - Descriptive,4405,4081_00_00_00_14
Water - Descriptive,2218,568_00_00_00_11
Water - Descriptive,3547,4222_00_00_00_14
Water - Descriptive,3620,3469_00_00_00_28
Water - Descriptive,4419,4082_00_00_00_43
Water - Descriptive,4405,4082_00_00_00_14
Water - Descriptive,2822,2862_00_00_00_04
Water - Descriptive,4419,4081_00_00_00_43
Water - Descriptive,54,3469_00_00_00_16
Water - Descriptive,4395,2117_00_00_00_11
Water - Descriptive,1436,2117_00_00_00_14
Water - Descriptive,4395,2119_00_00_00_11
Water - Descriptive,1436,2119_00_00_00_14
Water - Descriptive,3684,4081_00_00_00_14
Water - Descriptive,844,4081_00_00_00_14
Water - Descriptive,3684,4082_00_00_00_14
Water - Descriptive,844,4082_00_00_00_14
Water - Descriptive,3684,4083_00_00_00_14
Water - Descriptive,844,4083_00_00_00_14
Water - Dioxins and Furans,4419,2660_00_00_00_43
Water - Dioxins and Furans,4419,2664_00_00_00_43
Water - Dioxins and Furans,4419,2666_00_00_00_43
Water - Dioxins and Furans,4405,2659_00_00_00_14
Water - Dioxins and Furans,4405,2662_00_00_00_14
Water - Dioxins and Furans,4419,2122_00_00_00_43
Water - Dioxins and Furans,4419,2124_00_00_00_43
Water - Dioxins and Furans,4419,2671_00_00_00_43
Water - Dioxins and Furans,4405,2126_00_00_00_14
Water - Dioxins and Furans,4405,2128_00_00_00_14
Water - Dioxins and Furans,4405,2661_00_00_00_14
Water - Dioxins and Furans,4419,2126_00_00_00_43
Water - Dioxins and Furans,4405,2670_00_00_00_14
Water - Dioxins and Furans,4405,928_00_00_00_14
Water - Dioxins and Furans,4419,2667_00_00_00_43
Water - Dioxins and Furans,4419,928_00_00_00_43
Water - Dioxins and Furans,4419,2665_00_00_00_43
Water - Dioxins and Furans,4405,2124_00_00_00_14
Water - Dioxins and Furans,4419,2128_00_00_00_43
Water - Dioxins and Furans,4419,2130_00_00_00_43
Water - Dioxins and Furans,4419,2662_00_00_00_43
Water - Dioxins and Furans,4405,2123_00_00_00_14
Water - Dioxins and Furans,4405,2129_00_00_00_14
Water - Dioxins and Furans,4405,129_00_00_00_14
Water - Dioxins and Furans,4405,2665_00_00_00_14
Water - Dioxins and Furans,4419,2668_00_00_00_43
Water - Dioxins and Furans,4419,2669_00_00_00_43
Water - Dioxins and Furans,4419,2661_00_00_00_43
Water - Dioxins and Furans,4405,923_00_00_00_14
Water - Dioxins and Furans,4405,2664_00_00_00_14
Water - Dioxins and Furans,4405,2667_00_00_00_14
Water - Dioxins and Furans,4419,2127_00_00_00_43
Water - Dioxins and Furans,4405,2660_00_00_00_14
Water - Dioxins and Furans,4405,2671_00_00_00_14
Water - Dioxins and Furans,4405,2669_00_00_00_14
Water - Dioxins and Furans,4419,2670_00_00_00_43
Water - Dioxins and Furans,4405,2663_00_00_00_14
Water - Dioxins and Furans,4405,2668_00_00_00_14
Water - Dioxins and Furans,4419,2125_00_00_00_43
Water - Dioxins and Furans,4419,129_00_00_00_43
Water - Dioxins and Furans,4405,2127_00_00_00_14
Water - Dioxins and Furans,4405,2122_00_00_00_14
Water - Dioxins and Furans,4419,2123_00_00_00_43
Water - Dioxins and Furans,4405,2666_00_00_00_14
Water - Dioxins and Furans,4405,922_00_00_00_14
Water - Dioxins and Furans,4419,2129_00_00_00_43
Water - Dioxins and Furans,4419,2659_00_00_00_43
Water - Dioxins and Furans,4405,2125_00_00_00_14
Water - Dioxins and Furans,4419,2663_00_00_00_43
Water - Dioxins and Furans,4419,923_00_00_00_43
Water - Dioxins and Furans,4419,922_00_00_00_43
Water - Dioxins and Furans,1947,129_00_00_00_14
Water - Dioxins and Furans,2325,129_00_00_00_14
Water - Dioxins and Furans,2697,129_00_00_00_14
Water - Dioxins and Furans,2889,129_00_00_00_14
Water - Dioxins and Furans,844,129_00_00_00_14
Water - Dioxins and Furans,4395,1418_00_00_00_14
Water - Dioxins and Furans,1436,1419_00_00_00_14
Water - Dioxins and Furans,4395,1419_00_00_00_14
Water - Dioxins and Furans,1436,2107_00_00_00_14
Water - Dioxins and Furans,1436,2108_00_00_00_14
Water - Dioxins and Furans,1436,2109_00_00_00_14
Water - Dioxins and Furans,1436,2110_00_00_00_14
Water - Dioxins and Furans,1436,2111_00_00_00_14
Water - Dioxins and Furans,1436,2112_00_00_00_14
Water - Dioxins and Furans,1436,2113_00_00_00_14
Water - Dioxins and Furans,1436,2114_00_00_00_14
Water - Dioxins and Furans,1436,2115_00_00_00_14
Water - Dioxins and Furans,4395,2115_00_00_00_14
Water - Dioxins and Furans,1436,2116_00_00_00_14
Water - Dioxins and Furans,4395,2116_00_00_00_14
Water - Dioxins and Furans,1436,2120_00_00_00_14
Water - Dioxins and Furans,4395,2120_00_00_00_14
Water - Dioxins and Furans,1436,2121_00_00_00_14
Water - Dioxins and Furans,4395,2121_00_00_00_14
Water - Dioxins and Furans,4395,2122_00_00_00_14
Water - Dioxins and Furans,844,2122_00_00_00_14
Water - Dioxins and Furans,4395,2123_00_00_00_14
Water - Dioxins and Furans,844,2123_00_00_00_14
Water - Dioxins and Furans,4395,2124_00_00_00_14
Water - Dioxins and Furans,844,2124_00_00_00_14
Water - Dioxins and Furans,4395,2125_00_00_00_14
Water - Dioxins and Furans,844,2125_00_00_00_14
Water - Dioxins and Furans,4395,2126_00_00_00_14
Water - Dioxins and Furans,844,2126_00_00_00_14
Water - Dioxins and Furans,4395,2127_00_00_00_14
Water - Dioxins and Furans,844,2127_00_00_00_14
Water - Dioxins and Furans,4395,2128_00_00_00_14
Water - Dioxins and Furans,844,2128_00_00_00_14
Water - Dioxins and Furans,4395,2129_00_00_00_14
Water - Dioxins and Furans,844,2129_00_00_00_14
Water - Dioxins and Furans,844,2130_00_00_00_14
Water - Dioxins and Furans,1436,2659_00_00_00_14
Water - Dioxins and Furans,4395,2659_00_00_00_14
Water - Dioxins and Furans,844,2659_00_00_00_14
Water - Dioxins and Furans,1436,2660_00_00_00_14
Water - Dioxins and Furans,4395,2660_00_00_00_14
Water - Dioxins and Furans,844,2660_00_00_00_14
Water - Dioxins and Furans,1436,2661_00_00_00_14
Water - Dioxins and Furans,4395,2661_00_00_00_14
Water - Dioxins and Furans,844,2661_00_00_00_14
Water - Dioxins and Furans,1436,2662_00_00_00_14
Water - Dioxins and Furans,4395,2662_00_00_00_14
Water - Dioxins and Furans,844,2662_00_00_00_14
Water - Dioxins and Furans,1436,2663_00_00_00_14
Water - Dioxins and Furans,4395,2663_00_00_00_14
Water - Dioxins and Furans,844,2663_00_00_00_14
Water - Dioxins and Furans,1436,2664_00_00_00_14
Water - Dioxins and Furans,4395,2664_00_00_00_14
Water - Dioxins and Furans,844,2664_00_00_00_14
Water - Dioxins and Furans,1436,2665_00_00_00_14
Water - Dioxins and Furans,3224,2665_00_00_00_14
Water - Dioxins and Furans,4395,2665_00_00_00_14
Water - Dioxins and Furans,844,2665_00_00_00_14
Water - Dioxins and Furans,1436,2666_00_00_00_14
Water - Dioxins and Furans,4395,2666_00_00_00_14
Water - Dioxins and Furans,844,2666_00_00_00_14
Water - Dioxins and Furans,1436,2667_00_00_00_14
Water - Dioxins and Furans,4395,2667_00_00_00_14
Water - Dioxins and Furans,844,2667_00_00_00_14
Water - Dioxins and Furans,1436,2668_00_00_00_14
Water - Dioxins and Furans,4395,2668_00_00_00_14
Water - Dioxins and Furans,844,2668_00_00_00_14
Water - Dioxins and Furans,1436,2669_00_00_00_14
Water - Dioxins and Furans,4395,2669_00_00_00_14
Water - Dioxins and Furans,844,2669_00_00_00_14
Water - Dioxins and Furans,1436,2670_00_00_00_14
Water - Dioxins and Furans,4395,2670_00_00_00_14
Water - Dioxins and Furans,844,2670_00_00_00_14
Water - Dioxins and Furans,1436,2671_00_00_00_14
Water - Dioxins and Furans,4395,2671_00_00_00_14
Water - Dioxins and Furans,844,2671_00_00_00_14
Water - Dioxins and Furans,4395,4816_00_00_00_14
Water - Dioxins and Furans,4395,4817_00_00_00_14
Water - Dioxins and Furans,2325,918_00_00_00_14
Water - Dioxins and Furans,2325,919_00_00_00_14
Water - Dioxins and Furans,2325,920_00_00_00_14
Water - Dioxins and Furans,2325,921_00_00_00_14
Water - Dioxins and Furans,1436,922_00_00_00_14
Water - Dioxins and Furans,2325,922_00_00_00_14
Water - Dioxins and Furans,844,922_00_00_00_14
Water - Dioxins and Furans,1436,923_00_00_00_14
Water - Dioxins and Furans,2325,923_00_00_00_14
Water - Dioxins and Furans,844,923_00_00_00_14
Water - Dioxins and Furans,2325,924_00_00_00_14
Water - Dioxins and Furans,2325,925_00_00_00_14
Water - Dioxins and Furans,2325,926_00_00_00_14
Water - Dioxins and Furans,2325,927_00_00_00_14
Water - Dioxins and Furans,1436,928_00_00_00_14
Water - Dioxins and Furans,2325,928_00_00_00_14
Water - Dioxins and Furans,844,928_00_00_00_14
Water - Dye,4466,5749_00_00_00_14
Water - Dye,4466,5752_00_00_00_14
Water - Dye,4466,5751_00_00_00_14
Water - Dye,4466,5750_00_00_00_14
Water - Hydrocarbons,4378,1898_00_00_00_14
Water - Hydrocarbons,4479,4353_00_00_00_14
Water - Hydrocarbons,3672,4174_00_00_00_14
Water - Hydrocarbons,4406,1081_00_00_00_14
Water - Hydrocarbons,259,1552_00_00_00_14
Water - Hydrocarbons,175n1,550_00_00_00_14
Water - Hydrocarbons,259,1562_00_00_00_14
Water - Hydrocarbons,175n2,550_00_00_00_14
Water - Hydrocarbons,259,1580_00_00_00_14
Water - Hydrocarbons,259,1591_00_00_00_14
Water - Hydrocarbons,1435,1100_00_00_00_14
Water - Hydrocarbons,4479,3574_00_00_00_14
Water - Hydrocarbons,4479,4355_00_00_00_14
Water - Hydrocarbons,4385,306_00_00_00_43
Water - Hydrocarbons,1435,1554_00_00_00_14
Water - Hydrocarbons,2863,219_00_00_00_14
Water - Hydrocarbons,1947,140_00_00_00_14
Water - Hydrocarbons,2883,93_00_00_00_14
Water - Hydrocarbons,3401,304_00_00_00_14
Water - Hydrocarbons,4477,5391_00_00_00_14
Water - Hydrocarbons,209,1348_00_00_00_14
Water - Hydrocarbons,4479,3575_00_00_00_14
Water - Hydrocarbons,3401,91_00_00_00_14
Water - Hydrocarbons,2863n2,141_00_00_00_14
Water - Hydrocarbons,3386,141_00_00_00_14
Water - Hydrocarbons,259,1561_00_00_00_14
Water - Hydrocarbons,2864,1041_00_00_00_14
Water - Hydrocarbons,3227,1090_00_00_00_14
Water - Hydrocarbons,2883,299_00_00_00_14
Water - Hydrocarbons,4378,5203_00_00_00_14
Water - Hydrocarbons,3601,905_00_00_00_14
Water - Hydrocarbons,710,145_00_00_00_14
Water - Hydrocarbons,259,1257_00_00_00_14
Water - Hydrocarbons,3684,1082_00_00_00_14
Water - Hydrocarbons,4378,1894_00_00_00_14
Water - Hydrocarbons,3684,1262_00_00_00_14
Water - Hydrocarbons,2863,148_00_00_00_14
Water - Hydrocarbons,2863,245_00_00_00_14
Water - Hydrocarbons,3684,3889_00_00_00_14
Water - Hydrocarbons,4378,4845_00_00_00_14
Water - Hydrocarbons,4477,5743_00_00_00_14
Water - Hydrocarbons,3678,1564_00_00_00_43
Water - Hydrocarbons,4378,5202_00_00_00_14
Water - Hydrocarbons,2879,212_00_00_00_14
Water - Hydrocarbons,3684,3891_00_00_00_14
Water - Hydrocarbons,3685,1489_00_00_00_14
Water - Hydrocarbons,3401,292_00_00_00_14
Water - Hydrocarbons,4378,1880_00_00_00_14
Water - Hydrocarbons,3685,1563_00_00_00_14
Water - Hydrocarbons,640,1292_00_00_00_14
Water - Hydrocarbons,640,1293_00_00_00_14
Water - Hydrocarbons,3685,1740_00_00_00_14
Water - Hydrocarbons,4378,5409_00_00_00_14
Water - Hydrocarbons,4479,4352_00_00_00_14
Water - Hydrocarbons,4477,5804_00_00_00_14
Water - Hydrocarbons,4428,1890_00_00_00_14
Water - Hydrocarbons,4378,5410_00_00_00_14
Water - Hydrocarbons,3685,3661_00_00_00_14
Water - Hydrocarbons,259,1537_00_00_00_14
Water - Hydrocarbons,259,1558_00_00_00_14
Water - Hydrocarbons,3697,4238_00_00_00_14
Water - Hydrocarbons,4428,1891_00_00_00_14
Water - Hydrocarbons,4477,5805_00_00_00_14
Water - Hydrocarbons,3401,1272_00_00_00_14
Water - Hydrocarbons,3697,4246_00_00_00_14
Water - Hydrocarbons,4081,1430_00_00_00_14
Water - Hydrocarbons,605,4761_00_00_00_14
Water - Hydrocarbons,4378,1892_00_00_00_14
Water - Hydrocarbons,4081,311_00_00_00_14
Water - Hydrocarbons,710,91_00_00_00_14
Water - Hydrocarbons,4081,4054_00_00_00_14
Water - Hydrocarbons,259,1587_00_00_00_14
Water - Hydrocarbons,259,1593_00_00_00_14
Water - Hydrocarbons,4081,4055_00_00_00_14
Water - Hydrocarbons,4100,140_00_00_00_14
Water - Hydrocarbons,2883,303_00_00_00_14
Water - Hydrocarbons,2883,304_00_00_00_14
Water - Hydrocarbons,4102,148_00_00_00_14
Water - Hydrocarbons,4102,3075_00_00_00_14
Water - Hydrocarbons,3401,140_00_00_00_14
Water - Hydrocarbons,4378,2055_00_00_00_14
Water - Hydrocarbons,4378,5339_00_00_00_14
Water - Hydrocarbons,4406,1262_00_00_00_14
Water - Hydrocarbons,4220,1436_00_00_00_14
Water - Hydrocarbons,4406,3880_00_00_00_14
Water - Hydrocarbons,741,1879_00_00_00_14
Water - Hydrocarbons,4406,3898_00_00_00_14
Water - Hydrocarbons,259,1488_00_00_00_14
Water - Hydrocarbons,4378,1881_00_00_00_14
Water - Hydrocarbons,4378,1889_00_00_00_14
Water - Hydrocarbons,605,1877_00_00_00_14
Water - Hydrocarbons,2863,292_00_00_00_14
Water - Hydrocarbons,2863,93_00_00_00_14
Water - Hydrocarbons,692,1431_00_00_00_14
Water - Hydrocarbons,706n1,1097_00_00_00_14
Water - Hydrocarbons,2883,245_00_00_00_14
Water - Hydrocarbons,3401,204_00_00_00_14
Water - Hydrocarbons,4378,1888_00_00_00_14
Water - Hydrocarbons,706n2,1097_00_00_00_14
Water - Hydrocarbons,706n2,1103_00_00_00_14
Water - Hydrocarbons,4220,1435_00_00_00_14
Water - Hydrocarbons,259,1098_00_00_00_14
Water - Hydrocarbons,847,311_00_00_00_14
Water - Hydrocarbons,982,204_00_00_00_14
Water - Hydrocarbons,259,1530_00_00_00_14
Water - Hydrocarbons,259,1533_00_00_00_14
Water - Hydrocarbons,282,141_00_00_00_14
Water - Hydrocarbons,4378,4763_00_00_00_14
Water - Hydrocarbons,259,4415_00_00_00_14
Water - Hydrocarbons,605,4757_00_00_00_14
Water - Hydrocarbons,741,2136_00_00_00_14
Water - Hydrocarbons,2003,3137_00_00_00_01
Water - Hydrocarbons,259,1269_00_00_00_14
Water - Hydrocarbons,259,1275_00_00_00_14
Water - Hydrocarbons,259,1752_00_00_00_14
Water - Hydrocarbons,4220,3938_00_00_00_14
Water - Hydrocarbons,4378,2058_00_00_00_14
Water - Hydrocarbons,741,2135_00_00_00_14
Water - Hydrocarbons,259,1545_00_00_00_14
Water - Hydrocarbons,4378,4766_00_00_00_14
Water - Hydrocarbons,2863,329_00_00_00_14
Water - Hydrocarbons,10238,944_00_00_00_14
Water - Hydrocarbons,2879,140_00_00_00_14
Water - Hydrocarbons,10366,4053_00_00_00_14
Water - Hydrocarbons,3401,237_00_00_00_14
Water - Hydrocarbons,1435,1541_00_00_00_14
Water - Hydrocarbons,1435,4417_00_00_00_14
Water - Hydrocarbons,710,204_00_00_00_14
Water - Hydrocarbons,710,219_00_00_00_14
Water - Hydrocarbons,1930,88_00_00_00_14
Water - Hydrocarbons,209,1389_00_00_00_14
Water - Hydrocarbons,4378,2060_00_00_00_14
Water - Hydrocarbons,2825,952_00_00_00_02
Water - Hydrocarbons,209,1392_00_00_00_14
Water - Hydrocarbons,710,315_00_00_00_14
Water - Hydrocarbons,4435,5693_00_00_00_14
Water - Hydrocarbons,741,2057_00_00_00_14
Water - Hydrocarbons,2863,2364_00_00_00_14
Water - Hydrocarbons,2863,4045_00_00_00_14
Water - Hydrocarbons,4435,5698_00_00_00_14
Water - Hydrocarbons,4378,1887_00_00_00_14
Water - Hydrocarbons,259,1264_00_00_00_14
Water - Hydrocarbons,259,1489_00_00_00_14
Water - Hydrocarbons,2879,1272_00_00_00_14
Water - Hydrocarbons,4378,5073_00_00_00_14
Water - Hydrocarbons,2879,215_00_00_00_14
Water - Hydrocarbons,259,1563_00_00_00_14
Water - Hydrocarbons,259,1578_00_00_00_14
Water - Hydrocarbons,2879,64_00_00_00_14
Water - Hydrocarbons,4378,1896_00_00_00_14
Water - Hydrocarbons,2863,315_00_00_00_14
Water - Hydrocarbons,3221,1403_00_00_00_14
Water - Hydrocarbons,3221,4250_00_00_00_14
Water - Hydrocarbons,2883,314_00_00_00_14
Water - Hydrocarbons,2883,72_00_00_00_14
Water - Hydrocarbons,3226n2,4444_00_00_00_14
Water - Hydrocarbons,605,4755_00_00_00_14
Water - Hydrocarbons,3670,1323_00_00_00_14
Water - Hydrocarbons,3684,1081_00_00_00_14
Water - Hydrocarbons,710,132_00_00_00_14
Water - Hydrocarbons,741,2056_00_00_00_14
Water - Hydrocarbons,3684,1531_00_00_00_14
Water - Hydrocarbons,3684,1543_00_00_00_14
Water - Hydrocarbons,259,1581_00_00_00_14
Water - Hydrocarbons,281,92_00_00_00_14
Water - Hydrocarbons,3684,1556_00_00_00_14
Water - Hydrocarbons,4378,5407_00_00_00_14
Water - Hydrocarbons,2879,146_00_00_00_14
Water - Hydrocarbons,3684,3662_00_00_00_14
Water - Hydrocarbons,3684,3781_00_00_00_14
Water - Hydrocarbons,2883,3049_00_00_00_14
Water - Hydrocarbons,4378,5391_00_00_00_14
Water - Hydrocarbons,3684,3858_00_00_00_14
Water - Hydrocarbons,710,181_00_00_00_14
Water - Hydrocarbons,741,2137_00_00_00_14
Water - Hydrocarbons,3684,3870_00_00_00_14
Water - Hydrocarbons,3684,3874_00_00_00_14
Water - Hydrocarbons,605,4762_00_00_00_14
Water - Hydrocarbons,3684,5312_00_00_00_14
Water - Hydrocarbons,259,1103_00_00_00_14
Water - Hydrocarbons,3699,4848_00_00_00_14
Water - Hydrocarbons,259,1564_00_00_00_14
Water - Hydrocarbons,4300,1083_00_00_00_14
Water - Hydrocarbons,4378,1891_00_00_00_14
Water - Hydrocarbons,3401,215_00_00_00_14
Water - Hydrocarbons,4378,2051_00_00_00_14
Water - Hydrocarbons,4300,1545_00_00_00_14
Water - Hydrocarbons,640,1435_00_00_00_14
Water - Hydrocarbons,640,1441_00_00_00_14
Water - Hydrocarbons,4300,4418_00_00_00_14
Water - Hydrocarbons,4378,2054_00_00_00_14
Water - Hydrocarbons,710,312_00_00_00_14
Water - Hydrocarbons,4406,1089_00_00_00_14
Water - Hydrocarbons,4406,1584_00_00_00_14
Water - Hydrocarbons,741,1877_00_00_00_14
Water - Hydrocarbons,4406,3836_00_00_00_14
Water - Hydrocarbons,259,1265_00_00_00_14
Water - Hydrocarbons,259,1571_00_00_00_14
Water - Hydrocarbons,4406,3843_00_00_00_14
Water - Hydrocarbons,4378,2059_00_00_00_14
Water - Hydrocarbons,4406,3851_00_00_00_14
Water - Hydrocarbons,259,1592_00_00_00_14
Water - Hydrocarbons,4378,5408_00_00_00_14
Water - Hydrocarbons,3401,93_00_00_00_14
Water - Hydrocarbons,4406,3883_00_00_00_14
Water - Hydrocarbons,4406,3892_00_00_00_14
Water - Hydrocarbons,4220,1292_00_00_00_14
Water - Hydrocarbons,671,1889_00_00_00_14
Water - Hydrocarbons,741,1883_00_00_00_14
Water - Hydrocarbons,4378,1878_00_00_00_14
Water - Hydrocarbons,4378,1885_00_00_00_14
Water - Hydrocarbons,706n1,1093_00_00_00_14
Water - Hydrocarbons,259,1541_00_00_00_14
Water - Hydrocarbons,259,1550_00_00_00_14
Water - Hydrocarbons,4428,1897_00_00_00_14
Water - Hydrocarbons,706n1,1541_00_00_00_14
Water - Hydrocarbons,706n1,1542_00_00_00_14
Water - Hydrocarbons,259,1570_00_00_00_14
Water - Hydrocarbons,4428,2133_00_00_00_14
Water - Hydrocarbons,4435,5700_00_00_00_14
Water - Hydrocarbons,2883,64_00_00_00_14
Water - Hydrocarbons,706n1,4417_00_00_00_14
Water - Hydrocarbons,706n2,1541_00_00_00_14
Water - Hydrocarbons,3401,148_00_00_00_14
Water - Hydrocarbons,4385,181_00_00_00_43
Water - Hydrocarbons,4445,4351_00_00_00_14
Water - Hydrocarbons,677,95_00_00_00_14
Water - Hydrocarbons,741,1895_00_00_00_14
Water - Hydrocarbons,710,299_00_00_00_14
Water - Hydrocarbons,741,2131_00_00_00_14
Water - Hydrocarbons,259,1104_00_00_00_14
Water - Hydrocarbons,259,1528_00_00_00_14
Water - Hydrocarbons,259,1543_00_00_00_14
Water - Hydrocarbons,4378,5406_00_00_00_14
Water - Hydrocarbons,4385,237_00_00_00_43
Water - Hydrocarbons,259,1565_00_00_00_14
Water - Hydrocarbons,259,1584_00_00_00_14
Water - Hydrocarbons,3401,315_00_00_00_14
Water - Hydrocarbons,1791,1295_00_00_00_14
Water - Hydrocarbons,4378,5411_00_00_00_14
Water - Hydrocarbons,710,237_00_00_00_14
Water - Hydrocarbons,259,1590_00_00_00_14
Water - Hydrocarbons,2879,3048_00_00_00_14
Water - Hydrocarbons,2883,315_00_00_00_14
Water - Hydrocarbons,4378,1895_00_00_00_14
Water - Hydrocarbons,10095,949_00_00_00_14
Water - Hydrocarbons,1435,1041_00_00_00_14
Water - Hydrocarbons,640,1291_00_00_00_14
Water - Hydrocarbons,259,1273_00_00_00_14
Water - Hydrocarbons,1435,1567_00_00_00_14
Water - Hydrocarbons,4378,5412_00_00_00_14
Water - Hydrocarbons,259,1540_00_00_00_14
Water - Hydrocarbons,154d3,689_00_00_00_14
Water - Hydrocarbons,259,1574_00_00_00_14
Water - Hydrocarbons,1947,91_00_00_00_14
Water - Hydrocarbons,1947d1,219_00_00_00_14
Water - Hydrocarbons,2863,215_00_00_00_14
Water - Hydrocarbons,2883,1041_00_00_00_14
Water - Hydrocarbons,4378,1890_00_00_00_14
Water - Hydrocarbons,2863d1,204_00_00_00_14
Water - Hydrocarbons,1981,303_00_00_00_14
Water - Hydrocarbons,710,303_00_00_00_14
Water - Hydrocarbons,209,1336_00_00_00_14
Water - Hydrocarbons,209,1357_00_00_00_14
Water - Hydrocarbons,259,1100_00_00_00_14
Water - Hydrocarbons,259,1259_00_00_00_14
Water - Hydrocarbons,209,1366_00_00_00_14
Water - Hydrocarbons,259,1276_00_00_00_14
Water - Hydrocarbons,3226n1,212_00_00_00_14
Water - Hydrocarbons,259,1551_00_00_00_14
Water - Hydrocarbons,3226n2,4439_00_00_00_14
Water - Hydrocarbons,3601,288_00_00_00_14
Water - Hydrocarbons,259,1582_00_00_00_14
Water - Hydrocarbons,3601,904_00_00_00_14
Water - Hydrocarbons,2883,219_00_00_00_14
Water - Hydrocarbons,3401,245_00_00_00_14
Water - Hydrocarbons,4428,5681_00_00_00_14
Water - Hydrocarbons,3684,5315_00_00_00_14
Water - Hydrocarbons,605,4590_00_00_00_14
Water - Hydrocarbons,3697,4245_00_00_00_14
Water - Hydrocarbons,3697,4266_00_00_00_14
Water - Hydrocarbons,605,4764_00_00_00_14
Water - Hydrocarbons,710,1272_00_00_00_14
Water - Hydrocarbons,4100,137_00_00_00_14
Water - Hydrocarbons,4100,147_00_00_00_14
Water - Hydrocarbons,741,2133_00_00_00_14
Water - Hydrocarbons,259,1277_00_00_00_14
Water - Hydrocarbons,4100,4412_00_00_00_14
Water - Hydrocarbons,259,1567_00_00_00_14
Water - Hydrocarbons,4300,1533_00_00_00_14
Water - Hydrocarbons,4300,1563_00_00_00_14
Water - Hydrocarbons,2883,146_00_00_00_14
Water - Hydrocarbons,2883,212_00_00_00_14
Water - Hydrocarbons,4300,4415_00_00_00_14
Water - Hydrocarbons,4300,5312_00_00_00_14
Water - Hydrocarbons,2883,312_00_00_00_14
Water - Hydrocarbons,259,1094_00_00_00_14
Water - Hydrocarbons,4406,1557_00_00_00_14
Water - Hydrocarbons,4406,3824_00_00_00_14
Water - Hydrocarbons,259,1266_00_00_00_14
Water - Hydrocarbons,259,1531_00_00_00_14
Water - Hydrocarbons,4406,3889_00_00_00_14
Water - Hydrocarbons,4406,3896_00_00_00_14
Water - Hydrocarbons,259,1585_00_00_00_14
Water - Hydrocarbons,692,146_00_00_00_14
Water - Hydrocarbons,2879,282_00_00_00_14
Water - Hydrocarbons,692,4410_00_00_00_14
Water - Hydrocarbons,710,146_00_00_00_14
Water - Hydrocarbons,710,1651_00_00_00_01
Water - Hydrocarbons,692,4833_00_00_00_14
Water - Hydrocarbons,259,1089_00_00_00_14
Water - Hydrocarbons,706n1,1088_00_00_00_14
Water - Hydrocarbons,706n1,1092_00_00_00_14
Water - Hydrocarbons,259,1262_00_00_00_14
Water - Hydrocarbons,259,1532_00_00_00_14
Water - Hydrocarbons,706n1,1563_00_00_00_14
Water - Hydrocarbons,706n1,1583_00_00_00_14
Water - Hydrocarbons,259,1589_00_00_00_14
Water - Hydrocarbons,706n2,4415_00_00_00_14
Water - Hydrocarbons,2883,1272_00_00_00_14
Water - Hydrocarbons,2883,91_00_00_00_14
Water - Hydrocarbons,982,1272_00_00_00_14
Water - Hydrocarbons,3401,219_00_00_00_14
Water - Hydrocarbons,3401,303_00_00_00_14
Water - Hydrocarbons,3401,95_00_00_00_14
Water - Hydrocarbons,741,2132_00_00_00_14
Water - Hydrocarbons,259,1093_00_00_00_14
Water - Hydrocarbons,259,1095_00_00_00_14
Water - Hydrocarbons,259,1576_00_00_00_14
Water - Hydrocarbons,2883,148_00_00_00_14
Water - Hydrocarbons,605,4760_00_00_00_14
Water - Hydrocarbons,741,1873_00_00_00_14
Water - Hydrocarbons,4428,1893_00_00_00_14
Water - Hydrocarbons,4428,5683_00_00_00_14
Water - Hydrocarbons,10366,1321_00_00_00_14
Water - Hydrocarbons,741,2141_00_00_00_14
Water - Hydrocarbons,259,1086_00_00_00_14
Water - Hydrocarbons,1435,5309_00_00_00_14
Water - Hydrocarbons,4435,5697_00_00_00_14
Water - Hydrocarbons,4435,5703_00_00_00_14
Water - Hydrocarbons,259,1102_00_00_00_14
Water - Hydrocarbons,1947,1272_00_00_00_14
Water - Hydrocarbons,1947d2,245_00_00_00_14
Water - Hydrocarbons,259,1555_00_00_00_14
Water - Hydrocarbons,259,1559_00_00_00_14
Water - Hydrocarbons,2011,308_00_00_00_14
Water - Hydrocarbons,2011,333_00_00_00_14
Water - Hydrocarbons,3401,306_00_00_00_14
Water - Hydrocarbons,209,1360_00_00_00_14
Water - Hydrocarbons,4220,1440_00_00_00_14
Water - Hydrocarbons,2345,331_00_00_00_14
Water - Hydrocarbons,710,147_00_00_00_14
Water - Hydrocarbons,3221,1406_00_00_00_14
Water - Hydrocarbons,741,1897_00_00_00_14
Water - Hydrocarbons,3221,4209_00_00_00_14
Water - Hydrocarbons,259,1088_00_00_00_14
Water - Hydrocarbons,281,145_00_00_00_14
Water - Hydrocarbons,3653,256_00_00_00_14
Water - Hydrocarbons,3670,1422_00_00_00_14
Water - Hydrocarbons,2863,1272_00_00_00_14
Water - Hydrocarbons,530,1487_00_00_00_14
Water - Hydrocarbons,3684,1529_00_00_00_14
Water - Hydrocarbons,3684,1549_00_00_00_14
Water - Hydrocarbons,530,1902_00_00_00_14
Water - Hydrocarbons,3684,3815_00_00_00_14
Water - Hydrocarbons,710,1270_00_00_00_14
Water - Hydrocarbons,741,2144_00_00_00_14
Water - Hydrocarbons,3684,3873_00_00_00_14
Water - Hydrocarbons,3685,1103_00_00_00_14
Water - Hydrocarbons,259,1083_00_00_00_14
Water - Hydrocarbons,3685,1749_00_00_00_14
Water - Hydrocarbons,259,1557_00_00_00_14
Water - Hydrocarbons,3685,2650_00_00_00_14
Water - Hydrocarbons,259,1583_00_00_00_14
Water - Hydrocarbons,3685,3782_00_00_00_14
Water - Hydrocarbons,259,4418_00_00_00_14
Water - Hydrocarbons,3685,3889_00_00_00_14
Water - Hydrocarbons,2863,181_00_00_00_14
Water - Hydrocarbons,3685,3891_00_00_00_14
Water - Hydrocarbons,1947,2876_00_00_00_14
Water - Hydrocarbons,3685,4415_00_00_00_14
Water - Hydrocarbons,259,1090_00_00_00_14
Water - Hydrocarbons,259,1096_00_00_00_14
Water - Hydrocarbons,3697,4248_00_00_00_14
Water - Hydrocarbons,259,1566_00_00_00_14
Water - Hydrocarbons,4081,1078_00_00_00_14
Water - Hydrocarbons,259,1577_00_00_00_14
Water - Hydrocarbons,4102,219_00_00_00_14
Water - Hydrocarbons,259,1594_00_00_00_14
Water - Hydrocarbons,4406,3777_00_00_00_14
Water - Hydrocarbons,4406,4549_00_00_00_14
Water - Hydrocarbons,2883,237_00_00_00_14
Water - Hydrocarbons,605,2054_00_00_00_14
Water - Hydrocarbons,741,1886_00_00_00_14
Water - Hydrocarbons,643u1,233_00_00_00_14
Water - Hydrocarbons,259,1258_00_00_00_14
Water - Hydrocarbons,259,1568_00_00_00_14
Water - Hydrocarbons,658,330_00_00_00_14
Water - Hydrocarbons,692,4838_00_00_00_14
Water - Hydrocarbons,259,1595_00_00_00_14
Water - Hydrocarbons,259,4549_00_00_00_14
Water - Hydrocarbons,706n1,1587_00_00_00_14
Water - Hydrocarbons,706n2,1083_00_00_00_14
Water - Hydrocarbons,2883,181_00_00_00_14
Water - Hydrocarbons,3401,132_00_00_00_14
Water - Hydrocarbons,706n2,1102_00_00_00_14
Water - Hydrocarbons,706n2,1583_00_00_00_14
Water - Hydrocarbons,3401,312_00_00_00_14
Water - Hydrocarbons,706n2,4416_00_00_00_14
Water - Hydrocarbons,605,4756_00_00_00_14
Water - Hydrocarbons,605,4758_00_00_00_14
Water - Hydrocarbons,717,1648_00_00_00_14
Water - Hydrocarbons,741,1888_00_00_00_14
Water - Hydrocarbons,2863,95_00_00_00_14
Water - Hydrocarbons,741,1889_00_00_00_14
Water - Hydrocarbons,2883,140_00_00_00_14
Water - Hydrocarbons,2883,3048_00_00_00_14
Water - Hydrocarbons,741,1872_00_00_00_14
Water - Hydrocarbons,281,147_00_00_00_14
Water - Hydrocarbons,4360,181_00_00_00_14
Water - Hydrocarbons,4428,1877_00_00_00_14
Water - Hydrocarbons,2879,155_00_00_00_14
Water - Hydrocarbons,2883,204_00_00_00_14
Water - Hydrocarbons,4428,1889_00_00_00_14
Water - Hydrocarbons,2883,306_00_00_00_14
Water - Hydrocarbons,3401,137_00_00_00_14
Water - Hydrocarbons,530,1900_00_00_00_14
Water - Hydrocarbons,2879,91_00_00_00_14
Water - Hydrocarbons,3401,64_00_00_00_14
Water - Hydrocarbons,640,1436_00_00_00_14
Water - Hydrocarbons,10350,273_00_00_00_14
Water - Hydrocarbons,2863d1,132_00_00_00_14
Water - Hydrocarbons,710,155_00_00_00_14
Water - Hydrocarbons,10366,4401_00_00_00_14
Water - Hydrocarbons,2015,303_00_00_00_14
Water - Hydrocarbons,259,1263_00_00_00_14
Water - Hydrocarbons,259,1274_00_00_00_14
Water - Hydrocarbons,2663,239_00_00_00_14
Water - Hydrocarbons,2864,91_00_00_00_14
Water - Hydrocarbons,259,1546_00_00_00_14
Water - Hydrocarbons,2863,314_00_00_00_14
Water - Hydrocarbons,2879,304_00_00_00_14
Water - Hydrocarbons,3401,299_00_00_00_14
Water - Hydrocarbons,3226n1,4439_00_00_00_14
Water - Hydrocarbons,640,1437_00_00_00_14
Water - Hydrocarbons,3226n2,1475_00_00_00_14
Water - Hydrocarbons,3227,4415_00_00_00_14
Water - Hydrocarbons,741,2143_00_00_00_14
Water - Hydrocarbons,3228,4216_00_00_00_14
Water - Hydrocarbons,259,1267_00_00_00_14
Water - Hydrocarbons,3669,1270_00_00_00_14
Water - Hydrocarbons,2879,306_00_00_00_14
Water - Hydrocarbons,2883,132_00_00_00_14
Water - Hydrocarbons,3684,1559_00_00_00_14
Water - Hydrocarbons,3684,3776_00_00_00_14
Water - Hydrocarbons,2883,215_00_00_00_14
Water - Hydrocarbons,2883,311_00_00_00_14
Water - Hydrocarbons,3684,3860_00_00_00_14
Water - Hydrocarbons,3684,3868_00_00_00_14
Water - Hydrocarbons,3401,329_00_00_00_14
Water - Hydrocarbons,3684,3869_00_00_00_14
Water - Hydrocarbons,530,1901_00_00_00_14
Water - Hydrocarbons,3684,3886_00_00_00_14
Water - Hydrocarbons,741,1893_00_00_00_14
Water - Hydrocarbons,3684,3901_00_00_00_14
Water - Hydrocarbons,259,1553_00_00_00_14
Water - Hydrocarbons,3685,1577_00_00_00_14
Water - Hydrocarbons,605,4759_00_00_00_14
Water - Hydrocarbons,3685,3137_00_00_00_14
Water - Hydrocarbons,710,137_00_00_00_14
Water - Hydrocarbons,710,140_00_00_00_14
Water - Hydrocarbons,3697,4255_00_00_00_14
Water - Hydrocarbons,3699,4850_00_00_00_14
Water - Hydrocarbons,259,1575_00_00_00_14
Water - Hydrocarbons,259,1586_00_00_00_14
Water - Hydrocarbons,4081,4048_00_00_00_14
Water - Hydrocarbons,4081,4072_00_00_00_14
Water - Hydrocarbons,259,2619_00_00_00_14
Water - Hydrocarbons,259,4553_00_00_00_14
Water - Hydrocarbons,4100,145_00_00_00_14
Water - Hydrocarbons,4102,137_00_00_00_14
Water - Hydrocarbons,2863d1,137_00_00_00_14
Water - Hydrocarbons,4102,146_00_00_00_14
Water - Hydrocarbons,2883,282_00_00_00_14
Water - Hydrocarbons,710,292_00_00_00_14
Water - Hydrocarbons,4102,4531_00_00_00_14
Water - Hydrocarbons,741,2053_00_00_00_14
Water - Hydrocarbons,4102,915_00_00_00_14
Water - Hydrocarbons,741,4762_00_00_00_14
Water - Hydrocarbons,4300,1099_00_00_00_14
Water - Hydrocarbons,4300,1101_00_00_00_14
Water - Hydrocarbons,259,1539_00_00_00_14
Water - Hydrocarbons,259,1554_00_00_00_14
Water - Hydrocarbons,4300,1538_00_00_00_14
Water - Hydrocarbons,4300,1578_00_00_00_14
Water - Hydrocarbons,2883,95_00_00_00_14
Water - Hydrocarbons,3401,146_00_00_00_14
Water - Hydrocarbons,1867,250_00_00_00_14
Water - Hydrocarbons,4300,1583_00_00_00_14
Water - Hydrocarbons,4406,1529_00_00_00_14
Water - Hydrocarbons,2321,69_00_00_00_14
Water - Hydrocarbons,3401,212_00_00_00_14
Water - Hydrocarbons,4406,3823_00_00_00_14
Water - Hydrocarbons,4428,2053_00_00_00_14
Water - Hydrocarbons,710,212_00_00_00_14
Water - Hydrocarbons,710,92_00_00_00_14
Water - Hydrocarbons,4406,3856_00_00_00_14
Water - Hydrocarbons,643,2849_00_00_00_14
Water - Hydrocarbons,4406,3881_00_00_00_14
Water - Hydrocarbons,741,2134_00_00_00_14
Water - Hydrocarbons,741,2140_00_00_00_14
Water - Hydrocarbons,462,3574_00_00_00_14
Water - Hydrocarbons,259,2650_00_00_00_14
Water - Hydrocarbons,643u2,233_00_00_00_14
Water - Hydrocarbons,692,1272_00_00_00_14
Water - Hydrocarbons,2879,312_00_00_00_14
Water - Hydrocarbons,605,4765_00_00_00_14
Water - Hydrocarbons,706n1,1554_00_00_00_14
Water - Hydrocarbons,709,64_00_00_00_14
Water - Hydrocarbons,710,148_00_00_00_14
Water - Hydrocarbons,717,1646_00_00_00_14
Water - Hydrocarbons,259,1268_00_00_00_14
Water - Hydrocarbons,259,4557_00_00_00_14
Water - Hydrocarbons,2879,311_00_00_00_14
Water - Hydrocarbons,2883,329_00_00_00_14
Water - Hydrocarbons,3401,155_00_00_00_14
Water - Hydrocarbons,3401,72_00_00_00_14
Water - Hydrocarbons,710,306_00_00_00_14
Water - Hydrocarbons,741,1884_00_00_00_14
Water - Hydrocarbons,259,1535_00_00_00_14
Water - Hydrocarbons,259,1536_00_00_00_14
Water - Hydrocarbons,259,1538_00_00_00_14
Water - Hydrocarbons,10350,74_00_00_00_14
Water - Hydrocarbons,259,1542_00_00_00_14
Water - Hydrocarbons,154d4,689_00_00_00_14
Water - Hydrocarbons,259,4417_00_00_00_14
Water - Hydrocarbons,1947,272_00_00_00_14
Water - Hydrocarbons,1947d2,95_00_00_00_14
Water - Hydrocarbons,2879,299_00_00_00_14
Water - Hydrocarbons,1981,292_00_00_00_14
Water - Hydrocarbons,640,1440_00_00_00_14
Water - Hydrocarbons,1981,314_00_00_00_14
Water - Hydrocarbons,209,1367_00_00_00_14
Water - Hydrocarbons,209,1387_00_00_00_14
Water - Hydrocarbons,2863,327_00_00_00_14
Water - Hydrocarbons,4357,1888_00_00_00_14
Water - Hydrocarbons,4428,1878_00_00_00_14
Water - Hydrocarbons,3226n1,4442_00_00_00_14
Water - Hydrocarbons,3226n1,4444_00_00_00_14
Water - Hydrocarbons,4428,1895_00_00_00_14
Water - Hydrocarbons,3530,2824_00_00_00_14
Water - Hydrocarbons,4428,2060_00_00_00_14
Water - Hydrocarbons,4435,5707_00_00_00_14
Water - Hydrocarbons,3601,103_00_00_00_14
Water - Hydrocarbons,3670,1319_00_00_00_14
Water - Hydrocarbons,3684,1268_00_00_00_14
Water - Hydrocarbons,3684,3777_00_00_00_14
Water - Hydrocarbons,3684,3825_00_00_00_14
Water - Hydrocarbons,3684,3829_00_00_00_14
Water - Hydrocarbons,3684,4546_00_00_00_14
Water - Hydrocarbons,3685,1100_00_00_00_14
Water - Hydrocarbons,3685,1550_00_00_00_14
Water - Hydrocarbons,3685,1585_00_00_00_14
Water - Hydrocarbons,3685,3810_00_00_00_14
Water - Hydrocarbons,3697,4218_00_00_00_14
Water - Hydrocarbons,3697,4237_00_00_00_14
Water - Hydrocarbons,4102,1423_00_00_00_14
Water - Hydrocarbons,4102,147_00_00_00_14
Water - Hydrocarbons,4102,4405_00_00_00_14
Water - Hydrocarbons,4300,2650_00_00_00_14
Water - Hydrocarbons,4357,1895_00_00_00_14
Water - Hydrocarbons,4406,1277_00_00_00_14
Water - Hydrocarbons,4406,1549_00_00_00_14
Water - Hydrocarbons,4406,1586_00_00_00_14
Water - Hydrocarbons,4406,3890_00_00_00_14
Water - Hydrocarbons,692,132_00_00_00_14
Water - Hydrocarbons,706n1,1099_00_00_00_14
Water - Hydrocarbons,706n1,1567_00_00_00_14
Water - Hydrocarbons,706n1,1575_00_00_00_14
Water - Hydrocarbons,741,2059_00_00_00_14
Water - Hydrocarbons,2319,2847_00_00_00_14
Water - Hydrocarbons,2319,78_00_00_00_14
Water - Hydrocarbons,2825,2838_00_00_00_02
Water - Hydrocarbons,4428,2144_00_00_00_14
Water - Hydrocarbons,10095,946_00_00_00_14
Water - Hydrocarbons,10095,953_00_00_00_14
Water - Hydrocarbons,1435,2650_00_00_00_14
Water - Hydrocarbons,2043,158_00_00_00_14
Water - Hydrocarbons,209,1385_00_00_00_14
Water - Hydrocarbons,2863d2,212_00_00_00_14
Water - Hydrocarbons,3221,4207_00_00_00_14
Water - Hydrocarbons,3221,4274_00_00_00_14
Water - Hydrocarbons,3325,4009_00_00_00_14
Water - Hydrocarbons,3601,3580_00_00_00_14
Water - Hydrocarbons,3601,74_00_00_00_14
Water - Hydrocarbons,3669,145_00_00_00_14
Water - Hydrocarbons,3684,1259_00_00_00_14
Water - Hydrocarbons,3684,3824_00_00_00_14
Water - Hydrocarbons,3684,3861_00_00_00_14
Water - Hydrocarbons,3684,3896_00_00_00_14
Water - Hydrocarbons,3685,1265_00_00_00_14
Water - Hydrocarbons,3685,1544_00_00_00_14
Water - Hydrocarbons,3685,3827_00_00_00_14
Water - Hydrocarbons,3685,3829_00_00_00_14
Water - Hydrocarbons,4081,4405_00_00_00_14
Water - Hydrocarbons,4081,93_00_00_00_14
Water - Hydrocarbons,4100,3732_00_00_00_14
Water - Hydrocarbons,4102,4048_00_00_00_14
Water - Hydrocarbons,4428,2059_00_00_00_14
Water - Hydrocarbons,4102,4053_00_00_00_14
Water - Hydrocarbons,4300,1094_00_00_00_14
Water - Hydrocarbons,4406,3813_00_00_00_14
Water - Hydrocarbons,4406,3839_00_00_00_14
Water - Hydrocarbons,4406,3888_00_00_00_14
Water - Hydrocarbons,4406,3894_00_00_00_14
Water - Hydrocarbons,4406,4545_00_00_00_14
Water - Hydrocarbons,4406,5310_00_00_00_14
Water - Hydrocarbons,4406,5314_00_00_00_14
Water - Hydrocarbons,4406,5315_00_00_00_14
Water - Hydrocarbons,549,181_00_00_00_14
Water - Hydrocarbons,671,4846_00_00_00_14
Water - Hydrocarbons,692,1432_00_00_00_14
Water - Hydrocarbons,692,4405_00_00_00_14
Water - Hydrocarbons,692,4834_00_00_00_14
Water - Hydrocarbons,706n1,1101_00_00_00_14
Water - Hydrocarbons,718,214_00_00_00_14
Water - Hydrocarbons,786,181_00_00_00_14
Water - Hydrocarbons,1867,289_00_00_00_14
Water - Hydrocarbons,2825,2865_00_00_00_02
Water - Hydrocarbons,4435,5696_00_00_00_14
Water - Hydrocarbons,10350,289_00_00_00_14
Water - Hydrocarbons,10366,3069_00_00_00_14
Water - Hydrocarbons,1435,1530_00_00_00_14
Water - Hydrocarbons,1947,106_00_00_00_14
Water - Hydrocarbons,1947d2,204_00_00_00_14
Water - Hydrocarbons,209,1339_00_00_00_14
Water - Hydrocarbons,2345,93_00_00_00_14
Water - Hydrocarbons,2863d1,145_00_00_00_14
Water - Hydrocarbons,2863d1,147_00_00_00_14
Water - Hydrocarbons,3226n1,4077_00_00_00_14
Water - Hydrocarbons,3227,1088_00_00_00_14
Water - Hydrocarbons,3601,217_00_00_00_14
Water - Hydrocarbons,3670,1328_00_00_00_14
Water - Hydrocarbons,3670,1423_00_00_00_14
Water - Hydrocarbons,3684,3817_00_00_00_14
Water - Hydrocarbons,3684,3846_00_00_00_14
Water - Hydrocarbons,3685,1085_00_00_00_14
Water - Hydrocarbons,3685,1267_00_00_00_14
Water - Hydrocarbons,3685,1277_00_00_00_14
Water - Hydrocarbons,3685,1567_00_00_00_14
Water - Hydrocarbons,3685,1735_00_00_00_14
Water - Hydrocarbons,3685,1736_00_00_00_14
Water - Hydrocarbons,3685,3780_00_00_00_14
Water - Hydrocarbons,3685,5315_00_00_00_14
Water - Hydrocarbons,4081,212_00_00_00_14
Water - Hydrocarbons,4081,3635_00_00_00_14
Water - Hydrocarbons,4081,3756_00_00_00_14
Water - Hydrocarbons,4081,4402_00_00_00_14
Water - Hydrocarbons,4102,4402_00_00_00_14
Water - Hydrocarbons,2825,946_00_00_00_02
Water - Hydrocarbons,4300,1102_00_00_00_14
Water - Hydrocarbons,4300,1561_00_00_00_14
Water - Hydrocarbons,4300,1587_00_00_00_14
Water - Hydrocarbons,4406,1274_00_00_00_14
Water - Hydrocarbons,4406,1528_00_00_00_14
Water - Hydrocarbons,4406,3833_00_00_00_14
Water - Hydrocarbons,4406,3834_00_00_00_14
Water - Hydrocarbons,4406,3838_00_00_00_14
Water - Hydrocarbons,4406,3855_00_00_00_14
Water - Hydrocarbons,692,137_00_00_00_14
Water - Hydrocarbons,692,145_00_00_00_14
Water - Hydrocarbons,692,4526_00_00_00_14
Water - Hydrocarbons,706n1,5312_00_00_00_14
Water - Hydrocarbons,706n2,1531_00_00_00_14
Water - Hydrocarbons,706n2,1552_00_00_00_14
Water - Hydrocarbons,717,1647_00_00_00_14
Water - Hydrocarbons,717,3293_00_00_00_14
Water - Hydrocarbons,10095,2786_00_00_00_14
Water - Hydrocarbons,10095,945_00_00_00_14
Water - Hydrocarbons,1981,140_00_00_00_14
Water - Hydrocarbons,1981,147_00_00_00_14
Water - Hydrocarbons,209,1344_00_00_00_14
Water - Hydrocarbons,209,1353_00_00_00_14
Water - Hydrocarbons,2879,314_00_00_00_14
Water - Hydrocarbons,3221,4212_00_00_00_14
Water - Hydrocarbons,3226n1,144_00_00_00_14
Water - Hydrocarbons,3226n2,292_00_00_00_14
Water - Hydrocarbons,1867,290_00_00_00_14
Water - Hydrocarbons,3401,311_00_00_00_14
Water - Hydrocarbons,4428,1886_00_00_00_14
Water - Hydrocarbons,4428,1887_00_00_00_14
Water - Hydrocarbons,3601,272_00_00_00_14
Water - Hydrocarbons,3601,306_00_00_00_14
Water - Hydrocarbons,4435,5695_00_00_00_14
Water - Hydrocarbons,677,332_00_00_00_14
Water - Hydrocarbons,3670,1421_00_00_00_14
Water - Hydrocarbons,3670,3730_00_00_00_14
Water - Hydrocarbons,3684,1088_00_00_00_14
Water - Hydrocarbons,3684,1103_00_00_00_14
Water - Hydrocarbons,3684,3821_00_00_00_14
Water - Hydrocarbons,3684,3882_00_00_00_14
Water - Hydrocarbons,3685,1528_00_00_00_14
Water - Hydrocarbons,4081,1272_00_00_00_14
Water - Hydrocarbons,4081,3753_00_00_00_14
Water - Hydrocarbons,4102,140_00_00_00_14
Water - Hydrocarbons,4102,312_00_00_00_14
Water - Hydrocarbons,4102,3732_00_00_00_14
Water - Hydrocarbons,4102,4400_00_00_00_14
Water - Hydrocarbons,4102,4406_00_00_00_14
Water - Hydrocarbons,429,569_00_00_00_14
Water - Hydrocarbons,4300,5311_00_00_00_14
Water - Hydrocarbons,4406,1263_00_00_00_14
Water - Hydrocarbons,4406,3776_00_00_00_14
Water - Hydrocarbons,4406,3810_00_00_00_14
Water - Hydrocarbons,4406,3816_00_00_00_14
Water - Hydrocarbons,4406,3835_00_00_00_14
Water - Hydrocarbons,4406,3848_00_00_00_14
Water - Hydrocarbons,4406,3853_00_00_00_14
Water - Hydrocarbons,4406,3899_00_00_00_14
Water - Hydrocarbons,605,1873_00_00_00_14
Water - Hydrocarbons,643u1,226_00_00_00_14
Water - Hydrocarbons,643u1,331_00_00_00_14
Water - Hydrocarbons,643u2,321_00_00_00_14
Water - Hydrocarbons,643u2,331_00_00_00_14
Water - Hydrocarbons,706n2,5315_00_00_00_14
Water - Hydrocarbons,717,3300_00_00_00_14
Water - Hydrocarbons,1867,2850_00_00_00_14
Water - Hydrocarbons,4428,1888_00_00_00_14
Water - Hydrocarbons,10350,217_00_00_00_14
Water - Hydrocarbons,10366,1323_00_00_00_14
Water - Hydrocarbons,1435,1099_00_00_00_14
Water - Hydrocarbons,1435,1575_00_00_00_14
Water - Hydrocarbons,148,642_00_00_00_14
Water - Hydrocarbons,1947,93_00_00_00_14
Water - Hydrocarbons,209,1358_00_00_00_14
Water - Hydrocarbons,2663,331_00_00_00_14
Water - Hydrocarbons,2790,834_00_00_00_14
Water - Hydrocarbons,2863,237_00_00_00_14
Water - Hydrocarbons,2879,1041_00_00_00_14
Water - Hydrocarbons,308,1099_00_00_00_14
Water - Hydrocarbons,3226n1,915_00_00_00_14
Water - Hydrocarbons,3226n2,3076_00_00_00_14
Water - Hydrocarbons,3228,4214_00_00_00_14
Water - Hydrocarbons,3670,3754_00_00_00_14
Water - Hydrocarbons,3684,1564_00_00_00_14
Water - Hydrocarbons,3684,3816_00_00_00_14
Water - Hydrocarbons,3684,3848_00_00_00_14
Water - Hydrocarbons,3684,3875_00_00_00_14
Water - Hydrocarbons,3684,4418_00_00_00_14
Water - Hydrocarbons,3684,4545_00_00_00_14
Water - Hydrocarbons,3685,1263_00_00_00_14
Water - Hydrocarbons,3685,1742_00_00_00_14
Water - Hydrocarbons,3685,1770_00_00_00_14
Water - Hydrocarbons,3685,3852_00_00_00_14
Water - Hydrocarbons,3697,4270_00_00_00_14
Water - Hydrocarbons,4081,3637_00_00_00_14
Water - Hydrocarbons,4100,132_00_00_00_14
Water - Hydrocarbons,4100,155_00_00_00_14
Water - Hydrocarbons,4102,145_00_00_00_14
Water - Hydrocarbons,2367,950_00_00_00_14
Water - Hydrocarbons,4300,1091_00_00_00_14
Water - Hydrocarbons,4357,1882_00_00_00_14
Water - Hydrocarbons,2720,76_00_00_00_14
Water - Hydrocarbons,4428,2057_00_00_00_14
Water - Hydrocarbons,4406,3780_00_00_00_14
Water - Hydrocarbons,4428,2141_00_00_00_14
Water - Hydrocarbons,640,1295_00_00_00_14
Water - Hydrocarbons,643,333_00_00_00_14
Water - Hydrocarbons,4435,5709_00_00_00_01
Water - Hydrocarbons,643u2,226_00_00_00_14
Water - Hydrocarbons,671,1896_00_00_00_14
Water - Hydrocarbons,706n1,1041_00_00_00_14
Water - Hydrocarbons,706n1,1529_00_00_00_14
Water - Hydrocarbons,706n2,1529_00_00_00_14
Water - Hydrocarbons,10366,1317_00_00_00_14
Water - Hydrocarbons,1435,1098_00_00_00_14
Water - Hydrocarbons,157,689_00_00_00_14
Water - Hydrocarbons,1947,146_00_00_00_14
Water - Hydrocarbons,209,1362_00_00_00_14
Water - Hydrocarbons,2429,181_00_00_00_14
Water - Hydrocarbons,2863d2,145_00_00_00_14
Water - Hydrocarbons,3226n1,292_00_00_00_14
Water - Hydrocarbons,3226n1,3074_00_00_00_14
Water - Hydrocarbons,3226n2,219_00_00_00_14
Water - Hydrocarbons,3228,4206_00_00_00_14
Water - Hydrocarbons,3228,4207_00_00_00_14
Water - Hydrocarbons,3228,4213_00_00_00_14
Water - Hydrocarbons,3228,4215_00_00_00_14
Water - Hydrocarbons,3228,4274_00_00_00_14
Water - Hydrocarbons,3228,4292_00_00_00_14
Water - Hydrocarbons,3401,3048_00_00_00_14
Water - Hydrocarbons,3601,312_00_00_00_14
Water - Hydrocarbons,3670,1430_00_00_00_14
Water - Hydrocarbons,3684,1557_00_00_00_14
Water - Hydrocarbons,3684,3780_00_00_00_14
Water - Hydrocarbons,3684,3836_00_00_00_14
Water - Hydrocarbons,3684,3843_00_00_00_14
Water - Hydrocarbons,3684,3897_00_00_00_14
Water - Hydrocarbons,3684,5313_00_00_00_14
Water - Hydrocarbons,3685,1264_00_00_00_14
Water - Hydrocarbons,3685,1274_00_00_00_14
Water - Hydrocarbons,2825,947_00_00_00_02
Water - Hydrocarbons,3685,3781_00_00_00_14
Water - Hydrocarbons,4357,1892_00_00_00_14
Water - Hydrocarbons,3685,3814_00_00_00_14
Water - Hydrocarbons,3697,4254_00_00_00_14
Water - Hydrocarbons,4081,145_00_00_00_14
Water - Hydrocarbons,4081,292_00_00_00_14
Water - Hydrocarbons,4081,4069_00_00_00_14
Water - Hydrocarbons,4081,5053_00_00_00_14
Water - Hydrocarbons,4100,146_00_00_00_14
Water - Hydrocarbons,4102,204_00_00_00_14
Water - Hydrocarbons,4353,1436_00_00_00_14
Water - Hydrocarbons,4353,3938_00_00_00_14
Water - Hydrocarbons,692,1433_00_00_00_14
Water - Hydrocarbons,706n1,1102_00_00_00_14
Water - Hydrocarbons,706n2,1563_00_00_00_14
Water - Hydrocarbons,1435,1571_00_00_00_14
Water - Hydrocarbons,145,351_00_00_00_14
Water - Hydrocarbons,1947,215_00_00_00_14
Water - Hydrocarbons,1947,256_00_00_00_14
Water - Hydrocarbons,209,1356_00_00_00_14
Water - Hydrocarbons,209,1373_00_00_00_14
Water - Hydrocarbons,1867,329_00_00_00_14
Water - Hydrocarbons,2831,2876_00_00_00_04
Water - Hydrocarbons,2863d2,140_00_00_00_14
Water - Hydrocarbons,4357,1894_00_00_00_14
Water - Hydrocarbons,3221,4217_00_00_00_14
Water - Hydrocarbons,3226n1,141_00_00_00_14
Water - Hydrocarbons,4428,5682_00_00_00_01
Water - Hydrocarbons,3228,1405_00_00_00_14
Water - Hydrocarbons,4445,4353_00_00_00_14
Water - Hydrocarbons,643,205_00_00_00_14
Water - Hydrocarbons,3601,53_00_00_00_14
Water - Hydrocarbons,3601,898_00_00_00_14
Water - Hydrocarbons,3669,146_00_00_00_14
Water - Hydrocarbons,3670,2364_00_00_00_14
Water - Hydrocarbons,3684,1101_00_00_00_14
Water - Hydrocarbons,3684,1258_00_00_00_14
Water - Hydrocarbons,3684,3818_00_00_00_14
Water - Hydrocarbons,3684,3828_00_00_00_14
Water - Hydrocarbons,3684,3840_00_00_00_14
Water - Hydrocarbons,3684,3863_00_00_00_14
Water - Hydrocarbons,3684,3876_00_00_00_14
Water - Hydrocarbons,3684,3892_00_00_00_14
Water - Hydrocarbons,3685,1090_00_00_00_14
Water - Hydrocarbons,3685,1095_00_00_00_14
Water - Hydrocarbons,3685,1266_00_00_00_14
Water - Hydrocarbons,3685,1558_00_00_00_14
Water - Hydrocarbons,3685,1579_00_00_00_14
Water - Hydrocarbons,3685,3875_00_00_00_14
Water - Hydrocarbons,3685,3890_00_00_00_14
Water - Hydrocarbons,3697,1627_00_00_00_14
Water - Hydrocarbons,4081,3747_00_00_00_14
Water - Hydrocarbons,4100,4401_00_00_00_14
Water - Hydrocarbons,4100,4403_00_00_00_14
Water - Hydrocarbons,4102,292_00_00_00_14
Water - Hydrocarbons,4300,1100_00_00_00_14
Water - Hydrocarbons,432,620_00_00_00_14
Water - Hydrocarbons,4353,1440_00_00_00_14
Water - Hydrocarbons,4406,1088_00_00_00_14
Water - Hydrocarbons,4406,1548_00_00_00_14
Water - Hydrocarbons,4406,3820_00_00_00_14
Water - Hydrocarbons,4406,3821_00_00_00_14
Water - Hydrocarbons,4406,3829_00_00_00_14
Water - Hydrocarbons,4406,3863_00_00_00_14
Water - Hydrocarbons,4406,3872_00_00_00_14
Water - Hydrocarbons,4406,3895_00_00_00_14
Water - Hydrocarbons,4406,3901_00_00_00_14
Water - Hydrocarbons,1867,74_00_00_00_14
Water - Hydrocarbons,2319,316_00_00_00_14
Water - Hydrocarbons,549,91_00_00_00_14
Water - Hydrocarbons,706n2,1096_00_00_00_14
Water - Hydrocarbons,4428,2136_00_00_00_14
Water - Hydrocarbons,4435,4481_00_00_00_14
Water - Hydrocarbons,706n2,5313_00_00_00_14
Water - Hydrocarbons,709,95_00_00_00_14
Water - Hydrocarbons,741,1880_00_00_00_14
Water - Hydrocarbons,886,280_00_00_00_14
Water - Hydrocarbons,982,147_00_00_00_14
Water - Hydrocarbons,10366,1330_00_00_00_14
Water - Hydrocarbons,1435,1545_00_00_00_14
Water - Hydrocarbons,1981,204_00_00_00_14
Water - Hydrocarbons,209,1388_00_00_00_14
Water - Hydrocarbons,2863,146_00_00_00_14
Water - Hydrocarbons,2879,148_00_00_00_14
Water - Hydrocarbons,3221,4206_00_00_00_14
Water - Hydrocarbons,3226n1,145_00_00_00_14
Water - Hydrocarbons,3226n1,1475_00_00_00_14
Water - Hydrocarbons,3226n1,4443_00_00_00_14
Water - Hydrocarbons,3226n2,148_00_00_00_14
Water - Hydrocarbons,3228,4261_00_00_00_14
Water - Hydrocarbons,3601,273_00_00_00_14
Water - Hydrocarbons,1867,257_00_00_00_14
Water - Hydrocarbons,4428,2056_00_00_00_14
Water - Hydrocarbons,3669,315_00_00_00_14
Water - Hydrocarbons,4428,2143_00_00_00_14
Water - Hydrocarbons,3684,1095_00_00_00_14
Water - Hydrocarbons,3684,3898_00_00_00_14
Water - Hydrocarbons,4428,5681_00_00_00_01
Water - Hydrocarbons,3685,1268_00_00_00_14
Water - Hydrocarbons,4464,5406_00_00_00_14
Water - Hydrocarbons,3685,1564_00_00_00_14
Water - Hydrocarbons,643,2851_00_00_00_14
Water - Hydrocarbons,3685,3844_00_00_00_14
Water - Hydrocarbons,4102,303_00_00_00_14
Water - Hydrocarbons,4353,1295_00_00_00_14
Water - Hydrocarbons,4406,1082_00_00_00_14
Water - Hydrocarbons,4406,1094_00_00_00_14
Water - Hydrocarbons,60,312_00_00_00_14
Water - Hydrocarbons,605,1879_00_00_00_14
Water - Hydrocarbons,643u1,198_00_00_00_14
Water - Hydrocarbons,643u1,319_00_00_00_14
Water - Hydrocarbons,643u2,198_00_00_00_14
Water - Hydrocarbons,706n1,4415_00_00_00_14
Water - Hydrocarbons,741,2060_00_00_00_14
Water - Hydrocarbons,786,76_00_00_00_14
Water - Hydrocarbons,1867,106_00_00_00_14
Water - Hydrocarbons,1981,155_00_00_00_14
Water - Hydrocarbons,10350,1028_00_00_00_14
Water - Hydrocarbons,10350,274_00_00_00_14
Water - Hydrocarbons,2720,77_00_00_00_14
Water - Hydrocarbons,4435,4043_00_00_00_14
Water - Hydrocarbons,10366,1325_00_00_00_14
Water - Hydrocarbons,4464,5391_00_00_00_14
Water - Hydrocarbons,1435,5312_00_00_00_14
Water - Hydrocarbons,677,246_00_00_00_14
Water - Hydrocarbons,1981,1272_00_00_00_14
Water - Hydrocarbons,2043,159_00_00_00_14
Water - Hydrocarbons,209,1335_00_00_00_14
Water - Hydrocarbons,209,1354_00_00_00_14
Water - Hydrocarbons,2321,2805_00_00_00_14
Water - Hydrocarbons,2663,333_00_00_00_14
Water - Hydrocarbons,2863,299_00_00_00_14
Water - Hydrocarbons,3221,1920_00_00_00_14
Water - Hydrocarbons,3226n1,3070_00_00_00_14
Water - Hydrocarbons,3226n1,3072_00_00_00_14
Water - Hydrocarbons,3226n1,3076_00_00_00_14
Water - Hydrocarbons,3226n1,93_00_00_00_14
Water - Hydrocarbons,3226n2,212_00_00_00_14
Water - Hydrocarbons,3227,1531_00_00_00_14
Water - Hydrocarbons,3601,2714_00_00_00_14
Water - Hydrocarbons,3608,4341_00_00_00_14
Water - Hydrocarbons,3684,1089_00_00_00_14
Water - Hydrocarbons,3684,1090_00_00_00_14
Water - Hydrocarbons,3684,1536_00_00_00_14
Water - Hydrocarbons,3684,3842_00_00_00_14
Water - Hydrocarbons,3684,3888_00_00_00_14
Water - Hydrocarbons,3685,3840_00_00_00_14
Water - Hydrocarbons,3685,4549_00_00_00_14
Water - Hydrocarbons,3697,4274_00_00_00_14
Water - Hydrocarbons,4081,146_00_00_00_14
Water - Hydrocarbons,4100,10056_00_00_00_14
Water - Hydrocarbons,4100,4404_00_00_00_14
Water - Hydrocarbons,4102,3756_00_00_00_14
Water - Hydrocarbons,4300,1086_00_00_00_14
Water - Hydrocarbons,4357,1889_00_00_00_14
Water - Hydrocarbons,4406,1550_00_00_00_14
Water - Hydrocarbons,4406,3830_00_00_00_14
Water - Hydrocarbons,4406,5313_00_00_00_14
Water - Hydrocarbons,605,2057_00_00_00_14
Water - Hydrocarbons,605,2060_00_00_00_14
Water - Hydrocarbons,605,4763_00_00_00_14
Water - Hydrocarbons,692,140_00_00_00_14
Water - Hydrocarbons,692,3636_00_00_00_14
Water - Hydrocarbons,706n1,1531_00_00_00_14
Water - Hydrocarbons,706n1,1552_00_00_00_14
Water - Hydrocarbons,706n2,1101_00_00_00_14
Water - Hydrocarbons,1867,52_00_00_00_14
Water - Hydrocarbons,1930,90_00_00_00_14
Water - Hydrocarbons,706n2,1554_00_00_00_14
Water - Hydrocarbons,706n2,2650_00_00_00_14
Water - Hydrocarbons,706n2,5311_00_00_00_14
Water - Hydrocarbons,741,1891_00_00_00_14
Water - Hydrocarbons,847,299_00_00_00_14
Water - Hydrocarbons,10350,1029_00_00_00_14
Water - Hydrocarbons,1435,1092_00_00_00_14
Water - Hydrocarbons,1435,1593_00_00_00_14
Water - Hydrocarbons,1947,212_00_00_00_14
Water - Hydrocarbons,2071,863_00_00_00_14
Water - Hydrocarbons,3221,4275_00_00_00_14
Water - Hydrocarbons,3226n2,1466_00_00_00_14
Water - Hydrocarbons,3226n2,3070_00_00_00_14
Water - Hydrocarbons,3226n2,4443_00_00_00_14
Water - Hydrocarbons,3601,2702_00_00_00_14
Water - Hydrocarbons,3601,903_00_00_00_14
Water - Hydrocarbons,3684,1093_00_00_00_14
Water - Hydrocarbons,3684,1263_00_00_00_14
Water - Hydrocarbons,3684,1267_00_00_00_14
Water - Hydrocarbons,3684,3819_00_00_00_14
Water - Hydrocarbons,3684,3849_00_00_00_14
Water - Hydrocarbons,3684,3853_00_00_00_14
Water - Hydrocarbons,3684,4549_00_00_00_14
Water - Hydrocarbons,3684,4560_00_00_00_14
Water - Hydrocarbons,3697,4251_00_00_00_14
Water - Hydrocarbons,4081,3742_00_00_00_14
Water - Hydrocarbons,4081,3750_00_00_00_14
Water - Hydrocarbons,4100,4048_00_00_00_14
Water - Hydrocarbons,2825,949_00_00_00_02
Water - Hydrocarbons,4428,2131_00_00_00_14
Water - Hydrocarbons,4100,4402_00_00_00_14
Water - Hydrocarbons,4102,4542_00_00_00_14
Water - Hydrocarbons,4428,2137_00_00_00_14
Water - Hydrocarbons,4220,10238_00_00_00_14
Water - Hydrocarbons,4300,1092_00_00_00_14
Water - Hydrocarbons,4300,1103_00_00_00_14
Water - Hydrocarbons,4357,1883_00_00_00_14
Water - Hydrocarbons,4404,5441_00_00_00_14
Water - Hydrocarbons,4406,1102_00_00_00_14
Water - Hydrocarbons,4406,3819_00_00_00_14
Water - Hydrocarbons,4406,3827_00_00_00_14
Water - Hydrocarbons,4406,3831_00_00_00_14
Water - Hydrocarbons,4406,3837_00_00_00_14
Water - Hydrocarbons,4406,5309_00_00_00_14
Water - Hydrocarbons,706n2,1093_00_00_00_14
Water - Hydrocarbons,10350,277_00_00_00_14
Water - Hydrocarbons,10350,3145_00_00_00_14
Water - Hydrocarbons,1435,5313_00_00_00_14
Water - Hydrocarbons,1981,92_00_00_00_14
Water - Hydrocarbons,2011,75_00_00_00_14
Water - Hydrocarbons,2015,299_00_00_00_14
Water - Hydrocarbons,2663,226_00_00_00_14
Water - Hydrocarbons,2663,228_00_00_00_14
Water - Hydrocarbons,3225,181_00_00_00_14
Water - Hydrocarbons,3226n1,4438_00_00_00_14
Water - Hydrocarbons,3226n2,1272_00_00_00_14
Water - Hydrocarbons,3227,1092_00_00_00_14
Water - Hydrocarbons,3227,1093_00_00_00_14
Water - Hydrocarbons,3227,1099_00_00_00_14
Water - Hydrocarbons,3227,1583_00_00_00_14
Water - Hydrocarbons,3227,1588_00_00_00_14
Water - Hydrocarbons,1867,64_00_00_00_14
Water - Hydrocarbons,1981,212_00_00_00_14
Water - Hydrocarbons,3228,3726_00_00_00_14
Water - Hydrocarbons,2825,951_00_00_00_02
Water - Hydrocarbons,3325,4010_00_00_00_14
Water - Hydrocarbons,3401,282_00_00_00_14
Water - Hydrocarbons,4464,5744_00_00_00_14
Water - Hydrocarbons,3512,1295_00_00_00_14
Water - Hydrocarbons,3601,66_00_00_00_14
Water - Hydrocarbons,3654,91_00_00_00_14
Water - Hydrocarbons,3684,3782_00_00_00_14
Water - Hydrocarbons,3684,3830_00_00_00_14
Water - Hydrocarbons,3684,3887_00_00_00_14
Water - Hydrocarbons,3685,1534_00_00_00_14
Water - Hydrocarbons,3685,1535_00_00_00_14
Water - Hydrocarbons,3685,1753_00_00_00_14
Water - Hydrocarbons,3685,3870_00_00_00_14
Water - Hydrocarbons,3685,3879_00_00_00_14
Water - Hydrocarbons,3685,5312_00_00_00_14
Water - Hydrocarbons,3697,4242_00_00_00_14
Water - Hydrocarbons,4081,2628_00_00_00_14
Water - Hydrocarbons,4081,3638_00_00_00_14
Water - Hydrocarbons,4100,1429_00_00_00_14
Water - Hydrocarbons,4300,1097_00_00_00_14
Water - Hydrocarbons,4357,1875_00_00_00_14
Water - Hydrocarbons,4406,1558_00_00_00_14
Water - Hydrocarbons,4406,1565_00_00_00_14
Water - Hydrocarbons,4406,1566_00_00_00_14
Water - Hydrocarbons,4406,3874_00_00_00_14
Water - Hydrocarbons,4406,3900_00_00_00_14
Water - Hydrocarbons,4406,4417_00_00_00_14
Water - Hydrocarbons,60,292_00_00_00_14
Water - Hydrocarbons,1867,66_00_00_00_14
Water - Hydrocarbons,692,1429_00_00_00_14
Water - Hydrocarbons,692,299_00_00_00_14
Water - Hydrocarbons,2825,950_00_00_00_02
Water - Hydrocarbons,4428,1872_00_00_00_14
Water - Hydrocarbons,706n1,1086_00_00_00_14
Water - Hydrocarbons,706n1,1571_00_00_00_14
Water - Hydrocarbons,4428,2134_00_00_00_14
Water - Hydrocarbons,706n2,1571_00_00_00_14
Water - Hydrocarbons,4428,2135_00_00_00_14
Water - Hydrocarbons,741,2054_00_00_00_14
Water - Hydrocarbons,847,314_00_00_00_14
Water - Hydrocarbons,10366,1322_00_00_00_14
Water - Hydrocarbons,10366,1328_00_00_00_14
Water - Hydrocarbons,1947,250_00_00_00_14
Water - Hydrocarbons,1947d2,219_00_00_00_14
Water - Hydrocarbons,303,1399_00_00_00_14
Water - Hydrocarbons,3221,4213_00_00_00_14
Water - Hydrocarbons,3221,4215_00_00_00_14
Water - Hydrocarbons,3221,4261_00_00_00_14
Water - Hydrocarbons,3226n2,4442_00_00_00_14
Water - Hydrocarbons,4428,2058_00_00_00_14
Water - Hydrocarbons,3227,3847_00_00_00_14
Water - Hydrocarbons,677,245_00_00_00_14
Water - Hydrocarbons,3405,181_00_00_00_14
Water - Hydrocarbons,3601,257_00_00_00_14
Water - Hydrocarbons,3601,52_00_00_00_14
Water - Hydrocarbons,3669,212_00_00_00_14
Water - Hydrocarbons,3669,92_00_00_00_14
Water - Hydrocarbons,3670,1077_00_00_00_14
Water - Hydrocarbons,3670,4402_00_00_00_14
Water - Hydrocarbons,3670,4403_00_00_00_14
Water - Hydrocarbons,3684,1558_00_00_00_14
Water - Hydrocarbons,3684,5310_00_00_00_14
Water - Hydrocarbons,3685,1102_00_00_00_14
Water - Hydrocarbons,3685,1556_00_00_00_14
Water - Hydrocarbons,3685,1571_00_00_00_14
Water - Hydrocarbons,3685,1762_00_00_00_14
Water - Hydrocarbons,3685,1771_00_00_00_14
Water - Hydrocarbons,3685,4546_00_00_00_14
Water - Hydrocarbons,3685,5309_00_00_00_14
Water - Hydrocarbons,3697,4252_00_00_00_14
Water - Hydrocarbons,4081,1433_00_00_00_14
Water - Hydrocarbons,4081,3024_00_00_00_14
Water - Hydrocarbons,4081,3749_00_00_00_14
Water - Hydrocarbons,4081,3765_00_00_00_14
Water - Hydrocarbons,4102,3731_00_00_00_14
Water - Hydrocarbons,4102,3775_00_00_00_14
Water - Hydrocarbons,4102,4525_00_00_00_14
Water - Hydrocarbons,4406,1537_00_00_00_14
Water - Hydrocarbons,4406,1554_00_00_00_14
Water - Hydrocarbons,4406,3825_00_00_00_14
Water - Hydrocarbons,4406,3842_00_00_00_14
Water - Hydrocarbons,605,2059_00_00_00_14
Water - Hydrocarbons,643u1,308_00_00_00_14
Water - Hydrocarbons,643u2,319_00_00_00_14
Water - Hydrocarbons,671,1887_00_00_00_14
Water - Hydrocarbons,673,91_00_00_00_14
Water - Hydrocarbons,680,237_00_00_00_14
Water - Hydrocarbons,151,642_00_00_00_14
Water - Hydrocarbons,692,155_00_00_00_14
Water - Hydrocarbons,4357,1891_00_00_00_14
Water - Hydrocarbons,692,312_00_00_00_14
Water - Hydrocarbons,4435,5708_00_00_00_14
Water - Hydrocarbons,4466,5753_00_00_00_01
Water - Hydrocarbons,706n2,1088_00_00_00_14
Water - Hydrocarbons,10350,275_00_00_00_14
Water - Hydrocarbons,10366,1324_00_00_00_14
Water - Hydrocarbons,1435,1583_00_00_00_14
Water - Hydrocarbons,1947d1,304_00_00_00_14
Water - Hydrocarbons,209,1350_00_00_00_14
Water - Hydrocarbons,2345,226_00_00_00_14
Water - Hydrocarbons,2345,96_00_00_00_14
Water - Hydrocarbons,2663,231_00_00_00_14
Water - Hydrocarbons,2863,91_00_00_00_14
Water - Hydrocarbons,3221,4208_00_00_00_14
Water - Hydrocarbons,3226n1,4434_00_00_00_14
Water - Hydrocarbons,3601,2713_00_00_00_14
Water - Hydrocarbons,3684,1548_00_00_00_14
Water - Hydrocarbons,3684,3778_00_00_00_14
Water - Hydrocarbons,3684,3832_00_00_00_14
Water - Hydrocarbons,3684,3845_00_00_00_14
Water - Hydrocarbons,3684,3859_00_00_00_14
Water - Hydrocarbons,3684,3879_00_00_00_14
Water - Hydrocarbons,3684,3899_00_00_00_14
Water - Hydrocarbons,3684d1,1104_00_00_00_14
Water - Hydrocarbons,3685,1549_00_00_00_14
Water - Hydrocarbons,3685,1576_00_00_00_14
Water - Hydrocarbons,3697,4243_00_00_00_14
Water - Hydrocarbons,2321,63_00_00_00_14
Water - Hydrocarbons,4081,148_00_00_00_14
Water - Hydrocarbons,2831,2875_00_00_00_04
Water - Hydrocarbons,4081,4066_00_00_00_14
Water - Hydrocarbons,4357,1884_00_00_00_14
Water - Hydrocarbons,4425,5441_00_00_00_14
Water - Hydrocarbons,4100,1430_00_00_00_14
Water - Hydrocarbons,4102,141_00_00_00_14
Water - Hydrocarbons,4435,5704_00_00_00_14
Water - Hydrocarbons,4435,5706_00_00_00_14
Water - Hydrocarbons,4300,1093_00_00_00_14
Water - Hydrocarbons,4300,2619_00_00_00_14
Water - Hydrocarbons,4357,1896_00_00_00_14
Water - Hydrocarbons,4406,3841_00_00_00_14
Water - Hydrocarbons,4406,3857_00_00_00_14
Water - Hydrocarbons,4406,3865_00_00_00_14
Water - Hydrocarbons,605,2053_00_00_00_14
Water - Hydrocarbons,643u1,123_00_00_00_14
Water - Hydrocarbons,643u1,321_00_00_00_14
Water - Hydrocarbons,643u2,123_00_00_00_14
Water - Hydrocarbons,692,4837_00_00_00_14
Water - Hydrocarbons,706n1,1083_00_00_00_14
Water - Hydrocarbons,706n2,1091_00_00_00_14
Water - Hydrocarbons,706n2,1578_00_00_00_14
Water - Hydrocarbons,717,1643_00_00_00_14
Water - Hydrocarbons,982,146_00_00_00_14
Water - Hydrocarbons,1867,272_00_00_00_14
Water - Hydrocarbons,434,744_00_00_00_14
Water - Hydrocarbons,4428,2132_00_00_00_14
Water - Hydrocarbons,4428,2140_00_00_00_14
Water - Hydrocarbons,643,75_00_00_00_14
Water - Hydrocarbons,10366,4049_00_00_00_14
Water - Hydrocarbons,1435,1091_00_00_00_14
Water - Hydrocarbons,1435,1587_00_00_00_14
Water - Hydrocarbons,209,1351_00_00_00_14
Water - Hydrocarbons,209,1375_00_00_00_14
Water - Hydrocarbons,2345,233_00_00_00_14
Water - Hydrocarbons,2345,300_00_00_00_14
Water - Hydrocarbons,3225,91_00_00_00_14
Water - Hydrocarbons,3601,267_00_00_00_14
Water - Hydrocarbons,3601,2705_00_00_00_14
Water - Hydrocarbons,3653,4005_00_00_00_14
Water - Hydrocarbons,3653,73_00_00_00_14
Water - Hydrocarbons,3670,1325_00_00_00_14
Water - Hydrocarbons,3670,1330_00_00_00_14
Water - Hydrocarbons,3684,1554_00_00_00_14
Water - Hydrocarbons,3684,3877_00_00_00_14
Water - Hydrocarbons,3684,3890_00_00_00_14
Water - Hydrocarbons,3684,3894_00_00_00_14
Water - Hydrocarbons,3684,4553_00_00_00_14
Water - Hydrocarbons,3684,5309_00_00_00_14
Water - Hydrocarbons,3685,1531_00_00_00_14
Water - Hydrocarbons,3685,1546_00_00_00_14
Water - Hydrocarbons,3685,1562_00_00_00_14
Water - Hydrocarbons,3685,1767_00_00_00_14
Water - Hydrocarbons,3685,5313_00_00_00_14
Water - Hydrocarbons,4100,93_00_00_00_14
Water - Hydrocarbons,4406,3873_00_00_00_14
Water - Hydrocarbons,4406,3875_00_00_00_14
Water - Hydrocarbons,4406,3897_00_00_00_14
Water - Hydrocarbons,462,4602_00_00_00_14
Water - Hydrocarbons,692,3756_00_00_00_14
Water - Hydrocarbons,692,4050_00_00_00_14
Water - Hydrocarbons,692,4832_00_00_00_14
Water - Hydrocarbons,1930,297_00_00_00_14
Water - Hydrocarbons,692,93_00_00_00_14
Water - Hydrocarbons,2321,328_00_00_00_14
Water - Hydrocarbons,4357,5444_00_00_00_14
Water - Hydrocarbons,706n1,1593_00_00_00_14
Water - Hydrocarbons,706n2,1567_00_00_00_14
Water - Hydrocarbons,4435,4482_00_00_00_14
Water - Hydrocarbons,4435,5694_00_00_00_14
Water - Hydrocarbons,709,72_00_00_00_14
Water - Hydrocarbons,10350,288_00_00_00_14
Water - Hydrocarbons,209,1363_00_00_00_14
Water - Hydrocarbons,2345,295_00_00_00_14
Water - Hydrocarbons,2663,308_00_00_00_14
Water - Hydrocarbons,3226n1,137_00_00_00_14
Water - Hydrocarbons,3226n1,140_00_00_00_14
Water - Hydrocarbons,3226n1,146_00_00_00_14
Water - Hydrocarbons,3226n1,148_00_00_00_14
Water - Hydrocarbons,3226n2,3072_00_00_00_14
Water - Hydrocarbons,3228,4217_00_00_00_14
Water - Hydrocarbons,3325,4008_00_00_00_14
Water - Hydrocarbons,3401,314_00_00_00_14
Water - Hydrocarbons,3601,329_00_00_00_14
Water - Hydrocarbons,3669,299_00_00_00_14
Water - Hydrocarbons,3670,1318_00_00_00_14
Water - Hydrocarbons,3670,1429_00_00_00_14
Water - Hydrocarbons,3670,4400_00_00_00_14
Water - Hydrocarbons,3684,3847_00_00_00_14
Water - Hydrocarbons,3684,3852_00_00_00_14
Water - Hydrocarbons,3684,3872_00_00_00_14
Water - Hydrocarbons,3684,4557_00_00_00_14
Water - Hydrocarbons,3685,1488_00_00_00_14
Water - Hydrocarbons,3685,1537_00_00_00_14
Water - Hydrocarbons,3685,1553_00_00_00_14
Water - Hydrocarbons,3685,1589_00_00_00_14
Water - Hydrocarbons,3685,1755_00_00_00_14
Water - Hydrocarbons,3685,1759_00_00_00_14
Water - Hydrocarbons,3685,3842_00_00_00_14
Water - Hydrocarbons,3685,4545_00_00_00_14
Water - Hydrocarbons,3697,4244_00_00_00_14
Water - Hydrocarbons,4081,1080_00_00_00_14
Water - Hydrocarbons,4081,1598_00_00_00_14
Water - Hydrocarbons,2581,75_00_00_00_14
Water - Hydrocarbons,4428,1896_00_00_00_14
Water - Hydrocarbons,4081,3751_00_00_00_14
Water - Hydrocarbons,4081,4051_00_00_00_14
Water - Hydrocarbons,4428,5682_00_00_00_14
Water - Hydrocarbons,4081,4052_00_00_00_14
Water - Hydrocarbons,4435,5702_00_00_00_14
Water - Hydrocarbons,4464,5745_00_00_00_14
Water - Hydrocarbons,4081,4410_00_00_00_14
Water - Hydrocarbons,4086,3713_00_00_00_14
Water - Hydrocarbons,4102,3774_00_00_00_14
Water - Hydrocarbons,4406,1555_00_00_00_14
Water - Hydrocarbons,4406,3818_00_00_00_14
Water - Hydrocarbons,4406,3858_00_00_00_14
Water - Hydrocarbons,462,4694_00_00_00_14
Water - Hydrocarbons,605,2056_00_00_00_14
Water - Hydrocarbons,671,1882_00_00_00_14
Water - Hydrocarbons,706n1,5313_00_00_00_14
Water - Hydrocarbons,706n2,1104_00_00_00_14
Water - Hydrocarbons,741,1896_00_00_00_14
Water - Hydrocarbons,10366,4412_00_00_00_14
Water - Hydrocarbons,1435,1538_00_00_00_14
Water - Hydrocarbons,2009,306_00_00_00_14
Water - Hydrocarbons,209,1361_00_00_00_14
Water - Hydrocarbons,3227,1579_00_00_00_14
Water - Hydrocarbons,3406,181_00_00_00_14
Water - Hydrocarbons,3601,2706_00_00_00_14
Water - Hydrocarbons,1981,93_00_00_00_14
Water - Hydrocarbons,3669,147_00_00_00_14
Water - Hydrocarbons,3670,3731_00_00_00_14
Water - Hydrocarbons,4435,5699_00_00_00_14
Water - Hydrocarbons,3684,1540_00_00_00_14
Water - Hydrocarbons,3684,3862_00_00_00_14
Water - Hydrocarbons,3685,1769_00_00_00_14
Water - Hydrocarbons,3685,3850_00_00_00_14
Water - Hydrocarbons,3685,5085_00_00_00_14
Water - Hydrocarbons,3685,5310_00_00_00_14
Water - Hydrocarbons,3697,4213_00_00_00_14
Water - Hydrocarbons,4100,2626_00_00_00_14
Water - Hydrocarbons,4102,4411_00_00_00_14
Water - Hydrocarbons,4300,1041_00_00_00_14
Water - Hydrocarbons,4406,3828_00_00_00_14
Water - Hydrocarbons,4406,3852_00_00_00_14
Water - Hydrocarbons,4406,3861_00_00_00_14
Water - Hydrocarbons,4406,3876_00_00_00_14
Water - Hydrocarbons,4406,3887_00_00_00_14
Water - Hydrocarbons,462,4307_00_00_00_14
Water - Hydrocarbons,549,306_00_00_00_14
Water - Hydrocarbons,692,292_00_00_00_14
Water - Hydrocarbons,706n1,1538_00_00_00_14
Water - Hydrocarbons,706n1,5314_00_00_00_14
Water - Hydrocarbons,706n2,1538_00_00_00_14
Water - Hydrocarbons,2321,73_00_00_00_14
Water - Hydrocarbons,2563,1031_00_00_00_14
Water - Hydrocarbons,2825,2787_00_00_00_02
Water - Hydrocarbons,4428,1892_00_00_00_14
Water - Hydrocarbons,4435,5705_00_00_00_14
Water - Hydrocarbons,10366,1327_00_00_00_14
Water - Hydrocarbons,677,91_00_00_00_14
Water - Hydrocarbons,1435,5314_00_00_00_14
Water - Hydrocarbons,1947,237_00_00_00_14
Water - Hydrocarbons,1947,88_00_00_00_14
Water - Hydrocarbons,2015,292_00_00_00_14
Water - Hydrocarbons,209,1370_00_00_00_14
Water - Hydrocarbons,209,1381_00_00_00_14
Water - Hydrocarbons,209,1383_00_00_00_14
Water - Hydrocarbons,2879,245_00_00_00_14
Water - Hydrocarbons,2879,72_00_00_00_14
Water - Hydrocarbons,3226n1,1272_00_00_00_14
Water - Hydrocarbons,3226n1,155_00_00_00_14
Water - Hydrocarbons,3226n2,3074_00_00_00_14
Water - Hydrocarbons,3227,1096_00_00_00_14
Water - Hydrocarbons,3227,1100_00_00_00_14
Water - Hydrocarbons,3228,4250_00_00_00_14
Water - Hydrocarbons,3601,256_00_00_00_14
Water - Hydrocarbons,3601,2707_00_00_00_14
Water - Hydrocarbons,3601,3147_00_00_00_14
Water - Hydrocarbons,3684,3866_00_00_00_14
Water - Hydrocarbons,3685,1086_00_00_00_14
Water - Hydrocarbons,3685,1547_00_00_00_14
Water - Hydrocarbons,3685,1548_00_00_00_14
Water - Hydrocarbons,3685,1565_00_00_00_14
Water - Hydrocarbons,3685,1758_00_00_00_14
Water - Hydrocarbons,3685,3645_00_00_00_14
Water - Hydrocarbons,3697,4208_00_00_00_14
Water - Hydrocarbons,3697,4264_00_00_00_14
Water - Hydrocarbons,4081,299_00_00_00_14
Water - Hydrocarbons,4081,3744_00_00_00_14
Water - Hydrocarbons,4081,4053_00_00_00_14
Water - Hydrocarbons,4100,219_00_00_00_14
Water - Hydrocarbons,4100,4049_00_00_00_14
Water - Hydrocarbons,4100,4405_00_00_00_14
Water - Hydrocarbons,4100,9003_00_00_00_14
Water - Hydrocarbons,4102,1430_00_00_00_14
Water - Hydrocarbons,4102,4412_00_00_00_14
Water - Hydrocarbons,2321,256_00_00_00_14
Water - Hydrocarbons,4300,4417_00_00_00_14
Water - Hydrocarbons,4300,5315_00_00_00_14
Water - Hydrocarbons,4428,1879_00_00_00_14
Water - Hydrocarbons,4428,2055_00_00_00_14
Water - Hydrocarbons,4406,1090_00_00_00_14
Water - Hydrocarbons,4406,1531_00_00_00_14
Water - Hydrocarbons,4435,4342_00_00_00_14
Water - Hydrocarbons,4406,1559_00_00_00_14
Water - Hydrocarbons,4464,5743_00_00_00_14
Water - Hydrocarbons,4406,3822_00_00_00_14
Water - Hydrocarbons,4406,3847_00_00_00_14
Water - Hydrocarbons,4406,3893_00_00_00_14
Water - Hydrocarbons,4406,5311_00_00_00_14
Water - Hydrocarbons,4406,5312_00_00_00_14
Water - Hydrocarbons,605,2051_00_00_00_14
Water - Hydrocarbons,692,4836_00_00_00_14
Water - Hydrocarbons,706n1,1533_00_00_00_14
Water - Hydrocarbons,706n2,4417_00_00_00_14
Water - Hydrocarbons,741,2058_00_00_00_14
Water - Hydrocarbons,10095,951_00_00_00_14
Water - Hydrocarbons,1435,1102_00_00_00_14
Water - Hydrocarbons,1435,1103_00_00_00_14
Water - Hydrocarbons,1947d1,95_00_00_00_14
Water - Hydrocarbons,208,193_00_00_00_14
Water - Hydrocarbons,209,1341_00_00_00_14
Water - Hydrocarbons,209,1713_00_00_00_14
Water - Hydrocarbons,2345,319_00_00_00_14
Water - Hydrocarbons,2879,329_00_00_00_14
Water - Hydrocarbons,3226n2,145_00_00_00_14
Water - Hydrocarbons,144,667_00_00_00_14
Water - Hydrocarbons,3227,1094_00_00_00_14
Water - Hydrocarbons,3227,1097_00_00_00_14
Water - Hydrocarbons,1867,53_00_00_00_14
Water - Hydrocarbons,3405,91_00_00_00_14
Water - Hydrocarbons,429,578_00_00_00_14
Water - Hydrocarbons,3684,3881_00_00_00_14
Water - Hydrocarbons,3685,1594_00_00_00_14
Water - Hydrocarbons,4428,1880_00_00_00_14
Water - Hydrocarbons,3685,1739_00_00_00_14
Water - Hydrocarbons,4465,5748_00_00_00_14
Water - Hydrocarbons,3685,1747_00_00_00_14
Water - Hydrocarbons,3685,1761_00_00_00_14
Water - Hydrocarbons,3685,4417_00_00_00_14
Water - Hydrocarbons,3697,4273_00_00_00_14
Water - Hydrocarbons,4102,132_00_00_00_14
Water - Hydrocarbons,4102,9004_00_00_00_14
Water - Hydrocarbons,4300,1529_00_00_00_14
Water - Hydrocarbons,4406,3849_00_00_00_14
Water - Hydrocarbons,4406,3878_00_00_00_14
Water - Hydrocarbons,4406,3886_00_00_00_14
Water - Hydrocarbons,643u1,238_00_00_00_14
Water - Hydrocarbons,643u1,305_00_00_00_14
Water - Hydrocarbons,671,1885_00_00_00_14
Water - Hydrocarbons,692,3640_00_00_00_14
Water - Hydrocarbons,692,4835_00_00_00_14
Water - Hydrocarbons,706n1,1098_00_00_00_14
Water - Hydrocarbons,706n1,1104_00_00_00_14
Water - Hydrocarbons,706n1,5310_00_00_00_14
Water - Hydrocarbons,709,246_00_00_00_14
Water - Hydrocarbons,10350,290_00_00_00_14
Water - Hydrocarbons,10366,1077_00_00_00_14
Water - Hydrocarbons,10366,1318_00_00_00_14
Water - Hydrocarbons,10366,4068_00_00_00_14
Water - Hydrocarbons,1435,2619_00_00_00_14
Water - Hydrocarbons,1947d2,145_00_00_00_14
Water - Hydrocarbons,209,1378_00_00_00_14
Water - Hydrocarbons,2663,233_00_00_00_14
Water - Hydrocarbons,2663,70_00_00_00_14
Water - Hydrocarbons,2721,181_00_00_00_14
Water - Hydrocarbons,3221,4211_00_00_00_14
Water - Hydrocarbons,3226n1,204_00_00_00_14
Water - Hydrocarbons,4435,5701_00_00_00_14
Water - Hydrocarbons,3228,4211_00_00_00_14
Water - Hydrocarbons,3670,3075_00_00_00_14
Water - Hydrocarbons,3684,3813_00_00_00_14
Water - Hydrocarbons,3684,3826_00_00_00_14
Water - Hydrocarbons,3684,3854_00_00_00_14
Water - Hydrocarbons,3697,4588_00_00_00_14
Water - Hydrocarbons,4081,4408_00_00_00_14
Water - Hydrocarbons,4300,1098_00_00_00_14
Water - Hydrocarbons,4300,1530_00_00_00_14
Water - Hydrocarbons,4406,1268_00_00_00_14
Water - Hydrocarbons,4406,1564_00_00_00_14
Water - Hydrocarbons,4406,3826_00_00_00_14
Water - Hydrocarbons,4406,4557_00_00_00_14
Water - Hydrocarbons,671,1895_00_00_00_14
Water - Hydrocarbons,692,3635_00_00_00_14
Water - Hydrocarbons,692,4053_00_00_00_14
Water - Hydrocarbons,692,4066_00_00_00_14
Water - Hydrocarbons,706n1,1091_00_00_00_14
Water - Hydrocarbons,706n2,1041_00_00_00_14
Water - Hydrocarbons,10350,250_00_00_00_14
Water - Hydrocarbons,10350,276_00_00_00_14
Water - Hydrocarbons,4428,1873_00_00_00_14
Water - Hydrocarbons,643,51_00_00_00_14
Water - Hydrocarbons,1947,64_00_00_00_14
Water - Hydrocarbons,1981,315_00_00_00_14
Water - Hydrocarbons,2015,148_00_00_00_14
Water - Hydrocarbons,2015,92_00_00_00_14
Water - Hydrocarbons,209,1390_00_00_00_14
Water - Hydrocarbons,2429,91_00_00_00_14
Water - Hydrocarbons,2879,204_00_00_00_14
Water - Hydrocarbons,3226n2,132_00_00_00_14
Water - Hydrocarbons,3226n2,147_00_00_00_14
Water - Hydrocarbons,3226n2,155_00_00_00_14
Water - Hydrocarbons,3226n2,4441_00_00_00_14
Water - Hydrocarbons,3227,1095_00_00_00_14
Water - Hydrocarbons,3227,1098_00_00_00_14
Water - Hydrocarbons,3228,1404_00_00_00_14
Water - Hydrocarbons,3228,4209_00_00_00_14
Water - Hydrocarbons,3601,2559_00_00_00_14
Water - Hydrocarbons,3669,1272_00_00_00_14
Water - Hydrocarbons,3670,1327_00_00_00_14
Water - Hydrocarbons,3670,1329_00_00_00_14
Water - Hydrocarbons,3684,1555_00_00_00_14
Water - Hydrocarbons,3684,1586_00_00_00_14
Water - Hydrocarbons,3684,3137_00_00_00_14
Water - Hydrocarbons,3684,3823_00_00_00_14
Water - Hydrocarbons,3685,1262_00_00_00_14
Water - Hydrocarbons,3685,1541_00_00_00_14
Water - Hydrocarbons,3685,1542_00_00_00_14
Water - Hydrocarbons,3685,1750_00_00_00_14
Water - Hydrocarbons,3685,3883_00_00_00_14
Water - Hydrocarbons,4081,140_00_00_00_14
Water - Hydrocarbons,4081,2038_00_00_00_14
Water - Hydrocarbons,4100,4406_00_00_00_14
Water - Hydrocarbons,4102,2626_00_00_00_14
Water - Hydrocarbons,1867,2846_00_00_00_14
Water - Hydrocarbons,4102,4403_00_00_00_14
Water - Hydrocarbons,2825,945_00_00_00_02
Water - Hydrocarbons,4300,1554_00_00_00_14
Water - Hydrocarbons,4428,1883_00_00_00_14
Water - Hydrocarbons,4300,5309_00_00_00_14
Water - Hydrocarbons,4428,2054_00_00_00_14
Water - Hydrocarbons,4300,5313_00_00_00_14
Water - Hydrocarbons,4428,5683_00_00_00_01
Water - Hydrocarbons,4466,5754_00_00_00_01
Water - Hydrocarbons,4406,1099_00_00_00_14
Water - Hydrocarbons,4406,3832_00_00_00_14
Water - Hydrocarbons,4406,3850_00_00_00_14
Water - Hydrocarbons,4406,3869_00_00_00_14
Water - Hydrocarbons,4406,4418_00_00_00_14
Water - Hydrocarbons,4406,5085_00_00_00_14
Water - Hydrocarbons,605,2058_00_00_00_14
Water - Hydrocarbons,643u1,320_00_00_00_14
Water - Hydrocarbons,692,3639_00_00_00_14
Water - Hydrocarbons,706n2,1561_00_00_00_14
Water - Hydrocarbons,709,215_00_00_00_14
Water - Hydrocarbons,717,3292_00_00_00_14
Water - Hydrocarbons,829,114_00_00_00_14
Water - Hydrocarbons,982,303_00_00_00_14
Water - Hydrocarbons,2321,52_00_00_00_14
Water - Hydrocarbons,677,237_00_00_00_14
Water - Hydrocarbons,1435,1097_00_00_00_14
Water - Hydrocarbons,1435,1101_00_00_00_14
Water - Hydrocarbons,1435,5311_00_00_00_14
Water - Hydrocarbons,154d2,689_00_00_00_14
Water - Hydrocarbons,208,224_00_00_00_14
Water - Hydrocarbons,209,1380_00_00_00_14
Water - Hydrocarbons,2663,65_00_00_00_14
Water - Hydrocarbons,3226n1,1079_00_00_00_14
Water - Hydrocarbons,3226n1,4435_00_00_00_14
Water - Hydrocarbons,3227,1545_00_00_00_14
Water - Hydrocarbons,3228,4212_00_00_00_14
Water - Hydrocarbons,3601,2703_00_00_00_14
Water - Hydrocarbons,3669,137_00_00_00_14
Water - Hydrocarbons,3669,140_00_00_00_14
Water - Hydrocarbons,3684,1593_00_00_00_14
Water - Hydrocarbons,3684,3841_00_00_00_14
Water - Hydrocarbons,3684,3844_00_00_00_14
Water - Hydrocarbons,3684,3850_00_00_00_14
Water - Hydrocarbons,3684,3895_00_00_00_14
Water - Hydrocarbons,3685,1273_00_00_00_14
Water - Hydrocarbons,3685,1552_00_00_00_14
Water - Hydrocarbons,3685,1574_00_00_00_14
Water - Hydrocarbons,3685,1766_00_00_00_14
Water - Hydrocarbons,3685,3874_00_00_00_14
Water - Hydrocarbons,3697,4239_00_00_00_14
Water - Hydrocarbons,3697,4258_00_00_00_14
Water - Hydrocarbons,4081,219_00_00_00_14
Water - Hydrocarbons,4102,2364_00_00_00_14
Water - Hydrocarbons,2368,945_00_00_00_14
Water - Hydrocarbons,4406,1258_00_00_00_14
Water - Hydrocarbons,4406,3779_00_00_00_14
Water - Hydrocarbons,2825,2786_00_00_00_02
Water - Hydrocarbons,4357,1886_00_00_00_14
Water - Hydrocarbons,4406,3811_00_00_00_14
Water - Hydrocarbons,4406,3846_00_00_00_14
Water - Hydrocarbons,4428,1884_00_00_00_14
Water - Hydrocarbons,4428,1885_00_00_00_14
Water - Hydrocarbons,4406,3854_00_00_00_14
Water - Hydrocarbons,4406,3877_00_00_00_14
Water - Hydrocarbons,4428,4762_00_00_00_14
Water - Hydrocarbons,4445,4354_00_00_00_14
Water - Hydrocarbons,643u1,96_00_00_00_14
Water - Hydrocarbons,658,239_00_00_00_14
Water - Hydrocarbons,658,70_00_00_00_14
Water - Hydrocarbons,692,303_00_00_00_14
Water - Hydrocarbons,692,4048_00_00_00_14
Water - Hydrocarbons,706n1,1100_00_00_00_14
Water - Hydrocarbons,706n1,1545_00_00_00_14
Water - Hydrocarbons,709,245_00_00_00_14
Water - Hydrocarbons,717,1632_00_00_00_14
Water - Hydrocarbons,741,1878_00_00_00_14
Water - Hydrocarbons,10350,106_00_00_00_14
Water - Hydrocarbons,10350,257_00_00_00_14
Water - Hydrocarbons,209,1338_00_00_00_14
Water - Hydrocarbons,209,1343_00_00_00_14
Water - Hydrocarbons,209,1346_00_00_00_14
Water - Hydrocarbons,209,1364_00_00_00_14
Water - Hydrocarbons,209,1368_00_00_00_14
Water - Hydrocarbons,209,1376_00_00_00_14
Water - Hydrocarbons,2663,319_00_00_00_14
Water - Hydrocarbons,2863n1,141_00_00_00_14
Water - Hydrocarbons,2879,315_00_00_00_14
Water - Hydrocarbons,3221,4292_00_00_00_14
Water - Hydrocarbons,3228,1406_00_00_00_14
Water - Hydrocarbons,3601,268_00_00_00_14
Water - Hydrocarbons,3669,132_00_00_00_14
Water - Hydrocarbons,3669,148_00_00_00_14
Water - Hydrocarbons,3670,4048_00_00_00_14
Water - Hydrocarbons,3684,1099_00_00_00_14
Water - Hydrocarbons,3684,1277_00_00_00_14
Water - Hydrocarbons,3684,1594_00_00_00_14
Water - Hydrocarbons,3684,3831_00_00_00_14
Water - Hydrocarbons,3684,3856_00_00_00_14
Water - Hydrocarbons,3684,3878_00_00_00_14
Water - Hydrocarbons,3684d2,1104_00_00_00_14
Water - Hydrocarbons,3685,1087_00_00_00_14
Water - Hydrocarbons,3685,1530_00_00_00_14
Water - Hydrocarbons,3685,1532_00_00_00_14
Water - Hydrocarbons,3685,1536_00_00_00_14
Water - Hydrocarbons,3685,1539_00_00_00_14
Water - Hydrocarbons,3685,1584_00_00_00_14
Water - Hydrocarbons,3685,5086_00_00_00_14
Water - Hydrocarbons,3685,5311_00_00_00_14
Water - Hydrocarbons,3697,4247_00_00_00_14
Water - Hydrocarbons,3697,4256_00_00_00_14
Water - Hydrocarbons,3697,4265_00_00_00_14
Water - Hydrocarbons,3697,4276_00_00_00_14
Water - Hydrocarbons,4081,132_00_00_00_14
Water - Hydrocarbons,4081,141_00_00_00_14
Water - Hydrocarbons,4100,1272_00_00_00_14
Water - Hydrocarbons,4102,4049_00_00_00_14
Water - Hydrocarbons,4102,4054_00_00_00_14
Water - Hydrocarbons,4220,1295_00_00_00_14
Water - Hydrocarbons,4300n1,1104_00_00_00_14
Water - Hydrocarbons,4357,4846_00_00_00_14
Water - Hydrocarbons,462,1295_00_00_00_14
Water - Hydrocarbons,60,299_00_00_00_14
Water - Hydrocarbons,643u2,308_00_00_00_14
Water - Hydrocarbons,671,1890_00_00_00_14
Water - Hydrocarbons,672,91_00_00_00_14
Water - Hydrocarbons,698,4043_00_00_00_14
Water - Hydrocarbons,706n1,4416_00_00_00_14
Water - Hydrocarbons,706n2,5310_00_00_00_14
Water - Hydrocarbons,717,1626_00_00_00_14
Water - Hydrocarbons,10095,2865_00_00_00_14
Water - Hydrocarbons,1435,1552_00_00_00_14
Water - Hydrocarbons,1981,132_00_00_00_14
Water - Hydrocarbons,2003,188_00_00_00_01
Water - Hydrocarbons,209,1393_00_00_00_14
Water - Hydrocarbons,2879,95_00_00_00_14
Water - Hydrocarbons,3226n2,2625_00_00_00_14
Water - Hydrocarbons,3226n2,915_00_00_00_14
Water - Hydrocarbons,3406,91_00_00_00_14
Water - Hydrocarbons,3601,73_00_00_00_14
Water - Hydrocarbons,3669,204_00_00_00_14
Water - Hydrocarbons,3669,303_00_00_00_14
Water - Hydrocarbons,3684,1542_00_00_00_14
Water - Hydrocarbons,3684,1550_00_00_00_14
Water - Hydrocarbons,3684,3839_00_00_00_14
Water - Hydrocarbons,3684,3855_00_00_00_14
Water - Hydrocarbons,3684,3857_00_00_00_14
Water - Hydrocarbons,3685,1041_00_00_00_14
Water - Hydrocarbons,3685,1545_00_00_00_14
Water - Hydrocarbons,3685,1737_00_00_00_14
Water - Hydrocarbons,3685,1741_00_00_00_14
Water - Hydrocarbons,3685,1752_00_00_00_14
Water - Hydrocarbons,3685,1768_00_00_00_14
Water - Hydrocarbons,3685,3872_00_00_00_14
Water - Hydrocarbons,3685,3873_00_00_00_14
Water - Hydrocarbons,3697,4250_00_00_00_14
Water - Hydrocarbons,3697,4253_00_00_00_14
Water - Hydrocarbons,3697,4269_00_00_00_14
Water - Hydrocarbons,4081,2364_00_00_00_14
Water - Hydrocarbons,4100,204_00_00_00_14
Water - Hydrocarbons,4100,303_00_00_00_14
Water - Hydrocarbons,4102,299_00_00_00_14
Water - Hydrocarbons,4300,4416_00_00_00_14
Water - Hydrocarbons,4406,1103_00_00_00_14
Water - Hydrocarbons,4406,1556_00_00_00_14
Water - Hydrocarbons,4406,3814_00_00_00_14
Water - Hydrocarbons,4406,3867_00_00_00_14
Water - Hydrocarbons,4406n1,1104_00_00_00_14
Water - Hydrocarbons,462,4024_00_00_00_14
Water - Hydrocarbons,605,1872_00_00_00_14
Water - Hydrocarbons,605,1878_00_00_00_14
Water - Hydrocarbons,605,4766_00_00_00_14
Water - Hydrocarbons,643,228_00_00_00_14
Water - Hydrocarbons,982,155_00_00_00_14
Water - Hydrocarbons,10095,2787_00_00_00_14
Water - Hydrocarbons,1435,1096_00_00_00_14
Water - Hydrocarbons,1435,5310_00_00_00_14
Water - Hydrocarbons,1435,5315_00_00_00_14
Water - Hydrocarbons,1947,315_00_00_00_14
Water - Hydrocarbons,2015,327_00_00_00_14
Water - Hydrocarbons,209,1377_00_00_00_14
Water - Hydrocarbons,2663,96_00_00_00_14
Water - Hydrocarbons,3221,4210_00_00_00_14
Water - Hydrocarbons,3226n1,4437_00_00_00_14
Water - Hydrocarbons,3228,4210_00_00_00_14
Water - Hydrocarbons,3601,64_00_00_00_14
Water - Hydrocarbons,3670,1322_00_00_00_14
Water - Hydrocarbons,3684,1041_00_00_00_14
Water - Hydrocarbons,3684,1584_00_00_00_14
Water - Hydrocarbons,3684,3833_00_00_00_14
Water - Hydrocarbons,3684,3838_00_00_00_14
Water - Hydrocarbons,3684,3851_00_00_00_14
Water - Hydrocarbons,3684,3864_00_00_00_14
Water - Hydrocarbons,3684,3867_00_00_00_14
Water - Hydrocarbons,3685,1754_00_00_00_14
Water - Hydrocarbons,3685,3849_00_00_00_14
Water - Hydrocarbons,3697,1644_00_00_00_14
Water - Hydrocarbons,4081,2626_00_00_00_14
Water - Hydrocarbons,4081,4401_00_00_00_14
Water - Hydrocarbons,4100,141_00_00_00_14
Water - Hydrocarbons,4100,299_00_00_00_14
Water - Hydrocarbons,4300n2,1104_00_00_00_14
Water - Hydrocarbons,4406,1095_00_00_00_14
Water - Hydrocarbons,4406,1266_00_00_00_14
Water - Hydrocarbons,4406,1530_00_00_00_14
Water - Hydrocarbons,4406,1540_00_00_00_14
Water - Hydrocarbons,4406,3885_00_00_00_14
Water - Hydrocarbons,4406,3891_00_00_00_14
Water - Hydrocarbons,4406n2,1104_00_00_00_14
Water - Hydrocarbons,692,141_00_00_00_14
Water - Hydrocarbons,692,4049_00_00_00_14
Water - Hydrocarbons,706n1,5309_00_00_00_14
Water - Hydrocarbons,706n2,1086_00_00_00_14
Water - Hydrocarbons,706n2,5309_00_00_00_14
Water - Hydrocarbons,709,329_00_00_00_14
Water - Hydrocarbons,717,1644_00_00_00_14
Water - Hydrocarbons,10095,950_00_00_00_14
Water - Hydrocarbons,1435,1094_00_00_00_14
Water - Hydrocarbons,1981,148_00_00_00_14
Water - Hydrocarbons,2015,140_00_00_00_14
Water - Hydrocarbons,209,1391_00_00_00_14
Water - Hydrocarbons,2342,282_00_00_00_14
Water - Hydrocarbons,2663,238_00_00_00_14
Water - Hydrocarbons,2863,303_00_00_00_14
Water - Hydrocarbons,3221,4216_00_00_00_14
Water - Hydrocarbons,3226n1,132_00_00_00_14
Water - Hydrocarbons,3226n1,3069_00_00_00_14
Water - Hydrocarbons,3226n1,4441_00_00_00_14
Water - Hydrocarbons,3226n2,4437_00_00_00_14
Water - Hydrocarbons,3226n2,4440_00_00_00_14
Water - Hydrocarbons,3653,328_00_00_00_14
Water - Hydrocarbons,3669,292_00_00_00_14
Water - Hydrocarbons,3684,1266_00_00_00_14
Water - Hydrocarbons,3684,1537_00_00_00_14
Water - Hydrocarbons,3684,1566_00_00_00_14
Water - Hydrocarbons,3684,3659_00_00_00_14
Water - Hydrocarbons,3684,3822_00_00_00_14
Water - Hydrocarbons,3684,5314_00_00_00_14
Water - Hydrocarbons,3685,1258_00_00_00_14
Water - Hydrocarbons,3685,1269_00_00_00_14
Water - Hydrocarbons,3685,3779_00_00_00_14
Water - Hydrocarbons,3685,3884_00_00_00_14
Water - Hydrocarbons,3697,4260_00_00_00_14
Water - Hydrocarbons,3697,4262_00_00_00_14
Water - Hydrocarbons,4081,312_00_00_00_14
Water - Hydrocarbons,4081,4400_00_00_00_14
Water - Hydrocarbons,4102,1272_00_00_00_14
Water - Hydrocarbons,4102,4401_00_00_00_14
Water - Hydrocarbons,4300,1088_00_00_00_14
Water - Hydrocarbons,4406,1538_00_00_00_14
Water - Hydrocarbons,4406,1543_00_00_00_14
Water - Hydrocarbons,671,1897_00_00_00_14
Water - Hydrocarbons,692,219_00_00_00_14
Water - Hydrocarbons,692,4408_00_00_00_14
Water - Hydrocarbons,692,4840_00_00_00_14
Water - Hydrocarbons,706n1,1094_00_00_00_14
Water - Hydrocarbons,706n1,5311_00_00_00_14
Water - Hydrocarbons,706n2,1530_00_00_00_14
Water - Hydrocarbons,741,1885_00_00_00_14
Water - Hydrocarbons,847,146_00_00_00_14
Water - Hydrocarbons,10350,285_00_00_00_14
Water - Hydrocarbons,10366,1429_00_00_00_14
Water - Hydrocarbons,10366,4055_00_00_00_14
Water - Hydrocarbons,1435,1086_00_00_00_14
Water - Hydrocarbons,1435,1088_00_00_00_14
Water - Hydrocarbons,1947,181_00_00_00_14
Water - Hydrocarbons,1947,306_00_00_00_14
Water - Hydrocarbons,1947d1,145_00_00_00_14
Water - Hydrocarbons,1947n2,155_00_00_00_14
Water - Hydrocarbons,1981,299_00_00_00_14
Water - Hydrocarbons,209,1337_00_00_00_14
Water - Hydrocarbons,209,1374_00_00_00_14
Water - Hydrocarbons,2345,108_00_00_00_14
Water - Hydrocarbons,2345,212_00_00_00_14
Water - Hydrocarbons,2863d2,137_00_00_00_14
Water - Hydrocarbons,2879,132_00_00_00_14
Water - Hydrocarbons,2879,93_00_00_00_14
Water - Hydrocarbons,3221,1405_00_00_00_14
Water - Hydrocarbons,3226n1,147_00_00_00_14
Water - Hydrocarbons,3226n1,2625_00_00_00_14
Water - Hydrocarbons,3226n1,4440_00_00_00_14
Water - Hydrocarbons,3226n2,93_00_00_00_14
Water - Hydrocarbons,3228,4275_00_00_00_14
Water - Hydrocarbons,3601,2716_00_00_00_14
Water - Hydrocarbons,3601,2717_00_00_00_14
Water - Hydrocarbons,3670,1324_00_00_00_14
Water - Hydrocarbons,3684,3779_00_00_00_14
Water - Hydrocarbons,3684,3810_00_00_00_14
Water - Hydrocarbons,3684,3835_00_00_00_14
Water - Hydrocarbons,3684,5311_00_00_00_14
Water - Hydrocarbons,3685,1096_00_00_00_14
Water - Hydrocarbons,3685,1259_00_00_00_14
Water - Hydrocarbons,3685,1538_00_00_00_14
Water - Hydrocarbons,3685,1590_00_00_00_14
Water - Hydrocarbons,3685,1760_00_00_00_14
Water - Hydrocarbons,3685,1763_00_00_00_14
Water - Hydrocarbons,3685,1764_00_00_00_14
Water - Hydrocarbons,3685,1765_00_00_00_14
Water - Hydrocarbons,3685,3826_00_00_00_14
Water - Hydrocarbons,3685,3843_00_00_00_14
Water - Hydrocarbons,3685,5314_00_00_00_14
Water - Hydrocarbons,4100,1077_00_00_00_14
Water - Hydrocarbons,4100,212_00_00_00_14
Water - Hydrocarbons,4102,93_00_00_00_14
Water - Hydrocarbons,4300,1542_00_00_00_14
Water - Hydrocarbons,4300,1552_00_00_00_14
Water - Hydrocarbons,4300,1593_00_00_00_14
Water - Hydrocarbons,4406,3781_00_00_00_14
Water - Hydrocarbons,643u2,238_00_00_00_14
Water - Hydrocarbons,643u2,305_00_00_00_14
Water - Hydrocarbons,658,231_00_00_00_14
Water - Hydrocarbons,692,3637_00_00_00_14
Water - Hydrocarbons,706n1,1096_00_00_00_14
Water - Hydrocarbons,706n1,1561_00_00_00_14
Water - Hydrocarbons,717,1630_00_00_00_14
Water - Hydrocarbons,1435,4418_00_00_00_14
Water - Hydrocarbons,1947,90_00_00_00_14
Water - Hydrocarbons,209,1371_00_00_00_14
Water - Hydrocarbons,209,1386_00_00_00_14
Water - Hydrocarbons,234,4174_00_00_00_14
Water - Hydrocarbons,2345,305_00_00_00_14
Water - Hydrocarbons,2663,320_00_00_00_14
Water - Hydrocarbons,2863,155_00_00_00_14
Water - Hydrocarbons,2863d2,132_00_00_00_14
Water - Hydrocarbons,3226n1,1466_00_00_00_14
Water - Hydrocarbons,3601,275_00_00_00_14
Water - Hydrocarbons,3601,3589_00_00_00_14
Water - Hydrocarbons,3654,4045_00_00_00_14
Water - Hydrocarbons,3684,3820_00_00_00_14
Water - Hydrocarbons,3684,3871_00_00_00_14
Water - Hydrocarbons,3685,1098_00_00_00_14
Water - Hydrocarbons,3685,3851_00_00_00_14
Water - Hydrocarbons,3685,4557_00_00_00_14
Water - Hydrocarbons,4081,1077_00_00_00_14
Water - Hydrocarbons,4081,155_00_00_00_14
Water - Hydrocarbons,4081,314_00_00_00_14
Water - Hydrocarbons,4081,3746_00_00_00_14
Water - Hydrocarbons,4081,3748_00_00_00_14
Water - Hydrocarbons,4081,4067_00_00_00_14
Water - Hydrocarbons,4100,4409_00_00_00_14
Water - Hydrocarbons,4102,1077_00_00_00_14
Water - Hydrocarbons,4102,1429_00_00_00_14
Water - Hydrocarbons,4357,1890_00_00_00_14
Water - Hydrocarbons,4406,1547_00_00_00_14
Water - Hydrocarbons,4406,1594_00_00_00_14
Water - Hydrocarbons,4406,3882_00_00_00_14
Water - Hydrocarbons,643u2,320_00_00_00_14
Water - Hydrocarbons,673,1041_00_00_00_14
Water - Hydrocarbons,692,1430_00_00_00_14
Water - Hydrocarbons,692,212_00_00_00_14
Water - Hydrocarbons,706n1,4418_00_00_00_14
Water - Hydrocarbons,706n2,1092_00_00_00_14
Water - Hydrocarbons,706n2,1587_00_00_00_14
Water - Hydrocarbons,706n2,4418_00_00_00_14
Water - Hydrocarbons,717,1629_00_00_00_14
Water - Hydrocarbons,982,219_00_00_00_14
Water - Hydrocarbons,143,622_00_00_00_14
Water - Hydrocarbons,1435,1093_00_00_00_14
Water - Hydrocarbons,1869,1159_00_00_00_14
Water - Hydrocarbons,1947n1,155_00_00_00_14
Water - Hydrocarbons,2663,321_00_00_00_14
Water - Hydrocarbons,2863d2,204_00_00_00_14
Water - Hydrocarbons,3216,1399_00_00_00_14
Water - Hydrocarbons,3226n1,3073_00_00_00_14
Water - Hydrocarbons,3226n2,1079_00_00_00_14
Water - Hydrocarbons,3226n2,4435_00_00_00_14
Water - Hydrocarbons,3227,3779_00_00_00_14
Water - Hydrocarbons,3228,1403_00_00_00_14
Water - Hydrocarbons,3401,141_00_00_00_14
Water - Hydrocarbons,3401,2824_00_00_00_14
Water - Hydrocarbons,3601,120_00_00_00_14
Water - Hydrocarbons,3601,215_00_00_00_14
Water - Hydrocarbons,3601,285_00_00_00_14
Water - Hydrocarbons,3601,95_00_00_00_14
Water - Hydrocarbons,3607,75_00_00_00_14
Water - Hydrocarbons,3653,113_00_00_00_14
Water - Hydrocarbons,3653,52_00_00_00_14
Water - Hydrocarbons,3669,312_00_00_00_14
Water - Hydrocarbons,3684,1102_00_00_00_14
Water - Hydrocarbons,3684,1274_00_00_00_14
Water - Hydrocarbons,3684,3814_00_00_00_14
Water - Hydrocarbons,3684,3834_00_00_00_14
Water - Hydrocarbons,3685,1559_00_00_00_14
Water - Hydrocarbons,3685,1743_00_00_00_14
Water - Hydrocarbons,3685,1746_00_00_00_14
Water - Hydrocarbons,3685,1756_00_00_00_14
Water - Hydrocarbons,3685,3776_00_00_00_14
Water - Hydrocarbons,3697,4241_00_00_00_14
Water - Hydrocarbons,4081,1079_00_00_00_14
Water - Hydrocarbons,4081,1431_00_00_00_14
Water - Hydrocarbons,4081,204_00_00_00_14
Water - Hydrocarbons,4081,303_00_00_00_14
Water - Hydrocarbons,4081,3755_00_00_00_14
Water - Hydrocarbons,4100,4054_00_00_00_14
Water - Hydrocarbons,4102,4410_00_00_00_14
Water - Hydrocarbons,4300,1096_00_00_00_14
Water - Hydrocarbons,4300,1567_00_00_00_14
Water - Hydrocarbons,4406,1093_00_00_00_14
Water - Hydrocarbons,4406,3782_00_00_00_14
Water - Hydrocarbons,4406,3879_00_00_00_14
Water - Hydrocarbons,4406,4560_00_00_00_14
Water - Hydrocarbons,706n2,1533_00_00_00_14
Water - Hydrocarbons,706n2,1542_00_00_00_14
Water - Hydrocarbons,786,104_00_00_00_14
Water - Hydrocarbons,1435,1561_00_00_00_14
Water - Hydrocarbons,1947,1037_00_00_00_14
Water - Hydrocarbons,1947,217_00_00_00_14
Water - Hydrocarbons,209,1359_00_00_00_14
Water - Hydrocarbons,2345,231_00_00_00_14
Water - Hydrocarbons,2345,320_00_00_00_14
Water - Hydrocarbons,2663,123_00_00_00_14
Water - Hydrocarbons,2863,1041_00_00_00_14
Water - Hydrocarbons,3221,4255_00_00_00_14
Water - Hydrocarbons,3226n2,1463_00_00_00_14
Water - Hydrocarbons,3226n2,3069_00_00_00_14
Water - Hydrocarbons,3601,250_00_00_00_14
Water - Hydrocarbons,3670,1317_00_00_00_14
Water - Hydrocarbons,3670,1320_00_00_00_14
Water - Hydrocarbons,3670,1326_00_00_00_14
Water - Hydrocarbons,3672,1796_00_00_00_01
Water - Hydrocarbons,3684,1094_00_00_00_14
Water - Hydrocarbons,3684,1528_00_00_00_14
Water - Hydrocarbons,3684,2650_00_00_00_14
Water - Hydrocarbons,3684,3880_00_00_00_14
Water - Hydrocarbons,3684,3883_00_00_00_14
Water - Hydrocarbons,3685,1744_00_00_00_14
Water - Hydrocarbons,3685,3882_00_00_00_14
Water - Hydrocarbons,4081,2621_00_00_00_14
Water - Hydrocarbons,4081,2623_00_00_00_14
Water - Hydrocarbons,4081,3741_00_00_00_14
Water - Hydrocarbons,4081,3743_00_00_00_14
Water - Hydrocarbons,4081,4049_00_00_00_14
Water - Hydrocarbons,4100,3730_00_00_00_14
Water - Hydrocarbons,4102,212_00_00_00_14
Water - Hydrocarbons,4300,1531_00_00_00_14
Water - Hydrocarbons,4300,1571_00_00_00_14
Water - Hydrocarbons,4406,1041_00_00_00_14
Water - Hydrocarbons,4406,3137_00_00_00_14
Water - Hydrocarbons,4406,3662_00_00_00_14
Water - Hydrocarbons,4406,3815_00_00_00_14
Water - Hydrocarbons,692,4054_00_00_00_14
Water - Hydrocarbons,706n1,1103_00_00_00_14
Water - Hydrocarbons,10350,103_00_00_00_14
Water - Hydrocarbons,10350,917_00_00_00_14
Water - Hydrocarbons,1435,1531_00_00_00_14
Water - Hydrocarbons,1435n2,1104_00_00_00_14
Water - Hydrocarbons,154d1,689_00_00_00_14
Water - Hydrocarbons,209,1340_00_00_00_14
Water - Hydrocarbons,209,1345_00_00_00_14
Water - Hydrocarbons,209,1347_00_00_00_14
Water - Hydrocarbons,209,1384_00_00_00_14
Water - Hydrocarbons,259,1041_00_00_00_14
Water - Hydrocarbons,2663,198_00_00_00_14
Water - Hydrocarbons,2697,88_00_00_00_14
Water - Hydrocarbons,2863,306_00_00_00_14
Water - Hydrocarbons,2863,92_00_00_00_14
Water - Hydrocarbons,2863d1,140_00_00_00_14
Water - Hydrocarbons,2864,181_00_00_00_14
Water - Hydrocarbons,3221,3728_00_00_00_14
Water - Hydrocarbons,3226n2,146_00_00_00_14
Water - Hydrocarbons,3227,1086_00_00_00_14
Water - Hydrocarbons,3228,3728_00_00_00_14
Water - Hydrocarbons,3684,1538_00_00_00_14
Water - Hydrocarbons,3684,3811_00_00_00_14
Water - Hydrocarbons,3684,3893_00_00_00_14
Water - Hydrocarbons,3684,4417_00_00_00_14
Water - Hydrocarbons,3685,1083_00_00_00_14
Water - Hydrocarbons,3685,1275_00_00_00_14
Water - Hydrocarbons,3685,1557_00_00_00_14
Water - Hydrocarbons,3685,1586_00_00_00_14
Water - Hydrocarbons,3685,1595_00_00_00_14
Water - Hydrocarbons,3685,1738_00_00_00_14
Water - Hydrocarbons,3685,1748_00_00_00_14
Water - Hydrocarbons,3685,2619_00_00_00_14
Water - Hydrocarbons,3697,4212_00_00_00_14
Water - Hydrocarbons,4081,1432_00_00_00_14
Water - Hydrocarbons,4081,3636_00_00_00_14
Water - Hydrocarbons,4100,10053_00_00_00_14
Water - Hydrocarbons,4100,292_00_00_00_14
Water - Hydrocarbons,4100,3731_00_00_00_14
Water - Hydrocarbons,4100,9004_00_00_00_14
Water - Hydrocarbons,4102,4409_00_00_00_14
Water - Hydrocarbons,4300,5310_00_00_00_14
Water - Hydrocarbons,4406,1536_00_00_00_14
Water - Hydrocarbons,4406,1542_00_00_00_14
Water - Hydrocarbons,4406,3870_00_00_00_14
Water - Hydrocarbons,605,2052_00_00_00_14
Water - Hydrocarbons,643u2,96_00_00_00_14
Water - Hydrocarbons,706n1,1530_00_00_00_14
Water - Hydrocarbons,706n1,2650_00_00_00_14
Water - Hydrocarbons,706n2,1094_00_00_00_14
Water - Hydrocarbons,706n2,5312_00_00_00_14
Water - Hydrocarbons,741,1890_00_00_00_14
Water - Hydrocarbons,10366,4403_00_00_00_14
Water - Hydrocarbons,1435,1529_00_00_00_14
Water - Hydrocarbons,1435,1578_00_00_00_14
Water - Hydrocarbons,1947,147_00_00_00_14
Water - Hydrocarbons,1947,329_00_00_00_14
Water - Hydrocarbons,1981,145_00_00_00_14
Water - Hydrocarbons,1981,146_00_00_00_14
Water - Hydrocarbons,2015,132_00_00_00_14
Water - Hydrocarbons,209,1342_00_00_00_14
Water - Hydrocarbons,209,1352_00_00_00_14
Water - Hydrocarbons,209,1355_00_00_00_14
Water - Hydrocarbons,2345,312_00_00_00_14
Water - Hydrocarbons,2863d1,212_00_00_00_14
Water - Hydrocarbons,3221,3726_00_00_00_14
Water - Hydrocarbons,3221,4214_00_00_00_14
Water - Hydrocarbons,3226n1,219_00_00_00_14
Water - Hydrocarbons,3226n1,299_00_00_00_14
Water - Hydrocarbons,3226n1,303_00_00_00_14
Water - Hydrocarbons,3226n2,137_00_00_00_14
Water - Hydrocarbons,3226n2,4436_00_00_00_14
Water - Hydrocarbons,3601,914_00_00_00_14
Water - Hydrocarbons,3654,306_00_00_00_14
Water - Hydrocarbons,3670,4401_00_00_00_14
Water - Hydrocarbons,3684,5085_00_00_00_14
Water - Hydrocarbons,3685,1751_00_00_00_14
Water - Hydrocarbons,3685,3828_00_00_00_14
Water - Hydrocarbons,3697,4215_00_00_00_14
Water - Hydrocarbons,3697,4240_00_00_00_14
Water - Hydrocarbons,4081,137_00_00_00_14
Water - Hydrocarbons,4081,3752_00_00_00_14
Water - Hydrocarbons,4102,4404_00_00_00_14
Water - Hydrocarbons,4102,4408_00_00_00_14
Water - Hydrocarbons,4300,1541_00_00_00_14
Water - Hydrocarbons,4357,1885_00_00_00_14
Water - Hydrocarbons,4406,1593_00_00_00_14
Water - Hydrocarbons,4406,1595_00_00_00_14
Water - Hydrocarbons,4406,3840_00_00_00_14
Water - Hydrocarbons,4406,3871_00_00_00_14
Water - Hydrocarbons,4406,4546_00_00_00_14
Water - Hydrocarbons,462,3575_00_00_00_14
Water - Hydrocarbons,692,4401_00_00_00_14
Water - Hydrocarbons,706n1,1578_00_00_00_14
Water - Hydrocarbons,706n1,2619_00_00_00_14
Water - Hydrocarbons,706n2,1545_00_00_00_14
Water - Hydrocarbons,706n2,1575_00_00_00_14
Water - Hydrocarbons,706n2,1593_00_00_00_14
Water - Hydrocarbons,706n2,2619_00_00_00_14
Water - Hydrocarbons,786,105_00_00_00_14
Water - Hydrocarbons,786,77_00_00_00_14
Water - Hydrocarbons,982,140_00_00_00_14
Water - Hydrocarbons,10095,2788_00_00_00_14
Water - Hydrocarbons,10242,944_00_00_00_14
Water - Hydrocarbons,10366,1329_00_00_00_14
Water - Hydrocarbons,10366,4400_00_00_00_14
Water - Hydrocarbons,1435,1563_00_00_00_14
Water - Hydrocarbons,154d5,689_00_00_00_14
Water - Hydrocarbons,166,573_00_00_00_14
Water - Hydrocarbons,1947,1041_00_00_00_14
Water - Hydrocarbons,1947d1,204_00_00_00_14
Water - Hydrocarbons,1947d2,304_00_00_00_14
Water - Hydrocarbons,1981,327_00_00_00_14
Water - Hydrocarbons,2015,315_00_00_00_14
Water - Hydrocarbons,209,1365_00_00_00_14
Water - Hydrocarbons,209,1372_00_00_00_14
Water - Hydrocarbons,2879,181_00_00_00_14
Water - Hydrocarbons,3226n1,1463_00_00_00_14
Water - Hydrocarbons,3226n1,4436_00_00_00_14
Water - Hydrocarbons,3227,1083_00_00_00_14
Water - Hydrocarbons,3228,4208_00_00_00_14
Water - Hydrocarbons,3601,106_00_00_00_14
Water - Hydrocarbons,3601,2704_00_00_00_14
Water - Hydrocarbons,3601,2715_00_00_00_14
Water - Hydrocarbons,3601,276_00_00_00_14
Water - Hydrocarbons,3601,304_00_00_00_14
Water - Hydrocarbons,3601,929_00_00_00_14
Water - Hydrocarbons,3684,3865_00_00_00_14
Water - Hydrocarbons,3685,1081_00_00_00_14
Water - Hydrocarbons,3685,1529_00_00_00_14
Water - Hydrocarbons,3685,4553_00_00_00_14
Water - Hydrocarbons,3685d2,1104_00_00_00_14
Water - Hydrocarbons,3697,4261_00_00_00_14
Water - Hydrocarbons,4081,1434_00_00_00_14
Water - Hydrocarbons,4102,155_00_00_00_14
Water - Hydrocarbons,4102,3730_00_00_00_14
Water - Hydrocarbons,4102,9003_00_00_00_14
Water - Hydrocarbons,4406,1267_00_00_00_14
Water - Hydrocarbons,4406,3817_00_00_00_14
Water - Hydrocarbons,4406,3844_00_00_00_14
Water - Hydrocarbons,4406,3845_00_00_00_14
Water - Hydrocarbons,4406,3859_00_00_00_14
Water - Hydrocarbons,692,204_00_00_00_14
Water - Hydrocarbons,706n1,5315_00_00_00_14
Water - Hydrocarbons,706n2,1099_00_00_00_14
Water - Hydrocarbons,706n2,1100_00_00_00_14
Water - Hydrocarbons,10350,120_00_00_00_14
Water - Hydrocarbons,10366,1319_00_00_00_14
Water - Hydrocarbons,10366,1320_00_00_00_14
Water - Hydrocarbons,1435,1533_00_00_00_14
Water - Hydrocarbons,1435,1542_00_00_00_14
Water - Hydrocarbons,1435,4415_00_00_00_14
Water - Hydrocarbons,2015,314_00_00_00_14
Water - Hydrocarbons,209,1379_00_00_00_14
Water - Hydrocarbons,2345,123_00_00_00_14
Water - Hydrocarbons,2345,238_00_00_00_14
Water - Hydrocarbons,2663,330_00_00_00_14
Water - Hydrocarbons,2863,312_00_00_00_14
Water - Hydrocarbons,3226n2,144_00_00_00_14
Water - Hydrocarbons,3226n2,204_00_00_00_14
Water - Hydrocarbons,3226n2,299_00_00_00_14
Water - Hydrocarbons,3226n2,303_00_00_00_14
Water - Hydrocarbons,3601,2712_00_00_00_14
Water - Hydrocarbons,3601,900_00_00_00_14
Water - Hydrocarbons,3654,237_00_00_00_14
Water - Hydrocarbons,3669,219_00_00_00_14
Water - Hydrocarbons,3684,1530_00_00_00_14
Water - Hydrocarbons,3684,1581_00_00_00_14
Water - Hydrocarbons,3684,3812_00_00_00_14
Water - Hydrocarbons,3684,3827_00_00_00_14
Water - Hydrocarbons,3684,3837_00_00_00_14
Water - Hydrocarbons,3684,3885_00_00_00_14
Water - Hydrocarbons,3685,1551_00_00_00_14
Water - Hydrocarbons,3685,1593_00_00_00_14
Water - Hydrocarbons,3685,1757_00_00_00_14
Water - Hydrocarbons,3685d1,1104_00_00_00_14
Water - Hydrocarbons,3697,1646_00_00_00_14
Water - Hydrocarbons,3697,4216_00_00_00_14
Water - Hydrocarbons,3697,4217_00_00_00_14
Water - Hydrocarbons,3697,4259_00_00_00_14
Water - Hydrocarbons,4081,2627_00_00_00_14
Water - Hydrocarbons,4081,3754_00_00_00_14
Water - Hydrocarbons,4100,312_00_00_00_14
Water - Hydrocarbons,4102,91_00_00_00_14
Water - Hydrocarbons,4300,1575_00_00_00_14
Water - Hydrocarbons,4300,5314_00_00_00_14
Water - Hydrocarbons,4357,1887_00_00_00_14
Water - Hydrocarbons,4357,1897_00_00_00_14
Water - Hydrocarbons,4406,1101_00_00_00_14
Water - Hydrocarbons,4406,1581_00_00_00_14
Water - Hydrocarbons,4406,3659_00_00_00_14
Water - Hydrocarbons,4406,3812_00_00_00_14
Water - Hydrocarbons,4406,3862_00_00_00_14
Water - Hydrocarbons,4406,3864_00_00_00_14
Water - Hydrocarbons,4406,4415_00_00_00_14
Water - Hydrocarbons,462,4693_00_00_00_14
Water - Hydrocarbons,605,1880_00_00_00_14
Water - Hydrocarbons,673,181_00_00_00_14
Water - Hydrocarbons,706n2,1098_00_00_00_14
Water - Hydrocarbons,706n2,5314_00_00_00_14
Water - Hydrocarbons,718,91_00_00_00_14
Water - Hydrocarbons,741,2055_00_00_00_14
Water - Hydrocarbons,847,92_00_00_00_14
Water - Hydrocarbons,982,132_00_00_00_14
Water - Hydrocarbons,982,212_00_00_00_14
Water - Hydrocarbons,10350,66_00_00_00_14
Water - Hydrocarbons,10366,4048_00_00_00_14
Water - Hydrocarbons,10366,4402_00_00_00_14
Water - Hydrocarbons,1435,1083_00_00_00_14
Water - Hydrocarbons,1435,4416_00_00_00_14
Water - Hydrocarbons,167,534_00_00_00_14
Water - Hydrocarbons,1947,66_00_00_00_14
Water - Hydrocarbons,1981,311_00_00_00_14
Water - Hydrocarbons,2015,311_00_00_00_14
Water - Hydrocarbons,209,1369_00_00_00_14
Water - Hydrocarbons,209,1382_00_00_00_14
Water - Hydrocarbons,2863,2626_00_00_00_14
Water - Hydrocarbons,2879,219_00_00_00_14
Water - Hydrocarbons,2879,237_00_00_00_14
Water - Hydrocarbons,3226n2,3073_00_00_00_14
Water - Hydrocarbons,3226n2,4077_00_00_00_14
Water - Hydrocarbons,3228,4255_00_00_00_14
Water - Hydrocarbons,3601,907_00_00_00_14
Water - Hydrocarbons,3670,4053_00_00_00_14
Water - Hydrocarbons,3684,1547_00_00_00_14
Water - Hydrocarbons,3684,1565_00_00_00_14
Water - Hydrocarbons,3684,3645_00_00_00_14
Water - Hydrocarbons,3684,3884_00_00_00_14
Water - Hydrocarbons,3684,3900_00_00_00_14
Water - Hydrocarbons,3684,4415_00_00_00_14
Water - Hydrocarbons,3685,1257_00_00_00_14
Water - Hydrocarbons,3685,1555_00_00_00_14
Water - Hydrocarbons,3685,1745_00_00_00_14
Water - Hydrocarbons,3685,3859_00_00_00_14
Water - Hydrocarbons,3697,4275_00_00_00_14
Water - Hydrocarbons,4081,1429_00_00_00_14
Water - Hydrocarbons,4081,3745_00_00_00_14
Water - Hydrocarbons,4103,4793_00_00_00_14
Water - Hydrocarbons,4406,2650_00_00_00_14
Water - Hydrocarbons,605,2055_00_00_00_14
Water - Hydrocarbons,692,4055_00_00_00_14
Water - Hydrocarbons,692,4400_00_00_00_14
Water - Hydrocarbons,709,304_00_00_00_14
Water - Hydrocarbons,717,1631_00_00_00_14
Water - Hydrocarbons,741,1887_00_00_00_14
Water - Hydrocarbons,741,1892_00_00_00_14
Water - Hydrocarbons,982,145_00_00_00_14
Water - Hydrocarbons,10095,947_00_00_00_14
Water - Hydrocarbons,10366,1326_00_00_00_14
Water - Hydrocarbons,1435n1,1104_00_00_00_14
Water - Hydrocarbons,164,834_00_00_00_14
Water - Hydrocarbons,1947,72_00_00_00_14
Water - Hydrocarbons,1947d1,245_00_00_00_14
Water - Hydrocarbons,209,1349_00_00_00_14
Water - Hydrocarbons,2345,297_00_00_00_14
Water - Hydrocarbons,2663,305_00_00_00_14
Water - Hydrocarbons,2863,311_00_00_00_14
Water - Hydrocarbons,2863d2,147_00_00_00_14
Water - Hydrocarbons,2879,303_00_00_00_14
Water - Hydrocarbons,3221,1404_00_00_00_14
Water - Hydrocarbons,3226n2,140_00_00_00_14
Water - Hydrocarbons,3226n2,141_00_00_00_14
Water - Hydrocarbons,3226n2,4434_00_00_00_14
Water - Hydrocarbons,3226n2,4438_00_00_00_14
Water - Hydrocarbons,3227,2650_00_00_00_14
Water - Hydrocarbons,3669,155_00_00_00_14
Water - Hydrocarbons,3670,4412_00_00_00_14
Water - Hydrocarbons,3685,1533_00_00_00_14
Water - Hydrocarbons,3685,1591_00_00_00_14
Water - Hydrocarbons,3685,1592_00_00_00_14
Water - Hydrocarbons,3699,4849_00_00_00_14
Water - Hydrocarbons,4081,3740_00_00_00_14
Water - Hydrocarbons,4100,148_00_00_00_14
Water - Hydrocarbons,4100,4411_00_00_00_14
Water - Hydrocarbons,4406,1259_00_00_00_14
Water - Hydrocarbons,4406,3645_00_00_00_14
Water - Hydrocarbons,4406,3884_00_00_00_14
Water - Hydrocarbons,4406,4553_00_00_00_14
Water - Hydrocarbons,658,65_00_00_00_14
Water - Hydrocarbons,692,148_00_00_00_14
Water - Hydrocarbons,709,332_00_00_00_14
Water - Hydrocarbons,717,1627_00_00_00_14
Water - Hydrocarbons,717,3291_00_00_00_14
Water - Hydrocarbons,2348,55_00_00_00_14
Water - Immunosuppressive drug,462,4719_00_00_00_14
Water - Lab,2820,2860_00_00_00_01
Water - Lab,2821,2861_00_00_00_01
Water - Lab,31,742_00_00_00_26
Water - Major Ions,4469,1954_00_00_00_14
Water - Major Ions,1917,566_00_00_00_14
Water - Major Ions,1917,583_00_00_00_14
Water - Major Ions,4469,3479_00_00_00_14
Water - Major Ions,1917,2692_00_00_00_14
Water - Major Ions,4469,9112_00_00_00_14
Water - Major Ions,2577,565_00_00_00_14
Water - Major Ions,4469,1955_00_00_00_14
Water - Major Ions,1917,601_00_00_00_14
Water - Major Ions,4469,3460_00_00_00_14
Water - Major Ions,4469,813_00_00_00_14
Water - Major Ions,4469,1953_00_00_00_14
Water - Major Ions,4469,1952_00_00_00_14
Water - Major Ions,4469,426_00_00_00_14
Water - Major Ions,4433,567_00_00_00_14
Water - Major Ions,4469,1846_00_00_00_14
Water - Major Ions,438,567_00_00_00_14
Water - Major Ions,4469,1843_00_00_00_14
Water - Major Ions,4469,3485_00_00_00_14
Water - Major Ions,2579,1069_00_00_00_14
Water - Major Ions,4433,408_00_00_00_14
Water - Major Ions,4398,585_00_00_00_14
Water - Major Ions,2577,404_00_00_00_14
Water - Major Ions,2577,585_00_00_00_14
Water - Major Ions,4453,3540_00_00_00_14
Water - Major Ions,441,788_00_00_00_14
Water - Major Ions,4399,789_00_00_00_14
Water - Major Ions,4398,567_00_00_00_14
Water - Major Ions,4445,1287_00_00_00_14
Water - Major Ions,4453,3485_00_00_00_14
Water - Major Ions,606,1072_00_00_00_14
Water - Major Ions,617,422_00_00_00_14
Water - Major Ions,4286,5084_00_00_00_14
Water - Major Ions,2365,831_00_00_00_14
Water - Major Ions,4398,408_00_00_00_14
Water - Major Ions,2577,581_00_00_00_14
Water - Major Ions,2688,2685_00_00_00_14
Water - Major Ions,4398,602_00_00_00_14
Water - Major Ions,617,813_00_00_00_14
Water - Major Ions,2562,1030_00_00_00_14
Water - Major Ions,4453,3486_00_00_00_14
Water - Major Ions,4398,791_00_00_00_14
Water - Major Ions,4433,602_00_00_00_14
Water - Major Ions,2577,408_00_00_00_14
Water - Major Ions,4433,585_00_00_00_14
Water - Major Ions,3641,1053_00_00_00_14
Water - Major Ions,3641,1058_00_00_00_14
Water - Major Ions,3641,1060_00_00_00_14
Water - Major Ions,3641,1069_00_00_00_14
Water - Major Ions,3743n1,1199_00_00_00_14
Water - Major Ions,3743n2,1199_00_00_00_14
Water - Major Ions,4382,1199_00_00_00_14
Water - Major Ions,3743n1,1203_00_00_00_14
Water - Major Ions,3743n2,1203_00_00_00_14
Water - Major Ions,4382,1203_00_00_00_14
Water - Major Ions,3743n1,1205_00_00_00_14
Water - Major Ions,3743n2,1205_00_00_00_14
Water - Major Ions,4382,1205_00_00_00_14
Water - Major Ions,3743n1,1208_00_00_00_14
Water - Major Ions,3743n2,1208_00_00_00_14
Water - Major Ions,4382,1208_00_00_00_14
Water - Major Ions,645,1843_00_00_00_14
Water - Major Ions,2628,2630_00_00_00_14
Water - Major Ions,2742,2630_00_00_00_14
Water - Major Ions,2628,2631_00_00_00_14
Water - Major Ions,2742,2631_00_00_00_14
Water - Major Ions,2729,2692_00_00_00_14
Water - Major Ions,2827,2692_00_00_00_14
Water - Major Ions,2432,2695_00_00_00_14
Water - Major Ions,2725,2695_00_00_00_14
Water - Major Ions,3584,2695_00_00_00_14
Water - Major Ions,2432,2696_00_00_00_14
Water - Major Ions,2725,2696_00_00_00_14
Water - Major Ions,3584,2696_00_00_00_14
Water - Major Ions,1961d1,2697_00_00_00_14
Water - Major Ions,1961d2,2697_00_00_00_14
Water - Major Ions,2432,2697_00_00_00_14
Water - Major Ions,2725,2697_00_00_00_14
Water - Major Ions,4250,2697_00_00_00_14
Water - Major Ions,10319,2728_00_00_00_14
Water - Major Ions,10356,2728_00_00_00_14
Water - Major Ions,2828,2728_00_00_00_14
Water - Major Ions,440,2728_00_00_00_14
Water - Major Ions,10301,2736_00_00_00_14
Water - Major Ions,2827,2736_00_00_00_14
Water - Major Ions,2855,2768_00_00_00_14
Water - Major Ions,2855,2769_00_00_00_14
Water - Major Ions,1526,3089_00_00_00_14
Water - Major Ions,1922,3485_00_00_00_14
Water - Major Ions,1922,3486_00_00_00_14
Water - Major Ions,3628,3540_00_00_00_14
Water - Major Ions,10367,397_00_00_00_14
Water - Major Ions,10368,397_00_00_00_14
Water - Major Ions,2989,397_00_00_00_14
Water - Major Ions,3615,397_00_00_00_14
Water - Major Ions,617,397_00_00_00_14
Water - Major Ions,10320,404_00_00_00_14
Water - Major Ions,1068,404_00_00_00_14
Water - Major Ions,1069,404_00_00_00_14
Water - Major Ions,1070d1,404_00_00_00_14
Water - Major Ions,1070d2,404_00_00_00_14
Water - Major Ions,1502,404_00_00_00_14
Water - Major Ions,1516,404_00_00_00_14
Water - Major Ions,1961d1,404_00_00_00_14
Water - Major Ions,1961d2,404_00_00_00_14
Water - Major Ions,2632,404_00_00_00_14
Water - Major Ions,2633,404_00_00_00_14
Water - Major Ions,2741,404_00_00_00_14
Water - Major Ions,2912,404_00_00_00_14
Water - Major Ions,2917,404_00_00_00_14
Water - Major Ions,3016,404_00_00_00_14
Water - Major Ions,3302,404_00_00_00_14
Water - Major Ions,333,404_00_00_00_14
Water - Major Ions,3553,404_00_00_00_14
Water - Major Ions,3628,404_00_00_00_14
Water - Major Ions,383,404_00_00_00_14
Water - Major Ions,469d1,404_00_00_00_14
Water - Major Ions,469d2,404_00_00_00_14
Water - Major Ions,562,404_00_00_00_14
Water - Major Ions,10301,406_00_00_00_14
Water - Major Ions,1526,406_00_00_00_14
Water - Major Ions,2628,406_00_00_00_14
Water - Major Ions,2742,406_00_00_00_14
Water - Major Ions,455,406_00_00_00_14
Water - Major Ions,459,406_00_00_00_14
Water - Major Ions,10029,408_00_00_00_14
Water - Major Ions,10319,408_00_00_00_14
Water - Major Ions,2433,408_00_00_00_14
Water - Major Ions,2600,408_00_00_00_14
Water - Major Ions,2601,408_00_00_00_14
Water - Major Ions,2602,408_00_00_00_14
Water - Major Ions,2631,408_00_00_00_14
Water - Major Ions,2634,408_00_00_00_14
Water - Major Ions,2828,408_00_00_00_14
Water - Major Ions,2960,408_00_00_00_14
Water - Major Ions,3553,408_00_00_00_14
Water - Major Ions,3583,408_00_00_00_14
Water - Major Ions,440d1,408_00_00_00_14
Water - Major Ions,440d2,408_00_00_00_14
Water - Major Ions,459,408_00_00_00_14
Water - Major Ions,927,408_00_00_00_14
Water - Major Ions,562,4123_00_00_00_14
Water - Major Ions,1891,422_00_00_00_14
Water - Major Ions,3561,422_00_00_00_14
Water - Major Ions,645,422_00_00_00_14
Water - Major Ions,624,423_00_00_00_14
Water - Major Ions,1960,426_00_00_00_14
Water - Major Ions,3303,426_00_00_00_14
Water - Major Ions,3560,426_00_00_00_14
Water - Major Ions,3615,426_00_00_00_14
Water - Major Ions,4223,426_00_00_00_14
Water - Major Ions,426,426_00_00_00_14
Water - Major Ions,562,426_00_00_00_14
Water - Major Ions,606,426_00_00_00_14
Water - Major Ions,617,426_00_00_00_14
Water - Major Ions,625,426_00_00_00_14
Water - Major Ions,626,426_00_00_00_14
Water - Major Ions,627,426_00_00_00_14
Water - Major Ions,628,426_00_00_00_14
Water - Major Ions,630d1,426_00_00_00_14
Water - Major Ions,630d2,426_00_00_00_14
Water - Major Ions,631,426_00_00_00_14
Water - Major Ions,10273,431_00_00_00_14
Water - Major Ions,137,431_00_00_00_14
Water - Major Ions,1891,4345_00_00_00_14
Water - Major Ions,1980,4345_00_00_00_14
Water - Major Ions,3613,4366_00_00_00_14
Water - Major Ions,10348,511_00_00_00_14
Water - Major Ions,1891,511_00_00_00_14
Water - Major Ions,3561,511_00_00_00_14
Water - Major Ions,617,511_00_00_00_14
Water - Major Ions,10193,532_00_00_00_14
Water - Major Ions,153,532_00_00_00_14
Water - Major Ions,1923,532_00_00_00_14
Water - Major Ions,1960,532_00_00_00_14
Water - Major Ions,2354,532_00_00_00_14
Water - Major Ions,3303,532_00_00_00_14
Water - Major Ions,352,532_00_00_00_14
Water - Major Ions,353,532_00_00_00_14
Water - Major Ions,354,532_00_00_00_14
Water - Major Ions,355,532_00_00_00_14
Water - Major Ions,3560,532_00_00_00_14
Water - Major Ions,356d1,532_00_00_00_14
Water - Major Ions,356d2,532_00_00_00_14
Water - Major Ions,358,532_00_00_00_14
Water - Major Ions,361,532_00_00_00_14
Water - Major Ions,3615,532_00_00_00_14
Water - Major Ions,4225,532_00_00_00_14
Water - Major Ions,562,532_00_00_00_14
Water - Major Ions,617,532_00_00_00_14
Water - Major Ions,10273,545_00_00_00_14
Water - Major Ions,135,545_00_00_00_14
Water - Major Ions,136,546_00_00_00_14
Water - Major Ions,10320,565_00_00_00_14
Water - Major Ions,1048,565_00_00_00_14
Water - Major Ions,1052,565_00_00_00_14
Water - Major Ions,1502,565_00_00_00_14
Water - Major Ions,1516,565_00_00_00_14
Water - Major Ions,2632,565_00_00_00_14
Water - Major Ions,2633,565_00_00_00_14
Water - Major Ions,2741,565_00_00_00_14
Water - Major Ions,2854,565_00_00_00_14
Water - Major Ions,2912,565_00_00_00_14
Water - Major Ions,2917,565_00_00_00_14
Water - Major Ions,3302,565_00_00_00_14
Water - Major Ions,333,565_00_00_00_14
Water - Major Ions,3553,565_00_00_00_14
Water - Major Ions,3584,565_00_00_00_14
Water - Major Ions,3628,565_00_00_00_14
Water - Major Ions,383,565_00_00_00_14
Water - Major Ions,440,565_00_00_00_14
Water - Major Ions,444,565_00_00_00_14
Water - Major Ions,445n1,565_00_00_00_14
Water - Major Ions,445n2,565_00_00_00_14
Water - Major Ions,448,565_00_00_00_14
Water - Major Ions,469,565_00_00_00_14
Water - Major Ions,562,565_00_00_00_14
Water - Major Ions,10301,566_00_00_00_14
Water - Major Ions,1058,566_00_00_00_14
Water - Major Ions,1526d1,566_00_00_00_14
Water - Major Ions,1526d2,566_00_00_00_14
Water - Major Ions,2599,566_00_00_00_14
Water - Major Ions,2729,566_00_00_00_14
Water - Major Ions,2827,566_00_00_00_14
Water - Major Ions,455,566_00_00_00_14
Water - Major Ions,10319,567_00_00_00_14
Water - Major Ions,2433,567_00_00_00_14
Water - Major Ions,2600,567_00_00_00_14
Water - Major Ions,2601,567_00_00_00_14
Water - Major Ions,2602,567_00_00_00_14
Water - Major Ions,2631,567_00_00_00_14
Water - Major Ions,2634,567_00_00_00_14
Water - Major Ions,2828,567_00_00_00_14
Water - Major Ions,2960,567_00_00_00_14
Water - Major Ions,3553,567_00_00_00_14
Water - Major Ions,3583,567_00_00_00_14
Water - Major Ions,440d1,567_00_00_00_14
Water - Major Ions,440d2,567_00_00_00_14
Water - Major Ions,927,567_00_00_00_14
Water - Major Ions,10320,581_00_00_00_14
Water - Major Ions,10347,581_00_00_00_14
Water - Major Ions,1502,581_00_00_00_14
Water - Major Ions,1516,581_00_00_00_14
Water - Major Ions,1961d1,581_00_00_00_14
Water - Major Ions,1961d2,581_00_00_00_14
Water - Major Ions,2632,581_00_00_00_14
Water - Major Ions,2633,581_00_00_00_14
Water - Major Ions,2741,581_00_00_00_14
Water - Major Ions,2912,581_00_00_00_14
Water - Major Ions,2917,581_00_00_00_14
Water - Major Ions,3016,581_00_00_00_14
Water - Major Ions,3302,581_00_00_00_14
Water - Major Ions,333,581_00_00_00_14
Water - Major Ions,3553,581_00_00_00_14
Water - Major Ions,3628,581_00_00_00_14
Water - Major Ions,383,581_00_00_00_14
Water - Major Ions,459d1,581_00_00_00_14
Water - Major Ions,459d2,581_00_00_00_14
Water - Major Ions,463,581_00_00_00_14
Water - Major Ions,466,581_00_00_00_14
Water - Major Ions,469d1,581_00_00_00_14
Water - Major Ions,469d2,581_00_00_00_14
Water - Major Ions,562,581_00_00_00_14
Water - Major Ions,10301,583_00_00_00_14
Water - Major Ions,1526,583_00_00_00_14
Water - Major Ions,2628,583_00_00_00_14
Water - Major Ions,2729,583_00_00_00_14
Water - Major Ions,2742,583_00_00_00_14
Water - Major Ions,2827,583_00_00_00_14
Water - Major Ions,455,583_00_00_00_14
Water - Major Ions,459,583_00_00_00_14
Water - Major Ions,10029,585_00_00_00_14
Water - Major Ions,10319,585_00_00_00_14
Water - Major Ions,2433,585_00_00_00_14
Water - Major Ions,2600,585_00_00_00_14
Water - Major Ions,2601,585_00_00_00_14
Water - Major Ions,2602,585_00_00_00_14
Water - Major Ions,2631,585_00_00_00_14
Water - Major Ions,2634,585_00_00_00_14
Water - Major Ions,2828,585_00_00_00_14
Water - Major Ions,2960,585_00_00_00_14
Water - Major Ions,3553,585_00_00_00_14
Water - Major Ions,3583,585_00_00_00_14
Water - Major Ions,440,585_00_00_00_14
Water - Major Ions,459,585_00_00_00_14
Water - Major Ions,927,585_00_00_00_14
Water - Major Ions,454,598_00_00_00_01
Water - Major Ions,453,599_00_00_00_30
Water - Major Ions,10320,600_00_00_00_14
Water - Major Ions,1502,600_00_00_00_14
Water - Major Ions,1516,600_00_00_00_14
Water - Major Ions,1961d1,600_00_00_00_14
Water - Major Ions,1961d2,600_00_00_00_14
Water - Major Ions,2432,600_00_00_00_14
Water - Major Ions,2632,600_00_00_00_14
Water - Major Ions,2633,600_00_00_00_14
Water - Major Ions,2725,600_00_00_00_14
Water - Major Ions,2741,600_00_00_00_14
Water - Major Ions,2854,600_00_00_00_14
Water - Major Ions,2912,600_00_00_00_14
Water - Major Ions,2917,600_00_00_00_14
Water - Major Ions,3302,600_00_00_00_14
Water - Major Ions,333,600_00_00_00_14
Water - Major Ions,3553,600_00_00_00_14
Water - Major Ions,3584,600_00_00_00_14
Water - Major Ions,3628,600_00_00_00_14
Water - Major Ions,383,600_00_00_00_14
Water - Major Ions,4250,600_00_00_00_14
Water - Major Ions,4253,600_00_00_00_14
Water - Major Ions,444,600_00_00_00_14
Water - Major Ions,445d1,600_00_00_00_14
Water - Major Ions,445d2,600_00_00_00_14
Water - Major Ions,445d3,600_00_00_00_14
Water - Major Ions,448,600_00_00_00_14
Water - Major Ions,469,600_00_00_00_14
Water - Major Ions,479,600_00_00_00_14
Water - Major Ions,562,600_00_00_00_14
Water - Major Ions,59,600_00_00_00_14
Water - Major Ions,10301,601_00_00_00_14
Water - Major Ions,1526,601_00_00_00_14
Water - Major Ions,2729,601_00_00_00_14
Water - Major Ions,2827,601_00_00_00_14
Water - Major Ions,455,601_00_00_00_14
Water - Major Ions,10319,602_00_00_00_14
Water - Major Ions,1526,602_00_00_00_14
Water - Major Ions,2433,602_00_00_00_14
Water - Major Ions,2600,602_00_00_00_14
Water - Major Ions,2601,602_00_00_00_14
Water - Major Ions,2602,602_00_00_00_14
Water - Major Ions,2631,602_00_00_00_14
Water - Major Ions,2634,602_00_00_00_14
Water - Major Ions,2828,602_00_00_00_14
Water - Major Ions,2960,602_00_00_00_14
Water - Major Ions,3553,602_00_00_00_14
Water - Major Ions,3583,602_00_00_00_14
Water - Major Ions,440,602_00_00_00_14
Water - Major Ions,927,602_00_00_00_14
Water - Major Ions,10273,641_00_00_00_14
Water - Major Ions,351,641_00_00_00_14
Water - Major Ions,621,757_00_00_00_14
Water - Major Ions,2328,784_00_00_00_14
Water - Major Ions,2329,784_00_00_00_14
Water - Major Ions,1516u1,785_00_00_00_14
Water - Major Ions,1516u2,785_00_00_00_14
Water - Major Ions,3305d1,786_00_00_00_14
Water - Major Ions,3305d2,786_00_00_00_14
Water - Major Ions,3564,786_00_00_00_14
Water - Major Ions,511,786_00_00_00_14
Water - Major Ions,512d1,786_00_00_00_14
Water - Major Ions,512d2,786_00_00_00_14
Water - Major Ions,512d3,786_00_00_00_14
Water - Major Ions,513,786_00_00_00_14
Water - Major Ions,512,787_00_00_00_14
Water - Major Ions,10320,789_00_00_00_14
Water - Major Ions,3553,789_00_00_00_14
Water - Major Ions,927,789_00_00_00_14
Water - Major Ions,520,790_00_00_00_14
Water - Major Ions,3553,791_00_00_00_14
Water - Major Ions,1891,813_00_00_00_14
Water - Major Ions,3561,813_00_00_00_14
Water - Major Ions,3650,813_00_00_00_14
Water - Major Ions,645,813_00_00_00_14
Water - Major Ions,10363,814_00_00_00_14
Water - Major Ions,1960,814_00_00_00_14
Water - Major Ions,2326,814_00_00_00_14
Water - Major Ions,3560,814_00_00_00_14
Water - Major Ions,3615,814_00_00_00_14
Water - Major Ions,405,814_00_00_00_14
Water - Major Ions,562,814_00_00_00_14
Water - Major Ions,610,814_00_00_00_14
Water - Major Ions,611,814_00_00_00_14
Water - Major Ions,612,814_00_00_00_14
Water - Major Ions,613,814_00_00_00_14
Water - Major Ions,615n1,814_00_00_00_14
Water - Major Ions,615n2,814_00_00_00_14
Water - Major Ions,617,814_00_00_00_14
Water - Major Ions,631,814_00_00_00_14
Water - Major Ions,607,831_00_00_00_14
Water - Major Ions,608,831_00_00_00_14
Water - Metal,4412,3337_00_00_00_14
Water - Metal,4412,3342_00_00_00_14
Water - Metal,4469,458_00_00_00_14
Water - Metal,4412,465_00_00_00_14
Water - Metal,4412,879_00_00_00_14
Water - Metal,4469,519_00_00_00_14
Water - Metal,1917,2034_00_00_00_14
Water - Metal,1917,2029_00_00_00_14
Water - Metal,4469,549_00_00_00_14
Water - Metal,1917,2027_00_00_00_14
Water - Metal,4412,1214_00_00_00_14
Water - Metal,1917,2028_00_00_00_14
Water - Metal,4469,379_00_00_00_14
Water - Metal,4469,610_00_00_00_14
Water - Metal,4412,1204_00_00_00_14
Water - Metal,4412,1210_00_00_00_14
Water - Metal,4469,350_00_00_00_14
Water - Metal,4469,823_00_00_00_14
Water - Metal,1917,2025_00_00_00_14
Water - Metal,4412,1198_00_00_00_14
Water - Metal,4469,1015_00_00_00_14
Water - Metal,1917,2032_00_00_00_14
Water - Metal,4412,1197_00_00_00_14
Water - Metal,1917,2035_00_00_00_14
Water - Metal,4412,1196_00_00_00_14
Water - Metal,4469,861_00_00_00_14
Water - Metal,2577,810_00_00_00_14
Water - Metal,4412,3352_00_00_00_14
Water - Metal,4412,471_00_00_00_14
Water - Metal,4469,576_00_00_00_14
Water - Metal,1917,2024_00_00_00_14
Water - Metal,4469,782_00_00_00_14
Water - Metal,1917,2694_00_00_00_14
Water - Metal,1917,857_00_00_00_14
Water - Metal,4412,1201_00_00_00_14
Water - Metal,4469,373_00_00_00_14
Water - Metal,4412,3107_00_00_00_14
Water - Metal,1917,2026_00_00_00_14
Water - Metal,4412,1206_00_00_00_14
Water - Metal,4412,3104_00_00_00_14
Water - Metal,1917,2037_00_00_00_14
Water - Metal,4412,1215_00_00_00_14
Water - Metal,4412,1207_00_00_00_14
Water - Metal,4469,1311_00_00_00_14
Water - Metal,4469,456_00_00_00_14
Water - Metal,4412,3343_00_00_00_14
Water - Metal,4412,891_00_00_00_14
Water - Metal,4412,3351_00_00_00_14
Water - Metal,4412,611_00_00_00_14
Water - Metal,1917,2031_00_00_00_14
Water - Metal,1917,2033_00_00_00_14
Water - Metal,4412,457_00_00_00_14
Water - Metal,1917,2036_00_00_00_14
Water - Metal,4469,393_00_00_00_14
Water - Metal,4469,854_00_00_00_14
Water - Metal,4412,389_00_00_00_14
Water - Metal,1917,2030_00_00_00_14
Water - Metal,4412,1212_00_00_00_14
Water - Metal,4412,374_00_00_00_14
Water - Metal,4469,470_00_00_00_14
Water - Metal,4412,684_00_00_00_14
Water - Metal,4412,3103_00_00_00_14
Water - Metal,4412,413_00_00_00_14
Water - Metal,1917,2743_00_00_00_14
Water - Metal,4469,2725_00_00_00_14
Water - Metal,4469,591_00_00_00_14
Water - Metal,4469,766_00_00_00_14
Water - Metal,4469,878_00_00_00_14
Water - Metal,4469,890_00_00_00_14
Water - Metal,4399,763_00_00_00_14
Water - Metal,4469,463_00_00_00_14
Water - Metal,4469,595_00_00_00_14
Water - Metal,4469,812_00_00_00_14
Water - Metal,4469,401_00_00_00_14
Water - Metal,4469,858_00_00_00_14
Water - Metal,4469,412_00_00_00_14
Water - Metal,4469,683_00_00_00_14
Water - Metal,4469,1049_00_00_00_14
Water - Metal,4469,388_00_00_00_14
Water - Metal,2577,388_00_00_00_14
Water - Metal,2577,859_00_00_00_14
Water - Metal,4398,1049_00_00_00_14
Water - Metal,4399,856_00_00_00_14
Water - Metal,4433,766_00_00_00_14
Water - Metal,2577,595_00_00_00_14
Water - Metal,2577,890_00_00_00_14
Water - Metal,4399,779_00_00_00_14
Water - Metal,2577,456_00_00_00_14
Water - Metal,4399,2634_00_00_00_14
Water - Metal,2577,470_00_00_00_14
Water - Metal,4398,1003_00_00_00_14
Water - Metal,4398,350_00_00_00_14
Water - Metal,4398,782_00_00_00_14
Water - Metal,4399,376_00_00_00_14
Water - Metal,4433,470_00_00_00_14
Water - Metal,2577,887_00_00_00_14
Water - Metal,4399,399_00_00_00_14
Water - Metal,4399,678_00_00_00_14
Water - Metal,4433,456_00_00_00_14
Water - Metal,4433,519_00_00_00_14
Water - Metal,4398,1008_00_00_00_14
Water - Metal,4398,858_00_00_00_14
Water - Metal,4399,370_00_00_00_14
Water - Metal,1502,858_00_00_00_14
Water - Metal,4398,878_00_00_00_14
Water - Metal,4433,610_00_00_00_14
Water - Metal,2577,591_00_00_00_14
Water - Metal,2577,858_00_00_00_14
Water - Metal,4398,393_00_00_00_14
Water - Metal,2577,593_00_00_00_14
Water - Metal,4387,549_00_00_00_14
Water - Metal,4398,379_00_00_00_14
Water - Metal,4433,873_00_00_00_14
Water - Metal,2577,370_00_00_00_14
Water - Metal,2577,463_00_00_00_14
Water - Metal,4399,2632_00_00_00_14
Water - Metal,4433,823_00_00_00_14
Water - Metal,4433,878_00_00_00_14
Water - Metal,2577,878_00_00_00_14
Water - Metal,4398,519_00_00_00_14
Water - Metal,4398,412_00_00_00_14
Water - Metal,4398,610_00_00_00_14
Water - Metal,4398,812_00_00_00_14
Water - Metal,4399,467_00_00_00_14
Water - Metal,4433,463_00_00_00_14
Water - Metal,2577,516_00_00_00_14
Water - Metal,2577,812_00_00_00_14
Water - Metal,4398,766_00_00_00_14
Water - Metal,4399,872_00_00_00_14
Water - Metal,4433,782_00_00_00_14
Water - Metal,1503,823_00_00_00_14
Water - Metal,1520,373_00_00_00_14
Water - Metal,3683,549_00_00_00_02
Water - Metal,4433,350_00_00_00_14
Water - Metal,4433,373_00_00_00_14
Water - Metal,4398,2725_00_00_00_14
Water - Metal,4398,373_00_00_00_14
Water - Metal,4399,409_00_00_00_14
Water - Metal,4399,588_00_00_00_14
Water - Metal,2577,453_00_00_00_14
Water - Metal,4398,854_00_00_00_14
Water - Metal,4399,460_00_00_00_14
Water - Metal,2577,348_00_00_00_14
Water - Metal,4398,456_00_00_00_14
Water - Metal,4399,1050_00_00_00_14
Water - Metal,2577,519_00_00_00_14
Water - Metal,4398,388_00_00_00_14
Water - Metal,4398,591_00_00_00_14
Water - Metal,4399,2700_00_00_00_14
Water - Metal,4398,595_00_00_00_14
Water - Metal,4399,876_00_00_00_14
Water - Metal,4433,683_00_00_00_14
Water - Metal,2577,467_00_00_00_14
Water - Metal,2578,678_00_00_00_14
Water - Metal,4399,593_00_00_00_14
Water - Metal,4399,859_00_00_00_14
Water - Metal,4398,576_00_00_00_14
Water - Metal,4433,595_00_00_00_14
Water - Metal,4398,470_00_00_00_14
Water - Metal,441,412_00_00_00_14
Water - Metal,2577,379_00_00_00_14
Water - Metal,2577,779_00_00_00_14
Water - Metal,4398,401_00_00_00_14
Water - Metal,4398,463_00_00_00_14
Water - Metal,4399,2739_00_00_00_14
Water - Metal,4399,391_00_00_00_14
Water - Metal,4398,890_00_00_00_14
Water - Metal,4399,574_00_00_00_14
Water - Metal,2577,373_00_00_00_14
Water - Metal,4433,861_00_00_00_14
Water - Metal,4433,1008_00_00_00_14
Water - Metal,4433,388_00_00_00_14
Water - Metal,4398,683_00_00_00_14
Water - Metal,4399,348_00_00_00_14
Water - Metal,4399,607_00_00_00_14
Water - Metal,4433,393_00_00_00_14
Water - Metal,4433,576_00_00_00_14
Water - Metal,4399,819_00_00_00_14
Water - Metal,4433,412_00_00_00_14
Water - Metal,4433,812_00_00_00_14
Water - Metal,2577,399_00_00_00_14
Water - Metal,2577,782_00_00_00_14
Water - Metal,4399,386_00_00_00_14
Water - Metal,4398,1015_00_00_00_14
Water - Metal,4398,861_00_00_00_14
Water - Metal,4399,2740_00_00_00_14
Water - Metal,2577,376_00_00_00_14
Water - Metal,4399,453_00_00_00_14
Water - Metal,4433,401_00_00_00_14
Water - Metal,2577,386_00_00_00_14
Water - Metal,4433,591_00_00_00_14
Water - Metal,1594,548_00_00_00_14
Water - Metal,2577,588_00_00_00_14
Water - Metal,4399,810_00_00_00_14
Water - Metal,4433,379_00_00_00_14
Water - Metal,4433,890_00_00_00_14
Water - Metal,1502,812_00_00_00_14
Water - Metal,2577,1050_00_00_00_14
Water - Metal,2577,401_00_00_00_14
Water - Metal,2577,412_00_00_00_14
Water - Metal,2577,460_00_00_00_14
Water - Metal,2577,763_00_00_00_14
Water - Metal,4398,1013_00_00_00_14
Water - Metal,4398,823_00_00_00_14
Water - Metal,4399,516_00_00_00_14
Water - Metal,4399,887_00_00_00_14
Water - Metal,4433,1049_00_00_00_14
Water - Metal,1919,1003_00_00_00_14
Water - Metal,2630,1003_00_00_00_14
Water - Metal,3006,1003_00_00_00_14
Water - Metal,3528,1003_00_00_00_14
Water - Metal,3583,1003_00_00_00_14
Water - Metal,3641,1003_00_00_00_14
Water - Metal,3528,1005_00_00_00_14
Water - Metal,3583,1005_00_00_00_14
Water - Metal,1919,1008_00_00_00_14
Water - Metal,2630,1008_00_00_00_14
Water - Metal,2960,1008_00_00_00_14
Water - Metal,3528,1008_00_00_00_14
Water - Metal,3583,1008_00_00_00_14
Water - Metal,3641,1008_00_00_00_14
Water - Metal,3528,1009_00_00_00_14
Water - Metal,3583,1009_00_00_00_14
Water - Metal,1919,1013_00_00_00_14
Water - Metal,3006,1013_00_00_00_14
Water - Metal,3528,1013_00_00_00_14
Water - Metal,3583,1013_00_00_00_14
Water - Metal,10356,1015_00_00_00_14
Water - Metal,3528,1015_00_00_00_14
Water - Metal,3553,1015_00_00_00_14
Water - Metal,3583,1015_00_00_00_14
Water - Metal,10347,1049_00_00_00_14
Water - Metal,10356,1049_00_00_00_14
Water - Metal,1919,1049_00_00_00_14
Water - Metal,2630,1049_00_00_00_14
Water - Metal,3006,1049_00_00_00_14
Water - Metal,3158,1049_00_00_00_14
Water - Metal,3528,1049_00_00_00_14
Water - Metal,3553,1049_00_00_00_14
Water - Metal,3583,1049_00_00_00_14
Water - Metal,3641,1049_00_00_00_14
Water - Metal,927,1049_00_00_00_14
Water - Metal,10347,1050_00_00_00_14
Water - Metal,1920,1050_00_00_00_14
Water - Metal,3007,1050_00_00_00_14
Water - Metal,3529,1050_00_00_00_14
Water - Metal,3553,1050_00_00_00_14
Water - Metal,3584,1050_00_00_00_14
Water - Metal,3641,1050_00_00_00_14
Water - Metal,3744,1050_00_00_00_14
Water - Metal,4054,1070_00_00_00_14
Water - Metal,4055,1070_00_00_00_14
Water - Metal,2459,1196_00_00_00_14
Water - Metal,4382,1196_00_00_00_14
Water - Metal,2459,1197_00_00_00_14
Water - Metal,4382,1197_00_00_00_14
Water - Metal,2459,1198_00_00_00_14
Water - Metal,2459,1201_00_00_00_14
Water - Metal,4382,1201_00_00_00_14
Water - Metal,3234,1202_00_00_00_14
Water - Metal,2459,1204_00_00_00_14
Water - Metal,4382,1204_00_00_00_14
Water - Metal,2459,1206_00_00_00_14
Water - Metal,4382,1206_00_00_00_14
Water - Metal,2459,1207_00_00_00_14
Water - Metal,4382,1207_00_00_00_14
Water - Metal,2459,1210_00_00_00_14
Water - Metal,4382,1210_00_00_00_14
Water - Metal,2459,1212_00_00_00_14
Water - Metal,4382,1212_00_00_00_14
Water - Metal,2459,1214_00_00_00_14
Water - Metal,4382,1214_00_00_00_14
Water - Metal,2459,1215_00_00_00_14
Water - Metal,4382,1215_00_00_00_14
Water - Metal,3233,1310_00_00_00_14
Water - Metal,3657,1310_00_00_00_14
Water - Metal,244,1311_00_00_00_14
Water - Metal,3000,1311_00_00_00_14
Water - Metal,3657,1311_00_00_00_14
Water - Metal,3735,1311_00_00_00_14
Water - Metal,4047,1311_00_00_00_14
Water - Metal,3584,2014_00_00_00_14
Water - Metal,1920,2632_00_00_00_14
Water - Metal,3007,2632_00_00_00_14
Water - Metal,3529,2632_00_00_00_14
Water - Metal,3584,2632_00_00_00_14
Water - Metal,3641,2632_00_00_00_14
Water - Metal,3744,2632_00_00_00_14
Water - Metal,3529,2633_00_00_00_14
Water - Metal,3584,2633_00_00_00_14
Water - Metal,1920,2634_00_00_00_14
Water - Metal,3007,2634_00_00_00_14
Water - Metal,3529,2634_00_00_00_14
Water - Metal,3584,2634_00_00_00_14
Water - Metal,3641,2634_00_00_00_14
Water - Metal,2630,2641_00_00_00_14
Water - Metal,2630u1,2642_00_00_00_14
Water - Metal,2630u2,2642_00_00_00_14
Water - Metal,3529,2698_00_00_00_14
Water - Metal,3584,2698_00_00_00_14
Water - Metal,1920,2700_00_00_00_14
Water - Metal,3007,2700_00_00_00_14
Water - Metal,3529,2700_00_00_00_14
Water - Metal,3584,2700_00_00_00_14
Water - Metal,10347,2725_00_00_00_14
Water - Metal,10356,2725_00_00_00_14
Water - Metal,1919,2725_00_00_00_14
Water - Metal,2630,2725_00_00_00_14
Water - Metal,2960,2725_00_00_00_14
Water - Metal,3158,2725_00_00_00_14
Water - Metal,3528,2725_00_00_00_14
Water - Metal,3553,2725_00_00_00_14
Water - Metal,3583,2725_00_00_00_14
Water - Metal,4007,2725_00_00_00_14
Water - Metal,927,2725_00_00_00_14
Water - Metal,1917,2733_00_00_00_14
Water - Metal,2729,2733_00_00_00_14
Water - Metal,2817,2733_00_00_00_14
Water - Metal,4070,2733_00_00_00_14
Water - Metal,3529,2740_00_00_00_14
Water - Metal,3553,2740_00_00_00_14
Water - Metal,3584,2740_00_00_00_14
Water - Metal,2630,2764_00_00_00_14
Water - Metal,3528,2764_00_00_00_14
Water - Metal,3583,2764_00_00_00_14
Water - Metal,1917,2832_00_00_00_14
Water - Metal,1920,2840_00_00_00_14
Water - Metal,3007,2840_00_00_00_14
Water - Metal,3529,2840_00_00_00_14
Water - Metal,3584,2840_00_00_00_14
Water - Metal,3744,2840_00_00_00_14
Water - Metal,1917,2843_00_00_00_14
Water - Metal,2817,2843_00_00_00_14
Water - Metal,1917,2844_00_00_00_14
Water - Metal,2817,2844_00_00_00_14
Water - Metal,10347,2973_00_00_00_14
Water - Metal,2459,3103_00_00_00_14
Water - Metal,2459,3107_00_00_00_14
Water - Metal,1919,3135_00_00_00_14
Water - Metal,2960,3135_00_00_00_14
Water - Metal,3528,3135_00_00_00_14
Water - Metal,3583,3135_00_00_00_14
Water - Metal,1920,3328_00_00_00_14
Water - Metal,3007,3328_00_00_00_14
Water - Metal,3529,3328_00_00_00_14
Water - Metal,3584,3328_00_00_00_14
Water - Metal,1920,3329_00_00_00_14
Water - Metal,3007,3329_00_00_00_14
Water - Metal,3529,3329_00_00_00_14
Water - Metal,3584,3329_00_00_00_14
Water - Metal,1920,3330_00_00_00_14
Water - Metal,3007,3330_00_00_00_14
Water - Metal,3529,3330_00_00_00_14
Water - Metal,3584,3330_00_00_00_14
Water - Metal,1917,3333_00_00_00_14
Water - Metal,1919,3334_00_00_00_14
Water - Metal,3006,3334_00_00_00_14
Water - Metal,3528,3334_00_00_00_14
Water - Metal,3583,3334_00_00_00_14
Water - Metal,1919,3335_00_00_00_14
Water - Metal,3006,3335_00_00_00_14
Water - Metal,3528,3335_00_00_00_14
Water - Metal,3583,3335_00_00_00_14
Water - Metal,1919,3336_00_00_00_14
Water - Metal,3006,3336_00_00_00_14
Water - Metal,3528,3336_00_00_00_14
Water - Metal,3583,3336_00_00_00_14
Water - Metal,2459,3337_00_00_00_14
Water - Metal,2459,3342_00_00_00_14
Water - Metal,4382,3342_00_00_00_14
Water - Metal,2459,3343_00_00_00_14
Water - Metal,2459,3351_00_00_00_14
Water - Metal,4382,3351_00_00_00_14
Water - Metal,4382,3352_00_00_00_14
Water - Metal,707,3352_00_00_00_14
Water - Metal,1917,3489_00_00_00_14
Water - Metal,10320,348_00_00_00_14
Water - Metal,10347,348_00_00_00_14
Water - Metal,1481,348_00_00_00_14
Water - Metal,1920,348_00_00_00_14
Water - Metal,2651,348_00_00_00_14
Water - Metal,2725u1,348_00_00_00_14
Water - Metal,2725u2,348_00_00_00_14
Water - Metal,2816,348_00_00_00_14
Water - Metal,3007,348_00_00_00_14
Water - Metal,3017,348_00_00_00_14
Water - Metal,3529,348_00_00_00_14
Water - Metal,3553,348_00_00_00_14
Water - Metal,3584,348_00_00_00_14
Water - Metal,3641,348_00_00_00_14
Water - Metal,3744,348_00_00_00_14
Water - Metal,1917,3490_00_00_00_14
Water - Metal,1917,3491_00_00_00_14
Water - Metal,3528,3492_00_00_00_14
Water - Metal,3583,3492_00_00_00_14
Water - Metal,3583,3493_00_00_00_14
Water - Metal,1481,349_00_00_00_14
Water - Metal,1482,349_00_00_00_14
Water - Metal,1526,349_00_00_00_14
Water - Metal,1917,349_00_00_00_14
Water - Metal,2628,349_00_00_00_14
Water - Metal,2638,349_00_00_00_14
Water - Metal,2817,349_00_00_00_14
Water - Metal,2827,349_00_00_00_14
Water - Metal,2841,349_00_00_00_14
Water - Metal,4070,349_00_00_00_14
Water - Metal,10319,350_00_00_00_14
Water - Metal,10347,350_00_00_00_14
Water - Metal,10356,350_00_00_00_14
Water - Metal,1482,350_00_00_00_14
Water - Metal,1919,350_00_00_00_14
Water - Metal,2577,350_00_00_00_14
Water - Metal,2630,350_00_00_00_14
Water - Metal,2650,350_00_00_00_14
Water - Metal,2828,350_00_00_00_14
Water - Metal,2960,350_00_00_00_14
Water - Metal,3528,350_00_00_00_14
Water - Metal,3553,350_00_00_00_14
Water - Metal,3583,350_00_00_00_14
Water - Metal,3641,350_00_00_00_14
Water - Metal,375,350_00_00_00_14
Water - Metal,4007,350_00_00_00_14
Water - Metal,927,350_00_00_00_14
Water - Metal,4052,3706_00_00_00_14
Water - Metal,4052,3707_00_00_00_14
Water - Metal,4052,3708_00_00_00_14
Water - Metal,4052,3709_00_00_00_14
Water - Metal,10320,370_00_00_00_14
Water - Metal,10347,370_00_00_00_14
Water - Metal,1502,370_00_00_00_14
Water - Metal,1516,370_00_00_00_14
Water - Metal,1920,370_00_00_00_14
Water - Metal,2632,370_00_00_00_14
Water - Metal,2633,370_00_00_00_14
Water - Metal,2725u1,370_00_00_00_14
Water - Metal,2725u2,370_00_00_00_14
Water - Metal,2816,370_00_00_00_14
Water - Metal,2917,370_00_00_00_14
Water - Metal,295,370_00_00_00_14
Water - Metal,3007,370_00_00_00_14
Water - Metal,3017,370_00_00_00_14
Water - Metal,3529,370_00_00_00_14
Water - Metal,3553,370_00_00_00_14
Water - Metal,3584,370_00_00_00_14
Water - Metal,3641,370_00_00_00_14
Water - Metal,3744,370_00_00_00_14
Water - Metal,391,370_00_00_00_14
Water - Metal,446,370_00_00_00_14
Water - Metal,479,370_00_00_00_14
Water - Metal,481,370_00_00_00_14
Water - Metal,488,370_00_00_00_14
Water - Metal,493,370_00_00_00_14
Water - Metal,69,370_00_00_00_14
Water - Metal,4052,3710_00_00_00_14
Water - Metal,4052,3711_00_00_00_14
Water - Metal,1502,371_00_00_00_14
Water - Metal,1526,371_00_00_00_14
Water - Metal,1917,371_00_00_00_14
Water - Metal,2628u1,371_00_00_00_14
Water - Metal,2628u2,371_00_00_00_14
Water - Metal,2827,371_00_00_00_14
Water - Metal,2841,371_00_00_00_14
Water - Metal,488,371_00_00_00_14
Water - Metal,493,371_00_00_00_14
Water - Metal,499,371_00_00_00_14
Water - Metal,504,371_00_00_00_14
Water - Metal,69,371_00_00_00_14
Water - Metal,10319,373_00_00_00_14
Water - Metal,10347,373_00_00_00_14
Water - Metal,10356,373_00_00_00_14
Water - Metal,1502,373_00_00_00_14
Water - Metal,1919,373_00_00_00_14
Water - Metal,2600,373_00_00_00_14
Water - Metal,2601,373_00_00_00_14
Water - Metal,2630,373_00_00_00_14
Water - Metal,2631,373_00_00_00_14
Water - Metal,2634,373_00_00_00_14
Water - Metal,2828,373_00_00_00_14
Water - Metal,2960,373_00_00_00_14
Water - Metal,3528,373_00_00_00_14
Water - Metal,3553,373_00_00_00_14
Water - Metal,3583,373_00_00_00_14
Water - Metal,3641d1,373_00_00_00_14
Water - Metal,3641d2,373_00_00_00_14
Water - Metal,375,373_00_00_00_14
Water - Metal,440,373_00_00_00_14
Water - Metal,927,373_00_00_00_14
Water - Metal,2459,374_00_00_00_14
Water - Metal,4382,374_00_00_00_14
Water - Metal,10320,376_00_00_00_14
Water - Metal,10347,376_00_00_00_14
Water - Metal,1295,376_00_00_00_14
Water - Metal,1362,376_00_00_00_14
Water - Metal,1367,376_00_00_00_14
Water - Metal,1378,376_00_00_00_14
Water - Metal,1399,376_00_00_00_14
Water - Metal,1920,3327_00_00_00_14
Water - Metal,1920,376_00_00_00_14
Water - Metal,3007,3327_00_00_00_14
Water - Metal,3529,3327_00_00_00_14
Water - Metal,2641,376_00_00_00_14
Water - Metal,2816,376_00_00_00_14
Water - Metal,3584,3327_00_00_00_14
Water - Metal,1917,3488_00_00_00_14
Water - Metal,2917,376_00_00_00_14
Water - Metal,1919,1002_00_00_00_14
Water - Metal,295,376_00_00_00_14
Water - Metal,3017,376_00_00_00_14
Water - Metal,3006,1002_00_00_00_14
Water - Metal,3529,376_00_00_00_14
Water - Metal,3528,1002_00_00_00_14
Water - Metal,3553,376_00_00_00_14
Water - Metal,3583,1002_00_00_00_14
Water - Metal,3584,376_00_00_00_14
Water - Metal,3641,376_00_00_00_14
Water - Metal,3744,376_00_00_00_14
Water - Metal,391,376_00_00_00_14
Water - Metal,446,376_00_00_00_14
Water - Metal,1362,377_00_00_00_14
Water - Metal,1381,377_00_00_00_14
Water - Metal,1399,377_00_00_00_14
Water - Metal,1526,377_00_00_00_14
Water - Metal,1917,377_00_00_00_14
Water - Metal,2694,377_00_00_00_14
Water - Metal,2827,377_00_00_00_14
Water - Metal,2841,377_00_00_00_14
Water - Metal,4070,377_00_00_00_14
Water - Metal,10319,379_00_00_00_14
Water - Metal,10347,379_00_00_00_14
Water - Metal,10356,379_00_00_00_14
Water - Metal,1361,379_00_00_00_14
Water - Metal,1362n1,379_00_00_00_14
Water - Metal,1362n2,379_00_00_00_14
Water - Metal,1367,379_00_00_00_14
Water - Metal,1370,379_00_00_00_14
Water - Metal,1372,379_00_00_00_14
Water - Metal,1919,379_00_00_00_14
Water - Metal,2630,379_00_00_00_14
Water - Metal,2640,379_00_00_00_14
Water - Metal,2828,379_00_00_00_14
Water - Metal,3528,379_00_00_00_14
Water - Metal,3553,379_00_00_00_14
Water - Metal,3583,379_00_00_00_14
Water - Metal,3641,379_00_00_00_14
Water - Metal,375,379_00_00_00_14
Water - Metal,4007,379_00_00_00_14
Water - Metal,440,379_00_00_00_14
Water - Metal,927,379_00_00_00_14
Water - Metal,10320,386_00_00_00_14
Water - Metal,10347,386_00_00_00_14
Water - Metal,1502,386_00_00_00_14
Water - Metal,1516,386_00_00_00_14
Water - Metal,1583,386_00_00_00_14
Water - Metal,1920,386_00_00_00_14
Water - Metal,2632,386_00_00_00_14
Water - Metal,2633,386_00_00_00_14
Water - Metal,2725u1,386_00_00_00_14
Water - Metal,2725u2,386_00_00_00_14
Water - Metal,2917,386_00_00_00_14
Water - Metal,3007,386_00_00_00_14
Water - Metal,3017,386_00_00_00_14
Water - Metal,3529,386_00_00_00_14
Water - Metal,3553,386_00_00_00_14
Water - Metal,3584,386_00_00_00_14
Water - Metal,3641,386_00_00_00_14
Water - Metal,3744,386_00_00_00_14
Water - Metal,4253,386_00_00_00_14
Water - Metal,446,386_00_00_00_14
Water - Metal,1502,387_00_00_00_14
Water - Metal,1526,387_00_00_00_14
Water - Metal,1575,387_00_00_00_14
Water - Metal,1590,387_00_00_00_14
Water - Metal,1917,387_00_00_00_14
Water - Metal,2628u1,387_00_00_00_14
Water - Metal,2628u2,387_00_00_00_14
Water - Metal,2817,387_00_00_00_14
Water - Metal,2827,387_00_00_00_14
Water - Metal,2841,387_00_00_00_14
Water - Metal,10319,388_00_00_00_14
Water - Metal,10347,388_00_00_00_14
Water - Metal,10356,388_00_00_00_14
Water - Metal,1502,388_00_00_00_14
Water - Metal,1575,388_00_00_00_14
Water - Metal,1919,388_00_00_00_14
Water - Metal,2600,388_00_00_00_14
Water - Metal,2601,388_00_00_00_14
Water - Metal,2630,388_00_00_00_14
Water - Metal,2631,388_00_00_00_14
Water - Metal,2634,388_00_00_00_14
Water - Metal,2828,388_00_00_00_14
Water - Metal,2960d1,388_00_00_00_14
Water - Metal,2960d2,388_00_00_00_14
Water - Metal,3528,388_00_00_00_14
Water - Metal,3553,388_00_00_00_14
Water - Metal,3583,388_00_00_00_14
Water - Metal,3641,388_00_00_00_14
Water - Metal,375,388_00_00_00_14
Water - Metal,440,388_00_00_00_14
Water - Metal,927,388_00_00_00_14
Water - Metal,1581,389_00_00_00_14
Water - Metal,2459,389_00_00_00_14
Water - Metal,4382,389_00_00_00_14
Water - Metal,10320,391_00_00_00_14
Water - Metal,10347,391_00_00_00_14
Water - Metal,1516,391_00_00_00_14
Water - Metal,1920,391_00_00_00_14
Water - Metal,2632,391_00_00_00_14
Water - Metal,2633,391_00_00_00_14
Water - Metal,2725u1,391_00_00_00_14
Water - Metal,2725u2,391_00_00_00_14
Water - Metal,2816,391_00_00_00_14
Water - Metal,2917,391_00_00_00_14
Water - Metal,3007,391_00_00_00_14
Water - Metal,3529,391_00_00_00_14
Water - Metal,3553,391_00_00_00_14
Water - Metal,3584,391_00_00_00_14
Water - Metal,3641,391_00_00_00_14
Water - Metal,3744,391_00_00_00_14
Water - Metal,58,391_00_00_00_14
Water - Metal,1502,392_00_00_00_14
Water - Metal,1526,392_00_00_00_14
Water - Metal,1917,392_00_00_00_14
Water - Metal,2628u1,392_00_00_00_14
Water - Metal,2628u2,392_00_00_00_14
Water - Metal,2817,392_00_00_00_14
Water - Metal,2827,392_00_00_00_14
Water - Metal,2841,392_00_00_00_14
Water - Metal,4070,392_00_00_00_14
Water - Metal,69,392_00_00_00_14
Water - Metal,77,392_00_00_00_14
Water - Metal,10319,393_00_00_00_14
Water - Metal,10347,393_00_00_00_14
Water - Metal,10356,393_00_00_00_14
Water - Metal,1502d1,393_00_00_00_14
Water - Metal,1502d2,393_00_00_00_14
Water - Metal,1919,393_00_00_00_14
Water - Metal,2600,393_00_00_00_14
Water - Metal,2601,393_00_00_00_14
Water - Metal,2630,393_00_00_00_14
Water - Metal,2631,393_00_00_00_14
Water - Metal,2634,393_00_00_00_14
Water - Metal,2828,393_00_00_00_14
Water - Metal,2960,393_00_00_00_14
Water - Metal,3528,393_00_00_00_14
Water - Metal,3553,393_00_00_00_14
Water - Metal,3583,393_00_00_00_14
Water - Metal,3641,393_00_00_00_14
Water - Metal,4007,393_00_00_00_14
Water - Metal,440,393_00_00_00_14
Water - Metal,927,393_00_00_00_14
Water - Metal,10320,399_00_00_00_14
Water - Metal,10347,399_00_00_00_14
Water - Metal,1502n1,399_00_00_00_14
Water - Metal,1502n2,399_00_00_00_14
Water - Metal,1516,399_00_00_00_14
Water - Metal,1920,399_00_00_00_14
Water - Metal,2633,399_00_00_00_14
Water - Metal,3007,399_00_00_00_14
Water - Metal,3529,399_00_00_00_14
Water - Metal,3553,399_00_00_00_14
Water - Metal,3584,399_00_00_00_14
Water - Metal,3641,399_00_00_00_14
Water - Metal,3744,399_00_00_00_14
Water - Metal,86,399_00_00_00_14
Water - Metal,87,399_00_00_00_14
Water - Metal,88,399_00_00_00_14
Water - Metal,89,399_00_00_00_14
Water - Metal,90,399_00_00_00_14
Water - Metal,1526,400_00_00_00_14
Water - Metal,1917,400_00_00_00_14
Water - Metal,2628,400_00_00_00_14
Water - Metal,2817,400_00_00_00_14
Water - Metal,2827,400_00_00_00_14
Water - Metal,2841,400_00_00_00_14
Water - Metal,10319,401_00_00_00_14
Water - Metal,10356,401_00_00_00_14
Water - Metal,1919,401_00_00_00_14
Water - Metal,2631,401_00_00_00_14
Water - Metal,2828,401_00_00_00_14
Water - Metal,2960d1,401_00_00_00_14
Water - Metal,2960d2,401_00_00_00_14
Water - Metal,3528,401_00_00_00_14
Water - Metal,3553,401_00_00_00_14
Water - Metal,3583,401_00_00_00_14
Water - Metal,3641,401_00_00_00_14
Water - Metal,85,401_00_00_00_14
Water - Metal,927,401_00_00_00_14
Water - Metal,10320,409_00_00_00_14
Water - Metal,10347,409_00_00_00_14
Water - Metal,1161,409_00_00_00_14
Water - Metal,1183,409_00_00_00_14
Water - Metal,1502,409_00_00_00_14
Water - Metal,1516,409_00_00_00_14
Water - Metal,1920,409_00_00_00_14
Water - Metal,2577,409_00_00_00_14
Water - Metal,2632,409_00_00_00_14
Water - Metal,2633,409_00_00_00_14
Water - Metal,2725u1,409_00_00_00_14
Water - Metal,2725u2,409_00_00_00_14
Water - Metal,2816,409_00_00_00_14
Water - Metal,2917,409_00_00_00_14
Water - Metal,295,409_00_00_00_14
Water - Metal,3007,409_00_00_00_14
Water - Metal,3017,409_00_00_00_14
Water - Metal,3529,409_00_00_00_14
Water - Metal,3553,409_00_00_00_14
Water - Metal,3584,409_00_00_00_14
Water - Metal,3641,409_00_00_00_14
Water - Metal,3744,409_00_00_00_14
Water - Metal,391,409_00_00_00_14
Water - Metal,446,409_00_00_00_14
Water - Metal,481,409_00_00_00_14
Water - Metal,1183,410_00_00_00_14
Water - Metal,1502,410_00_00_00_14
Water - Metal,1526,410_00_00_00_14
Water - Metal,1917,410_00_00_00_14
Water - Metal,2628n1,410_00_00_00_14
Water - Metal,2628n2,410_00_00_00_14
Water - Metal,2817,410_00_00_00_14
Water - Metal,2827,410_00_00_00_14
Water - Metal,2841,410_00_00_00_14
Water - Metal,4070,410_00_00_00_14
Water - Metal,479,410_00_00_00_14
Water - Metal,504,410_00_00_00_14
Water - Metal,3529,4129_00_00_00_14
Water - Metal,3584,4129_00_00_00_14
Water - Metal,10319,412_00_00_00_14
Water - Metal,10347,412_00_00_00_14
Water - Metal,10356,412_00_00_00_14
Water - Metal,1183,412_00_00_00_14
Water - Metal,1502,412_00_00_00_14
Water - Metal,1919,412_00_00_00_14
Water - Metal,2600,412_00_00_00_14
Water - Metal,2601,412_00_00_00_14
Water - Metal,2630,412_00_00_00_14
Water - Metal,2631,412_00_00_00_14
Water - Metal,2634,412_00_00_00_14
Water - Metal,2828,412_00_00_00_14
Water - Metal,2960,412_00_00_00_14
Water - Metal,3528,412_00_00_00_14
Water - Metal,3553,412_00_00_00_14
Water - Metal,3583,412_00_00_00_14
Water - Metal,3641d1,412_00_00_00_14
Water - Metal,3641d2,412_00_00_00_14
Water - Metal,375,412_00_00_00_14
Water - Metal,4007,412_00_00_00_14
Water - Metal,440,412_00_00_00_14
Water - Metal,927,412_00_00_00_14
Water - Metal,3529,4130_00_00_00_14
Water - Metal,3529,4136_00_00_00_14
Water - Metal,3584,4136_00_00_00_14
Water - Metal,3584,4139_00_00_00_14
Water - Metal,1224,413_00_00_00_14
Water - Metal,2459,413_00_00_00_14
Water - Metal,4382,413_00_00_00_14
Water - Metal,3528,4456_00_00_00_14
Water - Metal,3583,4456_00_00_00_14
Water - Metal,10320,453_00_00_00_14
Water - Metal,10347,453_00_00_00_14
Water - Metal,1183,453_00_00_00_14
Water - Metal,1502,453_00_00_00_14
Water - Metal,1516,453_00_00_00_14
Water - Metal,1920,453_00_00_00_14
Water - Metal,2632,453_00_00_00_14
Water - Metal,2633,453_00_00_00_14
Water - Metal,2725u1,453_00_00_00_14
Water - Metal,2725u2,453_00_00_00_14
Water - Metal,2816,453_00_00_00_14
Water - Metal,2917,453_00_00_00_14
Water - Metal,295,453_00_00_00_14
Water - Metal,3007,453_00_00_00_14
Water - Metal,3017,453_00_00_00_14
Water - Metal,3529,453_00_00_00_14
Water - Metal,3553,453_00_00_00_14
Water - Metal,3584,453_00_00_00_14
Water - Metal,3641,453_00_00_00_14
Water - Metal,3529,4127_00_00_00_14
Water - Metal,3528,1004_00_00_00_14
Water - Metal,3744,453_00_00_00_14
Water - Metal,3583,1004_00_00_00_14
Water - Metal,391,453_00_00_00_14
Water - Metal,446,453_00_00_00_14
Water - Metal,3584,2012_00_00_00_14
Water - Metal,479,453_00_00_00_14
Water - Metal,1183,454_00_00_00_14
Water - Metal,1502,454_00_00_00_14
Water - Metal,3529,4128_00_00_00_14
Water - Metal,3584,2013_00_00_00_14
Water - Metal,1526d1,454_00_00_00_14
Water - Metal,1526d2,454_00_00_00_14
Water - Metal,3528,3348_00_00_00_14
Water - Metal,3583,3348_00_00_00_14
Water - Metal,1917,454_00_00_00_14
Water - Metal,2628u1,454_00_00_00_14
Water - Metal,2628u2,454_00_00_00_14
Water - Metal,2817,454_00_00_00_14
Water - Metal,2827,454_00_00_00_14
Water - Metal,2841,454_00_00_00_14
Water - Metal,4070,454_00_00_00_14
Water - Metal,479,454_00_00_00_14
Water - Metal,10319,456_00_00_00_14
Water - Metal,10347,456_00_00_00_14
Water - Metal,10356,456_00_00_00_14
Water - Metal,1183,456_00_00_00_14
Water - Metal,1502,456_00_00_00_14
Water - Metal,1919,456_00_00_00_14
Water - Metal,2600,456_00_00_00_14
Water - Metal,2601,456_00_00_00_14
Water - Metal,2630,456_00_00_00_14
Water - Metal,2631,456_00_00_00_14
Water - Metal,2634,456_00_00_00_14
Water - Metal,2828,456_00_00_00_14
Water - Metal,2960,456_00_00_00_14
Water - Metal,3528,456_00_00_00_14
Water - Metal,3553,456_00_00_00_14
Water - Metal,3583,456_00_00_00_14
Water - Metal,3641,456_00_00_00_14
Water - Metal,375,456_00_00_00_14
Water - Metal,4007,456_00_00_00_14
Water - Metal,440,456_00_00_00_14
Water - Metal,927,456_00_00_00_14
Water - Metal,1224,457_00_00_00_14
Water - Metal,2459,457_00_00_00_14
Water - Metal,4382,457_00_00_00_14
Water - Metal,10320,460_00_00_00_14
Water - Metal,10347,460_00_00_00_14
Water - Metal,3529,4131_00_00_00_14
Water - Metal,1113,460_00_00_00_14
Water - Metal,1114,460_00_00_00_14
Water - Metal,3528,1996_00_00_00_14
Water - Metal,3583,1996_00_00_00_14
Water - Metal,1132,460_00_00_00_14
Water - Metal,1516,460_00_00_00_14
Water - Metal,3584,2015_00_00_00_14
Water - Metal,1920,460_00_00_00_14
Water - Metal,2632,460_00_00_00_14
Water - Metal,2633,460_00_00_00_14
Water - Metal,2725,460_00_00_00_14
Water - Metal,2816,460_00_00_00_14
Water - Metal,2917,460_00_00_00_14
Water - Metal,3007,460_00_00_00_14
Water - Metal,3529,4132_00_00_00_14
Water - Metal,3017,460_00_00_00_14
Water - Metal,3528,1997_00_00_00_14
Water - Metal,3529,460_00_00_00_14
Water - Metal,3553,460_00_00_00_14
Water - Metal,3583,1997_00_00_00_14
Water - Metal,3584,2016_00_00_00_14
Water - Metal,3584,460_00_00_00_14
Water - Metal,3641,460_00_00_00_14
Water - Metal,3744,460_00_00_00_14
Water - Metal,1113,461_00_00_00_14
Water - Metal,1114,461_00_00_00_14
Water - Metal,1502,461_00_00_00_14
Water - Metal,1526d1,461_00_00_00_14
Water - Metal,1526d2,461_00_00_00_14
Water - Metal,1917,461_00_00_00_14
Water - Metal,2628u1,461_00_00_00_14
Water - Metal,2628u2,461_00_00_00_14
Water - Metal,2817,461_00_00_00_14
Water - Metal,2827,461_00_00_00_14
Water - Metal,2841,461_00_00_00_14
Water - Metal,4070,461_00_00_00_14
Water - Metal,10319,463_00_00_00_14
Water - Metal,10347,463_00_00_00_14
Water - Metal,10356,463_00_00_00_14
Water - Metal,1113,463_00_00_00_14
Water - Metal,1114,463_00_00_00_14
Water - Metal,1502,463_00_00_00_14
Water - Metal,1919,463_00_00_00_14
Water - Metal,2600,463_00_00_00_14
Water - Metal,2601,463_00_00_00_14
Water - Metal,2630,463_00_00_00_14
Water - Metal,2631,463_00_00_00_14
Water - Metal,2634,463_00_00_00_14
Water - Metal,2828,463_00_00_00_14
Water - Metal,2960,463_00_00_00_14
Water - Metal,3528,463_00_00_00_14
Water - Metal,3553,463_00_00_00_14
Water - Metal,3583,463_00_00_00_14
Water - Metal,3641,463_00_00_00_14
Water - Metal,375,463_00_00_00_14
Water - Metal,4007,463_00_00_00_14
Water - Metal,440,463_00_00_00_14
Water - Metal,481,463_00_00_00_14
Water - Metal,927,463_00_00_00_14
Water - Metal,2459,465_00_00_00_14
Water - Metal,4382,465_00_00_00_14
Water - Metal,10320,467_00_00_00_14
Water - Metal,10347,467_00_00_00_14
Water - Metal,1183,467_00_00_00_14
Water - Metal,1295d1,467_00_00_00_14
Water - Metal,1295d2,467_00_00_00_14
Water - Metal,1296,467_00_00_00_14
Water - Metal,1502,467_00_00_00_14
Water - Metal,1516,467_00_00_00_14
Water - Metal,1920,467_00_00_00_14
Water - Metal,2632,467_00_00_00_14
Water - Metal,2633,467_00_00_00_14
Water - Metal,2725d1,467_00_00_00_14
Water - Metal,2725d2,467_00_00_00_14
Water - Metal,2816,467_00_00_00_14
Water - Metal,2917,467_00_00_00_14
Water - Metal,295,467_00_00_00_14
Water - Metal,3007,467_00_00_00_14
Water - Metal,3017,467_00_00_00_14
Water - Metal,3529,467_00_00_00_14
Water - Metal,3553,467_00_00_00_14
Water - Metal,3584,467_00_00_00_14
Water - Metal,3641,467_00_00_00_14
Water - Metal,3744,467_00_00_00_14
Water - Metal,391,467_00_00_00_14
Water - Metal,446,467_00_00_00_14
Water - Metal,479,467_00_00_00_14
Water - Metal,481,467_00_00_00_14
Water - Metal,1170,468_00_00_00_14
Water - Metal,1183,468_00_00_00_14
Water - Metal,1295d1,468_00_00_00_14
Water - Metal,1295d2,468_00_00_00_14
Water - Metal,1309,468_00_00_00_14
Water - Metal,1502,468_00_00_00_14
Water - Metal,1526d1,468_00_00_00_14
Water - Metal,1526d2,468_00_00_00_14
Water - Metal,1917,468_00_00_00_14
Water - Metal,2628u1,468_00_00_00_14
Water - Metal,2628u2,468_00_00_00_14
Water - Metal,2817,468_00_00_00_14
Water - Metal,2827,468_00_00_00_14
Water - Metal,2841,468_00_00_00_14
Water - Metal,4070,468_00_00_00_14
Water - Metal,1920,2842_00_00_00_14
Water - Metal,479,468_00_00_00_14
Water - Metal,3007,2842_00_00_00_14
Water - Metal,3529,2842_00_00_00_14
Water - Metal,504,468_00_00_00_14
Water - Metal,10319,470_00_00_00_14
Water - Metal,3584,2842_00_00_00_14
Water - Metal,10347,470_00_00_00_14
Water - Metal,3744,2842_00_00_00_14
Water - Metal,10356,470_00_00_00_14
Water - Metal,1917,2845_00_00_00_14
Water - Metal,2817,2845_00_00_00_14
Water - Metal,1183,470_00_00_00_14
Water - Metal,1502,470_00_00_00_14
Water - Metal,1919,1006_00_00_00_14
Water - Metal,1919,470_00_00_00_14
Water - Metal,2960,1006_00_00_00_14
Water - Metal,3528,1006_00_00_00_14
Water - Metal,2600,470_00_00_00_14
Water - Metal,2601,470_00_00_00_14
Water - Metal,3583,1006_00_00_00_14
Water - Metal,2630,470_00_00_00_14
Water - Metal,2631,470_00_00_00_14
Water - Metal,2634,470_00_00_00_14
Water - Metal,2828,470_00_00_00_14
Water - Metal,2459,3104_00_00_00_14
Water - Metal,2960,470_00_00_00_14
Water - Metal,3528,470_00_00_00_14
Water - Metal,3553,470_00_00_00_14
Water - Metal,3583,470_00_00_00_14
Water - Metal,3641,470_00_00_00_14
Water - Metal,375,470_00_00_00_14
Water - Metal,4007,470_00_00_00_14
Water - Metal,440,470_00_00_00_14
Water - Metal,479,470_00_00_00_14
Water - Metal,927,470_00_00_00_14
Water - Metal,1224,471_00_00_00_14
Water - Metal,2459,471_00_00_00_14
Water - Metal,4382,471_00_00_00_14
Water - Metal,10320,516_00_00_00_14
Water - Metal,1180,516_00_00_00_14
Water - Metal,1183,516_00_00_00_14
Water - Metal,1193,516_00_00_00_14
Water - Metal,1195,516_00_00_00_14
Water - Metal,1196,516_00_00_00_14
Water - Metal,1502,516_00_00_00_14
Water - Metal,1516,516_00_00_00_14
Water - Metal,1920,516_00_00_00_14
Water - Metal,2632,516_00_00_00_14
Water - Metal,2633,516_00_00_00_14
Water - Metal,2725,516_00_00_00_14
Water - Metal,2728,516_00_00_00_14
Water - Metal,2917,516_00_00_00_14
Water - Metal,295,516_00_00_00_14
Water - Metal,3007,516_00_00_00_14
Water - Metal,3017,516_00_00_00_14
Water - Metal,3529,516_00_00_00_14
Water - Metal,3553,516_00_00_00_14
Water - Metal,3584,516_00_00_00_14
Water - Metal,3641,516_00_00_00_14
Water - Metal,3744,516_00_00_00_14
Water - Metal,4253,516_00_00_00_14
Water - Metal,446,516_00_00_00_14
Water - Metal,481,516_00_00_00_14
Water - Metal,1170,517_00_00_00_14
Water - Metal,1180,517_00_00_00_14
Water - Metal,1183,517_00_00_00_14
Water - Metal,1193,517_00_00_00_14
Water - Metal,1502,517_00_00_00_14
Water - Metal,1526d1,517_00_00_00_14
Water - Metal,1526d2,517_00_00_00_14
Water - Metal,1917,517_00_00_00_14
Water - Metal,2628,517_00_00_00_14
Water - Metal,2729,517_00_00_00_14
Water - Metal,2827,517_00_00_00_14
Water - Metal,479,517_00_00_00_14
Water - Metal,10319,519_00_00_00_14
Water - Metal,10356,519_00_00_00_14
Water - Metal,1180,519_00_00_00_14
Water - Metal,1183,519_00_00_00_14
Water - Metal,1502,519_00_00_00_14
Water - Metal,1919,519_00_00_00_14
Water - Metal,2600,519_00_00_00_14
Water - Metal,2601,519_00_00_00_14
Water - Metal,2631,519_00_00_00_14
Water - Metal,2634,519_00_00_00_14
Water - Metal,2828,519_00_00_00_14
Water - Metal,2960u1,519_00_00_00_14
Water - Metal,2960u2,519_00_00_00_14
Water - Metal,3528,519_00_00_00_14
Water - Metal,3553,519_00_00_00_14
Water - Metal,3583,519_00_00_00_14
Water - Metal,3641,519_00_00_00_14
Water - Metal,375,519_00_00_00_14
Water - Metal,440,519_00_00_00_14
Water - Metal,479,519_00_00_00_14
Water - Metal,927,519_00_00_00_14
Water - Metal,1594,547_00_00_00_14
Water - Metal,1936,547_00_00_00_14
Water - Metal,2603,547_00_00_00_14
Water - Metal,3234,547_00_00_00_14
Water - Metal,3553,547_00_00_00_14
Water - Metal,3641,547_00_00_00_14
Water - Metal,3656,547_00_00_00_14
Water - Metal,4390,547_00_00_00_14
Water - Metal,1594n3,548_00_00_00_14
Water - Metal,1594u1,548_00_00_00_14
Water - Metal,1594u2,548_00_00_00_14
Water - Metal,1608,548_00_00_00_14
Water - Metal,1611,548_00_00_00_14
Water - Metal,10352,549_00_00_00_14
Water - Metal,1594u1,549_00_00_00_14
Water - Metal,1594u2,549_00_00_00_14
Water - Metal,1872,549_00_00_00_14
Water - Metal,1936,549_00_00_00_14
Water - Metal,2605u1,549_00_00_00_14
Water - Metal,2605u2,549_00_00_00_14
Water - Metal,2639,549_00_00_00_14
Water - Metal,296,549_00_00_00_14
Water - Metal,2998,549_00_00_00_14
Water - Metal,3641,549_00_00_00_14
Water - Metal,3656,549_00_00_00_14
Water - Metal,3737,549_00_00_00_14
Water - Metal,4008,549_00_00_00_14
Water - Metal,10347,574_00_00_00_14
Water - Metal,1920,574_00_00_00_14
Water - Metal,2632,574_00_00_00_14
Water - Metal,2633,574_00_00_00_14
Water - Metal,2917,574_00_00_00_14
Water - Metal,295,574_00_00_00_14
Water - Metal,3007,574_00_00_00_14
Water - Metal,3017,574_00_00_00_14
Water - Metal,3529,574_00_00_00_14
Water - Metal,3553,574_00_00_00_14
Water - Metal,3584,574_00_00_00_14
Water - Metal,3641,574_00_00_00_14
Water - Metal,3744,574_00_00_00_14
Water - Metal,391,574_00_00_00_14
Water - Metal,446,574_00_00_00_14
Water - Metal,562,574_00_00_00_14
Water - Metal,58,574_00_00_00_14
Water - Metal,64,574_00_00_00_14
Water - Metal,1526,575_00_00_00_14
Water - Metal,1917,575_00_00_00_14
Water - Metal,2628,575_00_00_00_14
Water - Metal,2817,575_00_00_00_14
Water - Metal,58,575_00_00_00_14
Water - Metal,64,575_00_00_00_14
Water - Metal,10347,576_00_00_00_14
Water - Metal,10356,576_00_00_00_14
Water - Metal,1919,576_00_00_00_14
Water - Metal,2600,576_00_00_00_14
Water - Metal,2601,576_00_00_00_14
Water - Metal,2630,576_00_00_00_14
Water - Metal,2631,576_00_00_00_14
Water - Metal,2634,576_00_00_00_14
Water - Metal,2960,576_00_00_00_14
Water - Metal,3528,576_00_00_00_14
Water - Metal,3553,576_00_00_00_14
Water - Metal,3583,576_00_00_00_14
Water - Metal,3641,576_00_00_00_14
Water - Metal,375,576_00_00_00_14
Water - Metal,64,576_00_00_00_14
Water - Metal,927,576_00_00_00_14
Water - Metal,10320,588_00_00_00_14
Water - Metal,10347,588_00_00_00_14
Water - Metal,1149,588_00_00_00_14
Water - Metal,1159,588_00_00_00_14
Water - Metal,1160,588_00_00_00_14
Water - Metal,1161,588_00_00_00_14
Water - Metal,1502,588_00_00_00_14
Water - Metal,1516,588_00_00_00_14
Water - Metal,1920,588_00_00_00_14
Water - Metal,2632,588_00_00_00_14
Water - Metal,2633,588_00_00_00_14
Water - Metal,2725d1,588_00_00_00_14
Water - Metal,2725d2,588_00_00_00_14
Water - Metal,2816,588_00_00_00_14
Water - Metal,2917,588_00_00_00_14
Water - Metal,295,588_00_00_00_14
Water - Metal,3529,4133_00_00_00_14
Water - Metal,3528,1007_00_00_00_14
Water - Metal,3007,588_00_00_00_14
Water - Metal,3583,1007_00_00_00_14
Water - Metal,3017,588_00_00_00_14
Water - Metal,3584,2017_00_00_00_14
Water - Metal,3529,588_00_00_00_14
Water - Metal,3553,588_00_00_00_14
Water - Metal,3584,588_00_00_00_14
Water - Metal,3641,588_00_00_00_14
Water - Metal,3744,588_00_00_00_14
Water - Metal,391,588_00_00_00_14
Water - Metal,446,588_00_00_00_14
Water - Metal,481,588_00_00_00_14
Water - Metal,1149,589_00_00_00_14
Water - Metal,1171,589_00_00_00_14
Water - Metal,1172,589_00_00_00_14
Water - Metal,1502,589_00_00_00_14
Water - Metal,1526d1,589_00_00_00_14
Water - Metal,1526d2,589_00_00_00_14
Water - Metal,1917,589_00_00_00_14
Water - Metal,2628u1,589_00_00_00_14
Water - Metal,2628u2,589_00_00_00_14
Water - Metal,2817,589_00_00_00_14
Water - Metal,2827,589_00_00_00_14
Water - Metal,2841,589_00_00_00_14
Water - Metal,10319,591_00_00_00_14
Water - Metal,10347,591_00_00_00_14
Water - Metal,10356,591_00_00_00_14
Water - Metal,1149,591_00_00_00_14
Water - Metal,1161,591_00_00_00_14
Water - Metal,1502,591_00_00_00_14
Water - Metal,1919,591_00_00_00_14
Water - Metal,2600,591_00_00_00_14
Water - Metal,2601,591_00_00_00_14
Water - Metal,2630,591_00_00_00_14
Water - Metal,2631,591_00_00_00_14
Water - Metal,2634,591_00_00_00_14
Water - Metal,2828,591_00_00_00_14
Water - Metal,2960d1,591_00_00_00_14
Water - Metal,2960d2,591_00_00_00_14
Water - Metal,3528,591_00_00_00_14
Water - Metal,3553,591_00_00_00_14
Water - Metal,3583,591_00_00_00_14
Water - Metal,3641,591_00_00_00_14
Water - Metal,375,591_00_00_00_14
Water - Metal,440,591_00_00_00_14
Water - Metal,927,591_00_00_00_14
Water - Metal,10320,593_00_00_00_14
Water - Metal,10347,593_00_00_00_14
Water - Metal,1113,593_00_00_00_14
Water - Metal,1457,593_00_00_00_14
Water - Metal,1502,593_00_00_00_14
Water - Metal,1516,593_00_00_00_14
Water - Metal,1920,593_00_00_00_14
Water - Metal,2632,593_00_00_00_14
Water - Metal,2633,593_00_00_00_14
Water - Metal,2725u1,593_00_00_00_14
Water - Metal,2725u2,593_00_00_00_14
Water - Metal,2816,593_00_00_00_14
Water - Metal,2917,593_00_00_00_14
Water - Metal,3007,593_00_00_00_14
Water - Metal,3017,593_00_00_00_14
Water - Metal,3529,593_00_00_00_14
Water - Metal,3553,593_00_00_00_14
Water - Metal,3584,593_00_00_00_14
Water - Metal,3641,593_00_00_00_14
Water - Metal,3744,593_00_00_00_14
Water - Metal,1113,594_00_00_00_14
Water - Metal,1457,594_00_00_00_14
Water - Metal,1502,594_00_00_00_14
Water - Metal,1526d1,594_00_00_00_14
Water - Metal,1526d2,594_00_00_00_14
Water - Metal,1917,594_00_00_00_14
Water - Metal,2628u1,594_00_00_00_14
Water - Metal,2628u2,594_00_00_00_14
Water - Metal,2827,594_00_00_00_14
Water - Metal,2841,594_00_00_00_14
Water - Metal,4070,594_00_00_00_14
Water - Metal,10319,595_00_00_00_14
Water - Metal,10347,595_00_00_00_14
Water - Metal,10356,595_00_00_00_14
Water - Metal,1502,595_00_00_00_14
Water - Metal,1919,595_00_00_00_14
Water - Metal,2600,595_00_00_00_14
Water - Metal,2601,595_00_00_00_14
Water - Metal,2630,595_00_00_00_14
Water - Metal,2631,595_00_00_00_14
Water - Metal,2634,595_00_00_00_14
Water - Metal,2828,595_00_00_00_14
Water - Metal,2960,595_00_00_00_14
Water - Metal,3528,595_00_00_00_14
Water - Metal,3553,595_00_00_00_14
Water - Metal,3583,595_00_00_00_14
Water - Metal,3641,595_00_00_00_14
Water - Metal,375,595_00_00_00_14
Water - Metal,4007,595_00_00_00_14
Water - Metal,440,595_00_00_00_14
Water - Metal,927,595_00_00_00_14
Water - Metal,10320,607_00_00_00_14
Water - Metal,10347,607_00_00_00_14
Water - Metal,1183,607_00_00_00_14
Water - Metal,1502,607_00_00_00_14
Water - Metal,1516,607_00_00_00_14
Water - Metal,1920,607_00_00_00_14
Water - Metal,2632,607_00_00_00_14
Water - Metal,2633,607_00_00_00_14
Water - Metal,2725u1,607_00_00_00_14
Water - Metal,2725u2,607_00_00_00_14
Water - Metal,2816,607_00_00_00_14
Water - Metal,2917,607_00_00_00_14
Water - Metal,295,607_00_00_00_14
Water - Metal,3007,607_00_00_00_14
Water - Metal,3017,607_00_00_00_14
Water - Metal,3529,607_00_00_00_14
Water - Metal,3553,607_00_00_00_14
Water - Metal,3584,607_00_00_00_14
Water - Metal,3641,607_00_00_00_14
Water - Metal,3744,607_00_00_00_14
Water - Metal,391,607_00_00_00_14
Water - Metal,446,607_00_00_00_14
Water - Metal,479,607_00_00_00_14
Water - Metal,1183,608_00_00_00_14
Water - Metal,1502,608_00_00_00_14
Water - Metal,1526d1,608_00_00_00_14
Water - Metal,1526d2,608_00_00_00_14
Water - Metal,1917,608_00_00_00_14
Water - Metal,2628u1,608_00_00_00_14
Water - Metal,2628u2,608_00_00_00_14
Water - Metal,2817,608_00_00_00_14
Water - Metal,2827,608_00_00_00_14
Water - Metal,2841,608_00_00_00_14
Water - Metal,4070,608_00_00_00_14
Water - Metal,479,608_00_00_00_14
Water - Metal,10319,610_00_00_00_14
Water - Metal,10347,610_00_00_00_14
Water - Metal,10356,610_00_00_00_14
Water - Metal,1183,610_00_00_00_14
Water - Metal,1502,610_00_00_00_14
Water - Metal,1919,610_00_00_00_14
Water - Metal,2600,610_00_00_00_14
Water - Metal,2601,610_00_00_00_14
Water - Metal,2630,610_00_00_00_14
Water - Metal,2631,610_00_00_00_14
Water - Metal,2634,610_00_00_00_14
Water - Metal,2828,610_00_00_00_14
Water - Metal,2960,610_00_00_00_14
Water - Metal,3528,610_00_00_00_14
Water - Metal,3553,610_00_00_00_14
Water - Metal,3583,610_00_00_00_14
Water - Metal,3641,610_00_00_00_14
Water - Metal,375,610_00_00_00_14
Water - Metal,4007,610_00_00_00_14
Water - Metal,440,610_00_00_00_14
Water - Metal,927,610_00_00_00_14
Water - Metal,1224,611_00_00_00_14
Water - Metal,2459,611_00_00_00_14
Water - Metal,4382,611_00_00_00_14
Water - Metal,10320,678_00_00_00_14
Water - Metal,10347,678_00_00_00_14
Water - Metal,1183,678_00_00_00_14
Water - Metal,1502u1,678_00_00_00_14
Water - Metal,1502u2,678_00_00_00_14
Water - Metal,1641,678_00_00_00_14
Water - Metal,1920,678_00_00_00_14
Water - Metal,2632,678_00_00_00_14
Water - Metal,2633,678_00_00_00_14
Water - Metal,2725u1,678_00_00_00_14
Water - Metal,2725u2,678_00_00_00_14
Water - Metal,2816,678_00_00_00_14
Water - Metal,2917,678_00_00_00_14
Water - Metal,295,678_00_00_00_14
Water - Metal,3007,678_00_00_00_14
Water - Metal,3017,678_00_00_00_14
Water - Metal,3529,678_00_00_00_14
Water - Metal,3553,678_00_00_00_14
Water - Metal,3584,678_00_00_00_14
Water - Metal,3641,678_00_00_00_14
Water - Metal,3744,678_00_00_00_14
Water - Metal,391,678_00_00_00_14
Water - Metal,446,678_00_00_00_14
Water - Metal,479,678_00_00_00_14
Water - Metal,481,678_00_00_00_14
Water - Metal,1170,679_00_00_00_14
Water - Metal,1183,679_00_00_00_14
Water - Metal,1502,679_00_00_00_14
Water - Metal,1526d1,679_00_00_00_14
Water - Metal,1526d2,679_00_00_00_14
Water - Metal,1641,679_00_00_00_14
Water - Metal,1656,679_00_00_00_14
Water - Metal,1660,679_00_00_00_14
Water - Metal,1661,679_00_00_00_14
Water - Metal,1662,679_00_00_00_14
Water - Metal,1663,679_00_00_00_14
Water - Metal,1664,679_00_00_00_14
Water - Metal,1665,679_00_00_00_14
Water - Metal,1666,679_00_00_00_14
Water - Metal,1667,679_00_00_00_14
Water - Metal,1668,679_00_00_00_14
Water - Metal,1917,679_00_00_00_14
Water - Metal,2628d1,679_00_00_00_14
Water - Metal,2628d2,679_00_00_00_14
Water - Metal,2817,679_00_00_00_14
Water - Metal,2827,679_00_00_00_14
Water - Metal,2841,679_00_00_00_14
Water - Metal,4070,679_00_00_00_14
Water - Metal,3529,4134_00_00_00_14
Water - Metal,3528,1998_00_00_00_14
Water - Metal,479,679_00_00_00_14
Water - Metal,481,679_00_00_00_14
Water - Metal,3583,1998_00_00_00_14
Water - Metal,3584,2018_00_00_00_14
Water - Metal,504,679_00_00_00_14
Water - Metal,10319,683_00_00_00_14
Water - Metal,10347,683_00_00_00_14
Water - Metal,10356,683_00_00_00_14
Water - Metal,1183,683_00_00_00_14
Water - Metal,1502,683_00_00_00_14
Water - Metal,1919,683_00_00_00_14
Water - Metal,2600,683_00_00_00_14
Water - Metal,2601,683_00_00_00_14
Water - Metal,2631,683_00_00_00_14
Water - Metal,2634,683_00_00_00_14
Water - Metal,2828,683_00_00_00_14
Water - Metal,2960,683_00_00_00_14
Water - Metal,3528,683_00_00_00_14
Water - Metal,3553,683_00_00_00_14
Water - Metal,3583,683_00_00_00_14
Water - Metal,3641,683_00_00_00_14
Water - Metal,375,683_00_00_00_14
Water - Metal,4007,683_00_00_00_14
Water - Metal,440,683_00_00_00_14
Water - Metal,481,683_00_00_00_14
Water - Metal,927,683_00_00_00_14
Water - Metal,1224,684_00_00_00_14
Water - Metal,2459,684_00_00_00_14
Water - Metal,4382,684_00_00_00_14
Water - Metal,10320,763_00_00_00_14
Water - Metal,10347,763_00_00_00_14
Water - Metal,1161,763_00_00_00_14
Water - Metal,1183,763_00_00_00_14
Water - Metal,1367,763_00_00_00_14
Water - Metal,1920,763_00_00_00_14
Water - Metal,2816,763_00_00_00_14
Water - Metal,2917,763_00_00_00_14
Water - Metal,3007,763_00_00_00_14
Water - Metal,3017,763_00_00_00_14
Water - Metal,3529,763_00_00_00_14
Water - Metal,3553,763_00_00_00_14
Water - Metal,3584,763_00_00_00_14
Water - Metal,3641,763_00_00_00_14
Water - Metal,3744,763_00_00_00_14
Water - Metal,1183,764_00_00_00_14
Water - Metal,1526,764_00_00_00_14
Water - Metal,1917,764_00_00_00_14
Water - Metal,2827,764_00_00_00_14
Water - Metal,2841,764_00_00_00_14
Water - Metal,4070,764_00_00_00_14
Water - Metal,479,764_00_00_00_14
Water - Metal,10319,766_00_00_00_14
Water - Metal,10356,766_00_00_00_14
Water - Metal,1919,766_00_00_00_14
Water - Metal,2577,766_00_00_00_14
Water - Metal,2630u1,766_00_00_00_14
Water - Metal,2630u2,766_00_00_00_14
Water - Metal,2640,766_00_00_00_14
Water - Metal,2828,766_00_00_00_14
Water - Metal,2960,766_00_00_00_14
Water - Metal,3528,766_00_00_00_14
Water - Metal,3553,766_00_00_00_14
Water - Metal,3583,766_00_00_00_14
Water - Metal,3641,766_00_00_00_14
Water - Metal,375,766_00_00_00_14
Water - Metal,4007,766_00_00_00_14
Water - Metal,927,766_00_00_00_14
Water - Metal,10320,779_00_00_00_14
Water - Metal,10347,779_00_00_00_14
Water - Metal,1367,779_00_00_00_14
Water - Metal,1399,779_00_00_00_14
Water - Metal,1920,779_00_00_00_14
Water - Metal,2641,779_00_00_00_14
Water - Metal,2816,779_00_00_00_14
Water - Metal,2917,779_00_00_00_14
Water - Metal,3017,779_00_00_00_14
Water - Metal,3529,779_00_00_00_14
Water - Metal,3553,779_00_00_00_14
Water - Metal,3584,779_00_00_00_14
Water - Metal,3641,779_00_00_00_14
Water - Metal,3744,779_00_00_00_14
Water - Metal,1399,780_00_00_00_14
Water - Metal,1526,780_00_00_00_14
Water - Metal,1917,780_00_00_00_14
Water - Metal,2729,780_00_00_00_14
Water - Metal,2827,780_00_00_00_14
Water - Metal,4070,780_00_00_00_14
Water - Metal,479,780_00_00_00_14
Water - Metal,10319,782_00_00_00_14
Water - Metal,10347,782_00_00_00_14
Water - Metal,10356,782_00_00_00_14
Water - Metal,1367,782_00_00_00_14
Water - Metal,1919,782_00_00_00_14
Water - Metal,2630,782_00_00_00_14
Water - Metal,2640,782_00_00_00_14
Water - Metal,2828,782_00_00_00_14
Water - Metal,3528,782_00_00_00_14
Water - Metal,3553,782_00_00_00_14
Water - Metal,3583,782_00_00_00_14
Water - Metal,3641d1,782_00_00_00_14
Water - Metal,3641d2,782_00_00_00_14
Water - Metal,375,782_00_00_00_14
Water - Metal,4007,782_00_00_00_14
Water - Metal,440,782_00_00_00_14
Water - Metal,927,782_00_00_00_14
Water - Metal,10320,810_00_00_00_14
Water - Metal,10347,810_00_00_00_14
Water - Metal,1920,810_00_00_00_14
Water - Metal,2728,810_00_00_00_14
Water - Metal,3007,810_00_00_00_14
Water - Metal,3529,810_00_00_00_14
Water - Metal,3553,810_00_00_00_14
Water - Metal,3584,810_00_00_00_14
Water - Metal,3641,810_00_00_00_14
Water - Metal,3744,810_00_00_00_14
Water - Metal,3529,4137_00_00_00_14
Water - Metal,1526,811_00_00_00_14
Water - Metal,1917,811_00_00_00_14
Water - Metal,3528,1999_00_00_00_14
Water - Metal,3583,1999_00_00_00_14
Water - Metal,2729,811_00_00_00_14
Water - Metal,2827,811_00_00_00_14
Water - Metal,3584,2019_00_00_00_14
Water - Metal,4070,811_00_00_00_14
Water - Metal,10319,812_00_00_00_14
Water - Metal,10347,812_00_00_00_14
Water - Metal,10356,812_00_00_00_14
Water - Metal,1919,812_00_00_00_14
Water - Metal,2828,812_00_00_00_14
Water - Metal,3006,812_00_00_00_14
Water - Metal,3528,812_00_00_00_14
Water - Metal,3553,812_00_00_00_14
Water - Metal,3583,812_00_00_00_14
Water - Metal,3641,812_00_00_00_14
Water - Metal,4007,812_00_00_00_14
Water - Metal,440,812_00_00_00_14
Water - Metal,927,812_00_00_00_14
Water - Metal,10320,819_00_00_00_14
Water - Metal,10347,819_00_00_00_14
Water - Metal,1502,819_00_00_00_14
Water - Metal,1516,819_00_00_00_14
Water - Metal,1920,819_00_00_00_14
Water - Metal,2577,819_00_00_00_14
Water - Metal,2632,819_00_00_00_14
Water - Metal,2633,819_00_00_00_14
Water - Metal,2725u1,819_00_00_00_14
Water - Metal,2725u2,819_00_00_00_14
Water - Metal,2917,819_00_00_00_14
Water - Metal,3007,819_00_00_00_14
Water - Metal,3017,819_00_00_00_14
Water - Metal,3529,4140_00_00_00_14
Water - Metal,3528,2000_00_00_00_14
Water - Metal,3529,819_00_00_00_14
Water - Metal,3553,819_00_00_00_14
Water - Metal,3583,2000_00_00_00_14
Water - Metal,3584,2020_00_00_00_14
Water - Metal,3584,819_00_00_00_14
Water - Metal,3641,819_00_00_00_14
Water - Metal,3744,819_00_00_00_14
Water - Metal,3529,4141_00_00_00_14
Water - Metal,391,819_00_00_00_14
Water - Metal,3528,1010_00_00_00_14
Water - Metal,4253,819_00_00_00_14
Water - Metal,479,819_00_00_00_14
Water - Metal,3583,1010_00_00_00_14
Water - Metal,3584,2021_00_00_00_14
Water - Metal,1502,820_00_00_00_14
Water - Metal,1526d1,820_00_00_00_14
Water - Metal,1526d2,820_00_00_00_14
Water - Metal,1917,820_00_00_00_14
Water - Metal,2628u1,820_00_00_00_14
Water - Metal,2628u2,820_00_00_00_14
Water - Metal,2817,820_00_00_00_14
Water - Metal,2827,820_00_00_00_14
Water - Metal,2841,820_00_00_00_14
Water - Metal,479,820_00_00_00_14
Water - Metal,10319,823_00_00_00_14
Water - Metal,10347,823_00_00_00_14
Water - Metal,10356,823_00_00_00_14
Water - Metal,1502,823_00_00_00_14
Water - Metal,1919,823_00_00_00_14
Water - Metal,2600,823_00_00_00_14
Water - Metal,2601,823_00_00_00_14
Water - Metal,2630u1,823_00_00_00_14
Water - Metal,2630u2,823_00_00_00_14
Water - Metal,2631,823_00_00_00_14
Water - Metal,2634,823_00_00_00_14
Water - Metal,2828,823_00_00_00_14
Water - Metal,2960d1,823_00_00_00_14
Water - Metal,2960d2,823_00_00_00_14
Water - Metal,3528,823_00_00_00_14
Water - Metal,3553,823_00_00_00_14
Water - Metal,3583,823_00_00_00_14
Water - Metal,3641,823_00_00_00_14
Water - Metal,375,823_00_00_00_14
Water - Metal,440,823_00_00_00_14
Water - Metal,927,823_00_00_00_14
Water - Metal,10320,856_00_00_00_14
Water - Metal,2577,856_00_00_00_14
Water - Metal,2725u1,856_00_00_00_14
Water - Metal,2725u2,856_00_00_00_14
Water - Metal,2728,856_00_00_00_14
Water - Metal,2917,856_00_00_00_14
Water - Metal,3529,856_00_00_00_14
Water - Metal,3553,856_00_00_00_14
Water - Metal,3584,856_00_00_00_14
Water - Metal,3641,856_00_00_00_14
Water - Metal,3744,856_00_00_00_14
Water - Metal,1526,857_00_00_00_14
Water - Metal,2628,857_00_00_00_14
Water - Metal,2827,857_00_00_00_14
Water - Metal,2841,857_00_00_00_14
Water - Metal,4070,857_00_00_00_14
Water - Metal,10319,858_00_00_00_14
Water - Metal,10356,858_00_00_00_14
Water - Metal,2630u1,858_00_00_00_14
Water - Metal,2630u2,858_00_00_00_14
Water - Metal,2828,858_00_00_00_14
Water - Metal,3528,858_00_00_00_14
Water - Metal,3553,858_00_00_00_14
Water - Metal,3583,858_00_00_00_14
Water - Metal,3641,858_00_00_00_14
Water - Metal,4007,858_00_00_00_14
Water - Metal,440,858_00_00_00_14
Water - Metal,10347,859_00_00_00_14
Water - Metal,1920,859_00_00_00_14
Water - Metal,2816,859_00_00_00_14
Water - Metal,2917,859_00_00_00_14
Water - Metal,3007,859_00_00_00_14
Water - Metal,3529,859_00_00_00_14
Water - Metal,3553,859_00_00_00_14
Water - Metal,3584,859_00_00_00_14
Water - Metal,3641,859_00_00_00_14
Water - Metal,3744,859_00_00_00_14
Water - Metal,479,859_00_00_00_14
Water - Metal,1917,860_00_00_00_14
Water - Metal,2729,860_00_00_00_14
Water - Metal,2817,860_00_00_00_14
Water - Metal,4070,860_00_00_00_14
Water - Metal,479d1,860_00_00_00_14
Water - Metal,479d2,860_00_00_00_14
Water - Metal,10347,861_00_00_00_14
Water - Metal,10356,861_00_00_00_14
Water - Metal,1919,861_00_00_00_14
Water - Metal,2559,861_00_00_00_14
Water - Metal,2611,861_00_00_00_14
Water - Metal,2630,861_00_00_00_14
Water - Metal,2960,861_00_00_00_14
Water - Metal,3528,861_00_00_00_14
Water - Metal,3553,861_00_00_00_14
Water - Metal,3583,861_00_00_00_14
Water - Metal,3641,861_00_00_00_14
Water - Metal,4007,861_00_00_00_14
Water - Metal,927,861_00_00_00_14
Water - Metal,10347,872_00_00_00_14
Water - Metal,1722,872_00_00_00_14
Water - Metal,1723,872_00_00_00_14
Water - Metal,1920,872_00_00_00_14
Water - Metal,2816,872_00_00_00_14
Water - Metal,2917,872_00_00_00_14
Water - Metal,3007,872_00_00_00_14
Water - Metal,3529,872_00_00_00_14
Water - Metal,3553,872_00_00_00_14
Water - Metal,3584,872_00_00_00_14
Water - Metal,3641,872_00_00_00_14
Water - Metal,3744,872_00_00_00_14
Water - Metal,3641,873_00_00_00_14
Water - Metal,10320,876_00_00_00_14
Water - Metal,10347,876_00_00_00_14
Water - Metal,1095,876_00_00_00_14
Water - Metal,1098,876_00_00_00_14
Water - Metal,1502,876_00_00_00_14
Water - Metal,1516,876_00_00_00_14
Water - Metal,1920,876_00_00_00_14
Water - Metal,2632,876_00_00_00_14
Water - Metal,2633,876_00_00_00_14
Water - Metal,2725u1,876_00_00_00_14
Water - Metal,2725u2,876_00_00_00_14
Water - Metal,2816,876_00_00_00_14
Water - Metal,2917,876_00_00_00_14
Water - Metal,3007,876_00_00_00_14
Water - Metal,3017,876_00_00_00_14
Water - Metal,3529,876_00_00_00_14
Water - Metal,3553,876_00_00_00_14
Water - Metal,3584,876_00_00_00_14
Water - Metal,3641,876_00_00_00_14
Water - Metal,3744,876_00_00_00_14
Water - Metal,1095,877_00_00_00_14
Water - Metal,1098,877_00_00_00_14
Water - Metal,1502,877_00_00_00_14
Water - Metal,1526d1,877_00_00_00_14
Water - Metal,1526d2,877_00_00_00_14
Water - Metal,1917,877_00_00_00_14
Water - Metal,2628u1,877_00_00_00_14
Water - Metal,2628u2,877_00_00_00_14
Water - Metal,2817,877_00_00_00_14
Water - Metal,2827,877_00_00_00_14
Water - Metal,2841,877_00_00_00_14
Water - Metal,4070,877_00_00_00_14
Water - Metal,10319,878_00_00_00_14
Water - Metal,10347,878_00_00_00_14
Water - Metal,10356,878_00_00_00_14
Water - Metal,1090,878_00_00_00_14
Water - Metal,1502,878_00_00_00_14
Water - Metal,1919,878_00_00_00_14
Water - Metal,2600,878_00_00_00_14
Water - Metal,2601,878_00_00_00_14
Water - Metal,2630,878_00_00_00_14
Water - Metal,2631,878_00_00_00_14
Water - Metal,2634,878_00_00_00_14
Water - Metal,2828,878_00_00_00_14
Water - Metal,2960,878_00_00_00_14
Water - Metal,3528,878_00_00_00_14
Water - Metal,3553,878_00_00_00_14
Water - Metal,3583,878_00_00_00_14
Water - Metal,3641,878_00_00_00_14
Water - Metal,375,878_00_00_00_14
Water - Metal,4007,878_00_00_00_14
Water - Metal,440,878_00_00_00_14
Water - Metal,927,878_00_00_00_14
Water - Metal,1095,879_00_00_00_14
Water - Metal,2459,879_00_00_00_14
Water - Metal,4382,879_00_00_00_14
Water - Metal,1917,886_00_00_00_14
Water - Metal,479,886_00_00_00_14
Water - Metal,10320,887_00_00_00_14
Water - Metal,10347,887_00_00_00_14
Water - Metal,1183,887_00_00_00_14
Water - Metal,1296,887_00_00_00_14
Water - Metal,1337,887_00_00_00_14
Water - Metal,1339,887_00_00_00_14
Water - Metal,1502,887_00_00_00_14
Water - Metal,1516,887_00_00_00_14
Water - Metal,1920,887_00_00_00_14
Water - Metal,2632,887_00_00_00_14
Water - Metal,2633,887_00_00_00_14
Water - Metal,3529,4143_00_00_00_14
Water - Metal,3528,1012_00_00_00_14
Water - Metal,2725u1,887_00_00_00_14
Water - Metal,3583,1012_00_00_00_14
Water - Metal,2725u2,887_00_00_00_14
Water - Metal,3584,2022_00_00_00_14
Water - Metal,2728,887_00_00_00_14
Water - Metal,2816,887_00_00_00_14
Water - Metal,2917,887_00_00_00_14
Water - Metal,295,887_00_00_00_14
Water - Metal,3007,887_00_00_00_14
Water - Metal,3017,887_00_00_00_14
Water - Metal,3529,887_00_00_00_14
Water - Metal,3553,887_00_00_00_14
Water - Metal,3584,887_00_00_00_14
Water - Metal,3641,887_00_00_00_14
Water - Metal,3744,887_00_00_00_14
Water - Metal,391,887_00_00_00_14
Water - Metal,446,887_00_00_00_14
Water - Metal,479,887_00_00_00_14
Water - Metal,481,887_00_00_00_14
Water - Metal,1183,888_00_00_00_14
Water - Metal,1337,888_00_00_00_14
Water - Metal,1350,888_00_00_00_14
Water - Metal,1502,888_00_00_00_14
Water - Metal,1526d1,888_00_00_00_14
Water - Metal,1526d2,888_00_00_00_14
Water - Metal,1917,888_00_00_00_14
Water - Metal,2628u1,888_00_00_00_14
Water - Metal,2628u2,888_00_00_00_14
Water - Metal,2817,888_00_00_00_14
Water - Metal,2827,888_00_00_00_14
Water - Metal,2841,888_00_00_00_14
Water - Metal,4070,888_00_00_00_14
Water - Metal,479,888_00_00_00_14
Water - Metal,481,888_00_00_00_14
Water - Metal,504,888_00_00_00_14
Water - Metal,10319,890_00_00_00_14
Water - Metal,10347,890_00_00_00_14
Water - Metal,10356,890_00_00_00_14
Water - Metal,1183,890_00_00_00_14
Water - Metal,1502,890_00_00_00_14
Water - Metal,1919,890_00_00_00_14
Water - Metal,2600,890_00_00_00_14
Water - Metal,2601,890_00_00_00_14
Water - Metal,2630,890_00_00_00_14
Water - Metal,2631,890_00_00_00_14
Water - Metal,2634,890_00_00_00_14
Water - Metal,2828,890_00_00_00_14
Water - Metal,2960,890_00_00_00_14
Water - Metal,3528,890_00_00_00_14
Water - Metal,2917,2739_00_00_00_14
Water - Metal,4382,1213_00_00_00_14
Water - Metal,3553,890_00_00_00_14
Water - Metal,3583,890_00_00_00_14
Water - Metal,3641d1,890_00_00_00_14
Water - Metal,3641d2,890_00_00_00_14
Water - Metal,375,890_00_00_00_14
Water - Metal,4007,890_00_00_00_14
Water - Metal,440,890_00_00_00_14
Water - Metal,927,890_00_00_00_14
Water - Metal,1224,891_00_00_00_14
Water - Metal,2459,891_00_00_00_14
Water - Metal,4382,891_00_00_00_14
Water - Metal,1183,984_00_00_00_14
Water - Metal,3529,4145_00_00_00_14
Water - Metal,3528,1014_00_00_00_14
Water - Metal,3583,1014_00_00_00_14
Water - Metal,3584,2023_00_00_00_14
Water - Neonicotinoid,3619,4491_00_00_00_14
Water - Neonicotinoid,655,4491_00_00_00_14
Water - Nonmetals,4469,2737_00_00_00_14
Water - Nonmetals,1917,2741_00_00_00_14
Water - Nonmetals,4398,2737_00_00_00_14
Water - Nonmetals,4433,2737_00_00_00_14
Water - Nonmetals,4399,2738_00_00_00_14
Water - Nonmetals,3529,2738_00_00_00_14
Water - Nonmetals,3584,2738_00_00_00_14
Water - Nonmetals,3528,2737_00_00_00_14
Water - Nonmetals,3583,2737_00_00_00_14
Water - Nutrients,4469,603_00_00_00_14
Water - Nutrients,2757,717_00_00_00_14
Water - Nutrients,2606,635_00_00_00_14
Water - Nutrients,4469,730_00_00_00_14
Water - Nutrients,4469,1852_00_00_00_14
Water - Nutrients,4469,616_00_00_00_14
Water - Nutrients,4469,2677_00_00_00_14
Water - Nutrients,4469,1851_00_00_00_14
Water - Nutrients,4469,729_00_00_00_14
Water - Nutrients,4469,4831_00_00_00_14
Water - Nutrients,4469,630_00_00_00_14
Water - Nutrients,4469,731_00_00_00_14
Water - Nutrients,4469,4505_00_00_00_14
Water - Nutrients,4469,637_00_00_00_14
Water - Nutrients,4469,635_00_00_00_14
Water - Nutrients,278,603_00_00_00_14
Water - Nutrients,4453,4538_00_00_00_14
Water - Nutrients,217,630_00_00_00_14
Water - Nutrients,4450,617_00_00_00_14
Water - Nutrients,4453,605_00_00_00_14
Water - Nutrients,2831,2878_00_00_00_04
Water - Nutrients,2831,2879_00_00_00_04
Water - Nutrients,4448,630_00_00_00_14
Water - Nutrients,2390,628_00_00_00_14
Water - Nutrients,580,731_00_00_00_14
Water - Nutrients,538,704_00_00_00_14
Water - Nutrients,219,603_00_00_00_14
Water - Nutrients,4449,612_00_00_00_14
Water - Nutrients,581,730_00_00_00_14
Water - Nutrients,3543,3181_00_00_00_14
Water - Nutrients,2670,603_00_00_00_14
Water - Nutrients,10199,604_00_00_00_14
Water - Nutrients,10249,604_00_00_00_14
Water - Nutrients,219d1,604_00_00_00_14
Water - Nutrients,219d2,604_00_00_00_14
Water - Nutrients,225,604_00_00_00_14
Water - Nutrients,2347,604_00_00_00_14
Water - Nutrients,283,604_00_00_00_14
Water - Nutrients,284,604_00_00_00_14
Water - Nutrients,285,604_00_00_00_14
Water - Nutrients,288d1,604_00_00_00_14
Water - Nutrients,288d2,604_00_00_00_14
Water - Nutrients,288d3,604_00_00_00_14
Water - Nutrients,2912,604_00_00_00_14
Water - Nutrients,3026,604_00_00_00_14
Water - Nutrients,4245,604_00_00_00_14
Water - Nutrients,240,604_01_00_00_46
Water - Nutrients,2672,2654_00_00_00_14
Water - Nutrients,217,605_00_00_00_14
Water - Nutrients,219,605_00_00_00_14
Water - Nutrients,264,605_00_00_00_14
Water - Nutrients,278,605_00_00_00_14
Water - Nutrients,280,605_00_00_00_14
Water - Nutrients,283,605_00_00_00_14
Water - Nutrients,322,605_00_00_00_14
Water - Nutrients,63,605_00_00_00_14
Water - Nutrients,298,606_00_00_00_14
Water - Nutrients,299,606_00_00_00_14
Water - Nutrients,2670,2655_00_00_00_14
Water - Nutrients,4005,2655_00_00_00_14
Water - Nutrients,10169,628_00_00_00_14
Water - Nutrients,10306,628_00_00_00_14
Water - Nutrients,2359n1,628_00_00_00_14
Water - Nutrients,2359n2,628_00_00_00_14
Water - Nutrients,239d1,628_00_00_00_14
Water - Nutrients,239d2,628_00_00_00_14
Water - Nutrients,239d3,628_00_00_00_14
Water - Nutrients,242,628_00_00_00_14
Water - Nutrients,243,628_00_00_00_14
Water - Nutrients,245,628_00_00_00_14
Water - Nutrients,2884,628_00_00_00_14
Water - Nutrients,4006,628_00_00_00_14
Water - Nutrients,10251,628_01_00_00_46
Water - Nutrients,1960,628_01_00_00_46
Water - Nutrients,258d1,615_00_00_00_14
Water - Nutrients,258d2,615_00_00_00_14
Water - Nutrients,260,615_00_00_00_14
Water - Nutrients,3303,615_00_00_00_14
Water - Nutrients,562,615_00_00_00_14
Water - Nutrients,10273,615_01_00_00_46
Water - Nutrients,1960,615_01_00_00_46
Water - Nutrients,267,615_01_00_00_46
Water - Nutrients,3615,615_01_00_00_46
Water - Nutrients,2134,1658_01_00_00_46
Water - Nutrients,3687,1658_01_00_00_46
Water - Nutrients,645d1,1658_01_00_00_46
Water - Nutrients,645d2,1658_01_00_00_46
Water - Nutrients,4222,1658_01_00_00_52
Water - Nutrients,3561,3437_00_00_00_14
Water - Nutrients,1891,1851_01_00_00_46
Water - Nutrients,2142,1851_01_00_00_46
Water - Nutrients,645d1,1851_01_00_00_46
Water - Nutrients,645d2,1851_01_00_00_46
Water - Nutrients,2671,2652_00_00_00_14
Water - Nutrients,2669,2653_00_00_00_14
Water - Nutrients,3300,2653_00_00_00_14
Water - Nutrients,2675,2656_00_00_00_14
Water - Nutrients,2676,2678_00_00_00_14
Water - Nutrients,243,616_00_00_00_14
Water - Nutrients,2669,616_00_00_00_14
Water - Nutrients,4246,616_00_00_00_14
Water - Nutrients,645d1,1852_01_00_00_46
Water - Nutrients,645d2,1852_01_00_00_46
Water - Nutrients,10273,625_00_00_00_14
Water - Nutrients,2140,625_00_00_00_14
Water - Nutrients,217,625_00_00_00_14
Water - Nutrients,3597,625_00_00_00_14
Water - Nutrients,10273,626_00_00_00_14
Water - Nutrients,217d1,626_00_00_00_14
Water - Nutrients,217d2,626_00_00_00_14
Water - Nutrients,217d3,626_00_00_00_14
Water - Nutrients,2185,626_00_00_00_14
Water - Nutrients,219,626_00_00_00_14
Water - Nutrients,225,626_00_00_00_14
Water - Nutrients,226,626_00_00_00_14
Water - Nutrients,227,626_00_00_00_14
Water - Nutrients,235,626_00_00_00_14
Water - Nutrients,3136,626_00_00_00_14
Water - Nutrients,323,626_00_00_00_14
Water - Nutrients,4400,626_00_00_00_14
Water - Nutrients,300,623_00_00_00_14
Water - Nutrients,307,623_00_00_00_14
Water - Nutrients,2359,613_00_00_00_14
Water - Nutrients,239,613_00_00_00_14
Water - Nutrients,3303,613_00_00_00_14
Water - Nutrients,1960,613_01_00_00_46
Water - Nutrients,3615,613_01_00_00_46
Water - Nutrients,10273,1312_00_00_00_14
Water - Nutrients,2805,2831_00_00_00_14
Water - Nutrients,181,612_00_00_00_14
Water - Nutrients,3687,612_00_00_00_14
Water - Nutrients,562,612_00_00_00_14
Water - Nutrients,10168,612_01_00_00_46
Water - Nutrients,1891,612_01_00_00_46
Water - Nutrients,617,612_01_00_00_46
Water - Nutrients,210d1,632_00_00_00_14
Water - Nutrients,210d2,632_00_00_00_14
Water - Nutrients,210,629_00_00_00_01
Water - Nutrients,3211d1,629_00_00_00_14
Water - Nutrients,3211d2,629_00_00_00_14
Water - Nutrients,10298,635_00_00_00_14
Water - Nutrients,23,635_00_00_00_14
Water - Nutrients,2554,635_00_00_00_14
Water - Nutrients,300,635_00_00_00_14
Water - Nutrients,301,635_00_00_00_14
Water - Nutrients,302,635_00_00_00_14
Water - Nutrients,315,635_00_00_00_14
Water - Nutrients,3379,635_00_00_00_14
Water - Nutrients,3415,635_00_00_00_14
Water - Nutrients,3438,635_00_00_00_14
Water - Nutrients,3442,635_00_00_00_14
Water - Nutrients,3592,635_00_00_00_14
Water - Nutrients,3668n1,635_00_00_00_14
Water - Nutrients,3668n2,635_00_00_00_14
Water - Nutrients,4006,635_00_00_00_14
Water - Nutrients,4226,635_00_00_00_14
Water - Nutrients,2554,637_00_00_00_14
Water - Nutrients,2606d1,637_00_00_00_14
Water - Nutrients,2606d2,637_00_00_00_14
Water - Nutrients,300,637_00_00_00_14
Water - Nutrients,317,637_00_00_00_14
Water - Nutrients,3435,637_00_00_00_14
Water - Nutrients,3447,637_00_00_00_14
Water - Nutrients,3591,637_00_00_00_14
Water - Nutrients,4244,3441_00_00_00_14
Water - Nutrients,10273,630_00_00_00_14
Water - Nutrients,2146,630_00_00_00_14
Water - Nutrients,319,630_00_00_00_14
Water - Nutrients,3687,2797_00_00_00_14
Water - Nutrients,10058,700_00_00_00_14
Water - Nutrients,10060,700_00_00_00_14
Water - Nutrients,1117,700_00_00_00_14
Water - Nutrients,2334,700_00_00_00_14
Water - Nutrients,3589,700_00_00_00_14
Water - Nutrients,4247,700_00_00_00_14
Water - Nutrients,537,700_00_00_00_14
Water - Nutrients,539d1,700_00_00_00_14
Water - Nutrients,539d2,700_00_00_00_14
Water - Nutrients,539d3,700_00_00_00_14
Water - Nutrients,546,700_00_00_00_14
Water - Nutrients,547,700_00_00_00_14
Water - Nutrients,567,700_00_00_00_14
Water - Nutrients,617,700_00_00_00_14
Water - Nutrients,2758,2677_00_00_00_14
Water - Nutrients,3034,700_02_00_00_50
Water - Nutrients,538,702_00_00_00_14
Water - Nutrients,539,703_00_00_00_14
Water - Nutrients,541,703_00_00_00_14
Water - Nutrients,3687,9148_00_00_00_14
Water - Nutrients,564,696_00_00_00_14
Water - Nutrients,558d1,697_00_00_00_14
Water - Nutrients,558d2,697_00_00_00_14
Water - Nutrients,559,697_00_00_00_14
Water - Nutrients,561,697_00_00_00_14
Water - Nutrients,564,704_00_00_00_14
Water - Nutrients,577,704_00_00_00_14
Water - Nutrients,554,699_00_00_00_14
Water - Nutrients,555,699_00_00_00_14
Water - Nutrients,2917,2730_00_00_00_14
Water - Nutrients,3584,2730_00_00_00_14
Water - Nutrients,703,2730_00_00_00_14
Water - Nutrients,1526,2734_00_00_00_14
Water - Nutrients,2827,2734_00_00_00_14
Water - Nutrients,3590,728_00_00_00_14
Water - Nutrients,3625,728_00_00_00_14
Water - Nutrients,598,725_00_00_00_14
Water - Nutrients,2657,729_00_00_00_14
Water - Nutrients,3589,729_00_00_00_14
Water - Nutrients,550,729_00_00_00_14
Water - Nutrients,10297,730_00_00_00_14
Water - Nutrients,10319,730_00_00_00_14
Water - Nutrients,2331,730_00_00_00_14
Water - Nutrients,2362,730_00_00_00_14
Water - Nutrients,2598,730_00_00_00_14
Water - Nutrients,2828,730_00_00_00_14
Water - Nutrients,2925d1,730_00_00_00_14
Water - Nutrients,2925d2,730_00_00_00_14
Water - Nutrients,2925d3,730_00_00_00_14
Water - Nutrients,3528,730_00_00_00_14
Water - Nutrients,3583,730_00_00_00_14
Water - Nutrients,3627,730_00_00_00_14
Water - Nutrients,4004,730_00_00_00_14
Water - Nutrients,4247,730_00_00_00_14
Water - Nutrients,440,730_00_00_00_14
Water - Nutrients,443,730_00_00_00_14
Water - Nutrients,566,730_00_00_00_14
Water - Nutrients,567,730_00_00_00_14
Water - Nutrients,575,730_00_00_00_14
Water - Nutrients,577,730_00_00_00_14
Water - Nutrients,705,730_00_00_00_14
Water - Nutrients,981,730_00_00_00_14
Water - Nutrients,9100,2879_00_00_00_14
Water - Nutrients,10320,731_00_00_00_14
Water - Nutrients,2332,731_00_00_00_14
Water - Nutrients,2925d1,731_00_00_00_14
Water - Nutrients,2925d2,731_00_00_00_14
Water - Nutrients,2925d3,731_00_00_00_14
Water - Nutrients,3133,731_00_00_00_14
Water - Nutrients,3553,731_00_00_00_14
Water - Nutrients,3626,731_00_00_00_14
Water - Nutrients,443,731_00_00_00_14
Water - Nutrients,528,731_00_00_00_14
Water - Nutrients,567d1,731_00_00_00_14
Water - Nutrients,567d2,731_00_00_00_14
Water - Nutrients,567d3,731_00_00_00_14
Water - Nutrients,577d1,731_00_00_00_14
Water - Nutrients,577d2,731_00_00_00_14
Water - Nutrients,3022,731_02_00_00_50
Water - Nutrients,564,732_00_00_00_14
Water - Nutrients,559,719_00_00_00_14
Water - Nutrients,4382,1209_00_00_00_14
Water - Nutrients,3022,730_02_00_00_50
Water - Nutrients,1922,617_00_00_00_14
Water - Nutrients,268,617_00_00_00_14
Water - Organophosphate flame retardant,3698,5323_00_00_00_14
Water - Organophosphate flame retardant,3698,5324_00_00_00_14
Water - Organophosphate flame retardant,4408,5476_00_00_00_14
Water - Organophosphate flame retardant,717,1634_00_00_00_14
Water - Organophosphate flame retardant,717,1635_00_00_00_14
Water - Organophosphate flame retardant,3698,1966_00_00_00_14
Water - Organophosphate flame retardant,4408,1966_00_00_00_14
Water - Organophosphate flame retardant,3698,1967_00_00_00_14
Water - Organophosphate flame retardant,3698,1968_00_00_00_14
Water - Organophosphate flame retardant,4408,1968_00_00_00_14
Water - Organophosphate flame retardant,3698,1969_00_00_00_14
Water - Organophosphate flame retardant,3698,1970_00_00_00_14
Water - Organophosphate flame retardant,3698,1971_00_00_00_14
Water - Organophosphate flame retardant,3698,1972_00_00_00_14
Water - Organophosphate flame retardant,3698,1973_00_00_00_14
Water - Organophosphate flame retardant,4408,1973_00_00_00_14
Water - Organophosphate flame retardant,3698,1974_00_00_00_14
Water - Organophosphate flame retardant,4408,1974_00_00_00_14
Water - Organophosphate flame retardant,3698,1975_00_00_00_14
Water - Organophosphate flame retardant,3698,1976_00_00_00_14
Water - Organophosphate flame retardant,4408,1976_00_00_00_14
Water - Organophosphate flame retardant,3698,1977_00_00_00_14
Water - Organophosphate flame retardant,3698,1985_00_00_00_14
Water - Organophosphate flame retardant,4408,1985_00_00_00_14
Water - Organophosphate flame retardant,717,3284_00_00_00_14
Water - Organophosphate flame retardant,717,3285_00_00_00_14
Water - Organophosphate flame retardant,717,3286_00_00_00_14
Water - Organophosphate flame retardant,717,3287_00_00_00_14
Water - Organophosphate flame retardant,717,3288_00_00_00_14
Water - Organophosphate flame retardant,717,3289_00_00_00_14
Water - Organophosphate flame retardant,717,3294_00_00_00_14
Water - Organophosphate flame retardant,4408,5445_00_00_00_14
Water - Organophosphate flame retardant,4408,5446_00_00_00_14
Water - Organophosphate flame retardant,4408,5447_00_00_00_14
Water - Organophosphate flame retardant,4408,5448_00_00_00_14
Water - Organophosphate flame retardant,4408,5449_00_00_00_14
Water - Organophosphate flame retardant,4408,5450_00_00_00_14
Water - Organophosphate flame retardant,4408,5451_00_00_00_14
Water - Organophosphate flame retardant,4408,5452_00_00_00_14
Water - Organophosphate flame retardant,4408,5453_00_00_00_14
Water - Organophosphate flame retardant,4408,5454_00_00_00_14
Water - Organophosphate flame retardant,4408,5455_00_00_00_14
Water - Organophosphate flame retardant,4408,5456_00_00_00_14
Water - Organophosphate flame retardant,4408,5457_00_00_00_14
Water - Organophosphate flame retardant,4408,5458_00_00_00_14
Water - Organophosphate flame retardant,4408,5459_00_00_00_14
Water - Organophosphate flame retardant,4408,5460_00_00_00_14
Water - Organophosphate flame retardant,4408,5461_00_00_00_14
Water - Organophosphate flame retardant,4408,5462_00_00_00_14
Water - Organophosphate flame retardant,4408,5463_00_00_00_14
Water - Organophosphate flame retardant,4408,5464_00_00_00_14
Water - Organophosphate flame retardant,4408,5465_00_00_00_14
Water - Organophosphate flame retardant,4408,5466_00_00_00_14
Water - Organophosphate flame retardant,4408,5467_00_00_00_14
Water - Organophosphate flame retardant,4408,5468_00_00_00_14
Water - Organophosphate flame retardant,4408,5469_00_00_00_14
Water - Organophosphate flame retardant,4408,5470_00_00_00_14
Water - Organophosphate flame retardant,4408,5471_00_00_00_14
Water - Organophosphate flame retardant,4408,5472_00_00_00_14
Water - Organophosphate flame retardant,4408,5473_00_00_00_14
Water - Organophosphate flame retardant,4408,5474_00_00_00_14
Water - Organophosphate flame retardant,4408,5475_00_00_00_14
Water - Oxygen,4469,659_00_00_00_14
Water - Oxygen,320,661_00_00_00_01
Water - Oxygen,346,657_00_00_00_14
Water - Oxygen,3631,1048_00_00_00_14
Water - Oxygen,3620,661_00_00_00_39
Water - Oxygen,325,659_00_00_00_14
Water - Oxygen,3620,659_00_00_00_14
Water - Oxygen,4429,656_00_00_00_14
Water - Oxygen,343,657_00_00_00_14
Water - Oxygen,10127,647_00_00_00_14
Water - Oxygen,321,662_00_00_00_01
Water - Oxygen,343,656_00_00_00_14
Water - Oxygen,3620,2041_00_00_00_39
Water - Oxygen,330,652_00_00_00_14
Water - Oxygen,3620,2040_00_00_00_14
Water - Oxygen,330,647_00_00_00_14
Water - Oxygen,349,658_00_00_00_14
Water - Oxygen,331,647_00_00_00_14
Water - Oxygen,324,659_00_00_00_14
Water - Oxygen,2831,2880_00_00_00_04
Water - Oxygen,2824,2864_00_00_00_14
Water - Oxygen,10281,659_00_00_00_14
Water - Oxygen,326,659_00_00_00_14
Water - Oxygen,343,1048_00_00_00_14
Water - Oxygen,4053,659_00_00_00_14
Water - Oxygen,10025,659_00_00_00_14
Water - Pesticides,4385,281_00_00_00_43
Water - Pesticides,4385,260_00_00_00_43
Water - Pesticides,4385,261_00_00_00_43
Water - Pesticides,4385,227_00_00_00_43
Water - Pesticides,4385,269_00_00_00_43
Water - Pesticides,4360,335_00_00_00_14
Water - Pesticides,4385,192_00_00_00_43
Water - Pesticides,4385,211_00_00_00_43
Water - Pesticides,4385,169_00_00_00_43
Water - Pesticides,4385,259_00_00_00_43
Water - Pesticides,4385,177_00_00_00_43
Water - Pesticides,4385,2856_00_00_00_43
Water - Pesticides,4385,182_00_00_00_43
Water - Pesticides,4385,165_00_00_00_43
Water - Pesticides,4385,287_00_00_00_43
Water - Pesticides,4385,1712_00_00_00_43
Water - Pesticides,4385,207_00_00_00_43
Water - Pesticides,4385,1909_00_00_00_43
Water - Pesticides,4385,235_00_00_00_43
Water - Pesticides,4385,2679_00_00_00_43
Water - Pesticides,4385,187_00_00_00_43
Water - Pesticides,4385,206_00_00_00_43
Water - Pesticides,4385,200_00_00_00_43
Water - Pesticides,4385,1047_00_00_00_43
Water - Pesticides,4385,258_00_00_00_43
Water - Pesticides,4385,60_00_00_00_43
Water - Pesticides,4315,5686_00_00_00_14
Water - Pesticides,4315,5689_00_00_00_14
Water - Pesticides,4385,2852_00_00_00_43
Water - Pesticides,4385,335_00_00_00_43
Water - Pesticides,4360,2679_00_00_00_14
Water - Pesticides,4360,260_00_00_00_14
Water - Pesticides,4360,187_00_00_00_14
Water - Pesticides,4360,227_00_00_00_14
Water - Pesticides,4360,259_00_00_00_14
Water - Pesticides,4315,5690_00_00_00_14
Water - Pesticides,643u1,307_00_00_00_14
Water - Pesticides,1781,100_00_00_00_14
Water - Pesticides,4361,10233_00_00_00_14
Water - Pesticides,4361,117_00_00_00_14
Water - Pesticides,4361,133_00_00_00_14
Water - Pesticides,1781,98_00_00_00_14
Water - Pesticides,4360,200_00_00_00_14
Water - Pesticides,4362,170_00_00_00_14
Water - Pesticides,2823,2863_00_00_00_14
Water - Pesticides,4360,269_00_00_00_14
Water - Pesticides,4315,5688_00_00_00_14
Water - Pesticides,4316,307_00_00_00_14
Water - Pesticides,1946,322_00_00_00_14
Water - Pesticides,4361,2646_00_00_00_14
Water - Pesticides,4362,167_00_00_00_14
Water - Pesticides,718,170_00_00_00_14
Water - Pesticides,4361,100_00_00_00_14
Water - Pesticides,4362,189_00_00_00_14
Water - Pesticides,4315,4_00_00_00_14
Water - Pesticides,4360,182_00_00_00_14
Water - Pesticides,4361,244_00_00_00_14
Water - Pesticides,4445,3119_00_00_00_14
Water - Pesticides,4445,2863_00_00_00_14
Water - Pesticides,4360,261_00_00_00_14
Water - Pesticides,4316,4792_00_00_00_14
Water - Pesticides,4361,209_00_00_00_14
Water - Pesticides,4362,2565_00_00_00_14
Water - Pesticides,4360,177_00_00_00_14
Water - Pesticides,1781,189_00_00_00_14
Water - Pesticides,4360,84_00_00_00_14
Water - Pesticides,4362,98_00_00_00_14
Water - Pesticides,1781,133_00_00_00_14
Water - Pesticides,4360,60_00_00_00_14
Water - Pesticides,4315,5687_00_00_00_14
Water - Pesticides,2317,307_00_00_00_14
Water - Pesticides,4362,1022_00_00_00_14
Water - Pesticides,4315,5691_00_00_00_14
Water - Pesticides,4360,258_00_00_00_14
Water - Pesticides,4362,1624_00_00_00_14
Water - Pesticides,4360,235_00_00_00_14
Water - Pesticides,4362,218_00_00_00_14
Water - Pesticides,4362,234_00_00_00_14
Water - Pesticides,4385,5392_00_00_00_43
Water - Pesticides,643u2,307_00_00_00_14
Water - Pesticides,4315,5251_00_00_00_14
Water - Pesticides,2663,307_00_00_00_14
Water - Pesticides,4360,281_00_00_00_14
Water - Pesticides,643,2848_00_00_00_14
Water - Pesticides,2011,307_00_00_00_14
Water - Pesticides,4103,4792_00_00_00_14
Water - Pesticides,1766,134_00_00_00_14
Water - Pesticides,4362,221_00_00_00_14
Water - Pesticides,4362,302_00_00_00_14
Water - Pesticides,2343,318_00_00_00_14
Water - Pesticides,247,318_00_00_00_14
Water - Pesticides,2865,318_00_00_00_14
Water - Pesticides,3002,318_00_00_00_14
Water - Pesticides,3216,318_00_00_00_14
Water - Pesticides,3408d1,318_00_00_00_14
Water - Pesticides,3408d2,318_00_00_00_14
Water - Pesticides,786,318_00_00_00_14
Water - Pesticides,928,318_00_00_00_14
Water - Pesticides,2343,325_00_00_00_14
Water - Pesticides,2721,325_00_00_00_14
Water - Pesticides,2865,325_00_00_00_14
Water - Pesticides,287,325_00_00_00_14
Water - Pesticides,3002,325_00_00_00_14
Water - Pesticides,3216,325_00_00_00_14
Water - Pesticides,3408d1,325_00_00_00_14
Water - Pesticides,3408d2,325_00_00_00_14
Water - Pesticides,4315,325_00_00_00_14
Water - Pesticides,4352,325_00_00_00_14
Water - Pesticides,786,325_00_00_00_14
Water - Pesticides,928,325_00_00_00_14
Water - Pesticides,2343,323_00_00_00_14
Water - Pesticides,2721,323_00_00_00_14
Water - Pesticides,2865,323_00_00_00_14
Water - Pesticides,3002,323_00_00_00_14
Water - Pesticides,303,323_00_00_00_14
Water - Pesticides,3216,323_00_00_00_14
Water - Pesticides,3408,323_00_00_00_14
Water - Pesticides,3409,323_00_00_00_14
Water - Pesticides,4315,323_00_00_00_14
Water - Pesticides,4352,323_00_00_00_14
Water - Pesticides,687,323_00_00_00_14
Water - Pesticides,786,323_00_00_00_14
Water - Pesticides,928,323_00_00_00_14
Water - Pesticides,3216,43_00_00_00_14
Water - Pesticides,4323,5261_00_00_00_14
Water - Pesticides,3431,1033_00_00_00_14
Water - Pesticides,10095,1313_00_00_00_14
Water - Pesticides,3216,3119_00_00_00_14
Water - Pesticides,338,3119_00_00_00_14
Water - Pesticides,4209,3119_00_00_00_14
Water - Pesticides,4323,3119_00_00_00_14
Water - Pesticides,4352,3119_00_00_00_14
Water - Pesticides,531,3119_00_00_00_14
Water - Pesticides,4315,5112_00_00_00_14
Water - Pesticides,4315,3121_00_00_00_14
Water - Pesticides,3619,4493_00_00_00_14
Water - Pesticides,4315,4493_00_00_00_14
Water - Pesticides,4334,4493_00_00_00_14
Water - Pesticides,4352,4493_00_00_00_14
Water - Pesticides,655,4493_00_00_00_14
Water - Pesticides,4315,5113_00_00_00_14
Water - Pesticides,4352,5113_00_00_00_14
Water - Pesticides,247,4170_00_00_00_14
Water - Pesticides,3431d1,4170_00_00_00_14
Water - Pesticides,3431d2,4170_00_00_00_14
Water - Pesticides,4315,4170_00_00_00_14
Water - Pesticides,4352,4170_00_00_00_14
Water - Pesticides,3747,2151_00_00_00_14
Water - Pesticides,4332,5273_00_00_00_14
Water - Pesticides,2429,124_00_00_00_14
Water - Pesticides,303,124_00_00_00_14
Water - Pesticides,3405,124_00_00_00_14
Water - Pesticides,3406,124_00_00_00_14
Water - Pesticides,687,124_00_00_00_14
Water - Pesticides,1947,177_00_00_00_14
Water - Pesticides,2429,177_00_00_00_14
Water - Pesticides,2863,177_00_00_00_14
Water - Pesticides,2864,177_00_00_00_14
Water - Pesticides,2879,177_00_00_00_14
Water - Pesticides,2883,177_00_00_00_14
Water - Pesticides,3225,177_00_00_00_14
Water - Pesticides,3401,177_00_00_00_14
Water - Pesticides,3405,177_00_00_00_14
Water - Pesticides,3406,177_00_00_00_14
Water - Pesticides,3654,177_00_00_00_14
Water - Pesticides,549,177_00_00_00_14
Water - Pesticides,673,177_00_00_00_14
Water - Pesticides,718,177_00_00_00_14
Water - Pesticides,2434,1694_00_00_00_14
Water - Pesticides,4315,5114_00_00_00_14
Water - Pesticides,2429,4105_00_00_00_14
Water - Pesticides,303,4105_00_00_00_14
Water - Pesticides,3405,4105_00_00_00_14
Water - Pesticides,3406,4105_00_00_00_14
Water - Pesticides,526,4105_00_00_00_14
Water - Pesticides,687,4105_00_00_00_14
Water - Pesticides,2344,133_00_00_00_14
Water - Pesticides,2345,133_00_00_00_14
Water - Pesticides,2429,133_00_00_00_14
Water - Pesticides,2721,133_00_00_00_14
Water - Pesticides,2868,133_00_00_00_14
Water - Pesticides,2879,133_00_00_00_14
Water - Pesticides,2883,133_00_00_00_14
Water - Pesticides,3003,133_00_00_00_14
Water - Pesticides,303,133_00_00_00_14
Water - Pesticides,3216,133_00_00_00_14
Water - Pesticides,3401,133_00_00_00_14
Water - Pesticides,3405,133_00_00_00_14
Water - Pesticides,3406,133_00_00_00_14
Water - Pesticides,4000,133_00_00_00_14
Water - Pesticides,4315,133_00_00_00_14
Water - Pesticides,4352,133_00_00_00_14
Water - Pesticides,5,133_00_00_00_14
Water - Pesticides,526,133_00_00_00_14
Water - Pesticides,687,133_00_00_00_14
Water - Pesticides,710,133_00_00_00_14
Water - Pesticides,2429,240_00_00_00_14
Water - Pesticides,303,240_00_00_00_14
Water - Pesticides,3216,240_00_00_00_14
Water - Pesticides,687,240_00_00_00_14
Water - Pesticides,303,56_00_00_00_14
Water - Pesticides,3216,56_00_00_00_14
Water - Pesticides,687,56_00_00_00_14
Water - Pesticides,882,380_00_00_00_14
Water - Pesticides,3655,3634_00_00_00_14
Water - Pesticides,303,166_00_00_00_14
Water - Pesticides,526,166_00_00_00_14
Water - Pesticides,687,166_00_00_00_14
Water - Pesticides,847,166_00_00_00_14
Water - Pesticides,2429,302_00_00_00_14
Water - Pesticides,2867,302_00_00_00_14
Water - Pesticides,303,302_00_00_00_14
Water - Pesticides,3216,302_00_00_00_14
Water - Pesticides,3357,302_00_00_00_14
Water - Pesticides,3405,302_00_00_00_14
Water - Pesticides,3406,302_00_00_00_14
Water - Pesticides,4000,302_00_00_00_14
Water - Pesticides,526,302_00_00_00_14
Water - Pesticides,687,302_00_00_00_14
Water - Pesticides,710,302_00_00_00_14
Water - Pesticides,843,302_00_00_00_14
Water - Pesticides,1824,1230_00_00_00_14
Water - Pesticides,3231,3632_00_00_00_14
Water - Pesticides,3658,3632_00_00_00_14
Water - Pesticides,4000,3632_00_00_00_14
Water - Pesticides,4315,3632_00_00_00_14
Water - Pesticides,4352,3632_00_00_00_14
Water - Pesticides,655,3632_00_00_00_14
Water - Pesticides,2344,58_00_00_00_14
Water - Pesticides,843,58_00_00_00_14
Water - Pesticides,4315,5116_00_00_00_14
Water - Pesticides,4352,5116_00_00_00_14
Water - Pesticides,303,2577_00_00_00_14
Water - Pesticides,3216,2577_00_00_00_14
Water - Pesticides,4315,2577_00_00_00_14
Water - Pesticides,4352,2577_00_00_00_14
Water - Pesticides,687,2577_00_00_00_14
Water - Pesticides,4315,5117_00_00_00_14
Water - Pesticides,4352,5117_00_00_00_14
Water - Pesticides,2344,156_00_00_00_14
Water - Pesticides,2868,156_00_00_00_14
Water - Pesticides,3433,156_00_00_00_14
Water - Pesticides,3655,156_00_00_00_14
Water - Pesticides,710,156_00_00_00_14
Water - Pesticides,882,156_00_00_00_14
Water - Pesticides,900,156_00_00_00_14
Water - Pesticides,3003,3332_00_00_00_14
Water - Pesticides,1947,187_00_00_00_14
Water - Pesticides,2429,187_00_00_00_14
Water - Pesticides,2863,187_00_00_00_14
Water - Pesticides,2864,187_00_00_00_14
Water - Pesticides,2879,187_00_00_00_14
Water - Pesticides,2883,187_00_00_00_14
Water - Pesticides,3401,187_00_00_00_14
Water - Pesticides,3405,187_00_00_00_14
Water - Pesticides,3406,187_00_00_00_14
Water - Pesticides,3654,187_00_00_00_14
Water - Pesticides,4068,187_00_00_00_14
Water - Pesticides,549,187_00_00_00_14
Water - Pesticides,673,187_00_00_00_14
Water - Pesticides,718,187_00_00_00_14
Water - Pesticides,4315,5118_00_00_00_14
Water - Pesticides,4352,5118_00_00_00_14
Water - Pesticides,4315,5119_00_00_00_14
Water - Pesticides,4352,5119_00_00_00_14
Water - Pesticides,2434,1703_00_00_00_14
Water - Pesticides,3747,1703_00_00_00_14
Water - Pesticides,4316,1703_00_00_00_14
Water - Pesticides,4315,5120_00_00_00_14
Water - Pesticides,4352,5120_00_00_00_14
Water - Pesticides,3231,3648_00_00_00_14
Water - Pesticides,3658,3648_00_00_00_14
Water - Pesticides,4315,3648_00_00_00_14
Water - Pesticides,4352,3648_00_00_00_14
Water - Pesticides,655,3648_00_00_00_14
Water - Pesticides,4352,5121_00_00_00_14
Water - Pesticides,2721,179_00_00_00_14
Water - Pesticides,3231,179_00_00_00_14
Water - Pesticides,4315,179_00_00_00_14
Water - Pesticides,4352,179_00_00_00_14
Water - Pesticides,2040,128_00_00_00_14
Water - Pesticides,2343,128_00_00_00_14
Water - Pesticides,247,128_00_00_00_14
Water - Pesticides,2721,128_00_00_00_14
Water - Pesticides,2865,128_00_00_00_14
Water - Pesticides,3002,128_00_00_00_14
Water - Pesticides,3216,128_00_00_00_14
Water - Pesticides,3408,128_00_00_00_14
Water - Pesticides,3409,128_00_00_00_14
Water - Pesticides,4315,128_00_00_00_14
Water - Pesticides,4352,128_00_00_00_14
Water - Pesticides,3216,44_00_00_00_14
Water - Pesticides,2429,4106_00_00_00_14
Water - Pesticides,3405,4106_00_00_00_14
Water - Pesticides,3406,4106_00_00_00_14
Water - Pesticides,2429,937_00_00_00_14
Water - Pesticides,2868,937_00_00_00_14
Water - Pesticides,3003,937_00_00_00_14
Water - Pesticides,303,937_00_00_00_14
Water - Pesticides,3216,937_00_00_00_14
Water - Pesticides,3405,937_00_00_00_14
Water - Pesticides,3406,937_00_00_00_14
Water - Pesticides,3433,937_00_00_00_14
Water - Pesticides,3655,937_00_00_00_14
Water - Pesticides,687,937_00_00_00_14
Water - Pesticides,710,937_00_00_00_14
Water - Pesticides,3216,45_00_00_00_14
Water - Pesticides,2429,46_00_00_00_14
Water - Pesticides,3216,46_00_00_00_14
Water - Pesticides,3405,46_00_00_00_14
Water - Pesticides,3406,46_00_00_00_14
Water - Pesticides,710,46_00_00_00_14
Water - Pesticides,462,4593_00_00_00_14
Water - Pesticides,303,244_00_00_00_14
Water - Pesticides,3216,244_00_00_00_14
Water - Pesticides,3231,244_00_00_00_14
Water - Pesticides,3461,244_00_00_00_14
Water - Pesticides,4000,244_00_00_00_14
Water - Pesticides,4315,244_00_00_00_14
Water - Pesticides,4352,244_00_00_00_14
Water - Pesticides,62,244_00_00_00_14
Water - Pesticides,655,244_00_00_00_14
Water - Pesticides,687,244_00_00_00_14
Water - Pesticides,4315,4022_00_00_00_14
Water - Pesticides,4352,4022_00_00_00_14
Water - Pesticides,4352,5122_00_00_00_14
Water - Pesticides,847,286_00_00_00_14
Water - Pesticides,847,334_00_00_00_14
Water - Pesticides,3231,1282_00_00_00_14
Water - Pesticides,4315,1282_00_00_00_14
Water - Pesticides,4352,1282_00_00_00_14
Water - Pesticides,462,4594_00_00_00_14
Water - Pesticides,3619,1932_00_00_00_14
Water - Pesticides,4315,1932_00_00_00_14
Water - Pesticides,4334,1932_00_00_00_14
Water - Pesticides,4352,1932_00_00_00_14
Water - Pesticides,655,1932_00_00_00_14
Water - Pesticides,303,1288_00_00_00_14
Water - Pesticides,687,1288_00_00_00_14
Water - Pesticides,3216,197_00_00_00_14
Water - Pesticides,3431d1,4166_00_00_00_14
Water - Pesticides,3431d2,4166_00_00_00_14
Water - Pesticides,4315,1990_00_00_00_14
Water - Pesticides,4352,1990_00_00_00_14
Water - Pesticides,655,1990_00_00_00_14
Water - Pesticides,3231,1308_00_00_00_14
Water - Pesticides,2429,5_00_00_00_14
Water - Pesticides,303,5_00_00_00_14
Water - Pesticides,3216,5_00_00_00_14
Water - Pesticides,3405,5_00_00_00_14
Water - Pesticides,3406,5_00_00_00_14
Water - Pesticides,4000,5_00_00_00_14
Water - Pesticides,4316,5_00_00_00_14
Water - Pesticides,687,5_00_00_00_14
Water - Pesticides,303,1400_00_00_00_14
Water - Pesticides,3216,1400_00_00_00_14
Water - Pesticides,687,1400_00_00_00_14
Water - Pesticides,3231,57_00_00_00_14
Water - Pesticides,2551,1024_00_00_00_14
Water - Pesticides,2867,1024_00_00_00_14
Water - Pesticides,3357,1024_00_00_00_14
Water - Pesticides,4315,1024_00_00_00_14
Water - Pesticides,1824,170_00_00_00_14
Water - Pesticides,2429,170_00_00_00_14
Water - Pesticides,2721,170_00_00_00_14
Water - Pesticides,303,170_00_00_00_14
Water - Pesticides,3216,170_00_00_00_14
Water - Pesticides,3405,170_00_00_00_14
Water - Pesticides,3406,170_00_00_00_14
Water - Pesticides,4068,170_00_00_00_14
Water - Pesticides,4316,170_00_00_00_14
Water - Pesticides,526,170_00_00_00_14
Water - Pesticides,687,170_00_00_00_14
Water - Pesticides,710,170_00_00_00_14
Water - Pesticides,2429,4107_00_00_00_14
Water - Pesticides,3405,4107_00_00_00_14
Water - Pesticides,3406,4107_00_00_00_14
Water - Pesticides,2429,4108_00_00_00_14
Water - Pesticides,3405,4108_00_00_00_14
Water - Pesticides,3406,4108_00_00_00_14
Water - Pesticides,3431d1,248_00_00_00_14
Water - Pesticides,3431d2,248_00_00_00_14
Water - Pesticides,4315,248_00_00_00_14
Water - Pesticides,4352,248_00_00_00_14
Water - Pesticides,655,248_00_00_00_14
Water - Pesticides,2434,1696_00_00_00_14
Water - Pesticides,2434,1699_00_00_00_14
Water - Pesticides,4315,3030_00_00_00_14
Water - Pesticides,4352,3030_00_00_00_14
Water - Pesticides,4315,2572_00_00_00_14
Water - Pesticides,4352,2572_00_00_00_14
Water - Pesticides,4315,5123_00_00_00_14
Water - Pesticides,4352,5123_00_00_00_14
Water - Pesticides,1869,3604_00_00_00_14
Water - Pesticides,3431d1,4167_00_00_00_14
Water - Pesticides,3431d2,4167_00_00_00_14
Water - Pesticides,4315,4167_00_00_00_14
Water - Pesticides,4352,4167_00_00_00_14
Water - Pesticides,247,2722_00_00_00_14
Water - Pesticides,2721,2722_00_00_00_14
Water - Pesticides,3002,2722_00_00_00_14
Water - Pesticides,3216,2722_00_00_00_14
Water - Pesticides,3232,2722_00_00_00_14
Water - Pesticides,4315,2722_00_00_00_14
Water - Pesticides,4315,5124_00_00_00_14
Water - Pesticides,4352,5124_00_00_00_14
Water - Pesticides,3619,4490_00_00_00_14
Water - Pesticides,4315,4490_00_00_00_14
Water - Pesticides,4352,4490_00_00_00_14
Water - Pesticides,655,4490_00_00_00_14
Water - Pesticides,462,4721_00_00_00_14
Water - Pesticides,847,176_00_00_00_14
Water - Pesticides,2429,154_00_00_00_14
Water - Pesticides,2721,154_00_00_00_14
Water - Pesticides,303,154_00_00_00_14
Water - Pesticides,3216,154_00_00_00_14
Water - Pesticides,3405,154_00_00_00_14
Water - Pesticides,3406,154_00_00_00_14
Water - Pesticides,3655,154_00_00_00_14
Water - Pesticides,5,154_00_00_00_14
Water - Pesticides,526,154_00_00_00_14
Water - Pesticides,687,154_00_00_00_14
Water - Pesticides,4315,1949_00_00_00_14
Water - Pesticides,4334,1949_00_00_00_14
Water - Pesticides,4352,1949_00_00_00_14
Water - Pesticides,655,1949_00_00_00_14
Water - Pesticides,4315,5125_00_00_00_14
Water - Pesticides,4352,5125_00_00_00_14
Water - Pesticides,4315,5126_00_00_00_14
Water - Pesticides,4352,5126_00_00_00_14
Water - Pesticides,3747,1139_00_00_00_14
Water - Pesticides,4068,1139_00_00_00_14
Water - Pesticides,4316,1139_00_00_00_14
Water - Pesticides,2434,1707_00_00_00_14
Water - Pesticides,3216,47_00_00_00_14
Water - Pesticides,4316,47_00_00_00_14
Water - Pesticides,4068,4151_00_00_00_14
Water - Pesticides,3216,3_00_00_00_14
Water - Pesticides,3405,3_00_00_00_14
Water - Pesticides,3406,3_00_00_00_14
Water - Pesticides,3747,3_00_00_00_14
Water - Pesticides,4068,3_00_00_00_14
Water - Pesticides,4316,3_00_00_00_14
Water - Pesticides,3747,2152_00_00_00_14
Water - Pesticides,3658,3650_00_00_00_14
Water - Pesticides,655,3650_00_00_00_14
Water - Pesticides,3658,3651_00_00_00_14
Water - Pesticides,655,3651_00_00_00_14
Water - Pesticides,4315,5127_00_00_00_14
Water - Pesticides,4352,5127_00_00_00_14
Water - Pesticides,4315,5128_00_00_00_14
Water - Pesticides,2868,1018_00_00_00_14
Water - Pesticides,3003,1018_00_00_00_14
Water - Pesticides,2429,130_00_00_00_14
Water - Pesticides,3405,130_00_00_00_14
Water - Pesticides,3406,130_00_00_00_14
Water - Pesticides,4316,130_00_00_00_14
Water - Pesticides,886,278_00_00_00_14
Water - Pesticides,717,3283_00_00_00_14
Water - Pesticides,462,4598_00_00_00_14
Water - Pesticides,3216,1_00_00_00_14
Water - Pesticides,3747,1_00_00_00_14
Water - Pesticides,4068,1_00_00_00_14
Water - Pesticides,4316,1_00_00_00_14
Water - Pesticides,2434,1710_00_00_00_14
Water - Pesticides,2721,1019_00_00_00_14
Water - Pesticides,2868,1019_00_00_00_14
Water - Pesticides,3003,1019_00_00_00_14
Water - Pesticides,3405,1019_00_00_00_14
Water - Pesticides,3406,1019_00_00_00_14
Water - Pesticides,5,1019_00_00_00_14
Water - Pesticides,3655,1110_00_00_00_14
Water - Pesticides,4315,1110_00_00_00_14
Water - Pesticides,4352,1110_00_00_00_14
Water - Pesticides,710,1110_00_00_00_14
Water - Pesticides,2721,3077_00_00_00_14
Water - Pesticides,4315,3077_00_00_00_14
Water - Pesticides,4352,3077_00_00_00_14
Water - Pesticides,2344,161_00_00_00_14
Water - Pesticides,2868,161_00_00_00_14
Water - Pesticides,3655,161_00_00_00_14
Water - Pesticides,843,161_00_00_00_14
Water - Pesticides,2868,3050_00_00_00_14
Water - Pesticides,3003,3050_00_00_00_14
Water - Pesticides,3433,3050_00_00_00_14
Water - Pesticides,710,3050_00_00_00_14
Water - Pesticides,2868,3051_00_00_00_14
Water - Pesticides,3003,3051_00_00_00_14
Water - Pesticides,3433,3051_00_00_00_14
Water - Pesticides,710,3051_00_00_00_14
Water - Pesticides,1824,189_00_00_00_14
Water - Pesticides,2429,189_00_00_00_14
Water - Pesticides,2551,189_00_00_00_14
Water - Pesticides,2721,189_00_00_00_14
Water - Pesticides,2867,189_00_00_00_14
Water - Pesticides,303,189_00_00_00_14
Water - Pesticides,3216,189_00_00_00_14
Water - Pesticides,3357,189_00_00_00_14
Water - Pesticides,3405,189_00_00_00_14
Water - Pesticides,3406,189_00_00_00_14
Water - Pesticides,3655,189_00_00_00_14
Water - Pesticides,4315,189_00_00_00_14
Water - Pesticides,4352,189_00_00_00_14
Water - Pesticides,526,189_00_00_00_14
Water - Pesticides,687,189_00_00_00_14
Water - Pesticides,710,189_00_00_00_14
Water - Pesticides,847,189_00_00_00_14
Water - Pesticides,2429,4109_00_00_00_14
Water - Pesticides,3405,4109_00_00_00_14
Water - Pesticides,3406,4109_00_00_00_14
Water - Pesticides,2551,1022_00_00_00_14
Water - Pesticides,2867,1022_00_00_00_14
Water - Pesticides,3357d1,1022_00_00_00_14
Water - Pesticides,3357d2,1022_00_00_00_14
Water - Pesticides,710,1022_00_00_00_14
Water - Pesticides,1824,1229_00_00_00_14
Water - Pesticides,2343,134_00_00_00_14
Water - Pesticides,247,134_00_00_00_14
Water - Pesticides,2721,134_00_00_00_14
Water - Pesticides,2865,134_00_00_00_14
Water - Pesticides,3002,134_00_00_00_14
Water - Pesticides,303,134_00_00_00_14
Water - Pesticides,3216,134_00_00_00_14
Water - Pesticides,3408d1,134_00_00_00_14
Water - Pesticides,3408d2,134_00_00_00_14
Water - Pesticides,3409,134_00_00_00_14
Water - Pesticides,4315,134_00_00_00_14
Water - Pesticides,687,134_00_00_00_14
Water - Pesticides,938,134_00_00_00_14
Water - Pesticides,3216,1621_00_00_00_14
Water - Pesticides,4316,1621_00_00_00_14
Water - Pesticides,247,1227_00_00_00_14
Water - Pesticides,3216,1227_00_00_00_14
Water - Pesticides,2343,94_00_00_00_14
Water - Pesticides,2721,94_00_00_00_14
Water - Pesticides,3408,94_00_00_00_14
Water - Pesticides,786,94_00_00_00_14
Water - Pesticides,928,94_00_00_00_14
Water - Pesticides,4315,5292_00_00_00_14
Water - Pesticides,4352,5292_00_00_00_14
Water - Pesticides,303,241_00_00_00_14
Water - Pesticides,3216,241_00_00_00_14
Water - Pesticides,3405,241_00_00_00_14
Water - Pesticides,3406,241_00_00_00_14
Water - Pesticides,4315,241_00_00_00_14
Water - Pesticides,687,241_00_00_00_14
Water - Pesticides,2344,210_00_00_00_14
Water - Pesticides,2721,210_00_00_00_14
Water - Pesticides,2868,210_00_00_00_14
Water - Pesticides,3655,210_00_00_00_14
Water - Pesticides,882,210_00_00_00_14
Water - Pesticides,3003,3331_00_00_00_14
Water - Pesticides,1947,235_00_00_00_14
Water - Pesticides,2429,235_00_00_00_14
Water - Pesticides,2863,235_00_00_00_14
Water - Pesticides,2864,235_00_00_00_14
Water - Pesticides,2879,235_00_00_00_14
Water - Pesticides,2883,235_00_00_00_14
Water - Pesticides,3225,235_00_00_00_14
Water - Pesticides,3231,235_00_00_00_14
Water - Pesticides,3401,235_00_00_00_14
Water - Pesticides,3405,235_00_00_00_14
Water - Pesticides,3406,235_00_00_00_14
Water - Pesticides,3654,235_00_00_00_14
Water - Pesticides,549,235_00_00_00_14
Water - Pesticides,673,235_00_00_00_14
Water - Pesticides,710,235_00_00_00_14
Water - Pesticides,718,235_00_00_00_14
Water - Pesticides,4315,4785_00_00_00_14
Water - Pesticides,4352,4785_00_00_00_14
Water - Pesticides,4315,5129_00_00_00_14
Water - Pesticides,4352,5129_00_00_00_14
Water - Pesticides,4315,5130_00_00_00_14
Water - Pesticides,462,4599_00_00_00_14
Water - Pesticides,462,4600_00_00_00_14
Water - Pesticides,462,4601_00_00_00_14
Water - Pesticides,2429,4110_00_00_00_14
Water - Pesticides,303,4110_00_00_00_14
Water - Pesticides,3216,4110_00_00_00_14
Water - Pesticides,3405,4110_00_00_00_14
Water - Pesticides,3406,4110_00_00_00_14
Water - Pesticides,687,4110_00_00_00_14
Water - Pesticides,4315,5293_00_00_00_14
Water - Pesticides,4352,5293_00_00_00_14
Water - Pesticides,1824,234_00_00_00_14
Water - Pesticides,2429,234_00_00_00_14
Water - Pesticides,2551,234_00_00_00_14
Water - Pesticides,2721,234_00_00_00_14
Water - Pesticides,2867,234_00_00_00_14
Water - Pesticides,303,234_00_00_00_14
Water - Pesticides,3216,234_00_00_00_14
Water - Pesticides,3357,234_00_00_00_14
Water - Pesticides,3405,234_00_00_00_14
Water - Pesticides,3406,234_00_00_00_14
Water - Pesticides,4000,234_00_00_00_14
Water - Pesticides,4315,234_00_00_00_14
Water - Pesticides,4352,234_00_00_00_14
Water - Pesticides,687,234_00_00_00_14
Water - Pesticides,710,234_00_00_00_14
Water - Pesticides,847,234_00_00_00_14
Water - Pesticides,3216,48_00_00_00_14
Water - Pesticides,3231,48_00_00_00_14
Water - Pesticides,4315,48_00_00_00_14
Water - Pesticides,4352,48_00_00_00_14
Water - Pesticides,287,310_00_00_00_14
Water - Pesticides,3216,310_00_00_00_14
Water - Pesticides,3408,310_00_00_00_14
Water - Pesticides,1824,174_00_00_00_14
Water - Pesticides,2429,174_00_00_00_14
Water - Pesticides,2551,174_00_00_00_14
Water - Pesticides,2721,174_00_00_00_14
Water - Pesticides,2867,174_00_00_00_14
Water - Pesticides,303,174_00_00_00_14
Water - Pesticides,3216,174_00_00_00_14
Water - Pesticides,3357,174_00_00_00_14
Water - Pesticides,3405,174_00_00_00_14
Water - Pesticides,3406,174_00_00_00_14
Water - Pesticides,687,174_00_00_00_14
Water - Pesticides,710,174_00_00_00_14
Water - Pesticides,718,174_00_00_00_14
Water - Pesticides,2429,4111_00_00_00_14
Water - Pesticides,3405,4111_00_00_00_14
Water - Pesticides,3406,4111_00_00_00_14
Water - Pesticides,4315,5131_00_00_00_14
Water - Pesticides,4352,5131_00_00_00_14
Water - Pesticides,2721,185_00_00_00_14
Water - Pesticides,3216,185_00_00_00_14
Water - Pesticides,3431n1,185_00_00_00_14
Water - Pesticides,3431n2,185_00_00_00_14
Water - Pesticides,4315,185_00_00_00_14
Water - Pesticides,4352,185_00_00_00_14
Water - Pesticides,655,185_00_00_00_14
Water - Pesticides,4315,5132_00_00_00_14
Water - Pesticides,4352,5132_00_00_00_14
Water - Pesticides,303,279_00_00_00_14
Water - Pesticides,3216,279_00_00_00_14
Water - Pesticides,4315,279_00_00_00_14
Water - Pesticides,4352,279_00_00_00_14
Water - Pesticides,687,279_00_00_00_14
Water - Pesticides,710,1045_00_00_00_14
Water - Pesticides,710,1046_00_00_00_14
Water - Pesticides,549,1909_00_00_00_14
Water - Pesticides,710,1909_00_00_00_14
Water - Pesticides,2429,84_00_00_00_14
Water - Pesticides,255,84_00_00_00_14
Water - Pesticides,256,84_00_00_00_14
Water - Pesticides,3405,84_00_00_00_14
Water - Pesticides,3406,84_00_00_00_14
Water - Pesticides,4068,84_00_00_00_14
Water - Pesticides,1947,258_00_00_00_14
Water - Pesticides,2429,258_00_00_00_14
Water - Pesticides,2863,258_00_00_00_14
Water - Pesticides,2864,258_00_00_00_14
Water - Pesticides,2879,258_00_00_00_14
Water - Pesticides,2883,258_00_00_00_14
Water - Pesticides,3225,258_00_00_00_14
Water - Pesticides,3401,258_00_00_00_14
Water - Pesticides,3405,258_00_00_00_14
Water - Pesticides,3406,258_00_00_00_14
Water - Pesticides,3654,258_00_00_00_14
Water - Pesticides,549,258_00_00_00_14
Water - Pesticides,673,258_00_00_00_14
Water - Pesticides,718,258_00_00_00_14
Water - Pesticides,2342,269_00_00_00_14
Water - Pesticides,2879,269_00_00_00_14
Water - Pesticides,2883,269_00_00_00_14
Water - Pesticides,3401,269_00_00_00_14
Water - Pesticides,3405,269_00_00_00_14
Water - Pesticides,3406,269_00_00_00_14
Water - Pesticides,549,269_00_00_00_14
Water - Pesticides,2429,1712_00_00_00_14
Water - Pesticides,3405,1712_00_00_00_14
Water - Pesticides,3406,1712_00_00_00_14
Water - Pesticides,549,1712_00_00_00_14
Water - Pesticides,4068,1141_00_00_00_14
Water - Pesticides,4315,5133_00_00_00_14
Water - Pesticides,4352,5133_00_00_00_14
Water - Pesticides,2429,2721_00_00_00_14
Water - Pesticides,2721,2721_00_00_00_14
Water - Pesticides,3003,2721_00_00_00_14
Water - Pesticides,3405,2721_00_00_00_14
Water - Pesticides,3406,2721_00_00_00_14
Water - Pesticides,3655,2721_00_00_00_14
Water - Pesticides,4316,2721_00_00_00_14
Water - Pesticides,710,2721_00_00_00_14
Water - Pesticides,3431,4302_00_00_00_14
Water - Pesticides,4315,4302_00_00_00_14
Water - Pesticides,4352,4302_00_00_00_14
Water - Pesticides,655,4302_00_00_00_14
Water - Pesticides,2429,221_00_00_00_14
Water - Pesticides,2551,221_00_00_00_14
Water - Pesticides,2721,221_00_00_00_14
Water - Pesticides,2867,221_00_00_00_14
Water - Pesticides,303,221_00_00_00_14
Water - Pesticides,3357,221_00_00_00_14
Water - Pesticides,3405,221_00_00_00_14
Water - Pesticides,3406,221_00_00_00_14
Water - Pesticides,526,221_00_00_00_14
Water - Pesticides,687,221_00_00_00_14
Water - Pesticides,710,221_00_00_00_14
Water - Pesticides,847,221_00_00_00_14
Water - Pesticides,4315,2576_00_00_00_14
Water - Pesticides,3747,2153_00_00_00_14
Water - Pesticides,4315,5106_00_00_00_14
Water - Pesticides,4316,5106_00_00_00_14
Water - Pesticides,4352,5106_00_00_00_14
Water - Pesticides,4315,5134_00_00_00_14
Water - Pesticides,4352,5134_00_00_00_14
Water - Pesticides,4315,5135_00_00_00_14
Water - Pesticides,4352,5135_00_00_00_14
Water - Pesticides,4315,1992_00_00_00_14
Water - Pesticides,4352,1992_00_00_00_14
Water - Pesticides,655,1992_00_00_00_14
Water - Pesticides,2429,99_00_00_00_14
Water - Pesticides,303,99_00_00_00_14
Water - Pesticides,3216,99_00_00_00_14
Water - Pesticides,3405,99_00_00_00_14
Water - Pesticides,3406,99_00_00_00_14
Water - Pesticides,687,99_00_00_00_14
Water - Pesticides,2343,317_00_00_00_14
Water - Pesticides,247,317_00_00_00_14
Water - Pesticides,2865,317_00_00_00_14
Water - Pesticides,3002,317_00_00_00_14
Water - Pesticides,3216,317_00_00_00_14
Water - Pesticides,3232,317_00_00_00_14
Water - Pesticides,3408d1,317_00_00_00_14
Water - Pesticides,3408d2,317_00_00_00_14
Water - Pesticides,786,317_00_00_00_14
Water - Pesticides,928,317_00_00_00_14
Water - Pesticides,3433,4172_00_00_00_14
Water - Pesticides,710,4172_00_00_00_14
Water - Pesticides,4315,3029_00_00_00_14
Water - Pesticides,4352,3029_00_00_00_14
Water - Pesticides,2721,3078_00_00_00_14
Water - Pesticides,2434,1704_00_00_00_14
Water - Pesticides,3747,1704_00_00_00_14
Water - Pesticides,4315,1704_00_00_00_14
Water - Pesticides,3747,2_00_00_00_14
Water - Pesticides,2434,1709_00_00_00_14
Water - Pesticides,4315,5136_00_00_00_14
Water - Pesticides,4352,5136_00_00_00_14
Water - Pesticides,3619,1692_00_00_00_14
Water - Pesticides,4315,1692_00_00_00_14
Water - Pesticides,4352,1692_00_00_00_14
Water - Pesticides,655,1692_00_00_00_14
Water - Pesticides,4315,5137_00_00_00_14
Water - Pesticides,4352,5137_00_00_00_14
Water - Pesticides,4332,5274_00_00_00_14
Water - Pesticides,3408,2579_00_00_00_14
Water - Pesticides,3409,2579_00_00_00_14
Water - Pesticides,4315,1153_00_00_00_14
Water - Pesticides,4352,1153_00_00_00_14
Water - Pesticides,4315,5139_00_00_00_14
Water - Pesticides,4352,5139_00_00_00_14
Water - Pesticides,4315,5140_00_00_00_14
Water - Pesticides,4352,5140_00_00_00_14
Water - Pesticides,3747,1143_00_00_00_14
Water - Pesticides,2434,1708_00_00_00_14
Water - Pesticides,3216,49_00_00_00_14
Water - Pesticides,3231,49_00_00_00_14
Water - Pesticides,4315,49_00_00_00_14
Water - Pesticides,4352,49_00_00_00_14
Water - Pesticides,4315,5107_00_00_00_14
Water - Pesticides,2429,4112_00_00_00_14
Water - Pesticides,3405,4112_00_00_00_14
Water - Pesticides,3406,4112_00_00_00_14
Water - Pesticides,4315,4112_00_00_00_14
Water - Pesticides,4352,4112_00_00_00_14
Water - Pesticides,3747,2154_00_00_00_14
Water - Pesticides,3216,4163_00_00_00_14
Water - Pesticides,3431d1,4163_00_00_00_14
Water - Pesticides,3431d2,4163_00_00_00_14
Water - Pesticides,4315,4163_00_00_00_14
Water - Pesticides,4352,4163_00_00_00_14
Water - Pesticides,655,4163_00_00_00_14
Water - Pesticides,4352,5108_00_00_00_14
Water - Pesticides,4315,5141_00_00_00_14
Water - Pesticides,4352,5141_00_00_00_14
Water - Pesticides,4315,5142_00_00_00_14
Water - Pesticides,4352,5142_00_00_00_14
Water - Pesticides,4315,5143_00_00_00_14
Water - Pesticides,4352,5143_00_00_00_14
Water - Pesticides,3619,1693_00_00_00_14
Water - Pesticides,4315,1693_00_00_00_14
Water - Pesticides,4334,1693_00_00_00_14
Water - Pesticides,4352,1693_00_00_00_14
Water - Pesticides,655,1693_00_00_00_14
Water - Pesticides,4315,2578_00_00_00_14
Water - Pesticides,4352,2578_00_00_00_14
Water - Pesticides,2429,4113_00_00_00_14
Water - Pesticides,3405,4113_00_00_00_14
Water - Pesticides,3406,4113_00_00_00_14
Water - Pesticides,4315,4113_00_00_00_14
Water - Pesticides,4352,4113_00_00_00_14
Water - Pesticides,4315,5144_00_00_00_14
Water - Pesticides,4352,5144_00_00_00_14
Water - Pesticides,247,4169_00_00_00_14
Water - Pesticides,3431d1,4169_00_00_00_14
Water - Pesticides,3431d2,4169_00_00_00_14
Water - Pesticides,4315,4169_00_00_00_14
Water - Pesticides,4352,4169_00_00_00_14
Water - Pesticides,1824,326_00_00_00_14
Water - Pesticides,2429,326_00_00_00_14
Water - Pesticides,2551,326_00_00_00_14
Water - Pesticides,2867,326_00_00_00_14
Water - Pesticides,303,326_00_00_00_14
Water - Pesticides,3216,326_00_00_00_14
Water - Pesticides,3357,326_00_00_00_14
Water - Pesticides,3405,326_00_00_00_14
Water - Pesticides,3406,326_00_00_00_14
Water - Pesticides,4000,326_00_00_00_14
Water - Pesticides,526,326_00_00_00_14
Water - Pesticides,687,326_00_00_00_14
Water - Pesticides,710,326_00_00_00_14
Water - Pesticides,3431,4202_00_00_00_14
Water - Pesticides,4315,4202_00_00_00_14
Water - Pesticides,4352,4202_00_00_00_14
Water - Pesticides,3543,3319_00_00_00_14
Water - Pesticides,4209,3319_00_00_00_14
Water - Pesticides,531,3319_00_00_00_14
Water - Pesticides,4323,5297_00_00_00_14
Water - Pesticides,3216,2863_00_00_00_14
Water - Pesticides,338,2863_00_00_00_14
Water - Pesticides,3543,2863_00_00_00_14
Water - Pesticides,4209,2863_00_00_00_14
Water - Pesticides,4323,2863_00_00_00_14
Water - Pesticides,4352,2863_00_00_00_14
Water - Pesticides,531,2863_00_00_00_14
Water - Pesticides,4315,5145_00_00_00_14
Water - Pesticides,4352,5145_00_00_00_14
Water - Pesticides,4315,5146_00_00_00_14
Water - Pesticides,4352,5146_00_00_00_14
Water - Pesticides,1947,281_00_00_00_14
Water - Pesticides,2429,281_00_00_00_14
Water - Pesticides,2863,281_00_00_00_14
Water - Pesticides,2864,281_00_00_00_14
Water - Pesticides,2879,281_00_00_00_14
Water - Pesticides,2883,281_00_00_00_14
Water - Pesticides,3225,281_00_00_00_14
Water - Pesticides,3401,281_00_00_00_14
Water - Pesticides,3405,281_00_00_00_14
Water - Pesticides,3406,281_00_00_00_14
Water - Pesticides,3654,281_00_00_00_14
Water - Pesticides,549,281_00_00_00_14
Water - Pesticides,673,281_00_00_00_14
Water - Pesticides,718,281_00_00_00_14
Water - Pesticides,1947,60_00_00_00_14
Water - Pesticides,2429,60_00_00_00_14
Water - Pesticides,2863,60_00_00_00_14
Water - Pesticides,2864,60_00_00_00_14
Water - Pesticides,2879,60_00_00_00_14
Water - Pesticides,2883,60_00_00_00_14
Water - Pesticides,3225,60_00_00_00_14
Water - Pesticides,3401,60_00_00_00_14
Water - Pesticides,3405,60_00_00_00_14
Water - Pesticides,3406,60_00_00_00_14
Water - Pesticides,3654,60_00_00_00_14
Water - Pesticides,4000,60_00_00_00_14
Water - Pesticides,549,60_00_00_00_14
Water - Pesticides,673,60_00_00_00_14
Water - Pesticides,718,60_00_00_00_14
Water - Pesticides,2429,209_00_00_00_14
Water - Pesticides,3405,209_00_00_00_14
Water - Pesticides,3406,209_00_00_00_14
Water - Pesticides,4000,209_00_00_00_14
Water - Pesticides,4315,209_00_00_00_14
Water - Pesticides,4352,209_00_00_00_14
Water - Pesticides,3216,195_00_00_00_14
Water - Pesticides,3232,195_00_00_00_14
Water - Pesticides,710,195_00_00_00_14
Water - Pesticides,247,3036_00_00_00_14
Water - Pesticides,2721,3036_00_00_00_14
Water - Pesticides,4315,3036_00_00_00_14
Water - Pesticides,4352,3036_00_00_00_14
Water - Pesticides,3002,3354_00_00_00_14
Water - Pesticides,3002,3355_00_00_00_14
Water - Pesticides,287,3097_00_00_00_14
Water - Pesticides,287,1661_00_00_00_14
Water - Pesticides,4315,1661_00_00_00_14
Water - Pesticides,4352,1661_00_00_00_14
Water - Pesticides,247,3079_00_00_00_14
Water - Pesticides,2721,3079_00_00_00_14
Water - Pesticides,3002,3079_00_00_00_14
Water - Pesticides,3216,3079_00_00_00_14
Water - Pesticides,4315,3079_00_00_00_14
Water - Pesticides,4352,3079_00_00_00_14
Water - Pesticides,339,4155_00_00_00_14
Water - Pesticides,340,4155_00_00_00_14
Water - Pesticides,3619,4155_00_00_00_14
Water - Pesticides,4315,4155_00_00_00_14
Water - Pesticides,4334,4155_00_00_00_14
Water - Pesticides,4352,4155_00_00_00_14
Water - Pesticides,655,4155_00_00_00_14
Water - Pesticides,2551,1025_00_00_00_14
Water - Pesticides,3747,2155_00_00_00_14
Water - Pesticides,4315,5147_00_00_00_14
Water - Pesticides,4352,5147_00_00_00_14
Water - Pesticides,4332,5275_00_00_00_14
Water - Pesticides,4315,5148_00_00_00_14
Water - Pesticides,4352,5148_00_00_00_14
Water - Pesticides,4315,5149_00_00_00_14
Water - Pesticides,4352,5149_00_00_00_14
Water - Pesticides,4315,5150_00_00_00_14
Water - Pesticides,4352,5150_00_00_00_14
Water - Pesticides,3231,2582_00_00_00_14
Water - Pesticides,4315,2582_00_00_00_14
Water - Pesticides,4315,5151_00_00_00_14
Water - Pesticides,4352,5151_00_00_00_14
Water - Pesticides,4315,5152_00_00_00_14
Water - Pesticides,4352,5152_00_00_00_14
Water - Pesticides,4315,5153_00_00_00_14
Water - Pesticides,2434,1697_00_00_00_14
Water - Pesticides,2434,1700_00_00_00_14
Water - Pesticides,4315,5109_00_00_00_14
Water - Pesticides,4352,5109_00_00_00_14
Water - Pesticides,3747,1144_00_00_00_14
Water - Pesticides,2434,1706_00_00_00_14
Water - Pesticides,2429,186_00_00_00_14
Water - Pesticides,303,186_00_00_00_14
Water - Pesticides,3216,186_00_00_00_14
Water - Pesticides,3405,186_00_00_00_14
Water - Pesticides,3406,186_00_00_00_14
Water - Pesticides,3431n1,186_00_00_00_14
Water - Pesticides,3431n2,186_00_00_00_14
Water - Pesticides,4000,186_00_00_00_14
Water - Pesticides,4315,186_00_00_00_14
Water - Pesticides,4352,186_00_00_00_14
Water - Pesticides,655,186_00_00_00_14
Water - Pesticides,687,186_00_00_00_14
Water - Pesticides,2343,322_00_00_00_14
Water - Pesticides,247,322_00_00_00_14
Water - Pesticides,2721,322_00_00_00_14
Water - Pesticides,2865,322_00_00_00_14
Water - Pesticides,3002,322_00_00_00_14
Water - Pesticides,303,322_00_00_00_14
Water - Pesticides,3216,322_00_00_00_14
Water - Pesticides,3408d1,322_00_00_00_14
Water - Pesticides,3408d2,322_00_00_00_14
Water - Pesticides,3409,322_00_00_00_14
Water - Pesticides,4315,322_00_00_00_14
Water - Pesticides,4352,322_00_00_00_14
Water - Pesticides,687,322_00_00_00_14
Water - Pesticides,786,322_00_00_00_14
Water - Pesticides,938,322_00_00_00_14
Water - Pesticides,2343,324_00_00_00_14
Water - Pesticides,247,324_00_00_00_14
Water - Pesticides,2721,324_00_00_00_14
Water - Pesticides,2865,324_00_00_00_14
Water - Pesticides,3002,324_00_00_00_14
Water - Pesticides,3216,324_00_00_00_14
Water - Pesticides,4315,324_00_00_00_14
Water - Pesticides,938,324_00_00_00_14
Water - Pesticides,4315,1145_00_00_00_14
Water - Pesticides,4352,1145_00_00_00_14
Water - Pesticides,4323,5256_00_00_00_14
Water - Pesticides,1824,98_00_00_00_14
Water - Pesticides,2429,98_00_00_00_14
Water - Pesticides,2551,98_00_00_00_14
Water - Pesticides,2721,98_00_00_00_14
Water - Pesticides,2867,98_00_00_00_14
Water - Pesticides,303,98_00_00_00_14
Water - Pesticides,3216,98_00_00_00_14
Water - Pesticides,3357,98_00_00_00_14
Water - Pesticides,3405,98_00_00_00_14
Water - Pesticides,3406,98_00_00_00_14
Water - Pesticides,4315,98_00_00_00_14
Water - Pesticides,526,98_00_00_00_14
Water - Pesticides,687,98_00_00_00_14
Water - Pesticides,710,98_00_00_00_14
Water - Pesticides,847,98_00_00_00_14
Water - Pesticides,4315,5154_00_00_00_14
Water - Pesticides,4352,5154_00_00_00_14
Water - Pesticides,4315,5155_00_00_00_14
Water - Pesticides,4352,5155_00_00_00_14
Water - Pesticides,3216,4776_00_00_00_14
Water - Pesticides,4315,5294_00_00_00_14
Water - Pesticides,4352,5294_00_00_00_14
Water - Pesticides,4315,5156_00_00_00_14
Water - Pesticides,4352,5156_00_00_00_14
Water - Pesticides,4315,5157_00_00_00_14
Water - Pesticides,4352,5157_00_00_00_14
Water - Pesticides,4315,5158_00_00_00_14
Water - Pesticides,4352,5158_00_00_00_14
Water - Pesticides,3231,2646_00_00_00_14
Water - Pesticides,3461,2646_00_00_00_14
Water - Pesticides,4000,2646_00_00_00_14
Water - Pesticides,4315,2646_00_00_00_14
Water - Pesticides,4352,2646_00_00_00_14
Water - Pesticides,655,2646_00_00_00_14
Water - Pesticides,3658,3649_00_00_00_14
Water - Pesticides,4315,3649_00_00_00_14
Water - Pesticides,4352,3649_00_00_00_14
Water - Pesticides,655,3649_00_00_00_14
Water - Pesticides,2429,1316_00_00_00_14
Water - Pesticides,3405,1316_00_00_00_14
Water - Pesticides,3406,1316_00_00_00_14
Water - Pesticides,4352,1316_00_00_00_14
Water - Pesticides,303,2565_00_00_00_14
Water - Pesticides,3216,2565_00_00_00_14
Water - Pesticides,687,2565_00_00_00_14
Water - Pesticides,3461,127_00_00_00_14
Water - Pesticides,4315,127_00_00_00_14
Water - Pesticides,4352,127_00_00_00_14
Water - Pesticides,655,127_00_00_00_14
Water - Pesticides,3405,10225_00_00_00_14
Water - Pesticides,3406,10225_00_00_00_14
Water - Pesticides,2429,1111_00_00_00_14
Water - Pesticides,4316,1111_00_00_00_14
Water - Pesticides,4315,5159_00_00_00_14
Water - Pesticides,4352,5159_00_00_00_14
Water - Pesticides,247,2723_00_00_00_14
Water - Pesticides,2721,2723_00_00_00_14
Water - Pesticides,3408d1,2723_00_00_00_14
Water - Pesticides,3408d2,2723_00_00_00_14
Water - Pesticides,3409,2723_00_00_00_14
Water - Pesticides,4196,2723_00_00_00_14
Water - Pesticides,4000,4152_00_00_00_14
Water - Pesticides,3747,2158_00_00_00_14
Water - Pesticides,1970,208_00_00_00_14
Water - Pesticides,2345,208_00_00_00_14
Water - Pesticides,2429,208_00_00_00_14
Water - Pesticides,2557,208_00_00_00_14
Water - Pesticides,2868,208_00_00_00_14
Water - Pesticides,2879,208_00_00_00_14
Water - Pesticides,2883,208_00_00_00_14
Water - Pesticides,3003,208_00_00_00_14
Water - Pesticides,303,208_00_00_00_14
Water - Pesticides,3216,208_00_00_00_14
Water - Pesticides,3401,208_00_00_00_14
Water - Pesticides,3405,208_00_00_00_14
Water - Pesticides,3406,208_00_00_00_14
Water - Pesticides,3433,208_00_00_00_14
Water - Pesticides,3655,208_00_00_00_14
Water - Pesticides,526,208_00_00_00_14
Water - Pesticides,687,208_00_00_00_14
Water - Pesticides,710,208_00_00_00_14
Water - Pesticides,4315,5295_00_00_00_14
Water - Pesticides,4352,5295_00_00_00_14
Water - Pesticides,4315,5160_00_00_00_14
Water - Pesticides,4352,5160_00_00_00_14
Water - Pesticides,2429,150_00_00_00_14
Water - Pesticides,2868,150_00_00_00_14
Water - Pesticides,3003,150_00_00_00_14
Water - Pesticides,303,150_00_00_00_14
Water - Pesticides,3216,150_00_00_00_14
Water - Pesticides,3405,150_00_00_00_14
Water - Pesticides,3406,150_00_00_00_14
Water - Pesticides,4000,150_00_00_00_14
Water - Pesticides,4315,150_00_00_00_14
Water - Pesticides,4352,150_00_00_00_14
Water - Pesticides,5,150_00_00_00_14
Water - Pesticides,526,150_00_00_00_14
Water - Pesticides,687,150_00_00_00_14
Water - Pesticides,710,150_00_00_00_14
Water - Pesticides,4315,3376_00_00_00_14
Water - Pesticides,4352,3376_00_00_00_14
Water - Pesticides,303,167_00_00_00_14
Water - Pesticides,3216,167_00_00_00_14
Water - Pesticides,3231,167_00_00_00_14
Water - Pesticides,687,167_00_00_00_14
Water - Pesticides,462,4605_00_00_00_14
Water - Pesticides,1947,165_00_00_00_14
Water - Pesticides,2429,165_00_00_00_14
Water - Pesticides,2863,165_00_00_00_14
Water - Pesticides,2864,165_00_00_00_14
Water - Pesticides,2879,165_00_00_00_14
Water - Pesticides,2883,165_00_00_00_14
Water - Pesticides,3225,165_00_00_00_14
Water - Pesticides,3401,165_00_00_00_14
Water - Pesticides,3405,165_00_00_00_14
Water - Pesticides,3406,165_00_00_00_14
Water - Pesticides,3654,165_00_00_00_14
Water - Pesticides,549,165_00_00_00_14
Water - Pesticides,673,165_00_00_00_14
Water - Pesticides,710,165_00_00_00_14
Water - Pesticides,718,165_00_00_00_14
Water - Pesticides,3747,2159_00_00_00_14
Water - Pesticides,3658,10226_00_00_00_14
Water - Pesticides,303,1622_00_00_00_14
Water - Pesticides,3216,1622_00_00_00_14
Water - Pesticides,4315,1622_00_00_00_14
Water - Pesticides,4352,1622_00_00_00_14
Water - Pesticides,655,1622_00_00_00_14
Water - Pesticides,4323,5263_00_00_00_14
Water - Pesticides,4323,5264_00_00_00_14
Water - Pesticides,4323,5265_00_00_00_14
Water - Pesticides,3405,10230_00_00_00_14
Water - Pesticides,3406,10230_00_00_00_14
Water - Pesticides,3216,1162_00_00_00_14
Water - Pesticides,4315,1162_00_00_00_14
Water - Pesticides,4352,1162_00_00_00_14
Water - Pesticides,3216,3131_00_00_00_14
Water - Pesticides,3431d1,3131_00_00_00_14
Water - Pesticides,3431d2,3131_00_00_00_14
Water - Pesticides,4315,3131_00_00_00_14
Water - Pesticides,655,3131_00_00_00_14
Water - Pesticides,462,4606_00_00_00_14
Water - Pesticides,4352,5161_00_00_00_14
Water - Pesticides,4315,1937_00_00_00_14
Water - Pesticides,4352,1937_00_00_00_14
Water - Pesticides,3461,2561_00_00_00_14
Water - Pesticides,4315,2561_00_00_00_14
Water - Pesticides,4352,2561_00_00_00_14
Water - Pesticides,655,2561_00_00_00_14
Water - Pesticides,4315,5162_00_00_00_14
Water - Pesticides,4352,5162_00_00_00_14
Water - Pesticides,4315,5110_00_00_00_14
Water - Pesticides,4316,5110_00_00_00_14
Water - Pesticides,3216,4777_00_00_00_14
Water - Pesticides,1824,218_00_00_00_14
Water - Pesticides,2429,218_00_00_00_14
Water - Pesticides,2551,218_00_00_00_14
Water - Pesticides,2867,218_00_00_00_14
Water - Pesticides,303,218_00_00_00_14
Water - Pesticides,3357,218_00_00_00_14
Water - Pesticides,3405,218_00_00_00_14
Water - Pesticides,3406,218_00_00_00_14
Water - Pesticides,687,218_00_00_00_14
Water - Pesticides,710,218_00_00_00_14
Water - Pesticides,847,218_00_00_00_14
Water - Pesticides,2429,171_00_00_00_14
Water - Pesticides,303,171_00_00_00_14
Water - Pesticides,3216,171_00_00_00_14
Water - Pesticides,3405,171_00_00_00_14
Water - Pesticides,3406,171_00_00_00_14
Water - Pesticides,687,171_00_00_00_14
Water - Pesticides,847,171_00_00_00_14
Water - Pesticides,2429,4114_00_00_00_14
Water - Pesticides,3231,4114_00_00_00_14
Water - Pesticides,3405,4114_00_00_00_14
Water - Pesticides,3406,4114_00_00_00_14
Water - Pesticides,4315,4114_00_00_00_14
Water - Pesticides,4315,5163_00_00_00_14
Water - Pesticides,4352,5163_00_00_00_14
Water - Pesticides,2429,3080_00_00_00_14
Water - Pesticides,3231,3080_00_00_00_14
Water - Pesticides,4316,3080_00_00_00_14
Water - Pesticides,4315,5164_00_00_00_14
Water - Pesticides,4352,5164_00_00_00_14
Water - Pesticides,3216,4_00_00_00_14
Water - Pesticides,3405,4_00_00_00_14
Water - Pesticides,3406,4_00_00_00_14
Water - Pesticides,3747,4_00_00_00_14
Water - Pesticides,4068,4_00_00_00_14
Water - Pesticides,4316,4_00_00_00_14
Water - Pesticides,4315,5165_00_00_00_14
Water - Pesticides,4352,5165_00_00_00_14
Water - Pesticides,3747,1146_00_00_00_14
Water - Pesticides,2434,1705_00_00_00_14
Water - Pesticides,1824,172_00_00_00_14
Water - Pesticides,2429,172_00_00_00_14
Water - Pesticides,2551,172_00_00_00_14
Water - Pesticides,2721,172_00_00_00_14
Water - Pesticides,2867,172_00_00_00_14
Water - Pesticides,303,172_00_00_00_14
Water - Pesticides,3216,172_00_00_00_14
Water - Pesticides,3357,172_00_00_00_14
Water - Pesticides,3405,172_00_00_00_14
Water - Pesticides,3655,172_00_00_00_14
Water - Pesticides,4316,172_00_00_00_14
Water - Pesticides,687,172_00_00_00_14
Water - Pesticides,710,172_00_00_00_14
Water - Pesticides,847,172_00_00_00_14
Water - Pesticides,3406,4537_00_00_00_01
Water - Pesticides,303,1281_00_00_00_14
Water - Pesticides,687,1281_00_00_00_14
Water - Pesticides,3216,163_00_00_00_14
Water - Pesticides,303,994_00_00_00_14
Water - Pesticides,3231,994_00_00_00_14
Water - Pesticides,526,994_00_00_00_14
Water - Pesticides,687,994_00_00_00_14
Water - Pesticides,710,994_00_00_00_14
Water - Pesticides,2429,265_00_00_00_14
Water - Pesticides,2867,265_00_00_00_14
Water - Pesticides,3216,265_00_00_00_14
Water - Pesticides,3357,265_00_00_00_14
Water - Pesticides,3405,265_00_00_00_14
Water - Pesticides,3406,265_00_00_00_14
Water - Pesticides,3655,265_00_00_00_14
Water - Pesticides,847,265_00_00_00_14
Water - Pesticides,2342,194_00_00_00_14
Water - Pesticides,2879,194_00_00_00_14
Water - Pesticides,2883,194_00_00_00_14
Water - Pesticides,4332,5276_00_00_00_14
Water - Pesticides,2343,135_00_00_00_14
Water - Pesticides,247,135_00_00_00_14
Water - Pesticides,2721,135_00_00_00_14
Water - Pesticides,2865,135_00_00_00_14
Water - Pesticides,3002,135_00_00_00_14
Water - Pesticides,3216,135_00_00_00_14
Water - Pesticides,4315,135_00_00_00_14
Water - Pesticides,786,135_00_00_00_14
Water - Pesticides,928,135_00_00_00_14
Water - Pesticides,958,135_00_00_00_14
Water - Pesticides,4315,5166_00_00_00_14
Water - Pesticides,4352,5166_00_00_00_14
Water - Pesticides,4315,4786_00_00_00_14
Water - Pesticides,4352,4786_00_00_00_14
Water - Pesticides,4315,5167_00_00_00_14
Water - Pesticides,4352,5167_00_00_00_14
Water - Pesticides,2434,1147_00_00_00_14
Water - Pesticides,3655,1147_00_00_00_14
Water - Pesticides,4315,1147_00_00_00_14
Water - Pesticides,4352,1147_00_00_00_14
Water - Pesticides,2429,4115_00_00_00_14
Water - Pesticides,3405,4115_00_00_00_14
Water - Pesticides,3406,4115_00_00_00_14
Water - Pesticides,3747,2161_00_00_00_14
Water - Pesticides,2434,1695_00_00_00_14
Water - Pesticides,3431d1,4164_00_00_00_14
Water - Pesticides,3431d2,4164_00_00_00_14
Water - Pesticides,303,264_00_00_00_14
Water - Pesticides,4315,264_00_00_00_14
Water - Pesticides,4352,264_00_00_00_14
Water - Pesticides,526,264_00_00_00_14
Water - Pesticides,687,264_00_00_00_14
Water - Pesticides,4352,4153_00_00_00_14
Water - Pesticides,303,117_00_00_00_14
Water - Pesticides,526,117_00_00_00_14
Water - Pesticides,687,117_00_00_00_14
Water - Pesticides,3231,2581_00_00_00_14
Water - Pesticides,3658,2581_00_00_00_14
Water - Pesticides,4315,2581_00_00_00_14
Water - Pesticides,4352,2581_00_00_00_14
Water - Pesticides,655,2581_00_00_00_14
Water - Pesticides,3216,83_00_00_00_14
Water - Pesticides,4315,5168_00_00_00_14
Water - Pesticides,3231,1869_00_00_00_14
Water - Pesticides,4315,1869_00_00_00_14
Water - Pesticides,4352,1869_00_00_00_14
Water - Pesticides,3431d1,4168_00_00_00_14
Water - Pesticides,3431d2,4168_00_00_00_14
Water - Pesticides,4315,4168_00_00_00_14
Water - Pesticides,4352,4168_00_00_00_14
Water - Pesticides,655,4168_00_00_00_14
Water - Pesticides,4352,4787_00_00_00_14
Water - Pesticides,4315,5169_00_00_00_14
Water - Pesticides,4352,5169_00_00_00_14
Water - Pesticides,4315,5170_00_00_00_14
Water - Pesticides,4352,5170_00_00_00_14
Water - Pesticides,3216,3647_00_00_00_14
Water - Pesticides,3658,3647_00_00_00_14
Water - Pesticides,4315,3647_00_00_00_14
Water - Pesticides,4352,3647_00_00_00_14
Water - Pesticides,655,3647_00_00_00_14
Water - Pesticides,4315,5171_00_00_00_14
Water - Pesticides,4352,5171_00_00_00_14
Water - Pesticides,4315,5172_00_00_00_14
Water - Pesticides,4352,5172_00_00_00_14
Water - Pesticides,2434,1698_00_00_00_14
Water - Pesticides,2434,1701_00_00_00_14
Water - Pesticides,4315,5174_00_00_00_14
Water - Pesticides,2721,3081_00_00_00_14
Water - Pesticides,4315,3081_00_00_00_14
Water - Pesticides,4352,3081_00_00_00_14
Water - Pesticides,4315,1988_00_00_00_14
Water - Pesticides,4352,1988_00_00_00_14
Water - Pesticides,655,1988_00_00_00_14
Water - Pesticides,4315,5175_00_00_00_14
Water - Pesticides,4352,5175_00_00_00_14
Water - Pesticides,4315,5176_00_00_00_14
Water - Pesticides,4352,5176_00_00_00_14
Water - Pesticides,4315,5177_00_00_00_14
Water - Pesticides,2721,3082_00_00_00_14
Water - Pesticides,4352,3082_00_00_00_14
Water - Pesticides,4315,5178_00_00_00_14
Water - Pesticides,4352,5178_00_00_00_14
Water - Pesticides,3405,10228_00_00_00_14
Water - Pesticides,3406,10228_00_00_00_14
Water - Pesticides,4315,5296_00_00_00_14
Water - Pesticides,4352,5296_00_00_00_14
Water - Pesticides,3655,1148_00_00_00_14
Water - Pesticides,3747,1148_00_00_00_14
Water - Pesticides,2434,1702_00_00_00_14
Water - Pesticides,3216,4154_00_00_00_14
Water - Pesticides,3431d1,4154_00_00_00_14
Water - Pesticides,3431d2,4154_00_00_00_14
Water - Pesticides,4315,4154_00_00_00_14
Water - Pesticides,4352,4154_00_00_00_14
Water - Pesticides,655,4154_00_00_00_14
Water - Pesticides,4315,5179_00_00_00_14
Water - Pesticides,4352,5179_00_00_00_14
Water - Pesticides,4315,5180_00_00_00_14
Water - Pesticides,4352,5180_00_00_00_14
Water - Pesticides,4315,3132_00_00_00_14
Water - Pesticides,2429,100_00_00_00_14
Water - Pesticides,2699,100_00_00_00_14
Water - Pesticides,2868,100_00_00_00_14
Water - Pesticides,3003,100_00_00_00_14
Water - Pesticides,303,100_00_00_00_14
Water - Pesticides,3216,100_00_00_00_14
Water - Pesticides,3405,100_00_00_00_14
Water - Pesticides,3406,100_00_00_00_14
Water - Pesticides,3655,100_00_00_00_14
Water - Pesticides,4315,100_00_00_00_14
Water - Pesticides,4352,100_00_00_00_14
Water - Pesticides,5,100_00_00_00_14
Water - Pesticides,526,100_00_00_00_14
Water - Pesticides,687,100_00_00_00_14
Water - Pesticides,710,100_00_00_00_14
Water - Pesticides,710,1231_00_00_00_14
Water - Pesticides,4315,5181_00_00_00_14
Water - Pesticides,4352,5181_00_00_00_14
Water - Pesticides,4315,5182_00_00_00_14
Water - Pesticides,4352,5182_00_00_00_14
Water - Pesticides,3619,1929_00_00_00_14
Water - Pesticides,4315,1929_00_00_00_14
Water - Pesticides,4334,1929_00_00_00_14
Water - Pesticides,4352,1929_00_00_00_14
Water - Pesticides,655,1929_00_00_00_14
Water - Pesticides,3619,1930_00_00_00_14
Water - Pesticides,4315,1930_00_00_00_14
Water - Pesticides,4334,1930_00_00_00_14
Water - Pesticides,4352,1930_00_00_00_14
Water - Pesticides,655,1930_00_00_00_14
Water - Pesticides,3619,1931_00_00_00_14
Water - Pesticides,4315,1931_00_00_00_14
Water - Pesticides,4334,1931_00_00_00_14
Water - Pesticides,4352,1931_00_00_00_14
Water - Pesticides,655,1931_00_00_00_14
Water - Pesticides,4315,1989_00_00_00_14
Water - Pesticides,4352,1989_00_00_00_14
Water - Pesticides,655,1989_00_00_00_14
Water - Pesticides,4315,5183_00_00_00_14
Water - Pesticides,4352,5183_00_00_00_14
Water - Pesticides,3619,1933_00_00_00_14
Water - Pesticides,4315,1933_00_00_00_14
Water - Pesticides,4334,1933_00_00_00_14
Water - Pesticides,4352,1933_00_00_00_14
Water - Pesticides,655,1933_00_00_00_14
Water - Pesticides,4315,5184_00_00_00_14
Water - Pesticides,4352,5184_00_00_00_14
Water - Pesticides,2429,3653_00_00_00_14
Water - Pesticides,3658,3653_00_00_00_14
Water - Pesticides,655,3653_00_00_00_14
Water - Pesticides,3405,4116_00_00_00_14
Water - Pesticides,3406,4116_00_00_00_14
Water - Pesticides,4315,4116_00_00_00_14
Water - Pesticides,4352,4116_00_00_00_14
Water - Pesticides,4315,3509_00_00_00_14
Water - Pesticides,4352,3509_00_00_00_14
Water - Pesticides,303,191_00_00_00_14
Water - Pesticides,3216,191_00_00_00_14
Water - Pesticides,2429,4117_00_00_00_14
Water - Pesticides,2551,1026_00_00_00_14
Water - Pesticides,3405,4117_00_00_00_14
Water - Pesticides,3406,4117_00_00_00_14
Water - Pesticides,2721,1026_00_00_00_14
Water - Pesticides,2429,1047_00_00_00_14
Water - Pesticides,3747,2156_00_00_00_14
Water - Pesticides,2863,1047_00_00_00_14
Water - Pesticides,3405,1047_00_00_00_14
Water - Pesticides,4316,2156_00_00_00_14
Water - Pesticides,4315,5185_00_00_00_14
Water - Pesticides,3406,1047_00_00_00_14
Water - Pesticides,3654,1047_00_00_00_14
Water - Pesticides,4352,5185_00_00_00_14
Water - Pesticides,4315,5186_00_00_00_14
Water - Pesticides,549,1047_00_00_00_14
Water - Pesticides,462,1140_00_00_00_14
Water - Pesticides,4352,5186_00_00_00_14
Water - Pesticides,3747,1149_00_00_00_14
Water - Pesticides,3655,232_00_00_00_14
Water - Pesticides,1869,1173_00_00_00_14
Water - Pesticides,1824,1023_00_00_00_14
Water - Pesticides,786,131_00_00_00_14
Water - Pesticides,2429,1023_00_00_00_14
Water - Pesticides,786,139_00_00_00_14
Water - Pesticides,2551,1023_00_00_00_14
Water - Pesticides,1947,169_00_00_00_14
Water - Pesticides,2721,1023_00_00_00_14
Water - Pesticides,2867,1023_00_00_00_14
Water - Pesticides,2009,169_00_00_00_14
Water - Pesticides,2429,169_00_00_00_14
Water - Pesticides,303,1023_00_00_00_14
Water - Pesticides,3216,1023_00_00_00_14
Water - Pesticides,2879,169_00_00_00_14
Water - Pesticides,2883,169_00_00_00_14
Water - Pesticides,3357,1023_00_00_00_14
Water - Pesticides,3405,1023_00_00_00_14
Water - Pesticides,3401,169_00_00_00_14
Water - Pesticides,3405,169_00_00_00_14
Water - Pesticides,3406,1023_00_00_00_14
Water - Pesticides,3406,169_00_00_00_14
Water - Pesticides,687,1023_00_00_00_14
Water - Pesticides,710,1023_00_00_00_14
Water - Pesticides,549,169_00_00_00_14
Water - Pesticides,847,175_00_00_00_14
Water - Pesticides,2429,192_00_00_00_14
Water - Pesticides,2863d1,192_00_00_00_14
Water - Pesticides,2863d2,192_00_00_00_14
Water - Pesticides,303,157_00_00_00_14
Water - Pesticides,687,157_00_00_00_14
Water - Pesticides,3405,192_00_00_00_14
Water - Pesticides,3406,192_00_00_00_14
Water - Pesticides,3658,3652_00_00_00_14
Water - Pesticides,3654,192_00_00_00_14
Water - Pesticides,4315,3652_00_00_00_14
Water - Pesticides,4352,3652_00_00_00_14
Water - Pesticides,4102,192_00_00_00_14
Water - Pesticides,549,192_00_00_00_14
Water - Pesticides,655,3652_00_00_00_14
Water - Pesticides,2434,1150_00_00_00_14
Water - Pesticides,2343,203_00_00_00_14
Water - Pesticides,2865,203_00_00_00_14
Water - Pesticides,3747,1150_00_00_00_14
Water - Pesticides,287,203_00_00_00_14
Water - Pesticides,4315,5187_00_00_00_14
Water - Pesticides,3002,203_00_00_00_14
Water - Pesticides,4352,5187_00_00_00_14
Water - Pesticides,928,203_00_00_00_14
Water - Pesticides,4352,4610_00_00_00_14
Water - Pesticides,1947,206_00_00_00_14
Water - Pesticides,2863,206_00_00_00_14
Water - Pesticides,462,4610_00_00_00_14
Water - Pesticides,2864,206_00_00_00_14
Water - Pesticides,2879,206_00_00_00_14
Water - Pesticides,3619,4489_00_00_00_14
Water - Pesticides,2883,206_00_00_00_14
Water - Pesticides,4315,4489_00_00_00_14
Water - Pesticides,4334,4489_00_00_00_14
Water - Pesticides,3225,206_00_00_00_14
Water - Pesticides,4352,4489_00_00_00_14
Water - Pesticides,3401,206_00_00_00_14
Water - Pesticides,3405,206_00_00_00_14
Water - Pesticides,655,4489_00_00_00_14
Water - Pesticides,3406,206_00_00_00_14
Water - Pesticides,3654,206_00_00_00_14
Water - Pesticides,3619,1165_00_00_00_14
Water - Pesticides,549,206_00_00_00_14
Water - Pesticides,4315,1165_00_00_00_14
Water - Pesticides,673,206_00_00_00_14
Water - Pesticides,710,206_00_00_00_14
Water - Pesticides,4334,1165_00_00_00_14
Water - Pesticides,4352,1165_00_00_00_14
Water - Pesticides,718,206_00_00_00_14
Water - Pesticides,1947,207_00_00_00_14
Water - Pesticides,655,1165_00_00_00_14
Water - Pesticides,2863,207_00_00_00_14
Water - Pesticides,2864,207_00_00_00_14
Water - Pesticides,4315,5188_00_00_00_14
Water - Pesticides,2879,207_00_00_00_14
Water - Pesticides,2883,207_00_00_00_14
Water - Pesticides,4352,5188_00_00_00_14
Water - Pesticides,4315,3032_00_00_00_14
Water - Pesticides,3401,207_00_00_00_14
Water - Pesticides,3405,207_00_00_00_14
Water - Pesticides,4352,3032_00_00_00_14
Water - Pesticides,4332,5277_00_00_00_14
Water - Pesticides,3406,207_00_00_00_14
Water - Pesticides,3654,207_00_00_00_14
Water - Pesticides,4315,5111_00_00_00_14
Water - Pesticides,4316,5111_00_00_00_14
Water - Pesticides,673,207_00_00_00_14
Water - Pesticides,710,207_00_00_00_14
Water - Pesticides,4352,5111_00_00_00_14
Water - Pesticides,4315,5189_00_00_00_14
Water - Pesticides,718,207_00_00_00_14
Water - Pesticides,4352,5189_00_00_00_14
Water - Pesticides,3747,230_00_00_00_14
Water - Pesticides,4352,5190_00_00_00_14
Water - Pesticides,1947,260_00_00_00_14
Water - Pesticides,2429,3233_00_00_00_14
Water - Pesticides,2429,260_00_00_00_14
Water - Pesticides,2434,3233_00_00_00_14
Water - Pesticides,2863,260_00_00_00_14
Water - Pesticides,2864,260_00_00_00_14
Water - Pesticides,2429,3232_00_00_00_14
Water - Pesticides,2879,260_00_00_00_14
Water - Pesticides,2883,260_00_00_00_14
Water - Pesticides,2434,3232_00_00_00_14
Water - Pesticides,3225,260_00_00_00_14
Water - Pesticides,3401,260_00_00_00_14
Water - Pesticides,3405,260_00_00_00_14
Water - Pesticides,4315,3031_00_00_00_14
Water - Pesticides,3747,2157_00_00_00_14
Water - Pesticides,3406,260_00_00_00_14
Water - Pesticides,3654,260_00_00_00_14
Water - Pesticides,2344,162_00_00_00_14
Water - Pesticides,549,260_00_00_00_14
Water - Pesticides,2429,162_00_00_00_14
Water - Pesticides,2721,162_00_00_00_14
Water - Pesticides,673,260_00_00_00_14
Water - Pesticides,718,260_00_00_00_14
Water - Pesticides,2868,162_00_00_00_14
Water - Pesticides,2429,262_00_00_00_14
Water - Pesticides,3003,162_00_00_00_14
Water - Pesticides,3405,262_00_00_00_14
Water - Pesticides,3405,162_00_00_00_14
Water - Pesticides,3406,162_00_00_00_14
Water - Pesticides,2003,2679_00_00_00_01
Water - Pesticides,2679,2679_00_00_00_01
Water - Pesticides,3655,162_00_00_00_14
Water - Pesticides,2863,2679_00_00_00_01
Water - Pesticides,4315,162_00_00_00_14
Water - Pesticides,4352,162_00_00_00_14
Water - Pesticides,2864,2679_00_00_00_01
Water - Pesticides,710,162_00_00_00_14
Water - Pesticides,2429,2679_00_00_00_14
Water - Pesticides,882,162_00_00_00_14
Water - Pesticides,3405,2679_00_00_00_14
Water - Pesticides,3406,2679_00_00_00_14
Water - Pesticides,549,2679_00_00_00_14
Water - Pesticides,2721,2720_00_00_00_14
Water - Pesticides,4315,3033_00_00_00_14
Water - Pesticides,2429,2852_00_00_00_14
Water - Pesticides,4352,3033_00_00_00_14
Water - Pesticides,2863,2852_00_00_00_14
Water - Pesticides,3405,2852_00_00_00_14
Water - Pesticides,462,1284_00_00_00_14
Water - Pesticides,3406,2852_00_00_00_14
Water - Pesticides,3654,2852_00_00_00_14
Water - Pesticides,549,2852_00_00_00_14
Water - Pesticides,247,3133_00_00_00_14
Water - Pesticides,3216,3133_00_00_00_14
Water - Pesticides,710,2852_00_00_00_14
Water - Pesticides,2865,3044_00_00_00_14
Water - Pesticides,3408d1,3133_00_00_00_14
Water - Pesticides,3408d2,3133_00_00_00_14
Water - Pesticides,3002,3044_00_00_00_14
Water - Pesticides,3408,3044_00_00_00_14
Water - Pesticides,3409,3133_00_00_00_14
Water - Pesticides,303,3403_00_00_00_14
Water - Pesticides,4315,3133_00_00_00_14
Water - Pesticides,4352,3133_00_00_00_14
Water - Pesticides,3216,3403_00_00_00_14
Water - Pesticides,3231,3403_00_00_00_14
Water - Pesticides,1869,1171_00_00_00_14
Water - Pesticides,462,1171_00_00_00_14
Water - Pesticides,687,3403_00_00_00_14
Water - Pesticides,462,4640_00_00_00_14
Water - Pesticides,489,1171_00_00_00_14
Water - Pesticides,640,1171_00_00_00_14
Water - Pesticides,4316,5102_00_00_00_14
Water - Pesticides,4316,5105_00_00_00_14
Water - Pesticides,247,9100_00_00_00_14
Water - Pesticides,3216,3646_00_00_00_14
Water - Pesticides,3658,3646_00_00_00_14
Water - Pesticides,4315,3646_00_00_00_14
Water - Pesticides,4352,3646_00_00_00_14
Water - Pesticides,655,3646_00_00_00_14
Water - Pesticides,2344,122_00_00_00_14
Water - Pesticides,2429,122_00_00_00_14
Water - Pesticides,2721,122_00_00_00_14
Water - Pesticides,2868,122_00_00_00_14
Water - Pesticides,3003,122_00_00_00_14
Water - Pesticides,303,122_00_00_00_14
Water - Pesticides,3216,122_00_00_00_14
Water - Pesticides,3405,122_00_00_00_14
Water - Pesticides,3406,122_00_00_00_14
Water - Pesticides,3655,122_00_00_00_14
Water - Pesticides,4315,122_00_00_00_14
Water - Pesticides,4316,122_00_00_00_14
Water - Pesticides,687,122_00_00_00_14
Water - Pesticides,710,122_00_00_00_14
Water - Pesticides,843,122_00_00_00_14
Water - Pesticides,4315,5191_00_00_00_14
Water - Pesticides,4352,5191_00_00_00_14
Water - Pesticides,3231,1870_00_00_00_14
Water - Pesticides,4315,1870_00_00_00_14
Water - Pesticides,3231,4788_00_00_00_14
Water - Pesticides,4315,4788_00_00_00_14
Water - Pesticides,4352,4788_00_00_00_14
Water - Pesticides,4315,5192_00_00_00_14
Water - Pesticides,4352,5192_00_00_00_14
Water - Pesticides,1947,335_00_00_00_14
Water - Pesticides,2429,335_00_00_00_14
Water - Pesticides,2721,335_00_00_00_14
Water - Pesticides,2863,335_00_00_00_14
Water - Pesticides,2864,335_00_00_00_14
Water - Pesticides,2879,335_00_00_00_14
Water - Pesticides,2883,335_00_00_00_14
Water - Pesticides,3225,335_00_00_00_14
Water - Pesticides,3401,335_00_00_00_14
Water - Pesticides,3405,335_00_00_00_14
Water - Pesticides,3406,335_00_00_00_14
Water - Pesticides,3654,335_00_00_00_14
Water - Pesticides,4068,335_00_00_00_14
Water - Pesticides,549,335_00_00_00_14
Water - Pesticides,673,335_00_00_00_14
Water - Pesticides,718,335_00_00_00_14
Water - Pesticides,3401,4057_00_00_00_14
Water - Pesticides,1947,1042_00_00_00_14
Water - Pesticides,3654,1042_00_00_00_14
Water - Pesticides,2863,4044_00_00_00_14
Water - Pesticides,2429,182_00_00_00_14
Water - Pesticides,3225,182_00_00_00_14
Water - Pesticides,3405,182_00_00_00_14
Water - Pesticides,3406,182_00_00_00_14
Water - Pesticides,3654,182_00_00_00_14
Water - Pesticides,549,182_00_00_00_14
Water - Pesticides,2429,3519_00_00_00_14
Water - Pesticides,2429,2856_00_00_00_14
Water - Pesticides,3405,2856_00_00_00_14
Water - Pesticides,3406,2856_00_00_00_14
Water - Pesticides,3654,2856_00_00_00_14
Water - Pesticides,549,2856_00_00_00_14
Water - Pesticides,2863,4046_00_00_00_14
Water - Pesticides,4352,5318_00_00_00_14
Water - Pesticides,4352,5319_00_00_00_14
Water - Pesticides,4323,5259_00_00_00_14
Water - Pesticides,4352,5320_00_00_00_14
Water - Pesticides,4323,5260_00_00_00_14
Water - Pesticides,1947,227_00_00_00_14
Water - Pesticides,2429,227_00_00_00_14
Water - Pesticides,2721,227_00_00_00_14
Water - Pesticides,2863,227_00_00_00_14
Water - Pesticides,2864,227_00_00_00_14
Water - Pesticides,2879,227_00_00_00_14
Water - Pesticides,2883,227_00_00_00_14
Water - Pesticides,3405,227_00_00_00_14
Water - Pesticides,3406,227_00_00_00_14
Water - Pesticides,549,227_00_00_00_14
Water - Pesticides,673,227_00_00_00_14
Water - Pesticides,710,227_00_00_00_14
Water - Pesticides,718,227_00_00_00_14
Water - Pesticides,3401,4058_00_00_00_14
Water - Pesticides,3654,1044_00_00_00_14
Water - Pesticides,4323,5262_00_00_00_14
Water - Pesticides,2429,211_00_00_00_14
Water - Pesticides,2863d1,211_00_00_00_14
Water - Pesticides,2863d2,211_00_00_00_14
Water - Pesticides,3225,211_00_00_00_14
Water - Pesticides,3405,211_00_00_00_14
Water - Pesticides,3406,211_00_00_00_14
Water - Pesticides,3654,211_00_00_00_14
Water - Pesticides,4102,211_00_00_00_14
Water - Pesticides,549,211_00_00_00_14
Water - Pesticides,1947,287_00_00_00_14
Water - Pesticides,2429,287_00_00_00_14
Water - Pesticides,2863,287_00_00_00_14
Water - Pesticides,2864,287_00_00_00_14
Water - Pesticides,2879,287_00_00_00_14
Water - Pesticides,2883,287_00_00_00_14
Water - Pesticides,3225,287_00_00_00_14
Water - Pesticides,3401,287_00_00_00_14
Water - Pesticides,3405,287_00_00_00_14
Water - Pesticides,3406,287_00_00_00_14
Water - Pesticides,3654,287_00_00_00_14
Water - Pesticides,549,287_00_00_00_14
Water - Pesticides,673,287_00_00_00_14
Water - Pesticides,710,287_00_00_00_14
Water - Pesticides,718,287_00_00_00_14
Water - Pesticides,1947,261_00_00_00_14
Water - Pesticides,2429,261_00_00_00_14
Water - Pesticides,2863,261_00_00_00_14
Water - Pesticides,2864,261_00_00_00_14
Water - Pesticides,2879,261_00_00_00_14
Water - Pesticides,2883,261_00_00_00_14
Water - Pesticides,3225,261_00_00_00_14
Water - Pesticides,3401,261_00_00_00_14
Water - Pesticides,3405,261_00_00_00_14
Water - Pesticides,3406,261_00_00_00_14
Water - Pesticides,3654,261_00_00_00_14
Water - Pesticides,549,261_00_00_00_14
Water - Pesticides,673,261_00_00_00_14
Water - Pesticides,710,261_00_00_00_14
Water - Pesticides,718,261_00_00_00_14
Water - Pesticides,1947,200_00_00_00_14
Water - Pesticides,2429,200_00_00_00_14
Water - Pesticides,2863,200_00_00_00_14
Water - Pesticides,2864,200_00_00_00_14
Water - Pesticides,2879,200_00_00_00_14
Water - Pesticides,2883,200_00_00_00_14
Water - Pesticides,3225,200_00_00_00_14
Water - Pesticides,3401,200_00_00_00_14
Water - Pesticides,3405,200_00_00_00_14
Water - Pesticides,3406,200_00_00_00_14
Water - Pesticides,3654,200_00_00_00_14
Water - Pesticides,549,200_00_00_00_14
Water - Pesticides,673,200_00_00_00_14
Water - Pesticides,710,200_00_00_00_14
Water - Pesticides,718,200_00_00_00_14
Water - Pesticides,1947,259_00_00_00_14
Water - Pesticides,2429,259_00_00_00_14
Water - Pesticides,2721,259_00_00_00_14
Water - Pesticides,2863,259_00_00_00_14
Water - Pesticides,2864,259_00_00_00_14
Water - Pesticides,2879,259_00_00_00_14
Water - Pesticides,2883,259_00_00_00_14
Water - Pesticides,3216,259_00_00_00_14
Water - Pesticides,3401,259_00_00_00_14
Water - Pesticides,3405,259_00_00_00_14
Water - Pesticides,3406,259_00_00_00_14
Water - Pesticides,3654,259_00_00_00_14
Water - Pesticides,549,259_00_00_00_14
Water - Pesticides,673,259_00_00_00_14
Water - Pesticides,718,259_00_00_00_14
Water - Pesticides,722,259_00_00_00_14
Water - Pesticides,4352,5321_00_00_00_14
Water - Pesticides,2429,3520_00_00_00_14
Water - Pesticides,3225,3520_00_00_00_14
Water - Pesticides,549,3520_00_00_00_14
Water - Pharmaceutical,462,4649_00_00_00_14
Water - Pharmaceutical,462,4656_00_00_00_14
Water - Pharmaceutical,462,4691_00_00_00_14
Water - Pharmaceutical,462,4683_00_00_00_14
Water - Pharmaceutical,4479,4039_00_00_00_14
Water - Pharmaceutical,462,4638_00_00_00_14
Water - Pharmaceutical,462,4637_00_00_00_14
Water - Pharmaceutical,4479,3573_00_00_00_14
Water - Pharmaceutical,4479,1919_00_00_00_14
Water - Pharmaceutical,4479,4657_00_00_00_14
Water - Pharmaceutical,462,4681_00_00_00_14
Water - Pharmaceutical,462,4682_00_00_00_14
Water - Pharmaceutical,462,4685_00_00_00_14
Water - Pharmaceutical,4479,1193_00_00_00_14
Water - Pharmaceutical,4479,4692_00_00_00_14
Water - Pharmaceutical,462,4678_00_00_00_14
Water - Pharmaceutical,462,4648_00_00_00_14
Water - Pharmaceutical,462,4689_00_00_00_14
Water - Pharmaceutical,462,4696_00_00_00_14
Water - Pharmaceutical,462,4674_00_00_00_14
Water - Pharmaceutical,462,4635_00_00_00_14
Water - Pharmaceutical,462,4658_00_00_00_14
Water - Pharmaceutical,462,4695_00_00_00_14
Water - Pharmaceutical,462,4686_00_00_00_14
Water - Pharmaceutical,462,4636_00_00_00_14
Water - Pharmaceutical,462,4670_00_00_00_14
Water - Pharmaceutical,462,4657_00_00_00_14
Water - Pharmaceutical,462,4680_00_00_00_14
Water - Pharmaceutical,3407,3600_00_00_00_14
Water - Pharmaceutical,462,4655_00_00_00_14
Water - Pharmaceutical,462,4673_00_00_00_14
Water - Pharmaceutical,462,4672_00_00_00_14
Water - Pharmaceutical,462,4677_00_00_00_14
Water - Pharmaceutical,4426,5417_00_00_00_14
Water - Pharmaceutical,462,4651_00_00_00_14
Water - Pharmaceutical,462,4652_00_00_00_14
Water - Pharmaceutical,462,4653_00_00_00_14
Water - Pharmaceutical,462,4675_00_00_00_14
Water - Pharmaceutical,462,4692_00_00_00_14
Water - Pharmaceutical,462,4730_00_00_00_14
Water - Pharmaceutical,462,4679_00_00_00_14
Water - Pharmaceutical,462,4639_00_00_00_14
Water - Pharmaceutical,462,4625_00_00_00_14
Water - Pharmaceutical,462,4631_00_00_00_14
Water - Pharmaceutical,462,4623_00_00_00_14
Water - Pharmaceutical,462,4629_00_00_00_14
Water - Pharmaceutical,462,4630_00_00_00_14
Water - Pharmaceutical,1869,1193_00_00_00_14
Water - Pharmaceutical,462,1193_00_00_00_14
Water - Pharmaceutical,462,4671_00_00_00_14
Water - Pharmaceutical,462,4624_00_00_00_14
Water - Pharmaceutical,462,4632_00_00_00_14
Water - Pharmaceutical,462,4592_00_00_00_14
Water - Pharmaceutical,462,3573_00_00_00_14
Water - Pharmaceutical,462,4591_00_00_00_14
Water - Pharmaceutical,462,4101_00_00_00_14
Water - Pharmaceutical,462,1241_00_00_00_14
Water - Pharmaceutical,462,4713_00_00_00_14
Water - Pharmaceutical,462,4595_00_00_00_14
Water - Pharmaceutical,462,4596_00_00_00_14
Water - Pharmaceutical,462,4597_00_00_00_14
Water - Pharmaceutical,462,4039_00_00_00_14
Water - Pharmaceutical,462,3572_00_00_00_14
Water - Pharmaceutical,462,4723_00_00_00_14
Water - Pharmaceutical,462,4627_00_00_00_14
Water - Pharmaceutical,1869,3605_00_00_00_14
Water - Pharmaceutical,462,4603_00_00_00_14
Water - Pharmaceutical,462,4724_00_00_00_14
Water - Pharmaceutical,462,4628_00_00_00_14
Water - Pharmaceutical,462,4725_00_00_00_14
Water - Pharmaceutical,462,1242_00_00_00_14
Water - Pharmaceutical,462,1247_00_00_00_14
Water - Pharmaceutical,462,4726_00_00_00_14
Water - Pharmaceutical,1869,1172_00_00_00_14
Water - Pharmaceutical,1869,3606_00_00_00_14
Water - Pharmaceutical,462,4090_00_00_00_14
Water - Pharmaceutical,462,4676_00_00_00_14
Water - Pharmaceutical,462,1243_00_00_00_14
Water - Pharmaceutical,1869,3607_00_00_00_14
Water - Pharmaceutical,462,3607_00_00_00_14
Water - Pharmaceutical,462,4654_00_00_00_14
Water - Pharmaceutical,1869,3608_00_00_00_14
Water - Pharmaceutical,462,3608_00_00_00_14
Water - Pharmaceutical,1869,3609_00_00_00_14
Water - Pharmaceutical,462,4626_00_00_00_14
Water - Pharmaceutical,1869,3610_00_00_00_14
Water - Pharmaceutical,462,1235_00_00_00_14
Water - Pharmaceutical,462,4604_00_00_00_14
Water - Pharmaceutical,462,4727_00_00_00_14
Water - Pharmaceutical,462,4734_00_00_00_14
Water - Pharmaceutical,462,4728_00_00_00_14
Water - Pharmaceutical,462,4633_00_00_00_14
Water - Pharmaceutical,462,4729_00_00_00_14
Water - Pharmaceutical,1869,3611_00_00_00_14
Water - Pharmaceutical,462,3611_00_00_00_14
Water - Pharmaceutical,462,3614_00_00_00_14
Water - Pharmaceutical,462,1244_00_00_00_14
Water - Pharmaceutical,462,3615_00_00_00_14
Water - Pharmaceutical,462,4093_00_00_00_14
Water - Pharmaceutical,462,4607_00_00_00_14
Water - Pharmaceutical,462,3616_00_00_00_14
Water - Pharmaceutical,462,4650_00_00_00_14
Water - Pharmaceutical,462,3618_00_00_00_14
Water - Pharmaceutical,462,4684_00_00_00_14
Water - Pharmaceutical,462,4608_00_00_00_14
Water - Pharmaceutical,462,4609_00_00_00_14
Water - Pharmaceutical,462,4687_00_00_00_14
Water - Pharmaceutical,462,4688_00_00_00_14
Water - Pharmaceutical,462,4731_00_00_00_14
Water - Pharmaceutical,462,3612_00_00_00_14
Water - Pharmaceutical,462,4091_00_00_00_14
Water - Pharmaceutical,462,4690_00_00_00_14
Water - Pharmaceutical,462,3598_00_00_00_14
Water - Pharmaceutical,462,3578_00_00_00_14
Water - Pharmaceutical,462,3600_00_00_00_14
Water - Pharmaceutical,462,3582_00_00_00_14
Water - Pharmaceutical,462,3595_00_00_00_14
Water - Pharmaceutical,462,3593_00_00_00_14
Water - Pharmaceutical,462,3579_00_00_00_14
Water - Pharmaceutical,462,4097_00_00_00_14
Water - Pharmaceutical,462,3581_00_00_00_14
Water - Pharmaceutical,462,4716_00_00_00_14
Water - Pharmaceutical,462,4732_00_00_00_14
Water - Pharmaceutical,462,3619_00_00_00_14
Water - Pharmaceutical,462,3570_00_00_00_14
Water - Pharmaceutical,462,4611_00_00_00_14
Water - Pharmaceutical,462,4717_00_00_00_14
Water - Pharmaceutical,462,4612_00_00_00_14
Water - Pharmaceutical,462,3302_00_00_00_14
Water - Pharmaceutical,462,4733_00_00_00_14
Water - Physical,15,762_00_00_00_53
Water - Physical,16,824_00_00_00_54
Water - Physical,4456,840_00_00_00_10
Water - Physical,4415,5606_00_00_00_01
Water - Physical,450,840_00_00_00_10
Water - Physical,4432,5738_00_00_00_55
Water - Physical,4469,817_00_00_00_34
Water - Physical,4459,5735_00_00_00_39
Water - Physical,4469,943_00_00_00_14
Water - Physical,4430,5736_00_00_00_55
Water - Physical,4430,5737_00_00_00_14
Water - Physical,4469,1038_00_00_00_34
Water - Physical,4469,839_00_00_00_10
Water - Physical,4462,5742_00_00_00_26
Water - Physical,4407,5740_00_00_00_55
Water - Physical,4432,5739_00_00_00_14
Water - Physical,4469,687_00_00_00_29
Water - Physical,4469,836_00_00_00_14
Water - Physical,4461,5741_00_00_00_26
Water - Physical,4469,443_00_00_00_38
Water - Physical,4469,864_00_00_00_28
Water - Physical,4469,840_00_00_00_10
Water - Physical,4441,5718_00_00_00_34
Water - Physical,4441,5717_00_00_00_01
Water - Physical,4442,5720_00_00_00_10
Water - Physical,4469,407_00_00_00_14
Water - Physical,4441,5719_00_00_00_14
Water - Physical,4469,841_00_00_00_10
Water - Physical,4469,364_00_00_00_14
Water - Physical,4440,5716_00_00_00_57
Water - Physical,2819,500_00_00_00_03
Water - Physical,385,345_00_00_00_14
Water - Physical,14,836_00_00_00_14
Water - Physical,2831,2877_00_00_00_04
Water - Physical,2831,753_00_00_00_04
Water - Physical,4463,497_00_00_00_20
Water - Physical,2109,3458_00_00_00_13
Water - Physical,2254,966_00_00_00_01
Water - Physical,370,364_00_00_00_14
Water - Physical,421,748_00_00_00_14
Water - Physical,3540,509_00_00_00_26
Water - Physical,4439,5715_00_00_00_10
Water - Physical,2304,752_00_00_00_14
Water - Physical,4453,367_00_00_00_14
Water - Physical,10054,10213_00_00_00_31
Water - Physical,10124,10213_00_00_00_31
Water - Physical,10287,10213_00_00_00_32
Water - Physical,10300,10216_00_00_00_05
Water - Physical,10300,10217_00_00_00_05
Water - Physical,10300,10218_00_00_00_05
Water - Physical,10300,10219_00_00_00_05
Water - Physical,10300,10220_00_00_00_05
Water - Physical,10300,10221_00_00_00_05
Water - Physical,2568,1032_00_00_00_14
Water - Physical,3126,1032_00_00_00_14
Water - Physical,390,1032_00_00_00_14
Water - Physical,476,1032_00_00_00_14
Water - Physical,174,1038_00_00_00_34
Water - Physical,3210,1038_00_00_00_34
Water - Physical,3217,1038_00_00_00_34
Water - Physical,10280,1040_00_00_00_29
Water - Physical,3620,1040_00_00_00_29
Water - Physical,189,1073_00_00_00_14
Water - Physical,2133,1657_00_00_00_21
Water - Physical,2695,1716_00_00_00_14
Water - Physical,2695,1717_00_00_00_14
Water - Physical,3301,1717_00_00_00_14
Water - Physical,3620,1847_00_00_00_14
Water - Physical,3620,1848_00_00_00_01
Water - Physical,3620,1849_00_00_00_24
Water - Physical,3620,2039_00_00_00_34
Water - Physical,10320,2541_00_00_00_14
Water - Physical,389,1040_00_00_00_29
Water - Physical,2966,3418_00_00_00_03
Water - Physical,381,342_00_00_00_14
Water - Physical,384,344_00_00_00_14
Water - Physical,386,346_00_00_00_14
Water - Physical,3202,3566_00_00_00_14
Water - Physical,10351,363_00_00_00_14
Water - Physical,372,363_00_00_00_14
Water - Physical,10351,363_00_00_00_21
Water - Physical,10299,364_00_00_00_14
Water - Physical,10346,364_00_00_00_14
Water - Physical,363,364_00_00_00_14
Water - Physical,364,364_00_00_00_14
Water - Physical,368,364_00_00_00_14
Water - Physical,373,364_00_00_00_14
Water - Physical,3738,364_00_00_00_14
Water - Physical,4224,364_00_00_00_14
Water - Physical,620,364_00_00_00_14
Water - Physical,30,365_00_00_00_14
Water - Physical,10299,366_00_00_00_14
Water - Physical,379,366_00_00_00_14
Water - Physical,363,367_00_00_00_14
Water - Physical,452d1,367_00_00_00_14
Water - Physical,452d2,367_00_00_00_14
Water - Physical,368,368_00_00_00_14
Water - Physical,2788,436_00_00_00_09
Water - Physical,2881,437_00_00_00_09
Water - Physical,2881,437_00_00_00_15
Water - Physical,24,437_00_00_00_30
Water - Physical,10183,437_00_00_00_38
Water - Physical,10287,437_00_00_00_38
Water - Physical,2596,437_00_00_00_40
Water - Physical,3745,437_00_00_00_41
Water - Physical,2882,443_00_00_00_09
Water - Physical,3023,443_00_00_00_09
Water - Physical,312,443_00_00_00_09
Water - Physical,3482,443_00_00_00_09
Water - Physical,494,443_00_00_00_09
Water - Physical,24,443_00_00_00_30
Water - Physical,27,443_00_00_00_30
Water - Physical,10179,443_00_00_00_41
Water - Physical,3422,443_00_00_00_41
Water - Physical,2225,447_00_00_00_14
Water - Physical,34,449_00_00_00_34
Water - Physical,2355,450_00_00_00_34
Water - Physical,2176,493_00_00_00_20
Water - Physical,2216,496_00_00_00_20
Water - Physical,2214,497_00_00_00_20
Water - Physical,2194,500_00_00_00_03
Water - Physical,2198,500_00_00_00_03
Water - Physical,2192,501_00_00_00_03
Water - Physical,2193,501_00_00_00_03
Water - Physical,2204,502_00_00_00_03
Water - Physical,2205,502_00_00_00_03
Water - Physical,2203,503_00_00_00_03
Water - Physical,2208,506_00_00_00_20
Water - Physical,2211,508_00_00_00_20
Water - Physical,4313,5092_00_00_00_14
Water - Physical,4313,5093_00_00_00_14
Water - Physical,4313,5094_00_00_00_14
Water - Physical,2365,536_00_00_00_03
Water - Physical,428,540_00_00_00_14
Water - Physical,424d1,541_00_00_00_14
Water - Physical,424d2,541_00_00_00_14
Water - Physical,10335,542_00_00_00_14
Water - Physical,10336,542_00_00_00_14
Water - Physical,3143,542_00_00_00_14
Water - Physical,422,542_00_00_00_14
Water - Physical,423,542_00_00_00_14
Water - Physical,472,542_00_00_00_14
Water - Physical,422,543_00_00_00_14
Water - Physical,2226,553_00_00_00_01
Water - Physical,2227,554_00_00_00_20
Water - Physical,21,640_00_00_00_33
Water - Physical,10071n1,687_00_00_00_29
Water - Physical,10071n2,687_00_00_00_29
Water - Physical,10253,687_00_00_00_29
Water - Physical,3032,687_00_00_00_29
Water - Physical,314,687_00_00_00_29
Water - Physical,389d1,687_00_00_00_29
Water - Physical,389d2,687_00_00_00_29
Water - Physical,394,694_00_00_00_29
Water - Physical,10042,745_00_00_00_14
Water - Physical,10130,745_00_00_00_14
Water - Physical,3126,745_00_00_00_14
Water - Physical,404n1,745_00_00_00_14
Water - Physical,404n2,745_00_00_00_14
Water - Physical,420,746_00_00_00_14
Water - Physical,411,747_00_00_00_14
Water - Physical,412,747_00_00_00_14
Water - Physical,10045,749_00_00_00_14
Water - Physical,10046,749_00_00_00_14
Water - Physical,10310,749_00_00_00_14
Water - Physical,396d1,749_00_00_00_14
Water - Physical,396d2,749_00_00_00_14
Water - Physical,397,749_00_00_00_14
Water - Physical,399,749_00_00_00_14
Water - Physical,401d1,749_00_00_00_14
Water - Physical,401d2,749_00_00_00_14
Water - Physical,430,749_00_00_00_14
Water - Physical,10147,750_00_00_00_14
Water - Physical,407,750_00_00_00_14
Water - Physical,3462,751_00_00_00_14
Water - Physical,10273,752_00_00_00_14
Water - Physical,10353,758_00_00_00_14
Water - Physical,3612,758_00_00_00_14
Water - Physical,436,758_00_00_00_14
Water - Physical,4272,758_00_00_00_48
Water - Physical,923,758_00_00_00_48
Water - Physical,2252,801_00_00_00_10
Water - Physical,2654,802_00_00_00_19
Water - Physical,2228,804_00_00_00_01
Water - Physical,10285,817_00_00_00_34
Water - Physical,171,817_00_00_00_34
Water - Physical,2403,817_00_00_00_34
Water - Physical,2418,817_00_00_00_34
Water - Physical,2495,817_00_00_00_34
Water - Physical,2753,817_00_00_00_34
Water - Physical,32,817_00_00_00_34
Water - Physical,33,817_00_00_00_34
Water - Physical,36,817_00_00_00_34
Water - Physical,37,818_00_00_00_34
Water - Physical,2139,836_00_00_00_14
Water - Physical,2148,836_00_00_00_14
Water - Physical,10,837_00_00_00_14
Water - Physical,8,837_00_00_00_14
Water - Physical,9,837_00_00_00_14
Water - Physical,10282,840_00_00_00_10
Water - Physical,2097,840_00_00_00_10
Water - Physical,3620,840_00_00_00_10
Water - Physical,38n1,840_00_00_00_10
Water - Physical,38n2,840_00_00_00_10
Water - Physical,39,840_00_00_00_10
Water - Physical,42,840_00_00_00_10
Water - Physical,43,842_00_00_00_10
Water - Physical,44,864_00_00_00_16
Water - Physical,45,864_00_00_00_16
Water - Physical,46,864_00_00_00_16
Water - Physical,10000,864_00_00_00_28
Water - Physical,1830,864_00_00_00_28
Water - Physical,188,864_00_00_00_28
Water - Physical,2752d1,864_00_00_00_28
Water - Physical,2752d2,864_00_00_00_28
Water - Physical,3033,864_00_00_00_28
Water - Physical,47d1,864_00_00_00_28
Water - Physical,47d2,864_00_00_00_28
Water - Physical,54d1,864_00_00_00_28
Water - Physical,54d2,864_00_00_00_28
Water - Physical,54d3,864_00_00_00_28
Water - Physical,46,865_00_00_00_12
Water - Physical,48,866_00_00_00_20
Water - Physical,49,866_00_00_00_20
Water - Physical,51,866_00_00_00_20
Water - Physical,6,875_00_00_00_19
Water - Physical,2180,881_00_00_00_20
Water - Physical,3463,9132_00_00_00_14
Water - Physical,313,9177_00_00_00_14
Water - Physical,2756,943_00_00_00_14
Water - Physical,10280,3357_00_00_00_34
Water - Physical,2732,3357_00_00_00_34
Water - Physical,3620,3357_00_00_00_34
Water - Physical,3620,3469_00_00_00_56
Water - Pigment-Protein,4452,5684_00_00_00_14
Water - Radiocontrast agent,462,4714_00_00_00_14
Water - Radiocontrast agent,462,4715_00_00_00_14
Water - Radionuclides,4469,739_00_00_00_07
Water - Radionuclides,4455,4780_00_00_00_07
Water - Radionuclides,348,2537_00_00_00_07
Water - Radionuclides,683,2537_00_00_00_07
Water - Radionuclides,2260,369_00_00_00_07
Water - Radionuclides,2261,390_00_00_00_07
Water - Radionuclides,1572,466_00_00_00_07
Water - Radionuclides,4221,4780_00_00_00_07
Water - Radionuclides,20,538_00_00_00_07
Water - Radionuclides,1681,681_00_00_00_07
Water - Radionuclides,344,681_00_00_00_07
Water - Radionuclides,682,681_00_00_00_07
Water - Radionuclides,1704,739_00_00_00_07
Water - Radionuclides,359,739_00_00_00_07
Water - Radionuclides,684,739_00_00_00_07
Water - Radionuclides,1681,741_00_00_00_07
Water - Radionuclides,1572,765_00_00_00_07
Water - Radionuclides,1452,822_00_00_00_07
Water - Radionuclides,357,848_00_00_00_07
Water - Radionuclides,685,848_00_00_00_07
Water - Sulfonyl urea,3231,1309_00_00_00_14
Water - Sulfonyl urea,655,1309_00_00_00_14
Water - Sulfonyl urea,655,1991_00_00_00_14
Water - Sulfonyl urea,3431d1,3126_00_00_00_14
Water - Sulfonyl urea,3431d2,3126_00_00_00_14
Water - Sulfonyl urea,655,3126_00_00_00_14
Water - Sulfonyl urea,3431d1,3127_00_00_00_14
Water - Sulfonyl urea,3431d2,3127_00_00_00_14
Water - Sulfonyl urea,655,3127_00_00_00_14
Water - Sulfonyl urea,3431d1,3129_00_00_00_14
Water - Sulfonyl urea,3431d2,3129_00_00_00_14
Water - Sulfonyl urea,655,3129_00_00_00_14
Water - Sulfonyl urea,3431,3375_00_00_00_14
Water - Sulfonyl urea,655,3375_00_00_00_14
Water - Sulphur,4469,756_00_00_00_14
Water - Sulphur,4398,833_00_00_00_14
Water - Sulphur,4399,2731_00_00_00_14
Water - Sulphur,10320,2731_00_00_00_14
Water - Sulphur,3553,2731_00_00_00_14
Water - Sulphur,1526,2735_00_00_00_14
Water - Sulphur,3211,50_00_00_00_14
Water - Sulphur,10204,833_00_00_00_14
Water - Sulphur,10319,833_00_00_00_14
Water - Sulphur,2365,833_00_00_00_14
Water - Sulphur,3553,833_00_00_00_14
Water - Surrogate,4385,3253_00_00_00_01
Water - Surrogate,4385,1906_00_00_00_01
Water - Surrogate,4385,3240_00_00_00_01
Water - Surrogate,4406,10068_00_00_00_01
Water - Surrogate,4406,1499_00_00_00_01
Water - Surrogate,4406,3795_00_00_00_01
Water - Surrogate,4406,1497_00_00_00_01
Water - Surrogate,4385,1449_00_00_00_01
Water - Surrogate,4405,4580_00_00_00_01
Water - Surrogate,4385,3238_00_00_00_01
Water - Surrogate,4428,2062_00_00_00_01
Water - Surrogate,4385,3241_00_00_00_01
Water - Surrogate,462,4707_00_00_00_01
Water - Surrogate,4406,3784_00_00_00_01
Water - Surrogate,4406,3790_00_00_00_01
Water - Surrogate,4406,3792_00_00_00_01
Water - Surrogate,4385,3235_00_00_00_01
Water - Surrogate,4406,10075_00_00_00_01
Water - Surrogate,4385,5040_00_00_00_01
Water - Surrogate,4385,5395_00_00_00_01
Water - Surrogate,4385,5399_00_00_00_01
Water - Surrogate,4385,3237_00_00_00_01
Water - Surrogate,4385,5042_00_00_00_01
Water - Surrogate,4385,5396_00_00_00_01
Water - Surrogate,4406,3783_00_00_00_01
Water - Surrogate,4385,3246_00_00_00_01
Water - Surrogate,4404,5442_00_00_00_23
Water - Surrogate,4385,3244_00_00_00_01
Water - Surrogate,4405,4583_00_00_00_01
Water - Surrogate,4385,3249_00_00_00_01
Water - Surrogate,4406,3799_00_00_00_01
Water - Surrogate,4385,3251_00_00_00_01
Water - Surrogate,4385,5394_00_00_00_01
Water - Surrogate,4385,5039_00_00_00_01
Water - Surrogate,4406,3785_00_00_00_01
Water - Surrogate,4385,2853_00_00_00_01
Water - Surrogate,4385,3252_00_00_00_01
Water - Surrogate,4406,3791_00_00_00_01
Water - Surrogate,4406,3805_00_00_00_01
Water - Surrogate,4385,5041_00_00_00_01
Water - Surrogate,4385,5397_00_00_00_01
Water - Surrogate,4385,5401_00_00_00_01
Water - Surrogate,4406,3796_00_00_00_01
Water - Surrogate,4406,1496_00_00_00_01
Water - Surrogate,4406,3787_00_00_00_01
Water - Surrogate,4406,3793_00_00_00_01
Water - Surrogate,4406,10074_00_00_00_01
Water - Surrogate,4406,3797_00_00_00_01
Water - Surrogate,4385,42_00_00_00_01
Water - Surrogate,4385,5400_00_00_00_01
Water - Surrogate,4383,3242_00_00_00_01
Water - Surrogate,4406,3798_00_00_00_01
Water - Surrogate,4406,3806_00_00_00_01
Water - Surrogate,3698,5326_00_00_00_01
Water - Surrogate,4385,3247_00_00_00_01
Water - Surrogate,4385,5398_00_00_00_01
Water - Surrogate,4385,3242_00_00_00_01
Water - Surrogate,3697,3516_00_00_00_01
Water - Surrogate,4406,3800_00_00_00_01
Water - Surrogate,4406,3788_00_00_00_01
Water - Surrogate,4406,3786_00_00_00_01
Water - Surrogate,4406,3804_00_00_00_01
Water - Surrogate,4406,3802_00_00_00_01
Water - Surrogate,4428,2075_00_00_00_01
Water - Surrogate,4406,1495_00_00_00_01
Water - Surrogate,4406,3801_00_00_00_01
Water - Surrogate,4406,3794_00_00_00_01
Water - Surrogate,4406,3803_00_00_00_01
Water - Surrogate,4406,3789_00_00_00_01
Water - Surrogate,4428,2070_00_00_00_01
Water - Surrogate,4428,4772_00_00_00_01
Water - Surrogate,4428,2073_00_00_00_01
Water - Surrogate,4428,2080_00_00_00_01
Water - Surrogate,4405,4586_00_00_00_01
Water - Surrogate,4419,1518_00_00_00_01
Water - Surrogate,3698,5328_00_00_00_01
Water - Surrogate,4428,2061_00_00_00_01
Water - Surrogate,4428,2079_00_00_00_01
Water - Surrogate,4405,1517_00_00_00_01
Water - Surrogate,4404,5442_00_00_00_01
Water - Surrogate,4428,2148_00_00_00_01
Water - Surrogate,4385,1938_00_00_00_01
Water - Surrogate,4419,1517_00_00_00_01
Water - Surrogate,4419,1522_00_00_00_01
Water - Surrogate,4428,2067_00_00_00_01
Water - Surrogate,3698,5336_00_00_00_01
Water - Surrogate,4405,1521_00_00_00_01
Water - Surrogate,4419,1520_00_00_00_01
Water - Surrogate,4428,2076_00_00_00_01
Water - Surrogate,4406,1498_00_00_00_01
Water - Surrogate,4428,2081_00_00_00_01
Water - Surrogate,4428,4767_00_00_00_01
Water - Surrogate,4405,4585_00_00_00_01
Water - Surrogate,4428,2071_00_00_00_01
Water - Surrogate,4405,1503_00_00_00_01
Water - Surrogate,4405,1518_00_00_00_01
Water - Surrogate,4405,1522_00_00_00_01
Water - Surrogate,4405,4582_00_00_00_01
Water - Surrogate,4419,1523_00_00_00_01
Water - Surrogate,4419,4586_00_00_00_01
Water - Surrogate,4428,2077_00_00_00_01
Water - Surrogate,4406,3809_00_00_00_01
Water - Surrogate,4428,2072_00_00_00_01
Water - Surrogate,4428,2066_00_00_00_01
Water - Surrogate,4464,5747_00_00_00_01
Water - Surrogate,4362,5341_00_00_00_01
Water - Surrogate,4419,1524_00_00_00_01
Water - Surrogate,4419,4585_00_00_00_01
Water - Surrogate,4428,2074_00_00_00_01
Water - Surrogate,4419,4580_00_00_00_01
Water - Surrogate,4428,2078_00_00_00_01
Water - Surrogate,4405,1520_00_00_00_01
Water - Surrogate,4419,1503_00_00_00_01
Water - Surrogate,4428,2064_00_00_00_01
Water - Surrogate,4464,5746_00_00_00_01
Water - Surrogate,3698,5337_00_00_00_01
Water - Surrogate,4405,1525_00_00_00_01
Water - Surrogate,4419,4582_00_00_00_01
Water - Surrogate,4419,4583_00_00_00_01
Water - Surrogate,4428,2069_00_00_00_01
Water - Surrogate,4419,1521_00_00_00_01
Water - Surrogate,4405,1524_00_00_00_01
Water - Surrogate,3698,5325_00_00_00_01
Water - Surrogate,4405,4584_00_00_00_01
Water - Surrogate,4406,3808_00_00_00_01
Water - Surrogate,4419,4581_00_00_00_01
Water - Surrogate,4428,2065_00_00_00_01
Water - Surrogate,3698,5327_00_00_00_01
Water - Surrogate,4405,4581_00_00_00_01
Water - Surrogate,4419,1525_00_00_00_01
Water - Surrogate,4419,4584_00_00_00_01
Water - Surrogate,4428,2063_00_00_00_01
Water - Surrogate,4405,1523_00_00_00_01
Water - Surrogate,4428,4775_00_00_00_01
Water - Surrogate,4100,10065_00_00_00_01
Water - Surrogate,4100,10080_00_00_00_01
Water - Surrogate,4100,10081_00_00_00_01
Water - Surrogate,4100,10083_00_00_00_01
Water - Surrogate,4220,10239_00_00_00_01
Water - Surrogate,4220,10240_00_00_00_01
Water - Surrogate,4220,10241_00_00_00_01
Water - Surrogate,4220,10242_00_00_00_01
Water - Surrogate,4220,10243_00_00_00_01
Water - Surrogate,2863,1043_00_00_00_01
Water - Surrogate,4068,1043_00_00_00_01
Water - Surrogate,3225,1043_00_00_00_14
Water - Surrogate,4198,1155_00_00_00_01
Water - Surrogate,710,1155_00_00_00_01
Water - Surrogate,281,1156_00_00_00_01
Water - Surrogate,3669,1156_00_00_00_01
Water - Surrogate,4081,1156_00_00_00_01
Water - Surrogate,4197,1156_00_00_00_01
Water - Surrogate,692,1156_00_00_00_01
Water - Surrogate,710,1156_00_00_00_01
Water - Surrogate,3431,1278_00_00_00_01
Water - Surrogate,655,1278_00_00_00_01
Water - Surrogate,3461,1279_00_00_00_01
Water - Surrogate,655,1279_00_00_00_01
Water - Surrogate,3461,1280_00_00_00_01
Water - Surrogate,3408,1394_00_00_00_01
Water - Surrogate,3408,1395_00_00_00_01
Water - Surrogate,4081,1424_00_00_00_01
Water - Surrogate,4081,1425_00_00_00_01
Water - Surrogate,4102,1425_00_00_00_01
Water - Surrogate,692,1425_00_00_00_01
Water - Surrogate,4081,1426_00_00_00_01
Water - Surrogate,4102,1426_00_00_00_01
Water - Surrogate,692,1426_00_00_00_01
Water - Surrogate,4081,1427_00_00_00_01
Water - Surrogate,692,1427_00_00_00_01
Water - Surrogate,4081,1428_00_00_00_01
Water - Surrogate,4102,1428_00_00_00_01
Water - Surrogate,692,1428_00_00_00_01
Water - Surrogate,489,1438_00_00_00_01
Water - Surrogate,462,1486_00_00_00_01
Water - Surrogate,692,1491_00_00_00_01
Water - Surrogate,710,1491_00_00_00_01
Water - Surrogate,3684,1494_00_00_00_01
Water - Surrogate,3684,1495_00_00_00_01
Water - Surrogate,3684,1496_00_00_00_01
Water - Surrogate,3684,1497_00_00_00_01
Water - Surrogate,3684,1499_00_00_00_01
Water - Surrogate,3684,1500_00_00_00_01
Water - Surrogate,3684,1501_00_00_00_01
Water - Surrogate,844,1503_00_00_00_01
Water - Surrogate,4102,1505_00_00_00_01
Water - Surrogate,692,1505_00_00_00_01
Water - Surrogate,4395,1517_00_00_00_01
Water - Surrogate,844,1517_00_00_00_01
Water - Surrogate,4395,1518_00_00_00_01
Water - Surrogate,844,1518_00_00_00_01
Water - Surrogate,4395,1520_00_00_00_01
Water - Surrogate,844,1520_00_00_00_01
Water - Surrogate,4395,1521_00_00_00_01
Water - Surrogate,844,1521_00_00_00_01
Water - Surrogate,844,1522_00_00_00_01
Water - Surrogate,844,1523_00_00_00_01
Water - Surrogate,4395,1524_00_00_00_01
Water - Surrogate,844,1524_00_00_00_01
Water - Surrogate,4395,1525_00_00_00_01
Water - Surrogate,844,1525_00_00_00_01
Water - Surrogate,3221,1636_00_00_00_01
Water - Surrogate,3228,1636_00_00_00_01
Water - Surrogate,3221,1638_00_00_00_01
Water - Surrogate,3228,1638_00_00_00_01
Water - Surrogate,3221,1640_00_00_00_01
Water - Surrogate,3697,1640_00_00_00_01
Water - Surrogate,3221,1641_00_00_00_01
Water - Surrogate,3228,1641_00_00_00_01
Water - Surrogate,287,1649_00_00_00_01
Water - Surrogate,287,1652_00_00_00_01
Water - Surrogate,3002,1652_00_00_00_01
Water - Surrogate,3216,1652_00_00_00_01
Water - Surrogate,287,1659_00_00_00_01
Water - Surrogate,287,1660_00_00_00_01
Water - Surrogate,209,1714_00_00_00_01
Water - Surrogate,209,1715_00_00_00_01
Water - Surrogate,3002,1859_00_00_00_01
Water - Surrogate,3216,1859_00_00_00_01
Water - Surrogate,3216,1860_00_00_00_01
Water - Surrogate,710,1860_00_00_00_01
Water - Surrogate,3228,1863_00_00_00_01
Water - Surrogate,3228,1864_00_00_00_01
Water - Surrogate,3228,1865_00_00_00_01
Water - Surrogate,530,1903_00_00_00_01
Water - Surrogate,3619,1913_00_00_00_01
Water - Surrogate,526,1917_00_00_00_01
Water - Surrogate,531,1918_00_00_00_01
Water - Surrogate,549,1938_00_00_00_01
Water - Surrogate,303,1941_00_00_00_01
Water - Surrogate,655,1941_00_00_00_01
Water - Surrogate,687,1941_00_00_00_01
Water - Surrogate,303,1943_00_00_00_01
Water - Surrogate,687,1943_00_00_00_01
Water - Surrogate,303,1944_00_00_00_01
Water - Surrogate,687,1944_00_00_00_01
Water - Surrogate,303,1946_00_00_00_01
Water - Surrogate,687,1946_00_00_00_01
Water - Surrogate,3697,1963_00_00_00_01
Water - Surrogate,717,1963_00_00_00_01
Water - Surrogate,3697,1964_00_00_00_01
Water - Surrogate,717,1964_00_00_00_01
Water - Surrogate,3697,1965_00_00_00_01
Water - Surrogate,3698,1978_00_00_00_01
Water - Surrogate,3698,1979_00_00_00_01
Water - Surrogate,3698,1980_00_00_00_01
Water - Surrogate,3698,1981_00_00_00_01
Water - Surrogate,3698,1982_00_00_00_01
Water - Surrogate,3698,1983_00_00_00_01
Water - Surrogate,4408,1983_00_00_00_01
Water - Surrogate,3698,1984_00_00_00_01
Water - Surrogate,655,1993_00_00_00_01
Water - Surrogate,655,1994_00_00_00_01
Water - Surrogate,605,2061_00_00_00_01
Water - Surrogate,741,2061_00_00_00_01
Water - Surrogate,605,2062_00_00_00_01
Water - Surrogate,741,2062_00_00_00_01
Water - Surrogate,605,2063_00_00_00_01
Water - Surrogate,741,2063_00_00_00_01
Water - Surrogate,605,2064_00_00_00_01
Water - Surrogate,741,2064_00_00_00_01
Water - Surrogate,605,2065_00_00_00_01
Water - Surrogate,741,2065_00_00_00_01
Water - Surrogate,605,2066_00_00_00_01
Water - Surrogate,741,2066_00_00_00_01
Water - Surrogate,605,2067_00_00_00_01
Water - Surrogate,741,2067_00_00_00_01
Water - Surrogate,605,2069_00_00_00_01
Water - Surrogate,741,2069_00_00_00_01
Water - Surrogate,605,2070_00_00_00_01
Water - Surrogate,741,2070_00_00_00_01
Water - Surrogate,605,2071_00_00_00_01
Water - Surrogate,741,2071_00_00_00_01
Water - Surrogate,605,2072_00_00_00_01
Water - Surrogate,605,2073_00_00_00_01
Water - Surrogate,605,2074_00_00_00_01
Water - Surrogate,605,2075_00_00_00_01
Water - Surrogate,741,2075_00_00_00_01
Water - Surrogate,605,2076_00_00_00_01
Water - Surrogate,741,2076_00_00_00_01
Water - Surrogate,605,2077_00_00_00_01
Water - Surrogate,741,2077_00_00_00_01
Water - Surrogate,605,2078_00_00_00_01
Water - Surrogate,741,2078_00_00_00_01
Water - Surrogate,605,2079_00_00_00_01
Water - Surrogate,741,2079_00_00_00_01
Water - Surrogate,605,2080_00_00_00_01
Water - Surrogate,741,2080_00_00_00_01
Water - Surrogate,605,2081_00_00_00_01
Water - Surrogate,741,2081_00_00_00_01
Water - Surrogate,710,2082_00_00_00_01
Water - Surrogate,710,2083_00_00_00_01
Water - Surrogate,710,2084_00_00_00_01
Water - Surrogate,710,2085_00_00_00_01
Water - Surrogate,710,2086_00_00_00_01
Water - Surrogate,710,2087_00_00_00_01
Water - Surrogate,710,2088_00_00_00_01
Water - Surrogate,1435,2090_00_00_00_01
Water - Surrogate,4300,2090_00_00_00_01
Water - Surrogate,1435,2091_00_00_00_01
Water - Surrogate,4300,2091_00_00_00_01
Water - Surrogate,1435,2093_00_00_00_01
Water - Surrogate,4300,2093_00_00_00_01
Water - Surrogate,1436,2095_00_00_00_01
Water - Surrogate,1436,2096_00_00_00_01
Water - Surrogate,1436,2097_00_00_00_01
Water - Surrogate,1436,2098_00_00_00_01
Water - Surrogate,1436,2100_00_00_00_01
Water - Surrogate,1436,2102_00_00_00_01
Water - Surrogate,1436,2103_00_00_00_01
Water - Surrogate,1436,2104_00_00_00_01
Water - Surrogate,1436,2106_00_00_00_01
Water - Surrogate,4395,2106_00_00_00_01
Water - Surrogate,741,2145_00_00_00_01
Water - Surrogate,741,2146_00_00_00_01
Water - Surrogate,741,2147_00_00_00_01
Water - Surrogate,741,2148_00_00_00_01
Water - Surrogate,3747,2160_00_00_00_01
Water - Surrogate,530,2365_00_00_00_01
Water - Surrogate,3658,2374_00_00_00_01
Water - Surrogate,655,2374_00_00_00_01
Water - Surrogate,2003,243_00_00_00_01
Water - Surrogate,2679,243_00_00_00_01
Water - Surrogate,2864,243_00_00_00_01
Water - Surrogate,710,243_00_00_00_01
Water - Surrogate,2003,247_00_00_00_01
Water - Surrogate,2679,247_00_00_00_01
Water - Surrogate,2863,247_00_00_00_01
Water - Surrogate,2864,247_00_00_00_01
Water - Surrogate,3654,247_00_00_00_01
Water - Surrogate,710,247_00_00_00_01
Water - Surrogate,303,2771_00_00_00_01
Water - Surrogate,3216,2771_00_00_00_01
Water - Surrogate,687,2771_00_00_00_01
Water - Surrogate,2429,2853_00_00_00_01
Water - Surrogate,2863,3037_00_00_00_01
Water - Surrogate,2879,3037_00_00_00_01
Water - Surrogate,3669,3037_00_00_00_01
Water - Surrogate,4081,3037_00_00_00_01
Water - Surrogate,4100,3037_00_00_00_01
Water - Surrogate,4102,3037_00_00_00_01
Water - Surrogate,692,3037_00_00_00_01
Water - Surrogate,2863,3038_00_00_00_01
Water - Surrogate,2879,3038_00_00_00_01
Water - Surrogate,3669,3038_00_00_00_01
Water - Surrogate,710,3038_00_00_00_01
Water - Surrogate,2863,3039_00_00_00_01
Water - Surrogate,2879,3039_00_00_00_01
Water - Surrogate,3669,3039_00_00_00_01
Water - Surrogate,2863,3040_00_00_00_01
Water - Surrogate,2879,3040_00_00_00_01
Water - Surrogate,4081,3040_00_00_00_01
Water - Surrogate,4100,3040_00_00_00_01
Water - Surrogate,4102,3040_00_00_00_01
Water - Surrogate,692,3040_00_00_00_01
Water - Surrogate,2865,3041_00_00_00_01
Water - Surrogate,3002,3041_00_00_00_01
Water - Surrogate,2429,3234_00_00_00_01
Water - Surrogate,2429,3235_00_00_00_01
Water - Surrogate,2429,3236_00_00_00_01
Water - Surrogate,2429,3237_00_00_00_01
Water - Surrogate,2429,3238_00_00_00_01
Water - Surrogate,2429,3239_00_00_00_01
Water - Surrogate,2429,3240_00_00_00_01
Water - Surrogate,2429,3241_00_00_00_01
Water - Surrogate,2429,3242_00_00_00_01
Water - Surrogate,2429,3243_00_00_00_01
Water - Surrogate,2429,3244_00_00_00_01
Water - Surrogate,2429,3245_00_00_00_01
Water - Surrogate,2429,3246_00_00_00_01
Water - Surrogate,2429,3247_00_00_00_01
Water - Surrogate,2429,3248_00_00_00_01
Water - Surrogate,2429,3249_00_00_00_01
Water - Surrogate,2429,3250_00_00_00_01
Water - Surrogate,2429,3251_00_00_00_01
Water - Surrogate,2429,3252_00_00_00_01
Water - Surrogate,2429,3253_00_00_00_01
Water - Surrogate,2429,3255_00_00_00_01
Water - Surrogate,710,3255_00_00_00_01
Water - Surrogate,2429,3256_00_00_00_01
Water - Surrogate,2429,3257_00_00_00_01
Water - Surrogate,2429,3258_00_00_00_01
Water - Surrogate,2429,3259_00_00_00_01
Water - Surrogate,2429,3260_00_00_00_01
Water - Surrogate,2429,3261_00_00_00_01
Water - Surrogate,303,3261_00_00_00_01
Water - Surrogate,687,3261_00_00_00_01
Water - Surrogate,717,3295_00_00_00_01
Water - Surrogate,717,3296_00_00_00_01
Water - Surrogate,717,3297_00_00_00_01
Water - Surrogate,717,3298_00_00_00_01
Water - Surrogate,717,3299_00_00_00_01
Water - Surrogate,462,3303_00_00_00_01
Water - Surrogate,462,3304_00_00_00_01
Water - Surrogate,462,3305_00_00_00_01
Water - Surrogate,462,3306_00_00_00_01
Water - Surrogate,462,3307_00_00_00_01
Water - Surrogate,462,3308_00_00_00_01
Water - Surrogate,462,3309_00_00_00_01
Water - Surrogate,462,3310_00_00_00_01
Water - Surrogate,462,3311_00_00_00_01
Water - Surrogate,462,3312_00_00_00_01
Water - Surrogate,462,3313_00_00_00_01
Water - Surrogate,462,3314_00_00_00_01
Water - Surrogate,462,3315_00_00_00_01
Water - Surrogate,462,3316_00_00_00_01
Water - Surrogate,462,3317_00_00_00_01
Water - Surrogate,462,3318_00_00_00_01
Water - Surrogate,3543,3621_00_00_00_01
Water - Surrogate,4000,3633_00_00_00_01
Water - Surrogate,4081,3642_00_00_00_01
Water - Surrogate,4100,3642_00_00_00_01
Water - Surrogate,4102,3642_00_00_00_01
Water - Surrogate,692,3642_00_00_00_01
Water - Surrogate,4081,3643_00_00_00_01
Water - Surrogate,692,3643_00_00_00_01
Water - Surrogate,2863,3644_00_00_00_01
Water - Surrogate,4068,3644_00_00_00_01
Water - Surrogate,3658,3654_00_00_00_01
Water - Surrogate,655,3654_00_00_00_01
Water - Surrogate,4068,3669_00_00_00_01
Water - Surrogate,4102,3669_00_00_00_01
Water - Surrogate,4068,3670_00_00_00_01
Water - Surrogate,4102,3670_00_00_00_01
Water - Surrogate,2429,3681_00_00_00_01
Water - Surrogate,4081,3758_00_00_00_01
Water - Surrogate,4081,3759_00_00_00_01
Water - Surrogate,4081,3760_00_00_00_01
Water - Surrogate,692,3760_00_00_00_01
Water - Surrogate,4081,3761_00_00_00_01
Water - Surrogate,692,3761_00_00_00_01
Water - Surrogate,4081,3762_00_00_00_01
Water - Surrogate,692,3762_00_00_00_01
Water - Surrogate,4081,3763_00_00_00_01
Water - Surrogate,692,3763_00_00_00_01
Water - Surrogate,710,3763_00_00_00_01
Water - Surrogate,4081,3764_00_00_00_01
Water - Surrogate,3684,3783_00_00_00_01
Water - Surrogate,3684,3784_00_00_00_01
Water - Surrogate,3684,3785_00_00_00_01
Water - Surrogate,3684,3786_00_00_00_01
Water - Surrogate,3684,3787_00_00_00_01
Water - Surrogate,3684,3788_00_00_00_01
Water - Surrogate,3684,3789_00_00_00_01
Water - Surrogate,3684,3790_00_00_00_01
Water - Surrogate,3684,3791_00_00_00_01
Water - Surrogate,3684,3792_00_00_00_01
Water - Surrogate,3684,3793_00_00_00_01
Water - Surrogate,3684,3794_00_00_00_01
Water - Surrogate,3684,3795_00_00_00_01
Water - Surrogate,3684,3796_00_00_00_01
Water - Surrogate,3684,3797_00_00_00_01
Water - Surrogate,3684,3798_00_00_00_01
Water - Surrogate,3684,3799_00_00_00_01
Water - Surrogate,3684,3800_00_00_00_01
Water - Surrogate,3684,3801_00_00_00_01
Water - Surrogate,3684,3802_00_00_00_01
Water - Surrogate,3684,3803_00_00_00_01
Water - Surrogate,3684,3804_00_00_00_01
Water - Surrogate,3684,3805_00_00_00_01
Water - Surrogate,3684,3806_00_00_00_01
Water - Surrogate,1435,3906_00_00_00_01
Water - Surrogate,4300,3906_00_00_00_01
Water - Surrogate,706n1,3906_00_00_00_01
Water - Surrogate,706n2,3906_00_00_00_01
Water - Surrogate,4300,3907_00_00_00_01
Water - Surrogate,706n1,3907_00_00_00_01
Water - Surrogate,706n2,3907_00_00_00_01
Water - Surrogate,706n1,3908_00_00_00_01
Water - Surrogate,706n2,3908_00_00_00_01
Water - Surrogate,706n1,3909_00_00_00_01
Water - Surrogate,706n2,3909_00_00_00_01
Water - Surrogate,706n1,3910_00_00_00_01
Water - Surrogate,706n2,3910_00_00_00_01
Water - Surrogate,1435,3911_00_00_00_01
Water - Surrogate,4300,3911_00_00_00_01
Water - Surrogate,706n1,3911_00_00_00_01
Water - Surrogate,706n2,3911_00_00_00_01
Water - Surrogate,1435,3912_00_00_00_01
Water - Surrogate,4300,3912_00_00_00_01
Water - Surrogate,706n1,3912_00_00_00_01
Water - Surrogate,706n2,3912_00_00_00_01
Water - Surrogate,4220,3939_00_00_00_01
Water - Surrogate,4220,3940_00_00_00_01
Water - Surrogate,4220,3941_00_00_00_01
Water - Surrogate,4220,3942_00_00_00_01
Water - Surrogate,4220,3943_00_00_00_01
Water - Surrogate,259,4158_00_00_00_01
Water - Surrogate,259,4159_00_00_00_01
Water - Surrogate,3431d1,4165_00_00_00_01
Water - Surrogate,3431d2,4165_00_00_00_01
Water - Surrogate,655,4165_00_00_00_01
Water - Surrogate,3461,4203_00_00_00_01
Water - Surrogate,655,4203_00_00_00_01
Water - Surrogate,3654,42_00_00_00_01
Water - Surrogate,710,42_00_00_00_01
Water - Surrogate,3619,4492_00_00_00_01
Water - Surrogate,655,4492_00_00_00_01
Water - Surrogate,3543,4524_00_00_00_01
Water - Surrogate,3697,4569_00_00_00_01
Water - Surrogate,3697,4570_00_00_00_01
Water - Surrogate,3221,4571_00_00_00_01
Water - Surrogate,3697,4571_00_00_00_01
Water - Surrogate,3697,4572_00_00_00_01
Water - Surrogate,3697,4573_00_00_00_01
Water - Surrogate,3697,4574_00_00_00_01
Water - Surrogate,3697,4575_00_00_00_01
Water - Surrogate,3697,4576_00_00_00_01
Water - Surrogate,3221,4577_00_00_00_01
Water - Surrogate,3697,4577_00_00_00_01
Water - Surrogate,3697,4578_00_00_00_01
Water - Surrogate,3697,4579_00_00_00_01
Water - Surrogate,4395,4580_00_00_00_01
Water - Surrogate,844,4580_00_00_00_01
Water - Surrogate,4395,4581_00_00_00_01
Water - Surrogate,844,4581_00_00_00_01
Water - Surrogate,844,4582_00_00_00_01
Water - Surrogate,844,4583_00_00_00_01
Water - Surrogate,844,4584_00_00_00_01
Water - Surrogate,844,4585_00_00_00_01
Water - Surrogate,844,4586_00_00_00_01
Water - Surrogate,462,4613_00_00_00_01
Water - Surrogate,462,4614_00_00_00_01
Water - Surrogate,462,4615_00_00_00_01
Water - Surrogate,462,4616_00_00_00_01
Water - Surrogate,462,4617_00_00_00_01
Water - Surrogate,462,4618_00_00_00_01
Water - Surrogate,462,4619_00_00_00_01
Water - Surrogate,462,4620_00_00_00_01
Water - Surrogate,462,4621_00_00_00_01
Water - Surrogate,462n1,4622_00_00_00_01
Water - Surrogate,462n2,4622_00_00_00_01
Water - Surrogate,462,4641_00_00_00_01
Water - Surrogate,462,4642_00_00_00_01
Water - Surrogate,462,4643_00_00_00_01
Water - Surrogate,462,4646_00_00_00_01
Water - Surrogate,462,4647_00_00_00_01
Water - Surrogate,462,4659_00_00_00_01
Water - Surrogate,462,4660_00_00_00_01
Water - Surrogate,462,4661_00_00_00_01
Water - Surrogate,462,4662_00_00_00_01
Water - Surrogate,462,4663_00_00_00_01
Water - Surrogate,462,4664_00_00_00_01
Water - Surrogate,462,4665_00_00_00_01
Water - Surrogate,462,4666_00_00_00_01
Water - Surrogate,462,4667_00_00_00_01
Water - Surrogate,462,4668_00_00_00_01
Water - Surrogate,462,4669_00_00_00_01
Water - Surrogate,462,4697_00_00_00_01
Water - Surrogate,462,4698_00_00_00_01
Water - Surrogate,462,4699_00_00_00_01
Water - Surrogate,462,4700_00_00_00_01
Water - Surrogate,462,4701_00_00_00_01
Water - Surrogate,462,4702_00_00_00_01
Water - Surrogate,462,4703_00_00_00_01
Water - Surrogate,462,4704_00_00_00_01
Water - Surrogate,462,4705_00_00_00_01
Water - Surrogate,462,4706_00_00_00_01
Water - Surrogate,462,4708_00_00_00_01
Water - Surrogate,462,4709_00_00_00_01
Water - Surrogate,462,4710_00_00_00_01
Water - Surrogate,462,4711_00_00_00_01
Water - Surrogate,462,4712_00_00_00_01
Water - Surrogate,462,4735_00_00_00_01
Water - Surrogate,462,4736_00_00_00_01
Water - Surrogate,462,4737_00_00_00_01
Water - Surrogate,462,4738_00_00_00_01
Water - Surrogate,462,4739_00_00_00_01
Water - Surrogate,462,4740_00_00_00_01
Water - Surrogate,462,4741_00_00_00_01
Water - Surrogate,462,4742_00_00_00_01
Water - Surrogate,462,4743_00_00_00_01
Water - Surrogate,462,4744_00_00_00_01
Water - Surrogate,462,4745_00_00_00_01
Water - Surrogate,462,4746_00_00_00_01
Water - Surrogate,462,4747_00_00_00_01
Water - Surrogate,462,4748_00_00_00_01
Water - Surrogate,462,4749_00_00_00_01
Water - Surrogate,462,4750_00_00_00_01
Water - Surrogate,462,4751_00_00_00_01
Water - Surrogate,462,4752_00_00_00_01
Water - Surrogate,462,4753_00_00_00_01
Water - Surrogate,462,4754_00_00_00_01
Water - Surrogate,605,4767_00_00_00_01
Water - Surrogate,741,4767_00_00_00_01
Water - Surrogate,605,4768_00_00_00_01
Water - Surrogate,605,4769_00_00_00_01
Water - Surrogate,605,4770_00_00_00_01
Water - Surrogate,605,4771_00_00_00_01
Water - Surrogate,605,4772_00_00_00_01
Water - Surrogate,741,4772_00_00_00_01
Water - Surrogate,605,4773_00_00_00_01
Water - Surrogate,605,4774_00_00_00_01
Water - Surrogate,605,4775_00_00_00_01
Water - Surrogate,741,4775_00_00_00_01
Water - Surrogate,1435,4818_00_00_00_01
Water - Surrogate,303,4820_00_00_00_01
Water - Surrogate,687,4820_00_00_00_01
Water - Surrogate,303,4821_00_00_00_01
Water - Surrogate,687,4821_00_00_00_01
Water - Surrogate,303,4822_00_00_00_01
Water - Surrogate,687,4822_00_00_00_01
Water - Surrogate,303,4823_00_00_00_01
Water - Surrogate,687,4823_00_00_00_01
Water - Surrogate,303,4824_00_00_00_01
Water - Surrogate,687,4824_00_00_00_01
Water - Surrogate,303,4825_00_00_00_01
Water - Surrogate,687,4825_00_00_00_01
Water - Surrogate,303,4826_00_00_00_01
Water - Surrogate,3699,4851_00_00_00_01
Water - Surrogate,3699,4852_00_00_00_01
Water - Surrogate,3699,4853_00_00_00_01
Water - Surrogate,462,4864_00_00_00_01
Water - Surrogate,462,4865_00_00_00_01
Water - Surrogate,462,4866_00_00_00_01
Water - Surrogate,717,4889_00_00_00_01
Water - Surrogate,4358,5038_00_00_00_14
Water - Surrogate,655,5095_00_00_00_01
Water - Surrogate,655,5096_00_00_00_01
Water - Surrogate,655,5097_00_00_00_01
Water - Surrogate,655,5098_00_00_00_01
Water - Surrogate,655,5099_00_00_00_01
Water - Surrogate,655,5100_00_00_00_01
Water - Surrogate,462,5209_00_00_00_01
Water - Surrogate,462,5210_00_00_00_01
Water - Surrogate,462,5211_00_00_00_01
Water - Surrogate,462,5212_00_00_00_01
Water - Surrogate,462,5213_00_00_00_01
Water - Surrogate,462,5214_00_00_00_01
Water - Surrogate,462,5215_00_00_00_01
Water - Surrogate,462,5216_00_00_00_01
Water - Surrogate,462,5217_00_00_00_01
Water - Surrogate,462,5218_00_00_00_01
Water - Surrogate,462,5219_00_00_00_01
Water - Surrogate,462,5220_00_00_00_01
Water - Surrogate,462,5221_00_00_00_01
Water - Surrogate,462,5222_00_00_00_01
Water - Surrogate,462,5223_00_00_00_01
Water - Surrogate,462,5224_00_00_00_01
Water - Surrogate,462,5225_00_00_00_01
Water - Surrogate,462,5226_00_00_00_01
Water - Surrogate,462,5227_00_00_00_01
Water - Surrogate,462,5228_00_00_00_01
Water - Surrogate,462,5229_00_00_00_01
Water - Surrogate,462,5230_00_00_00_01
Water - Surrogate,462,5231_00_00_00_01
Water - Surrogate,462,5232_00_00_00_01
Water - Surrogate,462,5233_00_00_00_01
Water - Surrogate,462,5234_00_00_00_01
Water - Surrogate,462,5235_00_00_00_01
Water - Surrogate,462,5236_00_00_00_01
Water - Surrogate,462,5237_00_00_00_01
Water - Surrogate,462,5238_00_00_00_01
Water - Surrogate,462,5239_00_00_00_01
Water - Surrogate,462,5240_00_00_00_01
Water - Surrogate,462,5241_00_00_00_01
Water - Surrogate,462,5242_00_00_00_01
Water - Surrogate,462,5243_00_00_00_01
Water - Surrogate,462,5270_00_00_00_01
Water - Surrogate,462,5271_00_00_00_01
Water - Surrogate,462,5272_00_00_00_01
Water - Surrogate,4334,5284_00_00_00_01
Water - Surrogate,710,5291_00_00_00_01
Water - Surrogate,3619,592_00_00_00_01
Water - Surrogate,655,592_00_00_00_01
Water - Surrogate,2003,643_00_00_00_01
Water - Surrogate,2679,643_00_00_00_01
Water - Surrogate,2863,643_00_00_00_01
Water - Surrogate,2864,643_00_00_00_01
Water - Surrogate,3654,643_00_00_00_01
Water - Surrogate,2003,68_00_00_00_01
Water - Surrogate,2679,68_00_00_00_01
Water - Surrogate,2864,68_00_00_00_01
Water - Thiocyanates,367,3061_00_00_00_14
Water - Tricyclical Alkaloid,462,4722_00_00_00_14
XAD resin - Descriptive,4406,4855_00_00_06_43
XAD resin - Descriptive,4406,4857_00_00_06_43
XAD resin - Descriptive,103973,4855_00_00_06_43
XAD resin - Descriptive,103973,4857_00_00_06_43
XAD resin - Hydrocarbons,4406,1263_00_00_06_43
XAD resin - Hydrocarbons,4406,3811_00_00_06_43
XAD resin - Hydrocarbons,4406,3825_00_00_06_43
XAD resin - Hydrocarbons,4406,3855_00_00_06_43
XAD resin - Hydrocarbons,4406,1093_00_00_06_43
XAD resin - Hydrocarbons,4406,1095_00_00_06_43
XAD resin - Hydrocarbons,4406,1528_00_00_06_43
XAD resin - Hydrocarbons,4406,3137_00_00_06_43
XAD resin - Hydrocarbons,4406,3835_00_00_06_43
XAD resin - Hydrocarbons,4406,3853_00_00_06_43
XAD resin - Hydrocarbons,4406,3901_00_00_06_43
XAD resin - Hydrocarbons,4406,3867_00_00_06_43
XAD resin - Hydrocarbons,4406,1267_00_00_06_43
XAD resin - Hydrocarbons,4406,1581_00_00_06_43
XAD resin - Hydrocarbons,4406,3848_00_00_06_43
XAD resin - Hydrocarbons,4406,3897_00_00_06_43
XAD resin - Hydrocarbons,4406,1041_00_00_06_43
XAD resin - Hydrocarbons,4406,1082_00_00_06_43
XAD resin - Hydrocarbons,4406,1537_00_00_06_43
XAD resin - Hydrocarbons,4406,1540_00_00_06_43
XAD resin - Hydrocarbons,4406,1557_00_00_06_43
XAD resin - Hydrocarbons,4406,3893_00_00_06_43
XAD resin - Hydrocarbons,4406,4557_00_00_06_43
XAD resin - Hydrocarbons,4406,1543_00_00_06_43
XAD resin - Hydrocarbons,4406,3879_00_00_06_43
XAD resin - Hydrocarbons,4406,5311_00_00_06_43
XAD resin - Hydrocarbons,4406,3782_00_00_06_43
XAD resin - Hydrocarbons,4406,3850_00_00_06_43
XAD resin - Hydrocarbons,4406,3882_00_00_06_43
XAD resin - Hydrocarbons,4406,3817_00_00_06_43
XAD resin - Hydrocarbons,4406,3831_00_00_06_43
XAD resin - Hydrocarbons,4406,4545_00_00_06_43
XAD resin - Hydrocarbons,4406,1081_00_00_06_43
XAD resin - Hydrocarbons,4406,1262_00_00_06_43
XAD resin - Hydrocarbons,4406,1549_00_00_06_43
XAD resin - Hydrocarbons,4406,1554_00_00_06_43
XAD resin - Hydrocarbons,4406,1595_00_00_06_43
XAD resin - Hydrocarbons,4406,3645_00_00_06_43
XAD resin - Hydrocarbons,4406,3659_00_00_06_43
XAD resin - Hydrocarbons,4406,3843_00_00_06_43
XAD resin - Hydrocarbons,4406,3891_00_00_06_43
XAD resin - Hydrocarbons,4406,1555_00_00_06_43
XAD resin - Hydrocarbons,4406,5313_00_00_06_43
XAD resin - Hydrocarbons,4406,1268_00_00_06_43
XAD resin - Hydrocarbons,4406,3779_00_00_06_43
XAD resin - Hydrocarbons,4406,3836_00_00_06_43
XAD resin - Hydrocarbons,4406,3842_00_00_06_43
XAD resin - Hydrocarbons,4406,3814_00_00_06_43
XAD resin - Hydrocarbons,4406,3852_00_00_06_43
XAD resin - Hydrocarbons,4406,4418_00_00_06_43
XAD resin - Hydrocarbons,4406,1594_00_00_06_43
XAD resin - Hydrocarbons,4406,3829_00_00_06_43
XAD resin - Hydrocarbons,4406,3844_00_00_06_43
XAD resin - Hydrocarbons,4406,3854_00_00_06_43
XAD resin - Hydrocarbons,4406,3861_00_00_06_43
XAD resin - Hydrocarbons,4406,4553_00_00_06_43
XAD resin - Hydrocarbons,4406,1548_00_00_06_43
XAD resin - Hydrocarbons,4406,3820_00_00_06_43
XAD resin - Hydrocarbons,4406,3821_00_00_06_43
XAD resin - Hydrocarbons,4406,3849_00_00_06_43
XAD resin - Hydrocarbons,4406,5314_00_00_06_43
XAD resin - Hydrocarbons,4406,1586_00_00_06_43
XAD resin - Hydrocarbons,4406,3823_00_00_06_43
XAD resin - Hydrocarbons,4406,3837_00_00_06_43
XAD resin - Hydrocarbons,4406,3858_00_00_06_43
XAD resin - Hydrocarbons,4406,3869_00_00_06_43
XAD resin - Hydrocarbons,4406,3884_00_00_06_43
XAD resin - Hydrocarbons,4406,3885_00_00_06_43
XAD resin - Hydrocarbons,4406,4549_00_00_06_43
XAD resin - Hydrocarbons,103974,1626_00_00_06_13
XAD resin - Hydrocarbons,10377,1626_00_00_06_43
XAD resin - Hydrocarbons,10376,1275_00_00_06_43
XAD resin - Hydrocarbons,10376,1259_00_00_06_43
XAD resin - Hydrocarbons,103973,1259_00_00_06_43
XAD resin - Hydrocarbons,4406,1547_00_00_06_43
XAD resin - Hydrocarbons,4406,3830_00_00_06_43
XAD resin - Hydrocarbons,4406,4415_00_00_06_43
XAD resin - Hydrocarbons,10376,1276_00_00_06_43
XAD resin - Hydrocarbons,10376,1266_00_00_06_43
XAD resin - Hydrocarbons,103973,1266_00_00_06_43
XAD resin - Hydrocarbons,103974,3300_00_00_06_43
XAD resin - Hydrocarbons,10376,1262_00_00_06_43
XAD resin - Hydrocarbons,103973,1262_00_00_06_43
XAD resin - Hydrocarbons,4406,1550_00_00_06_43
XAD resin - Hydrocarbons,103974,3291_00_00_06_13
XAD resin - Hydrocarbons,4406,3846_00_00_06_43
XAD resin - Hydrocarbons,4406,4546_00_00_06_43
XAD resin - Hydrocarbons,10376,1274_00_00_06_43
XAD resin - Hydrocarbons,103973,1274_00_00_06_43
XAD resin - Hydrocarbons,10376,1277_00_00_06_43
XAD resin - Hydrocarbons,103973,1277_00_00_06_43
XAD resin - Hydrocarbons,10376,1268_00_00_06_43
XAD resin - Hydrocarbons,103973,1268_00_00_06_43
XAD resin - Hydrocarbons,103974,1627_00_00_06_13
XAD resin - Hydrocarbons,10377,1627_00_00_06_43
XAD resin - Hydrocarbons,4406,1103_00_00_06_43
XAD resin - Hydrocarbons,4406,3822_00_00_06_43
XAD resin - Hydrocarbons,4406,3862_00_00_06_43
XAD resin - Hydrocarbons,103974,3292_00_00_06_13
XAD resin - Hydrocarbons,10376,1263_00_00_06_43
XAD resin - Hydrocarbons,103973,1263_00_00_06_43
XAD resin - Hydrocarbons,10376,1258_00_00_06_43
XAD resin - Hydrocarbons,103973,1258_00_00_06_43
XAD resin - Hydrocarbons,10376,1257_00_00_06_43
XAD resin - Hydrocarbons,103974,3293_00_00_06_13
XAD resin - Hydrocarbons,4406,1258_00_00_06_43
XAD resin - Hydrocarbons,4406,1530_00_00_06_43
XAD resin - Hydrocarbons,10376,1265_00_00_06_43
XAD resin - Hydrocarbons,4406,1536_00_00_06_43
XAD resin - Hydrocarbons,4406,1584_00_00_06_43
XAD resin - Hydrocarbons,4406,3781_00_00_06_43
XAD resin - Hydrocarbons,4406,3813_00_00_06_43
XAD resin - Hydrocarbons,4406,3863_00_00_06_43
XAD resin - Hydrocarbons,4406,3875_00_00_06_43
XAD resin - Hydrocarbons,4406,3886_00_00_06_43
XAD resin - Hydrocarbons,4406,4417_00_00_06_43
XAD resin - Hydrocarbons,10376,1264_00_00_06_43
XAD resin - Hydrocarbons,10376,1267_00_00_06_43
XAD resin - Hydrocarbons,103973,1267_00_00_06_43
XAD resin - Hydrocarbons,10376,1273_00_00_06_43
XAD resin - Hydrocarbons,4406,1094_00_00_06_43
XAD resin - Hydrocarbons,4406,1564_00_00_06_43
XAD resin - Hydrocarbons,4406,1565_00_00_06_43
XAD resin - Hydrocarbons,4406,2650_00_00_06_43
XAD resin - Hydrocarbons,4406,3662_00_00_06_43
XAD resin - Hydrocarbons,4406,3834_00_00_06_43
XAD resin - Hydrocarbons,4406,3871_00_00_06_43
XAD resin - Hydrocarbons,4406,3877_00_00_06_43
XAD resin - Hydrocarbons,4406,3880_00_00_06_43
XAD resin - Hydrocarbons,4406,3883_00_00_06_43
XAD resin - Hydrocarbons,4406,3888_00_00_06_43
XAD resin - Hydrocarbons,4406,3899_00_00_06_43
XAD resin - Hydrocarbons,4406,5315_00_00_06_43
XAD resin - Hydrocarbons,10376,4553_00_00_06_43
XAD resin - Hydrocarbons,103973,4553_00_00_06_43
XAD resin - Hydrocarbons,4406,1090_00_00_06_43
XAD resin - Hydrocarbons,4406,1542_00_00_06_43
XAD resin - Hydrocarbons,103971,4274_00_00_06_43
XAD resin - Hydrocarbons,4406,3777_00_00_06_43
XAD resin - Hydrocarbons,4406,3841_00_00_06_43
XAD resin - Hydrocarbons,4406,3887_00_00_06_43
XAD resin - Hydrocarbons,10376,1103_00_00_06_43
XAD resin - Hydrocarbons,103973,1103_00_00_06_43
XAD resin - Hydrocarbons,10376,1531_00_00_06_43
XAD resin - Hydrocarbons,103973,1531_00_00_06_43
XAD resin - Hydrocarbons,4406,3826_00_00_06_43
XAD resin - Hydrocarbons,4406,5085_00_00_06_43
XAD resin - Hydrocarbons,4406n1,1104_00_00_06_43
XAD resin - Hydrocarbons,10376,1532_00_00_06_43
XAD resin - Hydrocarbons,103971,4275_00_00_06_43
XAD resin - Hydrocarbons,10376,1528_00_00_06_43
XAD resin - Hydrocarbons,103973,1528_00_00_06_43
XAD resin - Hydrocarbons,4406,3840_00_00_06_43
XAD resin - Hydrocarbons,103973,1099_00_00_06_43
XAD resin - Hydrocarbons,4406,3870_00_00_06_43
XAD resin - Hydrocarbons,10376,1488_00_00_06_43
XAD resin - Hydrocarbons,10376,1535_00_00_06_43
XAD resin - Hydrocarbons,10376,1541_00_00_06_43
XAD resin - Hydrocarbons,103971,4264_00_00_06_43
XAD resin - Hydrocarbons,4406,3827_00_00_06_43
XAD resin - Hydrocarbons,4406,3832_00_00_06_43
XAD resin - Hydrocarbons,10376,1542_00_00_06_43
XAD resin - Hydrocarbons,103973,1542_00_00_06_43
XAD resin - Hydrocarbons,10376,1536_00_00_06_43
XAD resin - Hydrocarbons,103973,1536_00_00_06_43
XAD resin - Hydrocarbons,103973,1547_00_00_06_43
XAD resin - Hydrocarbons,103973,1556_00_00_06_43
XAD resin - Hydrocarbons,10376,1533_00_00_06_43
XAD resin - Hydrocarbons,4406,3864_00_00_06_43
XAD resin - Hydrocarbons,4406,3881_00_00_06_43
XAD resin - Hydrocarbons,103971,4276_00_00_06_43
XAD resin - Hydrocarbons,103973,1529_00_00_06_43
XAD resin - Hydrocarbons,10376,1540_00_00_06_43
XAD resin - Hydrocarbons,103973,1540_00_00_06_43
XAD resin - Hydrocarbons,10376,1543_00_00_06_43
XAD resin - Hydrocarbons,103973,1543_00_00_06_43
XAD resin - Hydrocarbons,10376,1553_00_00_06_43
XAD resin - Hydrocarbons,4406,1538_00_00_06_43
XAD resin - Hydrocarbons,10376,4418_00_00_06_43
XAD resin - Hydrocarbons,103973,4418_00_00_06_43
XAD resin - Hydrocarbons,103973,1549_00_00_06_43
XAD resin - Hydrocarbons,10376,1559_00_00_06_43
XAD resin - Hydrocarbons,103973,1559_00_00_06_43
XAD resin - Hydrocarbons,4406,1101_00_00_06_43
XAD resin - Hydrocarbons,4406,1277_00_00_06_43
XAD resin - Hydrocarbons,10376,4417_00_00_06_43
XAD resin - Hydrocarbons,4406,1558_00_00_06_43
XAD resin - Hydrocarbons,103973,4417_00_00_06_43
XAD resin - Hydrocarbons,4406,1559_00_00_06_43
XAD resin - Hydrocarbons,4406,3810_00_00_06_43
XAD resin - Hydrocarbons,4406,3815_00_00_06_43
XAD resin - Hydrocarbons,4406,3856_00_00_06_43
XAD resin - Hydrocarbons,4406,3876_00_00_06_43
XAD resin - Hydrocarbons,4406,3892_00_00_06_43
XAD resin - Hydrocarbons,103973,1548_00_00_06_43
XAD resin - Hydrocarbons,10376,1562_00_00_06_43
XAD resin - Hydrocarbons,10376,1550_00_00_06_43
XAD resin - Hydrocarbons,103973,1550_00_00_06_43
XAD resin - Hydrocarbons,10376,1570_00_00_06_43
XAD resin - Hydrocarbons,10376,1564_00_00_06_43
XAD resin - Hydrocarbons,103973,1564_00_00_06_43
XAD resin - Hydrocarbons,10376,1561_00_00_06_43
XAD resin - Hydrocarbons,4406,3833_00_00_06_43
XAD resin - Hydrocarbons,4406,3857_00_00_06_43
XAD resin - Hydrocarbons,4406,3890_00_00_06_43
XAD resin - Hydrocarbons,4406,5309_00_00_06_43
XAD resin - Hydrocarbons,103973,1101_00_00_06_43
XAD resin - Hydrocarbons,10376,1558_00_00_06_43
XAD resin - Hydrocarbons,103973,1558_00_00_06_43
XAD resin - Hydrocarbons,10376,1574_00_00_06_43
XAD resin - Hydrocarbons,10376,1581_00_00_06_43
XAD resin - Hydrocarbons,103973,1581_00_00_06_43
XAD resin - Hydrocarbons,4406,1099_00_00_06_43
XAD resin - Hydrocarbons,4406,1274_00_00_06_43
XAD resin - Hydrocarbons,4406,3828_00_00_06_43
XAD resin - Hydrocarbons,4406,3873_00_00_06_43
XAD resin - Hydrocarbons,10376,1545_00_00_06_43
XAD resin - Hydrocarbons,10376,1546_00_00_06_43
XAD resin - Hydrocarbons,10377,4214_00_00_06_43
XAD resin - Hydrocarbons,103971,4265_00_00_06_43
XAD resin - Hydrocarbons,103971,4273_00_00_06_43
XAD resin - Hydrocarbons,4406,1566_00_00_06_43
XAD resin - Hydrocarbons,4406,1593_00_00_06_43
XAD resin - Hydrocarbons,4406,3819_00_00_06_43
XAD resin - Hydrocarbons,4406,3859_00_00_06_43
XAD resin - Hydrocarbons,4406,3889_00_00_06_43
XAD resin - Hydrocarbons,10376,1100_00_00_06_43
XAD resin - Hydrocarbons,103971,4270_00_00_06_43
XAD resin - Hydrocarbons,10376,1555_00_00_06_43
XAD resin - Hydrocarbons,103973,1555_00_00_06_43
XAD resin - Hydrocarbons,10376,1489_00_00_06_43
XAD resin - Hydrocarbons,103971,4266_00_00_06_43
XAD resin - Hydrocarbons,10376,1568_00_00_06_43
XAD resin - Hydrocarbons,4406,1102_00_00_06_43
XAD resin - Hydrocarbons,4406,1556_00_00_06_43
XAD resin - Hydrocarbons,4406,3816_00_00_06_43
XAD resin - Hydrocarbons,4406,3838_00_00_06_43
XAD resin - Hydrocarbons,4406,3865_00_00_06_43
XAD resin - Hydrocarbons,10376,1557_00_00_06_43
XAD resin - Hydrocarbons,103973,1557_00_00_06_43
XAD resin - Hydrocarbons,10376,1580_00_00_06_43
XAD resin - Hydrocarbons,10376,1575_00_00_06_43
XAD resin - Hydrocarbons,10376,1086_00_00_06_43
XAD resin - Hydrocarbons,4406,1529_00_00_06_43
XAD resin - Hydrocarbons,4406,4560_00_00_06_43
XAD resin - Hydrocarbons,10376,1563_00_00_06_43
XAD resin - Hydrocarbons,10376,1584_00_00_06_43
XAD resin - Hydrocarbons,103973,1584_00_00_06_43
XAD resin - Hydrocarbons,10376,1585_00_00_06_43
XAD resin - Hydrocarbons,10376,1591_00_00_06_43
XAD resin - Hydrocarbons,10376,1098_00_00_06_43
XAD resin - Hydrocarbons,4406,1266_00_00_06_43
XAD resin - Hydrocarbons,4406,3847_00_00_06_43
XAD resin - Hydrocarbons,4406,3872_00_00_06_43
XAD resin - Hydrocarbons,4406,3900_00_00_06_43
XAD resin - Hydrocarbons,10376,1571_00_00_06_43
XAD resin - Hydrocarbons,103971,4269_00_00_06_43
XAD resin - Hydrocarbons,10377,4249_00_00_06_43
XAD resin - Hydrocarbons,103971,4249_00_00_06_43
XAD resin - Hydrocarbons,10376,1582_00_00_06_43
XAD resin - Hydrocarbons,10377,4250_00_00_06_43
XAD resin - Hydrocarbons,103971,4250_00_00_06_43
XAD resin - Hydrocarbons,4406,1088_00_00_06_43
XAD resin - Hydrocarbons,4406,3780_00_00_06_43
XAD resin - Hydrocarbons,4406,3839_00_00_06_43
XAD resin - Hydrocarbons,4406,3874_00_00_06_43
XAD resin - Hydrocarbons,4406,3895_00_00_06_43
XAD resin - Hydrocarbons,4406,5310_00_00_06_43
XAD resin - Hydrocarbons,4406,5312_00_00_06_43
XAD resin - Hydrocarbons,10376,1583_00_00_06_43
XAD resin - Hydrocarbons,10377,1628_00_00_06_43
XAD resin - Hydrocarbons,103971,4251_00_00_06_43
XAD resin - Hydrocarbons,10377,4206_00_00_06_43
XAD resin - Hydrocarbons,10376,1593_00_00_06_43
XAD resin - Hydrocarbons,103973,1593_00_00_06_43
XAD resin - Hydrocarbons,103971,4243_00_00_06_43
XAD resin - Hydrocarbons,10376,1088_00_00_06_43
XAD resin - Hydrocarbons,103973,1088_00_00_06_43
XAD resin - Hydrocarbons,4406,1531_00_00_06_43
XAD resin - Hydrocarbons,4406,3812_00_00_06_43
XAD resin - Hydrocarbons,10376,1083_00_00_06_43
XAD resin - Hydrocarbons,10376,1594_00_00_06_43
XAD resin - Hydrocarbons,103973,1594_00_00_06_43
XAD resin - Hydrocarbons,4406,1089_00_00_06_43
XAD resin - Hydrocarbons,4406,1259_00_00_06_43
XAD resin - Hydrocarbons,4406,3776_00_00_06_43
XAD resin - Hydrocarbons,4406,3878_00_00_06_43
XAD resin - Hydrocarbons,10376,1096_00_00_06_43
XAD resin - Hydrocarbons,10376,1102_00_00_06_43
XAD resin - Hydrocarbons,103973,1102_00_00_06_43
XAD resin - Hydrocarbons,10376,1577_00_00_06_43
XAD resin - Hydrocarbons,4406,3824_00_00_06_43
XAD resin - Hydrocarbons,4406,3851_00_00_06_43
XAD resin - Hydrocarbons,4406,3894_00_00_06_43
XAD resin - Hydrocarbons,4406,3896_00_00_06_43
XAD resin - Hydrocarbons,10376,1587_00_00_06_43
XAD resin - Hydrocarbons,10376,4557_00_00_06_43
XAD resin - Hydrocarbons,103973,4557_00_00_06_43
XAD resin - Hydrocarbons,10376,1094_00_00_06_43
XAD resin - Hydrocarbons,103973,1094_00_00_06_43
XAD resin - Hydrocarbons,4406,3818_00_00_06_43
XAD resin - Hydrocarbons,103971,4260_00_00_06_43
XAD resin - Hydrocarbons,4406,3845_00_00_06_43
XAD resin - Hydrocarbons,4406,3898_00_00_06_43
XAD resin - Hydrocarbons,4406n2,1104_00_00_06_43
XAD resin - Hydrocarbons,10376,1589_00_00_06_43
XAD resin - Hydrocarbons,103973,1589_00_00_06_43
XAD resin - Hydrocarbons,10376,1590_00_00_06_43
XAD resin - Hydrocarbons,10376,1089_00_00_06_43
XAD resin - Hydrocarbons,103973,1089_00_00_06_43
XAD resin - Hydrocarbons,10376,1539_00_00_06_43
XAD resin - Hydrocarbons,10376,1566_00_00_06_43
XAD resin - Hydrocarbons,10376,1567_00_00_06_43
XAD resin - Hydrocarbons,10376,1576_00_00_06_43
XAD resin - Hydrocarbons,10376,1538_00_00_06_43
XAD resin - Hydrocarbons,103973,1538_00_00_06_43
XAD resin - Hydrocarbons,10376,1551_00_00_06_43
XAD resin - Hydrocarbons,103973,4560_00_00_06_43
XAD resin - Hydrocarbons,10376,1530_00_00_06_43
XAD resin - Hydrocarbons,103973,1530_00_00_06_43
XAD resin - Hydrocarbons,10376,1537_00_00_06_43
XAD resin - Hydrocarbons,103973,1537_00_00_06_43
XAD resin - Hydrocarbons,10376,1552_00_00_06_43
XAD resin - Hydrocarbons,10376,1554_00_00_06_43
XAD resin - Hydrocarbons,103973,1554_00_00_06_43
XAD resin - Hydrocarbons,103971,4258_00_00_06_43
XAD resin - Hydrocarbons,10376,1093_00_00_06_43
XAD resin - Hydrocarbons,103973,1093_00_00_06_43
XAD resin - Hydrocarbons,10376,1586_00_00_06_43
XAD resin - Hydrocarbons,103973,1586_00_00_06_43
XAD resin - Hydrocarbons,10376,1565_00_00_06_43
XAD resin - Hydrocarbons,103973,1565_00_00_06_43
XAD resin - Hydrocarbons,103971,4259_00_00_06_43
XAD resin - Hydrocarbons,103974,1629_00_00_06_13
XAD resin - Hydrocarbons,10377,1629_00_00_06_43
XAD resin - Hydrocarbons,10376,1592_00_00_06_43
XAD resin - Hydrocarbons,103974,1630_00_00_06_13
XAD resin - Hydrocarbons,10377,1630_00_00_06_43
XAD resin - Hydrocarbons,10376,4415_00_00_06_43
XAD resin - Hydrocarbons,103973,4415_00_00_06_43
XAD resin - Hydrocarbons,103971,4246_00_00_06_43
XAD resin - Hydrocarbons,103973,1082_00_00_06_43
XAD resin - Hydrocarbons,103971,4242_00_00_06_43
XAD resin - Hydrocarbons,10376,1578_00_00_06_43
XAD resin - Hydrocarbons,103971,4254_00_00_06_43
XAD resin - Hydrocarbons,10376,2619_00_00_06_43
XAD resin - Hydrocarbons,10377,4244_00_00_06_43
XAD resin - Hydrocarbons,103971,4244_00_00_06_43
XAD resin - Hydrocarbons,103971,4245_00_00_06_43
XAD resin - Hydrocarbons,103971,4241_00_00_06_43
XAD resin - Hydrocarbons,10376,1269_00_00_06_43
XAD resin - Hydrocarbons,103971,4238_00_00_06_43
XAD resin - Hydrocarbons,103974,1631_00_00_06_13
XAD resin - Hydrocarbons,10377,1631_00_00_06_43
XAD resin - Hydrocarbons,103973,1081_00_00_06_43
XAD resin - Hydrocarbons,10376,315_00_00_06_43
XAD resin - Hydrocarbons,103974,1632_00_00_06_13
XAD resin - Hydrocarbons,10377,1632_00_00_06_43
XAD resin - Hydrocarbons,10376,2650_00_00_06_43
XAD resin - Hydrocarbons,103973,2650_00_00_06_43
XAD resin - Hydrocarbons,103971,4261_00_00_06_43
XAD resin - Hydrocarbons,103971,4255_00_00_06_43
XAD resin - Hydrocarbons,10376,1095_00_00_06_43
XAD resin - Hydrocarbons,103973,1095_00_00_06_43
XAD resin - Hydrocarbons,103971,4256_00_00_06_43
XAD resin - Hydrocarbons,103971,4247_00_00_06_43
XAD resin - Hydrocarbons,10376,1090_00_00_06_43
XAD resin - Hydrocarbons,103973,1090_00_00_06_43
XAD resin - Hydrocarbons,10376,4549_00_00_06_43
XAD resin - Hydrocarbons,103973,4549_00_00_06_43
XAD resin - Hydrocarbons,103971,4248_00_00_06_43
XAD resin - Hydrocarbons,103971,4239_00_00_06_43
XAD resin - Hydrocarbons,103973,3137_00_00_06_43
XAD resin - Hydrocarbons,103971,4240_00_00_06_43
XAD resin - Hydrocarbons,10376,1595_00_00_06_43
XAD resin - Hydrocarbons,103973,1595_00_00_06_43
XAD resin - Hydrocarbons,10376,292_00_00_06_43
XAD resin - Hydrocarbons,10376,148_00_00_06_43
XAD resin - Hydrocarbons,103974,1633_00_00_06_13
XAD resin - Hydrocarbons,10377,1633_00_00_06_43
XAD resin - Hydrocarbons,10377,4213_00_00_06_43
XAD resin - Hydrocarbons,103971,4213_00_00_06_43
XAD resin - Hydrocarbons,10377,4215_00_00_06_43
XAD resin - Hydrocarbons,103971,4215_00_00_06_43
XAD resin - Hydrocarbons,10377,4216_00_00_06_43
XAD resin - Hydrocarbons,103971,4216_00_00_06_43
XAD resin - Hydrocarbons,10377,4217_00_00_06_43
XAD resin - Hydrocarbons,103971,4217_00_00_06_43
XAD resin - Hydrocarbons,10377,4218_00_00_06_43
XAD resin - Hydrocarbons,103971,4218_00_00_06_43
XAD resin - Hydrocarbons,10377,4209_00_00_06_43
XAD resin - Hydrocarbons,103971,4209_00_00_06_43
XAD resin - Hydrocarbons,10377,4210_00_00_06_43
XAD resin - Hydrocarbons,103971,4210_00_00_06_43
XAD resin - Hydrocarbons,10377,4211_00_00_06_43
XAD resin - Hydrocarbons,103971,4211_00_00_06_43
XAD resin - Hydrocarbons,10377,4212_00_00_06_43
XAD resin - Hydrocarbons,103971,4212_00_00_06_43
XAD resin - Hydrocarbons,10376,219_00_00_06_43
XAD resin - Hydrocarbons,10376,155_00_00_06_43
XAD resin - Hydrocarbons,10376,145_00_00_06_43
XAD resin - Hydrocarbons,10376,137_00_00_06_43
XAD resin - Hydrocarbons,10376,132_00_00_06_43
XAD resin - Hydrocarbons,10376,147_00_00_06_43
XAD resin - Hydrocarbons,10376,3774_00_00_06_43
XAD resin - Hydrocarbons,103973,3810_00_00_06_43
XAD resin - Hydrocarbons,103973,3776_00_00_06_43
XAD resin - Hydrocarbons,103973,3811_00_00_06_43
XAD resin - Hydrocarbons,103973,3814_00_00_06_43
XAD resin - Hydrocarbons,103973,3777_00_00_06_43
XAD resin - Hydrocarbons,103973,3813_00_00_06_43
XAD resin - Hydrocarbons,103973,3812_00_00_06_43
XAD resin - Hydrocarbons,103973,3818_00_00_06_43
XAD resin - Hydrocarbons,103973,3825_00_00_06_43
XAD resin - Hydrocarbons,103973,3821_00_00_06_43
XAD resin - Hydrocarbons,103973,3817_00_00_06_43
XAD resin - Hydrocarbons,103973,3822_00_00_06_43
XAD resin - Hydrocarbons,103973,3816_00_00_06_43
XAD resin - Hydrocarbons,103973,3824_00_00_06_43
XAD resin - Hydrocarbons,103973,3815_00_00_06_43
XAD resin - Hydrocarbons,103973,3819_00_00_06_43
XAD resin - Hydrocarbons,103973,3820_00_00_06_43
XAD resin - Hydrocarbons,103973,3829_00_00_06_43
XAD resin - Hydrocarbons,103973,3826_00_00_06_43
XAD resin - Hydrocarbons,103973,3828_00_00_06_43
XAD resin - Hydrocarbons,103973,3827_00_00_06_43
XAD resin - Hydrocarbons,103973,3838_00_00_06_43
XAD resin - Hydrocarbons,103973,3833_00_00_06_43
XAD resin - Hydrocarbons,103973,3836_00_00_06_43
XAD resin - Hydrocarbons,103973,3831_00_00_06_43
XAD resin - Hydrocarbons,103973,3835_00_00_06_43
XAD resin - Hydrocarbons,103973,3830_00_00_06_43
XAD resin - Hydrocarbons,103973,3779_00_00_06_43
XAD resin - Hydrocarbons,103973,3846_00_00_06_43
XAD resin - Hydrocarbons,103973,3842_00_00_06_43
XAD resin - Hydrocarbons,103973,3843_00_00_06_43
XAD resin - Hydrocarbons,103973,3837_00_00_06_43
XAD resin - Hydrocarbons,103973,3847_00_00_06_43
XAD resin - Hydrocarbons,103973,3845_00_00_06_43
XAD resin - Hydrocarbons,103973,3839_00_00_06_43
XAD resin - Hydrocarbons,103973,3844_00_00_06_43
XAD resin - Hydrocarbons,103973,3841_00_00_06_43
XAD resin - Hydrocarbons,103973,3834_00_00_06_43
XAD resin - Hydrocarbons,103973,3840_00_00_06_43
XAD resin - Hydrocarbons,103973,3832_00_00_06_43
XAD resin - Hydrocarbons,103973,3850_00_00_06_43
XAD resin - Hydrocarbons,103973,3849_00_00_06_43
XAD resin - Hydrocarbons,103973,3848_00_00_06_43
XAD resin - Hydrocarbons,103973,3780_00_00_06_43
XAD resin - Hydrocarbons,103973,3869_00_00_06_43
XAD resin - Hydrocarbons,103973,3866_00_00_06_43
XAD resin - Hydrocarbons,103973,3868_00_00_06_43
XAD resin - Hydrocarbons,103973,3863_00_00_06_43
XAD resin - Hydrocarbons,103973,3864_00_00_06_43
XAD resin - Hydrocarbons,103973,3859_00_00_06_43
XAD resin - Hydrocarbons,103973,3857_00_00_06_43
XAD resin - Hydrocarbons,103973,3862_00_00_06_43
XAD resin - Hydrocarbons,103973,3865_00_00_06_43
XAD resin - Hydrocarbons,103973,3856_00_00_06_43
XAD resin - Hydrocarbons,103973,3870_00_00_06_43
XAD resin - Hydrocarbons,103973,3871_00_00_06_43
XAD resin - Hydrocarbons,103973,3858_00_00_06_43
XAD resin - Hydrocarbons,103973,3854_00_00_06_43
XAD resin - Hydrocarbons,103973,3855_00_00_06_43
XAD resin - Hydrocarbons,103973,3852_00_00_06_43
XAD resin - Hydrocarbons,103973,3853_00_00_06_43
XAD resin - Hydrocarbons,103973,3851_00_00_06_43
XAD resin - Hydrocarbons,103973,3888_00_00_06_43
XAD resin - Hydrocarbons,103973,3882_00_00_06_43
XAD resin - Hydrocarbons,103973,3879_00_00_06_43
XAD resin - Hydrocarbons,103973,3887_00_00_06_43
XAD resin - Hydrocarbons,103973,3880_00_00_06_43
XAD resin - Hydrocarbons,103973,3881_00_00_06_43
XAD resin - Hydrocarbons,103973,3877_00_00_06_43
XAD resin - Hydrocarbons,103973,3874_00_00_06_43
XAD resin - Hydrocarbons,103973,3878_00_00_06_43
XAD resin - Hydrocarbons,103973,3875_00_00_06_43
XAD resin - Hydrocarbons,103973,3873_00_00_06_43
XAD resin - Hydrocarbons,103973,3876_00_00_06_43
XAD resin - Hydrocarbons,103973,3872_00_00_06_43
XAD resin - Hydrocarbons,103973,3885_00_00_06_43
XAD resin - Hydrocarbons,103973,3781_00_00_06_43
XAD resin - Hydrocarbons,103973,3884_00_00_06_43
XAD resin - Hydrocarbons,103973,3889_00_00_06_43
XAD resin - Hydrocarbons,103973,3886_00_00_06_43
XAD resin - Hydrocarbons,103973,3883_00_00_06_43
XAD resin - Hydrocarbons,103973,3895_00_00_06_43
XAD resin - Hydrocarbons,103973,3897_00_00_06_43
XAD resin - Hydrocarbons,103973,3894_00_00_06_43
XAD resin - Hydrocarbons,103973,3892_00_00_06_43
XAD resin - Hydrocarbons,103973,3893_00_00_06_43
XAD resin - Hydrocarbons,103973,3890_00_00_06_43
XAD resin - Hydrocarbons,103973,3891_00_00_06_43
XAD resin - Hydrocarbons,103973,3782_00_00_06_43
XAD resin - Hydrocarbons,103973,3896_00_00_06_43
XAD resin - Hydrocarbons,103973,3900_00_00_06_43
XAD resin - Hydrocarbons,103973,3898_00_00_06_43
XAD resin - Hydrocarbons,103973,3899_00_00_06_43
XAD resin - Hydrocarbons,103973,3901_00_00_06_43
XAD resin - Hydrocarbons,10377,3728_00_00_06_43
XAD resin - Hydrocarbons,103971,3728_00_00_06_43
XAD resin - Hydrocarbons,10376,1104_00_00_06_43
XAD resin - Hydrocarbons,103973d1,1104_00_00_06_43
XAD resin - Hydrocarbons,103973d2,1104_00_00_06_43
XAD resin - Hydrocarbons,10376,212_00_00_06_43
XAD resin - Hydrocarbons,10376,146_00_00_06_43
XAD resin - Hydrocarbons,10376,303_00_00_06_43
XAD resin - Hydrocarbons,103973,5313_00_00_06_43
XAD resin - Hydrocarbons,103974,1644_00_00_06_13
XAD resin - Hydrocarbons,10377,1644_00_00_06_43
XAD resin - Hydrocarbons,10377,3729_00_00_06_43
XAD resin - Hydrocarbons,10376,91_00_00_06_43
XAD resin - Hydrocarbons,103970,91_00_00_06_43
XAD resin - Hydrocarbons,103973,5312_00_00_06_43
XAD resin - Hydrocarbons,10376,306_00_00_06_43
XAD resin - Hydrocarbons,103970,306_00_00_06_43
XAD resin - Hydrocarbons,10376,140_00_00_06_43
XAD resin - Hydrocarbons,10376,312_00_00_06_43
XAD resin - Hydrocarbons,103973,5315_00_00_06_43
XAD resin - Hydrocarbons,10377,4536_00_00_06_43
XAD resin - Hydrocarbons,103973,5314_00_00_06_43
XAD resin - Hydrocarbons,103973,3645_00_00_06_43
XAD resin - Hydrocarbons,10376,1752_00_00_06_43
XAD resin - Hydrocarbons,103973,3662_00_00_06_43
XAD resin - Hydrocarbons,103973,5085_00_00_06_43
XAD resin - Hydrocarbons,103973,3659_00_00_06_43
XAD resin - Hydrocarbons,103973,3860_00_00_06_43
XAD resin - Hydrocarbons,10377,1645_00_00_06_43
XAD resin - Hydrocarbons,103974,1646_00_00_06_13
XAD resin - Hydrocarbons,10377,1646_00_00_06_43
XAD resin - Hydrocarbons,103974,1647_00_00_06_13
XAD resin - Hydrocarbons,10377,1647_00_00_06_43
XAD resin - Hydrocarbons,10376,237_00_00_06_43
XAD resin - Hydrocarbons,103970,237_00_00_06_43
XAD resin - Hydrocarbons,103973,5311_00_00_06_43
XAD resin - Hydrocarbons,10376,299_00_00_06_43
XAD resin - Hydrocarbons,10376,1272_00_00_06_43
XAD resin - Hydrocarbons,103974,1648_00_00_06_13
XAD resin - Hydrocarbons,10377,1648_00_00_06_43
XAD resin - Hydrocarbons,103973,5310_00_00_06_43
XAD resin - Hydrocarbons,10376,92_00_00_06_43
XAD resin - Hydrocarbons,10376,1041_00_00_06_43
XAD resin - Hydrocarbons,103973,1041_00_00_06_43
XAD resin - Hydrocarbons,103973,4546_00_00_06_43
XAD resin - Hydrocarbons,103973,4545_00_00_06_43
XAD resin - Hydrocarbons,103973,5309_00_00_06_43
XAD resin - Hydrocarbons,103972,4848_00_00_06_43
XAD resin - Hydrocarbons,10376,181_00_00_06_43
XAD resin - Hydrocarbons,103970,181_00_00_06_43
XAD resin - Hydrocarbons,103972,4849_00_00_06_43
XAD resin - Hydrocarbons,103974,1643_00_00_06_13
XAD resin - Hydrocarbons,10377,1643_00_00_06_43
XAD resin - Hydrocarbons,103972,4850_00_00_06_43
XAD resin - Hydrocarbons,10376,93_00_00_06_43
XAD resin - Organophosphate flame retardant,103974,1634_00_00_06_13
XAD resin - Organophosphate flame retardant,10377,1634_00_00_06_43
XAD resin - Organophosphate flame retardant,103974,1635_00_00_06_13
XAD resin - Organophosphate flame retardant,10377,1635_00_00_06_43
XAD resin - Organophosphate flame retardant,103974,3284_00_00_06_13
XAD resin - Organophosphate flame retardant,103974,3285_00_00_06_13
XAD resin - Organophosphate flame retardant,103974,3286_00_00_06_13
XAD resin - Organophosphate flame retardant,103974,3287_00_00_06_13
XAD resin - Organophosphate flame retardant,103974,3289_00_00_06_13
XAD resin - Organophosphate flame retardant,103974,3294_00_00_06_13
XAD resin - Pesticides,103970,177_00_00_06_43
XAD resin - Pesticides,10376,187_00_00_06_43
XAD resin - Pesticides,103970,187_00_00_06_43
XAD resin - Pesticides,103974,3283_00_00_06_13
XAD resin - Pesticides,10376,235_00_00_06_43
XAD resin - Pesticides,103970,235_00_00_06_43
XAD resin - Pesticides,10376,1909_00_00_06_43
XAD resin - Pesticides,103970,1909_00_00_06_43
XAD resin - Pesticides,103970,258_00_00_06_43
XAD resin - Pesticides,103970,269_00_00_06_43
XAD resin - Pesticides,103970,1712_00_00_06_43
XAD resin - Pesticides,103970,281_00_00_06_43
XAD resin - Pesticides,103970,60_00_00_06_43
XAD resin - Pesticides,10376,165_00_00_06_43
XAD resin - Pesticides,103970,165_00_00_06_43
XAD resin - Pesticides,103970,2881_00_00_06_43
XAD resin - Pesticides,103970,1047_00_00_06_43
XAD resin - Pesticides,10376,169_00_00_06_43
XAD resin - Pesticides,103970,169_00_00_06_43
XAD resin - Pesticides,103970,192_00_00_06_43
XAD resin - Pesticides,10376,206_00_00_06_43
XAD resin - Pesticides,103970,206_00_00_06_43
XAD resin - Pesticides,10376,207_00_00_06_43
XAD resin - Pesticides,103970,207_00_00_06_43
XAD resin - Pesticides,103970,260_00_00_06_43
XAD resin - Pesticides,10376,2679_00_00_06_01
XAD resin - Pesticides,103970,2679_00_00_06_43
XAD resin - Pesticides,103970,2852_00_00_06_43
XAD resin - Pesticides,10376,335_00_00_06_43
XAD resin - Pesticides,103970,335_00_00_06_43
XAD resin - Pesticides,103970,182_00_00_06_43
XAD resin - Pesticides,103970,2856_00_00_06_43
XAD resin - Pesticides,10376,227_00_00_06_43
XAD resin - Pesticides,103970,227_00_00_06_43
XAD resin - Pesticides,103970,211_00_00_06_43
XAD resin - Pesticides,10376,287_00_00_06_43
XAD resin - Pesticides,103970,287_00_00_06_43
XAD resin - Pesticides,10376,261_00_00_06_43
XAD resin - Pesticides,103970,261_00_00_06_43
XAD resin - Pesticides,10376,200_00_00_06_43
XAD resin - Pesticides,103970,200_00_00_06_43
XAD resin - Pesticides,103970,259_00_00_06_43
XAD resin - Surrogate,4406,10074_00_00_06_01
XAD resin - Surrogate,4406,10075_00_00_06_01
XAD resin - Surrogate,4406,3790_00_00_06_01
XAD resin - Surrogate,4406,3806_00_00_06_01
XAD resin - Surrogate,4406,3784_00_00_06_01
XAD resin - Surrogate,4406,3793_00_00_06_01
XAD resin - Surrogate,4406,3804_00_00_06_01
XAD resin - Surrogate,4406,1495_00_00_06_01
XAD resin - Surrogate,4406,3792_00_00_06_01
XAD resin - Surrogate,4406,3797_00_00_06_01
XAD resin - Surrogate,4406,3788_00_00_06_01
XAD resin - Surrogate,4406,3783_00_00_06_01
XAD resin - Surrogate,4406,3795_00_00_06_01
XAD resin - Surrogate,4406,3800_00_00_06_01
XAD resin - Surrogate,4406,3805_00_00_06_01
XAD resin - Surrogate,4406,3798_00_00_06_01
XAD resin - Surrogate,4406,3801_00_00_06_01
XAD resin - Surrogate,4406,3799_00_00_06_01
XAD resin - Surrogate,4406,1496_00_00_06_01
XAD resin - Surrogate,4406,10068_00_00_06_01
XAD resin - Surrogate,4406,3791_00_00_06_01
XAD resin - Surrogate,4406,3785_00_00_06_01
XAD resin - Surrogate,4406,3789_00_00_06_01
XAD resin - Surrogate,4406,3794_00_00_06_01
XAD resin - Surrogate,4406,1497_00_00_06_01
XAD resin - Surrogate,4406,3786_00_00_06_01
XAD resin - Surrogate,4406,3787_00_00_06_01
XAD resin - Surrogate,4406,3803_00_00_06_01
XAD resin - Surrogate,4406,3796_00_00_06_01
XAD resin - Surrogate,4406,1499_00_00_06_01
XAD resin - Surrogate,4406,3802_00_00_06_01
XAD resin - Surrogate,10376,1156_00_00_06_01
XAD resin - Surrogate,103970,1449_00_00_06_01
XAD resin - Surrogate,103970,1469_00_00_06_01
XAD resin - Surrogate,10376,1491_00_00_06_01
XAD resin - Surrogate,103973,1494_00_00_06_01
XAD resin - Surrogate,103973,1495_00_00_06_01
XAD resin - Surrogate,103973,1496_00_00_06_01
XAD resin - Surrogate,103973,1497_00_00_06_01
XAD resin - Surrogate,103973,1498_00_00_06_01
XAD resin - Surrogate,103973,1499_00_00_06_01
XAD resin - Surrogate,103973,1500_00_00_06_01
XAD resin - Surrogate,103973,1501_00_00_06_01
XAD resin - Surrogate,10377,1637_00_00_06_01
XAD resin - Surrogate,10377,1638_00_00_06_01
XAD resin - Surrogate,10377,1639_00_00_06_01
XAD resin - Surrogate,103971,1640_00_00_06_01
XAD resin - Surrogate,10377,1641_00_00_06_01
XAD resin - Surrogate,10377,1642_00_00_06_01
XAD resin - Surrogate,10376,1690_00_00_06_01
XAD resin - Surrogate,103970,1911_00_00_06_01
XAD resin - Surrogate,103974,1963_00_00_06_01
XAD resin - Surrogate,103974,1964_00_00_06_01
XAD resin - Surrogate,103970,2083_00_00_06_01
XAD resin - Surrogate,103970,2085_00_00_06_01
XAD resin - Surrogate,10376,247_00_00_06_01
XAD resin - Surrogate,103970,2857_00_00_06_01
XAD resin - Surrogate,103970,2858_00_00_06_01
XAD resin - Surrogate,10376,3037_00_00_06_01
XAD resin - Surrogate,10376,3038_00_00_06_01
XAD resin - Surrogate,103970,3255_00_00_06_01
XAD resin - Surrogate,103970,3266_00_00_06_01
XAD resin - Surrogate,103970,3267_00_00_06_01
XAD resin - Surrogate,103970,3268_00_00_06_01
XAD resin - Surrogate,103970,3269_00_00_06_01
XAD resin - Surrogate,103970,3270_00_00_06_01
XAD resin - Surrogate,103970,3271_00_00_06_01
XAD resin - Surrogate,103970,3272_00_00_06_01
XAD resin - Surrogate,103970,3273_00_00_06_01
XAD resin - Surrogate,103970,3274_00_00_06_01
XAD resin - Surrogate,103970,3275_00_00_06_01
XAD resin - Surrogate,103970,3276_00_00_06_01
XAD resin - Surrogate,103970,3277_00_00_06_01
XAD resin - Surrogate,103970,3278_00_00_06_01
XAD resin - Surrogate,103970,3279_00_00_06_01
XAD resin - Surrogate,103970,3280_00_00_06_01
XAD resin - Surrogate,103970,3281_00_00_06_01
XAD resin - Surrogate,103970,3282_00_00_06_01
XAD resin - Surrogate,103974,3295_00_00_06_01
XAD resin - Surrogate,103974,3296_00_00_06_01
XAD resin - Surrogate,103974,3297_00_00_06_01
XAD resin - Surrogate,103974,3298_00_00_06_01
XAD resin - Surrogate,103974,3299_00_00_06_01
XAD resin - Surrogate,103971,3515_00_00_06_01
XAD resin - Surrogate,103971,3516_00_00_06_01
XAD resin - Surrogate,103973,3783_00_00_06_01
XAD resin - Surrogate,103973,3784_00_00_06_01
XAD resin - Surrogate,103973,3785_00_00_06_01
XAD resin - Surrogate,103973,3786_00_00_06_01
XAD resin - Surrogate,103973,3787_00_00_06_01
XAD resin - Surrogate,103973,3788_00_00_06_01
XAD resin - Surrogate,103973,3789_00_00_06_01
XAD resin - Surrogate,103973,3790_00_00_06_01
XAD resin - Surrogate,103973,3791_00_00_06_01
XAD resin - Surrogate,103973,3792_00_00_06_01
XAD resin - Surrogate,103973,3793_00_00_06_01
XAD resin - Surrogate,103973,3794_00_00_06_01
XAD resin - Surrogate,103973,3795_00_00_06_01
XAD resin - Surrogate,103973,3796_00_00_06_01
XAD resin - Surrogate,103973,3797_00_00_06_01
XAD resin - Surrogate,103973,3798_00_00_06_01
XAD resin - Surrogate,103973,3799_00_00_06_01
XAD resin - Surrogate,103973,3800_00_00_06_01
XAD resin - Surrogate,103973,3801_00_00_06_01
XAD resin - Surrogate,103973,3802_00_00_06_01
XAD resin - Surrogate,103973,3803_00_00_06_01
XAD resin - Surrogate,103973,3804_00_00_06_01
XAD resin - Surrogate,103973,3805_00_00_06_01
XAD resin - Surrogate,103973,3806_00_00_06_01
XAD resin - Surrogate,103973,3808_00_00_06_01
XAD resin - Surrogate,103973,3809_00_00_06_01
XAD resin - Surrogate,10376,4158_00_00_06_01
XAD resin - Surrogate,10377,4294_00_00_06_01
XAD resin - Surrogate,103971,4569_00_00_06_01
XAD resin - Surrogate,103971,4570_00_00_06_01
XAD resin - Surrogate,103971,4571_00_00_06_01
XAD resin - Surrogate,103971,4572_00_00_06_01
XAD resin - Surrogate,10377,4573_00_00_06_01
XAD resin - Surrogate,103971,4573_00_00_06_01
XAD resin - Surrogate,103971,4574_00_00_06_01
XAD resin - Surrogate,103971,4575_00_00_06_01
XAD resin - Surrogate,103971,4576_00_00_06_01
XAD resin - Surrogate,103971,4577_00_00_06_01
XAD resin - Surrogate,103971,4578_00_00_06_01
XAD resin - Surrogate,103971,4579_00_00_06_01
XAD resin - Surrogate,103972,4851_00_00_06_01
XAD resin - Surrogate,103972,4852_00_00_06_01
XAD resin - Surrogate,103972,4853_00_00_06_01
XAD resin - Surrogate,103974,5322_00_00_06_01
XAD resin - Surrogate,10376,643_00_00_06_01
Biological - Hydrocarbons,4302,1104_00_00_02_02
Water - Metal,479,412_00_00_00_14
