Water Quality Data from PISCES 2 located at the Slave River at Fitzgerald ,,,,,,,,,,,,,,,,,
Data File Name ,ExpandedGeographicExtent-SlaveRiver-PISCESWaterQuality-2012-v1.csv,,,,,,,,,,,,,,,,
Date File Generated ,2013-01-17,,,,,,,,,,,,,,,,
Context Note,"In 2012, Environment Canada installed and operated a new automated monitoring platform on the Slave River at Fitzgerald, Alberta (JOSM site M11a). The objective is to provide near real-time, continuous water quality data to expand on regular monitoring done by conventional “grab samples” at this and other sites on the Athabasca River.
Verified and validated water quality data from the summer and fall of 2012 (June through September) collected at the Slave River at Fitzgerald site (M11a) is being released. Measurements are reported for water temperature, turbidity, dissolved oxygen, pH, and specific conductance at 1m and 4 m depths every two hours. Weather observations (air temperature, wind speed and direction, barometric pressure, precipitation and relative humidity) are collected every 15 minutes.
Analysis of the data being released is still ongoing. As of the time of this data release, the time series of data is too limited to draw any conclusions. As the data increases with continued monitoring, it will provide an indication of water quality at the northern end of the oil sands region before water flows into Lake Athabasca. In future, the water quality data from the automated platform, along with other environmental measures, will be used to assess the spatial and temporal status and trends in water quality in the mainstem of the Athabasca, Peace and Slave rivers.
The automated monitoring platform is an EMM350 PISCES (Pontoon for In-Situ Characterization of Environmental Systems - see Figure 1). PISCES consists of data acquisition components including a YSI 6600 water quality multi-probe, satellite communication capabilities, and an on-board power management system using solar panels.
",,,,,,,,,,,,,,,,
Organization Name,Environment and Climate Change Canada,,,,,,,,,,,,,,,,
Organization Contact Information,"200 Sacre-Coeur Blvd, Gatineau, Quebec,  K1A 0H3",,,,,,,,,,,,,,,,
Email,enviroinfo@canada.ca,,,,,,,,,,,,,,,,
Program,Joint Canada-Alberta Implementation Plan for Oil Sands Monitoring (JOSM) Water Implementation Plan Activities - Surface Water Quality - Expanded Geographic Extent Water Quality (http://www.publications.gc.ca/site/eng/436043/publication.html),,,,,,,,,,,,,,,,
Principal Investigator,Nancy Glozier,,,,,,,,,,,,,,,,
Principal Investigator Affiliation,"Environment and Climate Change Canada, Science and Technology Branch, Water Science and Technology Directorate, Water Quality Monitoring and Surveillance Division",,,,,,,,,,,,,,,,
*Co-investigator,,,,,,,,,,,,,,,,,
*Co-investigator Affiliation,,,,,,,,,,,,,,,,,
*Principal Investigator Contact Information,,,,,,,,,,,,,,,,,
Data Steward(s),Nancy Glozier,,,,,,,,,,,,,,,,
Open Government Licence-Canada,http://open.canada.ca/en/open-government-licence-canada,,,,,,,,,,,,,,,,
Attribution,"Environment and Climate Change Canada, [Year Accessed].  Data File Name [Name of data file]. Downloaded on [Year-Month-Day] from [Name and URL of the data portal].",,,,,,,,,,,,,,,,
Acknowledgement,"The author(s) acknowledge Environment and Climate Change Canada and [if applicable, enter the names of any co-contributors, co-funding agencies, and/or collaborators] for the provision of [type of] data accessed from [Name and URL of the data portal].  [If applicable:  The original data/data files were modified and redistributed and/or used to produce derivative work as follows: …enter details…].    ",,,,,,,,,,,,,,,,
Quality Assurance Level and Disclaimer,"Level 1, defined as a complete data set of specified quality that consists of research products subjected to quality assurance and quality control checks and data management procedures.",,,,,,,,,,,,,,,,
,,,,,,,,,,,,,,,,,
,,,,,,,,,,,,,,,,,
°C,Degrees Celcius,,,,,,,,,,,,,,,,
pH Units,pH Units,,,,,,,,,,,,,,,,
NTU,Nephalometric Turbidity Units,,,,,,,,,,,,,,,,
µS/cm,Microsiemens per centimeter,,,,,,,,,,,,,,,,
mg/l,Milligrams per litre,,,,,,,,,,,,,,,,
,,,,,,,,,,,,,,,,,
Data corrections were made using Aquarius Workstation software for date and time shift.  No drift corrections were made.   Instrument and fouling drift were deemed incalculable; however drift numbers appear to be minimal.,,,,,,,,,,,,,,,,,
A gap exists in selected parameters due to a coding error in the data logger.,,,,,,,,,,,,,,,,,
,,,,,,,,,,,,,,,,,
Site Name,Latitude (Decimal Degrees),Longitude (Decimal Degrees),Date+Time UTC -06:00 (MM/dd/yyyy HH:mm:ss) / Date +Heure UTC -06:00 (MM/dd/yyyy HH:mm:ss) ,Depth (metres),Water Temperature (°C) / Température de l'eau (°C),Specific Conductance (µS/cm) / Conductance spécifique (µS/cm),pH (pH units) / pH (pH unites),Turbidity  (NTU) / Turbidité (UTN),Dissoved Oxygen (mg/L) / Oxygène dissous (mg/L),Oxygen saturation  (%) / Saturation en oxygène (%),,,,,,,
,,,,,,,,,,,,,,,,,
,,,,,,,,,,,,,,,,,
Slave River at Fitzgerald - Long Term Monitoring Station (1960-1967: 1989-onwards); equivalent to M11A for Oil Sands,59.86917,-111.58583,06/12/2012 20:13:00,1.0,15.85,96,8.03,181.8,9.31,94.1,,,,,,,
Slave River at Fitzgerald - Long Term Monitoring Station (1960-1967: 1989-onwards); equivalent to M11A for Oil Sands,59.86917,-111.58583,06/12/2012 22:13:00,1.0,15.63,128,8.03,180.9,9.32,93.7,,,,,,,
Slave River at Fitzgerald - Long Term Monitoring Station (1960-1967: 1989-onwards); equivalent to M11A for Oil Sands,59.86917,-111.58583,06/13/2012 00:13:00,1.0,15.27,130,8.06,176.6,9.36,93.4,,,,,,,
Slave River at Fitzgerald - Long Term Monitoring Station (1960-1967: 1989-onwards); equivalent to M11A for Oil Sands,59.86917,-111.58583,06/13/2012 02:13:00,1.0,14.96,108,8.09,176.5,9.42,93.4,,,,,,,
Slave River at Fitzgerald - Long Term Monitoring Station (1960-1967: 1989-onwards); equivalent to M11A for Oil Sands,59.86917,-111.58583,06/13/2012 04:13:00,1.0,14.84,126,8.08,179.5,9.41,93.1,,,,,,,
Slave River at Fitzgerald - Long Term Monitoring Station (1960-1967: 1989-onwards); equivalent to M11A for Oil Sands,59.86917,-111.58583,06/13/2012 06:13:00,1.0,15.21,122,8.09,163.6,9.35,93.2,,,,,,,
Slave River at Fitzgerald - Long Term Monitoring Station (1960-1967: 1989-onwards); equivalent to M11A for Oil Sands,59.86917,-111.58583,06/13/2012 08:13:00,1.0,15.31,137,8.01,148.9,9.32,93.0,,,,,,,
Slave River at Fitzgerald - Long Term Monitoring Station (1960-1967: 1989-onwards); equivalent to M11A for Oil Sands,59.86917,-111.58583,06/13/2012 10:13:00,1.0,15.69,147,8.02,168.5,9.22,92.8,,,,,,,
Slave River at Fitzgerald - Long Term Monitoring Station (1960-1967: 1989-onwards); equivalent to M11A for Oil Sands,59.86917,-111.58583,06/13/2012 12:13:00,1.0,16.26,181,8.01,176.6,9.16,93.3,,,,,,,
Slave River at Fitzgerald - Long Term Monitoring Station (1960-1967: 1989-onwards); equivalent to M11A for Oil Sands,59.86917,-111.58583,06/13/2012 14:13:00,1.0,16.65,173,7.99,177.3,9.11,93.6,,,,,,,
Slave River at Fitzgerald - Long Term Monitoring Station (1960-1967: 1989-onwards); equivalent to M11A for Oil Sands,59.86917,-111.58583,06/13/2012 16:13:00,1.0,16.89,108,7.97,179.0,9.07,93.7,,,,,,,
Slave River at Fitzgerald - Long Term Monitoring Station (1960-1967: 1989-onwards); equivalent to M11A for Oil Sands,59.86917,-111.58583,06/13/2012 18:13:00,1.0,16.50,104,7.97,177.1,9.10,93.2,,,,,,,
Slave River at Fitzgerald - Long Term Monitoring Station (1960-1967: 1989-onwards); equivalent to M11A for Oil Sands,59.86917,-111.58583,06/13/2012 20:13:00,1.0,16.37,105,7.98,183.9,9.08,92.7,,,,,,,
Slave River at Fitzgerald - Long Term Monitoring Station (1960-1967: 1989-onwards); equivalent to M11A for Oil Sands,59.86917,-111.58583,06/13/2012 22:13:00,1.0,16.15,191,8.02,174.1,9.08,92.3,,,,,,,
Slave River at Fitzgerald - Long Term Monitoring Station (1960-1967: 1989-onwards); equivalent to M11A for Oil Sands,59.86917,-111.58583,06/14/2012 00:13:00,1.0,16.05,191,8.06,183.0,9.04,91.8,,,,,,,
Slave River at Fitzgerald - Long Term Monitoring Station (1960-1967: 1989-onwards); equivalent to M11A for Oil Sands,59.86917,-111.58583,06/14/2012 02:13:00,1.0,15.97,190,8.02,186.7,9.05,91.7,,,,,,,
Slave River at Fitzgerald - Long Term Monitoring Station (1960-1967: 1989-onwards); equivalent to M11A for Oil Sands,59.86917,-111.58583,06/14/2012 04:13:00,1.0,15.89,189,8.02,200.4,9.02,91.2,,,,,,,
Slave River at Fitzgerald - Long Term Monitoring Station (1960-1967: 1989-onwards); equivalent to M11A for Oil Sands,59.86917,-111.58583,06/14/2012 06:13:00,1.0,15.77,189,8.01,199.5,9.01,90.9,,,,,,,
Slave River at Fitzgerald - Long Term Monitoring Station (1960-1967: 1989-onwards); equivalent to M11A for Oil Sands,59.86917,-111.58583,06/14/2012 08:13:00,1.0,15.71,188,8.02,216.2,8.99,90.6,,,,,,,
Slave River at Fitzgerald - Long Term Monitoring Station (1960-1967: 1989-onwards); equivalent to M11A for Oil Sands,59.86917,-111.58583,06/14/2012 10:13:00,1.0,15.64,188,8.00,202.4,8.99,90.5,,,,,,,
Slave River at Fitzgerald - Long Term Monitoring Station (1960-1967: 1989-onwards); equivalent to M11A for Oil Sands,59.86917,-111.58583,06/14/2012 12:13:00,1.0,15.74,188,7.99,211.5,8.97,90.4,,,,,,,
Slave River at Fitzgerald - Long Term Monitoring Station (1960-1967: 1989-onwards); equivalent to M11A for Oil Sands,59.86917,-111.58583,06/14/2012 14:13:00,1.0,15.69,188,7.99,218.5,8.96,90.2,,,,,,,
Slave River at Fitzgerald - Long Term Monitoring Station (1960-1967: 1989-onwards); equivalent to M11A for Oil Sands,59.86917,-111.58583,06/14/2012 16:13:00,1.0,15.71,193,7.97,238.6,8.93,90.0,,,,,,,
Slave River at Fitzgerald - Long Term Monitoring Station (1960-1967: 1989-onwards); equivalent to M11A for Oil Sands,59.86917,-111.58583,06/14/2012 18:13:00,1.0,15.56,193,8.01,242.8,8.95,89.8,,,,,,,
Slave River at Fitzgerald - Long Term Monitoring Station (1960-1967: 1989-onwards); equivalent to M11A for Oil Sands,59.86917,-111.58583,06/14/2012 20:13:00,1.0,15.38,194,8.03,278.8,8.91,89.1,,,,,,,
Slave River at Fitzgerald - Long Term Monitoring Station (1960-1967: 1989-onwards); equivalent to M11A for Oil Sands,59.86917,-111.58583,06/14/2012 22:13:00,1.0,15.21,195,8.03,298.3,8.85,88.2,,,,,,,
Slave River at Fitzgerald - Long Term Monitoring Station (1960-1967: 1989-onwards); equivalent to M11A for Oil Sands,59.86917,-111.58583,06/15/2012 00:13:00,1.0,15.08,195,8.02,309.6,8.82,87.7,,,,,,,
Slave River at Fitzgerald - Long Term Monitoring Station (1960-1967: 1989-onwards); equivalent to M11A for Oil Sands,59.86917,-111.58583,06/15/2012 02:13:00,1.0,14.96,195,8.01,310.7,8.83,87.5,,,,,,,
Slave River at Fitzgerald - Long Term Monitoring Station (1960-1967: 1989-onwards); equivalent to M11A for Oil Sands,59.86917,-111.58583,06/15/2012 04:13:00,1.0,14.80,195,8.00,324.4,8.83,87.3,,,,,,,
Slave River at Fitzgerald - Long Term Monitoring Station (1960-1967: 1989-onwards); equivalent to M11A for Oil Sands,59.86917,-111.58583,06/15/2012 06:13:00,1.0,14.69,195,8.01,325.3,8.83,87.1,,,,,,,
Slave River at Fitzgerald - Long Term Monitoring Station (1960-1967: 1989-onwards); equivalent to M11A for Oil Sands,59.86917,-111.58583,06/15/2012 08:13:00,1.0,14.54,196,7.99,327.4,8.84,86.8,,,,,,,
Slave River at Fitzgerald - Long Term Monitoring Station (1960-1967: 1989-onwards); equivalent to M11A for Oil Sands,59.86917,-111.58583,06/15/2012 10:13:00,1.0,14.57,197,7.96,338.2,8.81,86.6,,,,,,,
Slave River at Fitzgerald - Long Term Monitoring Station (1960-1967: 1989-onwards); equivalent to M11A for Oil Sands,59.86917,-111.58583,06/15/2012 12:13:00,1.0,14.66,198,7.91,341.6,8.79,86.5,,,,,,,
Slave River at Fitzgerald - Long Term Monitoring Station (1960-1967: 1989-onwards); equivalent to M11A for Oil Sands,59.86917,-111.58583,06/15/2012 14:13:00,1.0,14.71,199,7.94,343.2,8.79,86.7,,,,,,,
Slave River at Fitzgerald - Long Term Monitoring Station (1960-1967: 1989-onwards); equivalent to M11A for Oil Sands,59.86917,-111.58583,06/15/2012 16:13:00,1.0,14.70,200,8.02,348.8,8.79,86.7,,,,,,,
Slave River at Fitzgerald - Long Term Monitoring Station (1960-1967: 1989-onwards); equivalent to M11A for Oil Sands,59.86917,-111.58583,06/15/2012 18:13:00,1.0,14.67,218,8.09,354.4,8.90,87.7,,,,,,,
Slave River at Fitzgerald - Long Term Monitoring Station (1960-1967: 1989-onwards); equivalent to M11A for Oil Sands,59.86917,-111.58583,06/15/2012 20:13:00,1.0,14.46,225,8.08,392.9,8.87,87.0,,,,,,,
Slave River at Fitzgerald - Long Term Monitoring Station (1960-1967: 1989-onwards); equivalent to M11A for Oil Sands,59.86917,-111.58583,06/15/2012 22:13:00,1.0,14.30,226,8.09,460.9,8.83,86.3,,,,,,,
Slave River at Fitzgerald - Long Term Monitoring Station (1960-1967: 1989-onwards); equivalent to M11A for Oil Sands,59.86917,-111.58583,06/16/2012 00:13:00,1.0,13.84,227,8.11,517.1,8.82,85.3,,,,,,,
Slave River at Fitzgerald - Long Term Monitoring Station (1960-1967: 1989-onwards); equivalent to M11A for Oil Sands,59.86917,-111.58583,06/16/2012 02:13:00,1.0,13.74,231,8.09,615.4,8.69,83.9,,,,,,,
Slave River at Fitzgerald - Long Term Monitoring Station (1960-1967: 1989-onwards); equivalent to M11A for Oil Sands,59.86917,-111.58583,06/16/2012 04:13:00,1.0,13.64,236,8.00,734.0,8.66,83.4,,,,,,,
Slave River at Fitzgerald - Long Term Monitoring Station (1960-1967: 1989-onwards); equivalent to M11A for Oil Sands,59.86917,-111.58583,06/16/2012 06:13:00,1.0,13.52,243,7.94,854.3,8.57,82.3,,,,,,,
Slave River at Fitzgerald - Long Term Monitoring Station (1960-1967: 1989-onwards); equivalent to M11A for Oil Sands,59.86917,-111.58583,06/16/2012 08:13:00,1.0,13.55,245,7.92,921.7,8.51,81.8,,,,,,,
Slave River at Fitzgerald - Long Term Monitoring Station (1960-1967: 1989-onwards); equivalent to M11A for Oil Sands,59.86917,-111.58583,06/16/2012 10:13:00,1.0,13.66,148,7.95,965.5,9.38,90.4,,,,,,,
Slave River at Fitzgerald - Long Term Monitoring Station (1960-1967: 1989-onwards); equivalent to M11A for Oil Sands,59.86917,-111.58583,06/16/2012 12:13:00,1.0,13.76,155,7.87,1035.4,9.10,87.8,,,,,,,
Slave River at Fitzgerald - Long Term Monitoring Station (1960-1967: 1989-onwards); equivalent to M11A for Oil Sands,59.86917,-111.58583,06/16/2012 14:13:00,1.0,13.87,158,7.89,1095.9,9.13,88.4,,,,,,,
Slave River at Fitzgerald - Long Term Monitoring Station (1960-1967: 1989-onwards); equivalent to M11A for Oil Sands,59.86917,-111.58583,06/16/2012 16:13:00,1.0,13.88,249,7.81,1136.3,8.94,86.6,,,,,,,
Slave River at Fitzgerald - Long Term Monitoring Station (1960-1967: 1989-onwards); equivalent to M11A for Oil Sands,59.86917,-111.58583,06/16/2012 18:13:00,1.0,13.92,247,8.08,1139.2,8.65,83.8,,,,,,,
Slave River at Fitzgerald - Long Term Monitoring Station (1960-1967: 1989-onwards); equivalent to M11A for Oil Sands,59.86917,-111.58583,06/16/2012 20:13:00,1.0,13.74,246,8.17,1155.9,8.76,84.6,,,,,,,
Slave River at Fitzgerald - Long Term Monitoring Station (1960-1967: 1989-onwards); equivalent to M11A for Oil Sands,59.86917,-111.58583,06/16/2012 22:13:00,1.0,13.56,245,8.16,1148.3,8.77,84.3,,,,,,,
Slave River at Fitzgerald - Long Term Monitoring Station (1960-1967: 1989-onwards); equivalent to M11A for Oil Sands,59.86917,-111.58583,06/17/2012 00:13:00,1.0,13.51,243,8.14,1168.3,8.82,84.8,,,,,,,
Slave River at Fitzgerald - Long Term Monitoring Station (1960-1967: 1989-onwards); equivalent to M11A for Oil Sands,59.86917,-111.58583,06/17/2012 02:13:00,1.0,13.46,243,8.13,1184.7,8.82,84.7,,,,,,,
Slave River at Fitzgerald - Long Term Monitoring Station (1960-1967: 1989-onwards); equivalent to M11A for Oil Sands,59.86917,-111.58583,06/17/2012 04:13:00,1.0,13.43,242,8.11,1189.9,8.82,84.6,,,,,,,
Slave River at Fitzgerald - Long Term Monitoring Station (1960-1967: 1989-onwards); equivalent to M11A for Oil Sands,59.86917,-111.58583,06/17/2012 06:13:00,1.0,13.42,240,8.10,1194.9,8.83,84.6,,,,,,,
Slave River at Fitzgerald - Long Term Monitoring Station (1960-1967: 1989-onwards); equivalent to M11A for Oil Sands,59.86917,-111.58583,06/17/2012 08:13:00,1.0,13.34,239,8.10,1197.1,8.84,84.6,,,,,,,
Slave River at Fitzgerald - Long Term Monitoring Station (1960-1967: 1989-onwards); equivalent to M11A for Oil Sands,59.86917,-111.58583,06/17/2012 10:13:00,1.0,13.34,239,8.11,1219.1,8.83,84.5,,,,,,,
Slave River at Fitzgerald - Long Term Monitoring Station (1960-1967: 1989-onwards); equivalent to M11A for Oil Sands,59.86917,-111.58583,06/17/2012 12:13:00,1.0,13.36,238,8.07,1204.2,8.82,84.5,,,,,,,
Slave River at Fitzgerald - Long Term Monitoring Station (1960-1967: 1989-onwards); equivalent to M11A for Oil Sands,59.86917,-111.58583,06/17/2012 14:13:00,1.0,13.39,237,8.10,1228.8,8.80,84.3,,,,,,,
Slave River at Fitzgerald - Long Term Monitoring Station (1960-1967: 1989-onwards); equivalent to M11A for Oil Sands,59.86917,-111.58583,06/17/2012 16:13:00,1.0,13.37,237,8.11,1224.3,8.85,84.8,,,,,,,
Slave River at Fitzgerald - Long Term Monitoring Station (1960-1967: 1989-onwards); equivalent to M11A for Oil Sands,59.86917,-111.58583,06/17/2012 18:13:00,1.0,13.41,236,8.10,1234.7,8.82,84.5,,,,,,,
Slave River at Fitzgerald - Long Term Monitoring Station (1960-1967: 1989-onwards); equivalent to M11A for Oil Sands,59.86917,-111.58583,06/17/2012 20:13:00,1.0,13.42,235,8.10,1243.3,8.87,85.0,,,,,,,
Slave River at Fitzgerald - Long Term Monitoring Station (1960-1967: 1989-onwards); equivalent to M11A for Oil Sands,59.86917,-111.58583,06/17/2012 22:13:00,1.0,13.39,235,8.10,1245.7,8.83,84.6,,,,,,,
Slave River at Fitzgerald - Long Term Monitoring Station (1960-1967: 1989-onwards); equivalent to M11A for Oil Sands,59.86917,-111.58583,06/18/2012 00:13:00,1.0,13.37,234,8.09,1244.9,8.84,84.6,,,,,,,
Slave River at Fitzgerald - Long Term Monitoring Station (1960-1967: 1989-onwards); equivalent to M11A for Oil Sands,59.86917,-111.58583,06/18/2012 02:13:00,1.0,13.36,234,8.11,1247.1,8.88,85.0,,,,,,,
Slave River at Fitzgerald - Long Term Monitoring Station (1960-1967: 1989-onwards); equivalent to M11A for Oil Sands,59.86917,-111.58583,06/18/2012 04:13:00,1.0,13.32,233,8.08,1254.4,8.88,85.0,,,,,,,
Slave River at Fitzgerald - Long Term Monitoring Station (1960-1967: 1989-onwards); equivalent to M11A for Oil Sands,59.86917,-111.58583,06/18/2012 06:13:00,1.0,13.26,233,8.08,1255.8,8.89,84.9,,,,,,,
Slave River at Fitzgerald - Long Term Monitoring Station (1960-1967: 1989-onwards); equivalent to M11A for Oil Sands,59.86917,-111.58583,06/18/2012 08:13:00,1.0,13.26,232,8.07,1256.2,8.85,84.5,,,,,,,
Slave River at Fitzgerald - Long Term Monitoring Station (1960-1967: 1989-onwards); equivalent to M11A for Oil Sands,59.86917,-111.58583,06/18/2012 10:13:00,1.0,13.29,232,8.06,1256.4,8.91,85.1,,,,,,,
Slave River at Fitzgerald - Long Term Monitoring Station (1960-1967: 1989-onwards); equivalent to M11A for Oil Sands,59.86917,-111.58583,06/18/2012 12:13:00,1.0,13.34,232,8.07,1256.9,8.90,85.2,,,,,,,
Slave River at Fitzgerald - Long Term Monitoring Station (1960-1967: 1989-onwards); equivalent to M11A for Oil Sands,59.86917,-111.58583,06/18/2012 14:13:00,1.0,13.46,232,8.05,1257.9,8.90,85.4,,,,,,,
Slave River at Fitzgerald - Long Term Monitoring Station (1960-1967: 1989-onwards); equivalent to M11A for Oil Sands,59.86917,-111.58583,06/18/2012 16:13:00,1.0,13.52,232,8.04,1257.4,8.88,85.3,,,,,,,
Slave River at Fitzgerald - Long Term Monitoring Station (1960-1967: 1989-onwards); equivalent to M11A for Oil Sands,59.86917,-111.58583,06/18/2012 18:13:00,1.0,13.51,231,8.08,1257.8,8.95,85.9,,,,,,,
Slave River at Fitzgerald - Long Term Monitoring Station (1960-1967: 1989-onwards); equivalent to M11A for Oil Sands,59.86917,-111.58583,06/18/2012 20:13:00,1.0,13.47,231,8.05,1255.9,8.93,85.7,,,,,,,
Slave River at Fitzgerald - Long Term Monitoring Station (1960-1967: 1989-onwards); equivalent to M11A for Oil Sands,59.86917,-111.58583,06/18/2012 22:13:00,1.0,13.41,229,8.09,1256.3,8.97,86.0,,,,,,,
Slave River at Fitzgerald - Long Term Monitoring Station (1960-1967: 1989-onwards); equivalent to M11A for Oil Sands,59.86917,-111.58583,06/19/2012 00:13:00,1.0,13.33,228,8.09,1255.5,8.99,86.0,,,,,,,
Slave River at Fitzgerald - Long Term Monitoring Station (1960-1967: 1989-onwards); equivalent to M11A for Oil Sands,59.86917,-111.58583,06/19/2012 02:13:00,1.0,13.27,227,8.10,1255.5,9.16,87.5,,,,,,,
Slave River at Fitzgerald - Long Term Monitoring Station (1960-1967: 1989-onwards); equivalent to M11A for Oil Sands,59.86917,-111.58583,06/19/2012 04:13:00,1.0,13.19,226,8.07,1255.4,9.02,86.0,,,,,,,
Slave River at Fitzgerald - Long Term Monitoring Station (1960-1967: 1989-onwards); equivalent to M11A for Oil Sands,59.86917,-111.58583,06/19/2012 06:13:00,1.0,13.12,226,8.04,1254.9,8.98,85.5,,,,,,,
Slave River at Fitzgerald - Long Term Monitoring Station (1960-1967: 1989-onwards); equivalent to M11A for Oil Sands,59.86917,-111.58583,06/19/2012 08:13:00,1.0,13.21,226,8.05,1255.4,9.00,85.9,,,,,,,
Slave River at Fitzgerald - Long Term Monitoring Station (1960-1967: 1989-onwards); equivalent to M11A for Oil Sands,59.86917,-111.58583,06/19/2012 10:13:00,1.0,13.36,226,7.98,1256.6,8.99,86.0,,,,,,,
Slave River at Fitzgerald - Long Term Monitoring Station (1960-1967: 1989-onwards); equivalent to M11A for Oil Sands,59.86917,-111.58583,06/19/2012 12:13:00,1.0,13.57,226,7.96,1257.9,9.03,86.9,,,,,,,
Slave River at Fitzgerald - Long Term Monitoring Station (1960-1967: 1989-onwards); equivalent to M11A for Oil Sands,59.86917,-111.58583,06/19/2012 14:13:00,1.0,13.69,226,7.95,1257.9,9.04,87.2,,,,,,,
Slave River at Fitzgerald - Long Term Monitoring Station (1960-1967: 1989-onwards); equivalent to M11A for Oil Sands,59.86917,-111.58583,06/19/2012 16:13:00,1.0,13.79,226,8.00,1255.3,9.05,87.4,,,,,,,
Slave River at Fitzgerald - Long Term Monitoring Station (1960-1967: 1989-onwards); equivalent to M11A for Oil Sands,59.86917,-111.58583,06/19/2012 18:13:00,1.0,13.84,226,8.00,1255.4,9.05,87.6,,,,,,,
Slave River at Fitzgerald - Long Term Monitoring Station (1960-1967: 1989-onwards); equivalent to M11A for Oil Sands,59.86917,-111.58583,06/19/2012 20:13:00,1.0,13.97,225,8.03,1258.3,9.02,87.5,,,,,,,
Slave River at Fitzgerald - Long Term Monitoring Station (1960-1967: 1989-onwards); equivalent to M11A for Oil Sands,59.86917,-111.58583,06/19/2012 22:13:00,1.0,13.65,225,8.09,1243.9,9.08,87.5,,,,,,,
Slave River at Fitzgerald - Long Term Monitoring Station (1960-1967: 1989-onwards); equivalent to M11A for Oil Sands,59.86917,-111.58583,06/20/2012 00:13:00,1.0,13.31,224,8.15,1237.2,9.17,87.6,,,,,,,
Slave River at Fitzgerald - Long Term Monitoring Station (1960-1967: 1989-onwards); equivalent to M11A for Oil Sands,59.86917,-111.58583,06/20/2012 02:13:00,1.0,13.06,223,8.15,1229.3,9.20,87.5,,,,,,,
Slave River at Fitzgerald - Long Term Monitoring Station (1960-1967: 1989-onwards); equivalent to M11A for Oil Sands,59.86917,-111.58583,06/20/2012 04:13:00,1.0,12.86,223,8.13,1221.8,9.22,87.3,,,,,,,
Slave River at Fitzgerald - Long Term Monitoring Station (1960-1967: 1989-onwards); equivalent to M11A for Oil Sands,59.86917,-111.58583,06/20/2012 06:13:00,1.0,12.88,223,8.12,1202.6,9.24,87.5,,,,,,,
Slave River at Fitzgerald - Long Term Monitoring Station (1960-1967: 1989-onwards); equivalent to M11A for Oil Sands,59.86917,-111.58583,06/20/2012 08:13:00,1.0,13.11,223,8.04,1194.6,9.23,87.8,,,,,,,
Slave River at Fitzgerald - Long Term Monitoring Station (1960-1967: 1989-onwards); equivalent to M11A for Oil Sands,59.86917,-111.58583,06/20/2012 10:13:00,1.0,13.28,223,8.02,1165.6,9.19,87.9,,,,,,,
Slave River at Fitzgerald - Long Term Monitoring Station (1960-1967: 1989-onwards); equivalent to M11A for Oil Sands,59.86917,-111.58583,06/20/2012 12:13:00,1.0,13.54,224,7.99,1180.5,9.20,88.4,,,,,,,
Slave River at Fitzgerald - Long Term Monitoring Station (1960-1967: 1989-onwards); equivalent to M11A for Oil Sands,59.86917,-111.58583,06/20/2012 14:13:00,1.0,13.54,221,8.14,939.9,9.26,89.0,,,,,,,
Slave River at Fitzgerald - Long Term Monitoring Station (1960-1967: 1989-onwards); equivalent to M11A for Oil Sands,59.86917,-111.58583,06/20/2012 16:13:00,1.0,13.32,221,8.12,924.0,9.30,89.0,,,,,,,
Slave River at Fitzgerald - Long Term Monitoring Station (1960-1967: 1989-onwards); equivalent to M11A for Oil Sands,59.86917,-111.58583,06/20/2012 18:13:00,1.0,13.40,221,8.08,903.9,9.43,90.4,,,,,,,
Slave River at Fitzgerald - Long Term Monitoring Station (1960-1967: 1989-onwards); equivalent to M11A for Oil Sands,59.86917,-111.58583,06/20/2012 20:13:00,1.0,13.73,220,8.01,892.9,9.39,90.6,,,,,,,
Slave River at Fitzgerald - Long Term Monitoring Station (1960-1967: 1989-onwards); equivalent to M11A for Oil Sands,59.86917,-111.58583,06/20/2012 22:13:00,1.0,14.21,220,7.99,869.0,9.27,90.5,,,,,,,
Slave River at Fitzgerald - Long Term Monitoring Station (1960-1967: 1989-onwards); equivalent to M11A for Oil Sands,59.86917,-111.58583,06/21/2012 00:13:00,1.0,14.61,220,7.97,847.2,9.31,91.6,,,,,,,
Slave River at Fitzgerald - Long Term Monitoring Station (1960-1967: 1989-onwards); equivalent to M11A for Oil Sands,59.86917,-111.58583,06/21/2012 02:13:00,1.0,14.95,220,7.95,831.9,9.24,91.6,,,,,,,
Slave River at Fitzgerald - Long Term Monitoring Station (1960-1967: 1989-onwards); equivalent to M11A for Oil Sands,59.86917,-111.58583,06/21/2012 04:13:00,1.0,15.31,220,7.90,809.1,9.25,92.4,,,,,,,
Slave River at Fitzgerald - Long Term Monitoring Station (1960-1967: 1989-onwards); equivalent to M11A for Oil Sands,59.86917,-111.58583,06/21/2012 06:13:00,1.0,15.43,220,7.93,782.6,9.17,91.8,,,,,,,
Slave River at Fitzgerald - Long Term Monitoring Station (1960-1967: 1989-onwards); equivalent to M11A for Oil Sands,59.86917,-111.58583,06/21/2012 08:13:00,1.0,15.16,220,8.00,777.2,9.16,91.2,,,,,,,
Slave River at Fitzgerald - Long Term Monitoring Station (1960-1967: 1989-onwards); equivalent to M11A for Oil Sands,59.86917,-111.58583,06/21/2012 10:13:00,1.0,14.93,220,8.10,755.0,9.13,90.4,,,,,,,
Slave River at Fitzgerald - Long Term Monitoring Station (1960-1967: 1989-onwards); equivalent to M11A for Oil Sands,59.86917,-111.58583,06/21/2012 12:13:00,1.0,14.74,220,8.16,741.1,9.17,90.4,,,,,,,
Slave River at Fitzgerald - Long Term Monitoring Station (1960-1967: 1989-onwards); equivalent to M11A for Oil Sands,59.86917,-111.58583,06/21/2012 14:13:00,1.0,14.67,220,8.15,713.4,9.16,90.2,,,,,,,
Slave River at Fitzgerald - Long Term Monitoring Station (1960-1967: 1989-onwards); equivalent to M11A for Oil Sands,59.86917,-111.58583,06/21/2012 16:13:00,1.0,14.64,220,8.18,697.9,9.18,90.4,,,,,,,
Slave River at Fitzgerald - Long Term Monitoring Station (1960-1967: 1989-onwards); equivalent to M11A for Oil Sands,59.86917,-111.58583,06/21/2012 18:13:00,1.0,14.67,220,8.11,686.6,9.19,90.5,,,,,,,
Slave River at Fitzgerald - Long Term Monitoring Station (1960-1967: 1989-onwards); equivalent to M11A for Oil Sands,59.86917,-111.58583,06/21/2012 20:13:00,1.0,14.80,220,8.10,664.7,9.17,90.6,,,,,,,
Slave River at Fitzgerald - Long Term Monitoring Station (1960-1967: 1989-onwards); equivalent to M11A for Oil Sands,59.86917,-111.58583,06/21/2012 22:13:00,1.0,15.07,219,8.04,647.2,9.19,91.3,,,,,,,
Slave River at Fitzgerald - Long Term Monitoring Station (1960-1967: 1989-onwards); equivalent to M11A for Oil Sands,59.86917,-111.58583,06/22/2012 00:13:00,1.0,15.46,219,7.98,623.9,9.10,91.2,,,,,,,
Slave River at Fitzgerald - Long Term Monitoring Station (1960-1967: 1989-onwards); equivalent to M11A for Oil Sands,59.86917,-111.58583,08/20/2012 20:13:00,1.0,,189,,57.4,,,,,,,,,
Slave River at Fitzgerald - Long Term Monitoring Station (1960-1967: 1989-onwards); equivalent to M11A for Oil Sands,59.86917,-111.58583,08/20/2012 22:13:00,1.0,,187,,56.8,,,,,,,,,
Slave River at Fitzgerald - Long Term Monitoring Station (1960-1967: 1989-onwards); equivalent to M11A for Oil Sands,59.86917,-111.58583,08/21/2012 00:13:00,1.0,,187,,56.9,,,,,,,,,
Slave River at Fitzgerald - Long Term Monitoring Station (1960-1967: 1989-onwards); equivalent to M11A for Oil Sands,59.86917,-111.58583,08/21/2012 02:13:00,1.0,,187,,55.1,,,,,,,,,
Slave River at Fitzgerald - Long Term Monitoring Station (1960-1967: 1989-onwards); equivalent to M11A for Oil Sands,59.86917,-111.58583,08/21/2012 04:13:00,1.0,,187,,54.1,,,,,,,,,
Slave River at Fitzgerald - Long Term Monitoring Station (1960-1967: 1989-onwards); equivalent to M11A for Oil Sands,59.86917,-111.58583,08/21/2012 06:13:00,1.0,,187,,51.9,,,,,,,,,
Slave River at Fitzgerald - Long Term Monitoring Station (1960-1967: 1989-onwards); equivalent to M11A for Oil Sands,59.86917,-111.58583,08/21/2012 08:13:00,1.0,,186,,52.6,,,,,,,,,
Slave River at Fitzgerald - Long Term Monitoring Station (1960-1967: 1989-onwards); equivalent to M11A for Oil Sands,59.86917,-111.58583,08/21/2012 10:13:00,1.0,,188,,53.6,,,,,,,,,
Slave River at Fitzgerald - Long Term Monitoring Station (1960-1967: 1989-onwards); equivalent to M11A for Oil Sands,59.86917,-111.58583,08/21/2012 12:13:00,1.0,,214,,54.5,,,,,,,,,
Slave River at Fitzgerald - Long Term Monitoring Station (1960-1967: 1989-onwards); equivalent to M11A for Oil Sands,59.86917,-111.58583,08/21/2012 14:13:00,1.0,,216,,55.2,,,,,,,,,
Slave River at Fitzgerald - Long Term Monitoring Station (1960-1967: 1989-onwards); equivalent to M11A for Oil Sands,59.86917,-111.58583,08/21/2012 16:13:00,1.0,,217,,53.9,,,,,,,,,
Slave River at Fitzgerald - Long Term Monitoring Station (1960-1967: 1989-onwards); equivalent to M11A for Oil Sands,59.86917,-111.58583,08/21/2012 18:13:00,1.0,,218,,51.7,,,,,,,,,
Slave River at Fitzgerald - Long Term Monitoring Station (1960-1967: 1989-onwards); equivalent to M11A for Oil Sands,59.86917,-111.58583,08/21/2012 20:13:00,1.0,,219,,52.6,,,,,,,,,
Slave River at Fitzgerald - Long Term Monitoring Station (1960-1967: 1989-onwards); equivalent to M11A for Oil Sands,59.86917,-111.58583,08/21/2012 22:13:00,1.0,,218,,50.9,,,,,,,,,
Slave River at Fitzgerald - Long Term Monitoring Station (1960-1967: 1989-onwards); equivalent to M11A for Oil Sands,59.86917,-111.58583,08/22/2012 00:13:00,1.0,,218,,51.1,,,,,,,,,
Slave River at Fitzgerald - Long Term Monitoring Station (1960-1967: 1989-onwards); equivalent to M11A for Oil Sands,59.86917,-111.58583,08/22/2012 02:13:00,1.0,,217,,50.8,,,,,,,,,
Slave River at Fitzgerald - Long Term Monitoring Station (1960-1967: 1989-onwards); equivalent to M11A for Oil Sands,59.86917,-111.58583,08/22/2012 04:13:00,1.0,,218,,49.2,,,,,,,,,
Slave River at Fitzgerald - Long Term Monitoring Station (1960-1967: 1989-onwards); equivalent to M11A for Oil Sands,59.86917,-111.58583,08/22/2012 06:13:00,1.0,,217,,50.1,,,,,,,,,
Slave River at Fitzgerald - Long Term Monitoring Station (1960-1967: 1989-onwards); equivalent to M11A for Oil Sands,59.86917,-111.58583,08/22/2012 08:13:00,1.0,,217,,51.5,,,,,,,,,
Slave River at Fitzgerald - Long Term Monitoring Station (1960-1967: 1989-onwards); equivalent to M11A for Oil Sands,59.86917,-111.58583,08/22/2012 10:13:00,1.0,,218,,53.4,,,,,,,,,
Slave River at Fitzgerald - Long Term Monitoring Station (1960-1967: 1989-onwards); equivalent to M11A for Oil Sands,59.86917,-111.58583,08/22/2012 12:13:00,1.0,,218,,51.9,,,,,,,,,
Slave River at Fitzgerald - Long Term Monitoring Station (1960-1967: 1989-onwards); equivalent to M11A for Oil Sands,59.86917,-111.58583,08/22/2012 14:13:00,1.0,,219,,51.9,,,,,,,,,
Slave River at Fitzgerald - Long Term Monitoring Station (1960-1967: 1989-onwards); equivalent to M11A for Oil Sands,59.86917,-111.58583,08/22/2012 16:13:00,1.0,,220,,51.3,,,,,,,,,
Slave River at Fitzgerald - Long Term Monitoring Station (1960-1967: 1989-onwards); equivalent to M11A for Oil Sands,59.86917,-111.58583,08/22/2012 18:13:00,1.0,,221,,52.1,,,,,,,,,
Slave River at Fitzgerald - Long Term Monitoring Station (1960-1967: 1989-onwards); equivalent to M11A for Oil Sands,59.86917,-111.58583,08/22/2012 20:13:00,1.0,,222,,51.4,,,,,,,,,
Slave River at Fitzgerald - Long Term Monitoring Station (1960-1967: 1989-onwards); equivalent to M11A for Oil Sands,59.86917,-111.58583,08/22/2012 22:13:00,1.0,,222,,54.1,,,,,,,,,
Slave River at Fitzgerald - Long Term Monitoring Station (1960-1967: 1989-onwards); equivalent to M11A for Oil Sands,59.86917,-111.58583,08/23/2012 00:13:00,1.0,,224,,52.8,,,,,,,,,
Slave River at Fitzgerald - Long Term Monitoring Station (1960-1967: 1989-onwards); equivalent to M11A for Oil Sands,59.86917,-111.58583,08/23/2012 02:13:00,1.0,,225,,53.8,,,,,,,,,
Slave River at Fitzgerald - Long Term Monitoring Station (1960-1967: 1989-onwards); equivalent to M11A for Oil Sands,59.86917,-111.58583,08/23/2012 04:13:00,1.0,,226,,53.3,,,,,,,,,
Slave River at Fitzgerald - Long Term Monitoring Station (1960-1967: 1989-onwards); equivalent to M11A for Oil Sands,59.86917,-111.58583,08/23/2012 06:13:00,1.0,,226,,52.5,,,,,,,,,
Slave River at Fitzgerald - Long Term Monitoring Station (1960-1967: 1989-onwards); equivalent to M11A for Oil Sands,59.86917,-111.58583,08/23/2012 08:13:00,1.0,,226,,53.5,,,,,,,,,
Slave River at Fitzgerald - Long Term Monitoring Station (1960-1967: 1989-onwards); equivalent to M11A for Oil Sands,59.86917,-111.58583,08/23/2012 10:13:00,1.0,,227,,55.2,,,,,,,,,
Slave River at Fitzgerald - Long Term Monitoring Station (1960-1967: 1989-onwards); equivalent to M11A for Oil Sands,59.86917,-111.58583,08/23/2012 12:13:00,1.0,,227,,54.7,,,,,,,,,
Slave River at Fitzgerald - Long Term Monitoring Station (1960-1967: 1989-onwards); equivalent to M11A for Oil Sands,59.86917,-111.58583,08/23/2012 14:13:00,1.0,,228,,55.2,,,,,,,,,
Slave River at Fitzgerald - Long Term Monitoring Station (1960-1967: 1989-onwards); equivalent to M11A for Oil Sands,59.86917,-111.58583,08/23/2012 16:13:00,1.0,,229,,55.1,,,,,,,,,
Slave River at Fitzgerald - Long Term Monitoring Station (1960-1967: 1989-onwards); equivalent to M11A for Oil Sands,59.86917,-111.58583,08/23/2012 18:13:00,1.0,,229,,55.6,,,,,,,,,
Slave River at Fitzgerald - Long Term Monitoring Station (1960-1967: 1989-onwards); equivalent to M11A for Oil Sands,59.86917,-111.58583,08/23/2012 20:13:00,1.0,,229,,52.5,,,,,,,,,
Slave River at Fitzgerald - Long Term Monitoring Station (1960-1967: 1989-onwards); equivalent to M11A for Oil Sands,59.86917,-111.58583,08/23/2012 22:13:00,1.0,,228,,52.6,,,,,,,,,
Slave River at Fitzgerald - Long Term Monitoring Station (1960-1967: 1989-onwards); equivalent to M11A for Oil Sands,59.86917,-111.58583,08/24/2012 00:13:00,1.0,,228,,54.9,,,,,,,,,
Slave River at Fitzgerald - Long Term Monitoring Station (1960-1967: 1989-onwards); equivalent to M11A for Oil Sands,59.86917,-111.58583,08/24/2012 02:13:00,1.0,,228,,51.8,,,,,,,,,
Slave River at Fitzgerald - Long Term Monitoring Station (1960-1967: 1989-onwards); equivalent to M11A for Oil Sands,59.86917,-111.58583,08/24/2012 04:13:00,1.0,,229,,53.2,,,,,,,,,
Slave River at Fitzgerald - Long Term Monitoring Station (1960-1967: 1989-onwards); equivalent to M11A for Oil Sands,59.86917,-111.58583,08/24/2012 06:13:00,1.0,,230,,52.9,,,,,,,,,
Slave River at Fitzgerald - Long Term Monitoring Station (1960-1967: 1989-onwards); equivalent to M11A for Oil Sands,59.86917,-111.58583,08/24/2012 08:13:00,1.0,,232,,51.7,,,,,,,,,
Slave River at Fitzgerald - Long Term Monitoring Station (1960-1967: 1989-onwards); equivalent to M11A for Oil Sands,59.86917,-111.58583,08/24/2012 10:13:00,1.0,,233,,53.6,,,,,,,,,
Slave River at Fitzgerald - Long Term Monitoring Station (1960-1967: 1989-onwards); equivalent to M11A for Oil Sands,59.86917,-111.58583,08/24/2012 12:13:00,1.0,,233,,53.6,,,,,,,,,
Slave River at Fitzgerald - Long Term Monitoring Station (1960-1967: 1989-onwards); equivalent to M11A for Oil Sands,59.86917,-111.58583,08/24/2012 14:13:00,1.0,,233,,54.7,,,,,,,,,
Slave River at Fitzgerald - Long Term Monitoring Station (1960-1967: 1989-onwards); equivalent to M11A for Oil Sands,59.86917,-111.58583,08/24/2012 16:13:00,1.0,,232,,54.0,,,,,,,,,
Slave River at Fitzgerald - Long Term Monitoring Station (1960-1967: 1989-onwards); equivalent to M11A for Oil Sands,59.86917,-111.58583,08/24/2012 18:13:00,1.0,,233,,51.5,,,,,,,,,
Slave River at Fitzgerald - Long Term Monitoring Station (1960-1967: 1989-onwards); equivalent to M11A for Oil Sands,59.86917,-111.58583,08/24/2012 20:13:00,1.0,,233,,54.0,,,,,,,,,
Slave River at Fitzgerald - Long Term Monitoring Station (1960-1967: 1989-onwards); equivalent to M11A for Oil Sands,59.86917,-111.58583,08/24/2012 22:13:00,1.0,,233,,53.1,,,,,,,,,
Slave River at Fitzgerald - Long Term Monitoring Station (1960-1967: 1989-onwards); equivalent to M11A for Oil Sands,59.86917,-111.58583,08/25/2012 00:13:00,1.0,,234,,55.5,,,,,,,,,
Slave River at Fitzgerald - Long Term Monitoring Station (1960-1967: 1989-onwards); equivalent to M11A for Oil Sands,59.86917,-111.58583,08/25/2012 02:13:00,1.0,,235,,56.2,,,,,,,,,
Slave River at Fitzgerald - Long Term Monitoring Station (1960-1967: 1989-onwards); equivalent to M11A for Oil Sands,59.86917,-111.58583,08/25/2012 04:13:00,1.0,,236,,57.6,,,,,,,,,
Slave River at Fitzgerald - Long Term Monitoring Station (1960-1967: 1989-onwards); equivalent to M11A for Oil Sands,59.86917,-111.58583,08/25/2012 06:13:00,1.0,,237,,61.6,,,,,,,,,
Slave River at Fitzgerald - Long Term Monitoring Station (1960-1967: 1989-onwards); equivalent to M11A for Oil Sands,59.86917,-111.58583,08/25/2012 08:13:00,1.0,,238,,63.9,,,,,,,,,
Slave River at Fitzgerald - Long Term Monitoring Station (1960-1967: 1989-onwards); equivalent to M11A for Oil Sands,59.86917,-111.58583,08/25/2012 10:13:00,1.0,,239,,67.4,,,,,,,,,
Slave River at Fitzgerald - Long Term Monitoring Station (1960-1967: 1989-onwards); equivalent to M11A for Oil Sands,59.86917,-111.58583,08/25/2012 12:13:00,1.0,,240,,72.5,,,,,,,,,
Slave River at Fitzgerald - Long Term Monitoring Station (1960-1967: 1989-onwards); equivalent to M11A for Oil Sands,59.86917,-111.58583,08/25/2012 14:13:00,1.0,,240,,79.2,,,,,,,,,
Slave River at Fitzgerald - Long Term Monitoring Station (1960-1967: 1989-onwards); equivalent to M11A for Oil Sands,59.86917,-111.58583,08/25/2012 16:13:00,1.0,,240,,82.5,,,,,,,,,
Slave River at Fitzgerald - Long Term Monitoring Station (1960-1967: 1989-onwards); equivalent to M11A for Oil Sands,59.86917,-111.58583,08/25/2012 18:13:00,1.0,,240,,85.0,,,,,,,,,
Slave River at Fitzgerald - Long Term Monitoring Station (1960-1967: 1989-onwards); equivalent to M11A for Oil Sands,59.86917,-111.58583,08/25/2012 20:13:00,1.0,,239,,85.0,,,,,,,,,
Slave River at Fitzgerald - Long Term Monitoring Station (1960-1967: 1989-onwards); equivalent to M11A for Oil Sands,59.86917,-111.58583,08/25/2012 22:13:00,1.0,,238,,82.0,,,,,,,,,
Slave River at Fitzgerald - Long Term Monitoring Station (1960-1967: 1989-onwards); equivalent to M11A for Oil Sands,59.86917,-111.58583,08/26/2012 00:13:00,1.0,,237,,80.2,,,,,,,,,
Slave River at Fitzgerald - Long Term Monitoring Station (1960-1967: 1989-onwards); equivalent to M11A for Oil Sands,59.86917,-111.58583,08/26/2012 02:13:00,1.0,,235,,78.8,,,,,,,,,
Slave River at Fitzgerald - Long Term Monitoring Station (1960-1967: 1989-onwards); equivalent to M11A for Oil Sands,59.86917,-111.58583,08/26/2012 04:13:00,1.0,,233,,72.3,,,,,,,,,
Slave River at Fitzgerald - Long Term Monitoring Station (1960-1967: 1989-onwards); equivalent to M11A for Oil Sands,59.86917,-111.58583,08/26/2012 06:13:00,1.0,,231,,68.3,,,,,,,,,
Slave River at Fitzgerald - Long Term Monitoring Station (1960-1967: 1989-onwards); equivalent to M11A for Oil Sands,59.86917,-111.58583,08/26/2012 08:13:00,1.0,,227,,66.4,,,,,,,,,
Slave River at Fitzgerald - Long Term Monitoring Station (1960-1967: 1989-onwards); equivalent to M11A for Oil Sands,59.86917,-111.58583,08/26/2012 10:13:00,1.0,,226,,60.5,,,,,,,,,
Slave River at Fitzgerald - Long Term Monitoring Station (1960-1967: 1989-onwards); equivalent to M11A for Oil Sands,59.86917,-111.58583,08/26/2012 12:13:00,1.0,,224,,59.6,,,,,,,,,
Slave River at Fitzgerald - Long Term Monitoring Station (1960-1967: 1989-onwards); equivalent to M11A for Oil Sands,59.86917,-111.58583,08/26/2012 14:13:00,1.0,,222,,56.6,,,,,,,,,
Slave River at Fitzgerald - Long Term Monitoring Station (1960-1967: 1989-onwards); equivalent to M11A for Oil Sands,59.86917,-111.58583,08/26/2012 16:13:00,1.0,,220,,53.5,,,,,,,,,
Slave River at Fitzgerald - Long Term Monitoring Station (1960-1967: 1989-onwards); equivalent to M11A for Oil Sands,59.86917,-111.58583,08/26/2012 18:13:00,1.0,,216,,54.3,,,,,,,,,
Slave River at Fitzgerald - Long Term Monitoring Station (1960-1967: 1989-onwards); equivalent to M11A for Oil Sands,59.86917,-111.58583,08/26/2012 20:13:00,1.0,,213,,53.9,,,,,,,,,
Slave River at Fitzgerald - Long Term Monitoring Station (1960-1967: 1989-onwards); equivalent to M11A for Oil Sands,59.86917,-111.58583,08/26/2012 22:13:00,1.0,,212,,53.1,,,,,,,,,
Slave River at Fitzgerald - Long Term Monitoring Station (1960-1967: 1989-onwards); equivalent to M11A for Oil Sands,59.86917,-111.58583,08/27/2012 00:13:00,1.0,,211,,51.2,,,,,,,,,
Slave River at Fitzgerald - Long Term Monitoring Station (1960-1967: 1989-onwards); equivalent to M11A for Oil Sands,59.86917,-111.58583,08/27/2012 02:13:00,1.0,,210,,52.4,,,,,,,,,
Slave River at Fitzgerald - Long Term Monitoring Station (1960-1967: 1989-onwards); equivalent to M11A for Oil Sands,59.86917,-111.58583,08/27/2012 04:13:00,1.0,,209,,51.4,,,,,,,,,
Slave River at Fitzgerald - Long Term Monitoring Station (1960-1967: 1989-onwards); equivalent to M11A for Oil Sands,59.86917,-111.58583,08/27/2012 06:13:00,1.0,,208,,59.1,,,,,,,,,
Slave River at Fitzgerald - Long Term Monitoring Station (1960-1967: 1989-onwards); equivalent to M11A for Oil Sands,59.86917,-111.58583,08/27/2012 08:13:00,1.0,,206,,48.3,,,,,,,,,
Slave River at Fitzgerald - Long Term Monitoring Station (1960-1967: 1989-onwards); equivalent to M11A for Oil Sands,59.86917,-111.58583,08/27/2012 10:13:00,1.0,,206,,47.3,,,,,,,,,
Slave River at Fitzgerald - Long Term Monitoring Station (1960-1967: 1989-onwards); equivalent to M11A for Oil Sands,59.86917,-111.58583,08/27/2012 12:13:00,1.0,,205,,44.2,,,,,,,,,
Slave River at Fitzgerald - Long Term Monitoring Station (1960-1967: 1989-onwards); equivalent to M11A for Oil Sands,59.86917,-111.58583,08/27/2012 14:13:00,1.0,,203,,46.7,,,,,,,,,
Slave River at Fitzgerald - Long Term Monitoring Station (1960-1967: 1989-onwards); equivalent to M11A for Oil Sands,59.86917,-111.58583,08/27/2012 16:13:00,1.0,,202,,43.5,,,,,,,,,
Slave River at Fitzgerald - Long Term Monitoring Station (1960-1967: 1989-onwards); equivalent to M11A for Oil Sands,59.86917,-111.58583,08/27/2012 18:13:00,1.0,,201,,43.0,,,,,,,,,
Slave River at Fitzgerald - Long Term Monitoring Station (1960-1967: 1989-onwards); equivalent to M11A for Oil Sands,59.86917,-111.58583,08/27/2012 20:13:00,1.0,,200,,42.5,,,,,,,,,
Slave River at Fitzgerald - Long Term Monitoring Station (1960-1967: 1989-onwards); equivalent to M11A for Oil Sands,59.86917,-111.58583,08/27/2012 22:13:00,1.0,,199,,42.9,,,,,,,,,
Slave River at Fitzgerald - Long Term Monitoring Station (1960-1967: 1989-onwards); equivalent to M11A for Oil Sands,59.86917,-111.58583,08/28/2012 00:13:00,1.0,,198,,43.6,,,,,,,,,
Slave River at Fitzgerald - Long Term Monitoring Station (1960-1967: 1989-onwards); equivalent to M11A for Oil Sands,59.86917,-111.58583,08/28/2012 02:13:00,1.0,,197,,40.9,,,,,,,,,
Slave River at Fitzgerald - Long Term Monitoring Station (1960-1967: 1989-onwards); equivalent to M11A for Oil Sands,59.86917,-111.58583,08/28/2012 04:13:00,1.0,,197,,39.4,,,,,,,,,
Slave River at Fitzgerald - Long Term Monitoring Station (1960-1967: 1989-onwards); equivalent to M11A for Oil Sands,59.86917,-111.58583,08/28/2012 06:13:00,1.0,,196,,40.8,,,,,,,,,
Slave River at Fitzgerald - Long Term Monitoring Station (1960-1967: 1989-onwards); equivalent to M11A for Oil Sands,59.86917,-111.58583,08/28/2012 08:13:00,1.0,,195,,38.9,,,,,,,,,
Slave River at Fitzgerald - Long Term Monitoring Station (1960-1967: 1989-onwards); equivalent to M11A for Oil Sands,59.86917,-111.58583,08/28/2012 10:13:00,1.0,,195,,39.7,,,,,,,,,
Slave River at Fitzgerald - Long Term Monitoring Station (1960-1967: 1989-onwards); equivalent to M11A for Oil Sands,59.86917,-111.58583,08/28/2012 12:13:00,1.0,,194,,39.4,,,,,,,,,
Slave River at Fitzgerald - Long Term Monitoring Station (1960-1967: 1989-onwards); equivalent to M11A for Oil Sands,59.86917,-111.58583,08/28/2012 14:13:00,1.0,,192,,37.8,,,,,,,,,
Slave River at Fitzgerald - Long Term Monitoring Station (1960-1967: 1989-onwards); equivalent to M11A for Oil Sands,59.86917,-111.58583,08/28/2012 16:13:00,1.0,,190,,38.7,,,,,,,,,
Slave River at Fitzgerald - Long Term Monitoring Station (1960-1967: 1989-onwards); equivalent to M11A for Oil Sands,59.86917,-111.58583,08/28/2012 18:13:00,1.0,,189,,35.9,,,,,,,,,
Slave River at Fitzgerald - Long Term Monitoring Station (1960-1967: 1989-onwards); equivalent to M11A for Oil Sands,59.86917,-111.58583,08/28/2012 20:13:00,1.0,,190,,38.1,,,,,,,,,
Slave River at Fitzgerald - Long Term Monitoring Station (1960-1967: 1989-onwards); equivalent to M11A for Oil Sands,59.86917,-111.58583,08/28/2012 22:13:00,1.0,,190,,35.5,,,,,,,,,
Slave River at Fitzgerald - Long Term Monitoring Station (1960-1967: 1989-onwards); equivalent to M11A for Oil Sands,59.86917,-111.58583,08/29/2012 00:13:00,1.0,,190,,37.1,,,,,,,,,
Slave River at Fitzgerald - Long Term Monitoring Station (1960-1967: 1989-onwards); equivalent to M11A for Oil Sands,59.86917,-111.58583,08/29/2012 02:13:00,1.0,,191,,36.7,,,,,,,,,
Slave River at Fitzgerald - Long Term Monitoring Station (1960-1967: 1989-onwards); equivalent to M11A for Oil Sands,59.86917,-111.58583,08/29/2012 04:13:00,1.0,,191,,35.5,,,,,,,,,
Slave River at Fitzgerald - Long Term Monitoring Station (1960-1967: 1989-onwards); equivalent to M11A for Oil Sands,59.86917,-111.58583,08/29/2012 06:13:00,1.0,,192,,37.9,,,,,,,,,
Slave River at Fitzgerald - Long Term Monitoring Station (1960-1967: 1989-onwards); equivalent to M11A for Oil Sands,59.86917,-111.58583,08/29/2012 08:13:00,1.0,,193,,34.6,,,,,,,,,
Slave River at Fitzgerald - Long Term Monitoring Station (1960-1967: 1989-onwards); equivalent to M11A for Oil Sands,59.86917,-111.58583,08/29/2012 10:13:00,1.0,,194,,38.3,,,,,,,,,
Slave River at Fitzgerald - Long Term Monitoring Station (1960-1967: 1989-onwards); equivalent to M11A for Oil Sands,59.86917,-111.58583,08/29/2012 12:13:00,1.0,18.38,196,8.18,36.7,8.74,93.0,,,,,,,
Slave River at Fitzgerald - Long Term Monitoring Station (1960-1967: 1989-onwards); equivalent to M11A for Oil Sands,59.86917,-111.58583,08/29/2012 14:13:00,1.0,18.82,198,8.16,35.4,8.69,93.4,,,,,,,
Slave River at Fitzgerald - Long Term Monitoring Station (1960-1967: 1989-onwards); equivalent to M11A for Oil Sands,59.86917,-111.58583,08/29/2012 16:13:00,1.0,19.19,200,8.17,34.6,8.68,94.0,,,,,,,
Slave River at Fitzgerald - Long Term Monitoring Station (1960-1967: 1989-onwards); equivalent to M11A for Oil Sands,59.86917,-111.58583,08/29/2012 18:13:00,1.0,19.24,204,8.18,34.9,8.64,93.7,,,,,,,
Slave River at Fitzgerald - Long Term Monitoring Station (1960-1967: 1989-onwards); equivalent to M11A for Oil Sands,59.86917,-111.58583,08/29/2012 20:13:00,1.0,18.91,206,8.14,36.7,8.66,93.3,,,,,,,
Slave River at Fitzgerald - Long Term Monitoring Station (1960-1967: 1989-onwards); equivalent to M11A for Oil Sands,59.86917,-111.58583,08/29/2012 22:13:00,1.0,18.62,209,8.06,36.4,8.71,93.3,,,,,,,
Slave River at Fitzgerald - Long Term Monitoring Station (1960-1967: 1989-onwards); equivalent to M11A for Oil Sands,59.86917,-111.58583,08/30/2012 00:13:00,1.0,18.25,210,8.10,37.1,8.73,92.7,,,,,,,
Slave River at Fitzgerald - Long Term Monitoring Station (1960-1967: 1989-onwards); equivalent to M11A for Oil Sands,59.86917,-111.58583,08/30/2012 02:13:00,1.0,18.04,211,8.15,38.5,8.74,92.4,,,,,,,
Slave River at Fitzgerald - Long Term Monitoring Station (1960-1967: 1989-onwards); equivalent to M11A for Oil Sands,59.86917,-111.58583,08/30/2012 04:13:00,1.0,17.99,211,8.18,37.0,8.74,92.4,,,,,,,
Slave River at Fitzgerald - Long Term Monitoring Station (1960-1967: 1989-onwards); equivalent to M11A for Oil Sands,59.86917,-111.58583,08/30/2012 06:13:00,1.0,17.81,211,8.21,36.6,8.75,92.1,,,,,,,
Slave River at Fitzgerald - Long Term Monitoring Station (1960-1967: 1989-onwards); equivalent to M11A for Oil Sands,59.86917,-111.58583,08/30/2012 08:13:00,1.0,17.89,209,8.20,36.7,8.77,92.5,,,,,,,
Slave River at Fitzgerald - Long Term Monitoring Station (1960-1967: 1989-onwards); equivalent to M11A for Oil Sands,59.86917,-111.58583,08/30/2012 10:13:00,1.0,17.81,205,8.21,35.2,8.78,92.4,,,,,,,
Slave River at Fitzgerald - Long Term Monitoring Station (1960-1967: 1989-onwards); equivalent to M11A for Oil Sands,59.86917,-111.58583,08/30/2012 12:13:00,1.0,17.91,202,8.20,33.2,8.77,92.5,,,,,,,
Slave River at Fitzgerald - Long Term Monitoring Station (1960-1967: 1989-onwards); equivalent to M11A for Oil Sands,59.86917,-111.58583,08/30/2012 14:13:00,1.0,17.79,199,8.20,33.2,8.82,92.8,,,,,,,
Slave River at Fitzgerald - Long Term Monitoring Station (1960-1967: 1989-onwards); equivalent to M11A for Oil Sands,59.86917,-111.58583,08/30/2012 16:13:00,1.0,17.67,197,8.17,35.6,8.83,92.6,,,,,,,
Slave River at Fitzgerald - Long Term Monitoring Station (1960-1967: 1989-onwards); equivalent to M11A for Oil Sands,59.86917,-111.58583,08/30/2012 18:13:00,1.0,17.65,197,8.17,34.6,8.83,92.7,,,,,,,
Slave River at Fitzgerald - Long Term Monitoring Station (1960-1967: 1989-onwards); equivalent to M11A for Oil Sands,59.86917,-111.58583,08/30/2012 20:13:00,1.0,17.53,196,8.19,35.9,8.84,92.5,,,,,,,
Slave River at Fitzgerald - Long Term Monitoring Station (1960-1967: 1989-onwards); equivalent to M11A for Oil Sands,59.86917,-111.58583,08/30/2012 22:13:00,1.0,17.39,197,8.17,37.0,8.87,92.5,,,,,,,
Slave River at Fitzgerald - Long Term Monitoring Station (1960-1967: 1989-onwards); equivalent to M11A for Oil Sands,59.86917,-111.58583,08/31/2012 00:13:00,1.0,17.21,196,8.19,35.0,8.86,92.1,,,,,,,
Slave River at Fitzgerald - Long Term Monitoring Station (1960-1967: 1989-onwards); equivalent to M11A for Oil Sands,59.86917,-111.58583,08/31/2012 02:13:00,1.0,17.19,196,8.19,35.1,8.85,91.9,,,,,,,
Slave River at Fitzgerald - Long Term Monitoring Station (1960-1967: 1989-onwards); equivalent to M11A for Oil Sands,59.86917,-111.58583,08/31/2012 04:13:00,1.0,17.05,195,8.19,36.2,8.86,91.8,,,,,,,
Slave River at Fitzgerald - Long Term Monitoring Station (1960-1967: 1989-onwards); equivalent to M11A for Oil Sands,59.86917,-111.58583,08/31/2012 06:13:00,1.0,17.01,195,8.18,34.6,8.86,91.8,,,,,,,
Slave River at Fitzgerald - Long Term Monitoring Station (1960-1967: 1989-onwards); equivalent to M11A for Oil Sands,59.86917,-111.58583,08/31/2012 08:13:00,1.0,16.98,195,8.20,34.4,8.88,91.8,,,,,,,
Slave River at Fitzgerald - Long Term Monitoring Station (1960-1967: 1989-onwards); equivalent to M11A for Oil Sands,59.86917,-111.58583,08/31/2012 10:13:00,1.0,17.19,195,8.19,32.4,8.84,91.9,,,,,,,
Slave River at Fitzgerald - Long Term Monitoring Station (1960-1967: 1989-onwards); equivalent to M11A for Oil Sands,59.86917,-111.58583,08/31/2012 12:13:00,1.0,17.56,196,8.18,31.5,8.81,92.3,,,,,,,
Slave River at Fitzgerald - Long Term Monitoring Station (1960-1967: 1989-onwards); equivalent to M11A for Oil Sands,59.86917,-111.58583,08/31/2012 14:13:00,1.0,18.05,198,8.18,32.6,8.78,92.9,,,,,,,
Slave River at Fitzgerald - Long Term Monitoring Station (1960-1967: 1989-onwards); equivalent to M11A for Oil Sands,59.86917,-111.58583,08/31/2012 16:13:00,1.0,18.40,200,8.16,33.6,8.76,93.4,,,,,,,
Slave River at Fitzgerald - Long Term Monitoring Station (1960-1967: 1989-onwards); equivalent to M11A for Oil Sands,59.86917,-111.58583,08/31/2012 18:13:00,1.0,18.28,201,8.16,33.9,8.76,93.2,,,,,,,
Slave River at Fitzgerald - Long Term Monitoring Station (1960-1967: 1989-onwards); equivalent to M11A for Oil Sands,59.86917,-111.58583,08/31/2012 20:13:00,1.0,17.94,202,8.17,33.2,8.79,92.8,,,,,,,
Slave River at Fitzgerald - Long Term Monitoring Station (1960-1967: 1989-onwards); equivalent to M11A for Oil Sands,59.86917,-111.58583,08/31/2012 22:13:00,1.0,17.41,202,8.11,33.1,8.84,92.3,,,,,,,
Slave River at Fitzgerald - Long Term Monitoring Station (1960-1967: 1989-onwards); equivalent to M11A for Oil Sands,59.86917,-111.58583,09/01/2012 00:13:00,1.0,16.99,202,8.21,32.6,8.90,92.1,,,,,,,
Slave River at Fitzgerald - Long Term Monitoring Station (1960-1967: 1989-onwards); equivalent to M11A for Oil Sands,59.86917,-111.58583,09/01/2012 02:13:00,1.0,16.86,202,8.20,30.4,8.90,91.9,,,,,,,
Slave River at Fitzgerald - Long Term Monitoring Station (1960-1967: 1989-onwards); equivalent to M11A for Oil Sands,59.86917,-111.58583,09/01/2012 04:13:00,1.0,16.59,201,8.18,29.8,8.91,91.5,,,,,,,
Slave River at Fitzgerald - Long Term Monitoring Station (1960-1967: 1989-onwards); equivalent to M11A for Oil Sands,59.86917,-111.58583,09/01/2012 06:13:00,1.0,16.44,202,8.22,30.6,8.96,91.6,,,,,,,
Slave River at Fitzgerald - Long Term Monitoring Station (1960-1967: 1989-onwards); equivalent to M11A for Oil Sands,59.86917,-111.58583,09/01/2012 08:13:00,1.0,16.51,204,8.21,28.8,8.94,91.6,,,,,,,
Slave River at Fitzgerald - Long Term Monitoring Station (1960-1967: 1989-onwards); equivalent to M11A for Oil Sands,59.86917,-111.58583,09/01/2012 10:13:00,1.0,17.39,206,8.18,29.8,8.89,92.8,,,,,,,
Slave River at Fitzgerald - Long Term Monitoring Station (1960-1967: 1989-onwards); equivalent to M11A for Oil Sands,59.86917,-111.58583,09/01/2012 12:13:00,1.0,18.16,209,8.18,29.7,8.82,93.6,,,,,,,
Slave River at Fitzgerald - Long Term Monitoring Station (1960-1967: 1989-onwards); equivalent to M11A for Oil Sands,59.86917,-111.58583,09/01/2012 14:13:00,1.0,18.78,211,8.19,30.4,8.77,94.2,,,,,,,
Slave River at Fitzgerald - Long Term Monitoring Station (1960-1967: 1989-onwards); equivalent to M11A for Oil Sands,59.86917,-111.58583,09/01/2012 16:13:00,1.0,19.09,212,8.18,30.2,8.76,94.6,,,,,,,
Slave River at Fitzgerald - Long Term Monitoring Station (1960-1967: 1989-onwards); equivalent to M11A for Oil Sands,59.86917,-111.58583,09/01/2012 18:13:00,1.0,19.53,214,8.22,28.8,8.73,95.2,,,,,,,
Slave River at Fitzgerald - Long Term Monitoring Station (1960-1967: 1989-onwards); equivalent to M11A for Oil Sands,59.86917,-111.58583,09/01/2012 20:13:00,1.0,18.59,213,8.12,30.7,8.80,94.1,,,,,,,
Slave River at Fitzgerald - Long Term Monitoring Station (1960-1967: 1989-onwards); equivalent to M11A for Oil Sands,59.86917,-111.58583,09/01/2012 22:13:00,1.0,17.87,211,8.05,32.7,8.84,93.2,,,,,,,
Slave River at Fitzgerald - Long Term Monitoring Station (1960-1967: 1989-onwards); equivalent to M11A for Oil Sands,59.86917,-111.58583,09/02/2012 00:13:00,1.0,17.44,208,8.01,36.6,8.89,92.9,,,,,,,
Slave River at Fitzgerald - Long Term Monitoring Station (1960-1967: 1989-onwards); equivalent to M11A for Oil Sands,59.86917,-111.58583,09/02/2012 02:13:00,1.0,17.14,207,8.08,34.1,8.92,92.6,,,,,,,
Slave River at Fitzgerald - Long Term Monitoring Station (1960-1967: 1989-onwards); equivalent to M11A for Oil Sands,59.86917,-111.58583,09/02/2012 04:13:00,1.0,16.89,205,8.14,34.1,8.97,92.6,,,,,,,
Slave River at Fitzgerald - Long Term Monitoring Station (1960-1967: 1989-onwards); equivalent to M11A for Oil Sands,59.86917,-111.58583,09/02/2012 06:13:00,1.0,16.81,204,8.14,35.5,8.97,92.5,,,,,,,
Slave River at Fitzgerald - Long Term Monitoring Station (1960-1967: 1989-onwards); equivalent to M11A for Oil Sands,59.86917,-111.58583,09/02/2012 08:13:00,1.0,16.73,203,8.15,36.7,8.99,92.5,,,,,,,
Slave River at Fitzgerald - Long Term Monitoring Station (1960-1967: 1989-onwards); equivalent to M11A for Oil Sands,59.86917,-111.58583,09/02/2012 10:13:00,1.0,17.05,202,8.19,35.8,8.98,93.1,,,,,,,
Slave River at Fitzgerald - Long Term Monitoring Station (1960-1967: 1989-onwards); equivalent to M11A for Oil Sands,59.86917,-111.58583,09/02/2012 12:13:00,1.0,17.46,201,8.24,37.5,8.97,93.7,,,,,,,
Slave River at Fitzgerald - Long Term Monitoring Station (1960-1967: 1989-onwards); equivalent to M11A for Oil Sands,59.86917,-111.58583,09/02/2012 14:13:00,1.0,17.44,199,8.23,38.3,8.96,93.6,,,,,,,
Slave River at Fitzgerald - Long Term Monitoring Station (1960-1967: 1989-onwards); equivalent to M11A for Oil Sands,59.86917,-111.58583,09/02/2012 16:13:00,1.0,17.08,195,8.15,38.9,9.01,93.4,,,,,,,
Slave River at Fitzgerald - Long Term Monitoring Station (1960-1967: 1989-onwards); equivalent to M11A for Oil Sands,59.86917,-111.58583,09/02/2012 18:13:00,1.0,16.87,192,8.11,38.6,9.05,93.4,,,,,,,
Slave River at Fitzgerald - Long Term Monitoring Station (1960-1967: 1989-onwards); equivalent to M11A for Oil Sands,59.86917,-111.58583,09/02/2012 20:13:00,1.0,16.67,189,8.12,41.0,9.07,93.3,,,,,,,
Slave River at Fitzgerald - Long Term Monitoring Station (1960-1967: 1989-onwards); equivalent to M11A for Oil Sands,59.86917,-111.58583,09/02/2012 22:13:00,1.0,16.53,186,8.15,37.8,9.09,93.2,,,,,,,
Slave River at Fitzgerald - Long Term Monitoring Station (1960-1967: 1989-onwards); equivalent to M11A for Oil Sands,59.86917,-111.58583,09/03/2012 00:13:00,1.0,16.45,184,8.14,38.0,9.11,93.3,,,,,,,
Slave River at Fitzgerald - Long Term Monitoring Station (1960-1967: 1989-onwards); equivalent to M11A for Oil Sands,59.86917,-111.58583,09/03/2012 02:13:00,1.0,16.31,182,8.14,37.2,9.15,93.4,,,,,,,
Slave River at Fitzgerald - Long Term Monitoring Station (1960-1967: 1989-onwards); equivalent to M11A for Oil Sands,59.86917,-111.58583,09/03/2012 04:13:00,1.0,16.18,180,8.15,37.8,9.17,93.3,,,,,,,
Slave River at Fitzgerald - Long Term Monitoring Station (1960-1967: 1989-onwards); equivalent to M11A for Oil Sands,59.86917,-111.58583,09/03/2012 06:13:00,1.0,16.19,178,8.13,38.5,9.17,93.3,,,,,,,
Slave River at Fitzgerald - Long Term Monitoring Station (1960-1967: 1989-onwards); equivalent to M11A for Oil Sands,59.86917,-111.58583,09/03/2012 08:13:00,1.0,16.18,176,8.16,35.9,9.18,93.4,,,,,,,
Slave River at Fitzgerald - Long Term Monitoring Station (1960-1967: 1989-onwards); equivalent to M11A for Oil Sands,59.86917,-111.58583,09/03/2012 10:13:00,1.0,16.33,175,8.16,36.5,9.18,93.6,,,,,,,
Slave River at Fitzgerald - Long Term Monitoring Station (1960-1967: 1989-onwards); equivalent to M11A for Oil Sands,59.86917,-111.58583,09/03/2012 12:13:00,1.0,16.84,175,8.16,38.8,9.13,94.2,,,,,,,
Slave River at Fitzgerald - Long Term Monitoring Station (1960-1967: 1989-onwards); equivalent to M11A for Oil Sands,59.86917,-111.58583,09/03/2012 14:13:00,1.0,17.03,176,8.16,36.6,9.12,94.5,,,,,,,
Slave River at Fitzgerald - Long Term Monitoring Station (1960-1967: 1989-onwards); equivalent to M11A for Oil Sands,59.86917,-111.58583,09/03/2012 16:13:00,1.0,17.06,176,8.12,37.5,9.13,94.7,,,,,,,
Slave River at Fitzgerald - Long Term Monitoring Station (1960-1967: 1989-onwards); equivalent to M11A for Oil Sands,59.86917,-111.58583,09/03/2012 18:13:00,1.0,17.02,176,8.12,34.7,9.13,94.5,,,,,,,
Slave River at Fitzgerald - Long Term Monitoring Station (1960-1967: 1989-onwards); equivalent to M11A for Oil Sands,59.86917,-111.58583,09/03/2012 20:13:00,1.0,16.79,177,8.11,36.7,9.13,94.0,,,,,,,
Slave River at Fitzgerald - Long Term Monitoring Station (1960-1967: 1989-onwards); equivalent to M11A for Oil Sands,59.86917,-111.58583,09/03/2012 22:13:00,1.0,16.53,177,8.10,36.0,9.14,93.7,,,,,,,
Slave River at Fitzgerald - Long Term Monitoring Station (1960-1967: 1989-onwards); equivalent to M11A for Oil Sands,59.86917,-111.58583,09/04/2012 00:13:00,1.0,16.44,178,8.10,35.9,9.16,93.8,,,,,,,
Slave River at Fitzgerald - Long Term Monitoring Station (1960-1967: 1989-onwards); equivalent to M11A for Oil Sands,59.86917,-111.58583,09/04/2012 02:13:00,1.0,16.28,178,8.15,35.8,9.19,93.6,,,,,,,
Slave River at Fitzgerald - Long Term Monitoring Station (1960-1967: 1989-onwards); equivalent to M11A for Oil Sands,59.86917,-111.58583,09/04/2012 04:13:00,1.0,16.26,177,8.12,34.4,9.18,93.5,,,,,,,
Slave River at Fitzgerald - Long Term Monitoring Station (1960-1967: 1989-onwards); equivalent to M11A for Oil Sands,59.86917,-111.58583,09/04/2012 06:13:00,1.0,16.19,175,8.12,38.0,9.19,93.5,,,,,,,
Slave River at Fitzgerald - Long Term Monitoring Station (1960-1967: 1989-onwards); equivalent to M11A for Oil Sands,59.86917,-111.58583,09/04/2012 08:13:00,1.0,16.21,174,8.15,39.3,9.19,93.6,,,,,,,
Slave River at Fitzgerald - Long Term Monitoring Station (1960-1967: 1989-onwards); equivalent to M11A for Oil Sands,59.86917,-111.58583,09/04/2012 10:13:00,1.0,16.33,174,8.16,38.1,9.16,93.5,,,,,,,
Slave River at Fitzgerald - Long Term Monitoring Station (1960-1967: 1989-onwards); equivalent to M11A for Oil Sands,59.86917,-111.58583,09/04/2012 12:13:00,1.0,16.66,176,8.19,41.3,9.12,93.7,,,,,,,
Slave River at Fitzgerald - Long Term Monitoring Station (1960-1967: 1989-onwards); equivalent to M11A for Oil Sands,59.86917,-111.58583,09/04/2012 14:13:00,1.0,16.96,179,8.18,43.0,9.10,94.1,,,,,,,
Slave River at Fitzgerald - Long Term Monitoring Station (1960-1967: 1989-onwards); equivalent to M11A for Oil Sands,59.86917,-111.58583,09/04/2012 16:13:00,1.0,17.61,182,8.20,45.6,9.06,95.0,,,,,,,
Slave River at Fitzgerald - Long Term Monitoring Station (1960-1967: 1989-onwards); equivalent to M11A for Oil Sands,59.86917,-111.58583,09/04/2012 18:13:00,1.0,17.47,182,8.18,45.3,9.04,94.5,,,,,,,
Slave River at Fitzgerald - Long Term Monitoring Station (1960-1967: 1989-onwards); equivalent to M11A for Oil Sands,59.86917,-111.58583,09/04/2012 20:13:00,1.0,16.93,180,8.10,45.7,9.08,93.9,,,,,,,
Slave River at Fitzgerald - Long Term Monitoring Station (1960-1967: 1989-onwards); equivalent to M11A for Oil Sands,59.86917,-111.58583,09/04/2012 22:13:00,1.0,16.60,178,8.07,43.9,9.11,93.5,,,,,,,
Slave River at Fitzgerald - Long Term Monitoring Station (1960-1967: 1989-onwards); equivalent to M11A for Oil Sands,59.86917,-111.58583,09/05/2012 00:13:00,1.0,16.43,178,8.09,42.8,9.13,93.3,,,,,,,
Slave River at Fitzgerald - Long Term Monitoring Station (1960-1967: 1989-onwards); equivalent to M11A for Oil Sands,59.86917,-111.58583,09/05/2012 02:13:00,1.0,16.24,177,8.12,46.1,9.14,93.1,,,,,,,
Slave River at Fitzgerald - Long Term Monitoring Station (1960-1967: 1989-onwards); equivalent to M11A for Oil Sands,59.86917,-111.58583,09/05/2012 04:13:00,1.0,16.00,176,8.14,46.6,9.15,92.8,,,,,,,
Slave River at Fitzgerald - Long Term Monitoring Station (1960-1967: 1989-onwards); equivalent to M11A for Oil Sands,59.86917,-111.58583,09/05/2012 06:13:00,1.0,15.67,177,8.14,46.8,9.19,92.5,,,,,,,
Slave River at Fitzgerald - Long Term Monitoring Station (1960-1967: 1989-onwards); equivalent to M11A for Oil Sands,59.86917,-111.58583,09/05/2012 08:13:00,1.0,15.72,180,8.16,49.4,9.17,92.3,,,,,,,
Slave River at Fitzgerald - Long Term Monitoring Station (1960-1967: 1989-onwards); equivalent to M11A for Oil Sands,59.86917,-111.58583,09/05/2012 10:13:00,1.0,16.17,186,8.16,56.2,9.11,92.7,,,,,,,
Slave River at Fitzgerald - Long Term Monitoring Station (1960-1967: 1989-onwards); equivalent to M11A for Oil Sands,59.86917,-111.58583,09/05/2012 12:13:00,1.0,16.92,196,8.14,54.2,9.03,93.3,,,,,,,
Slave River at Fitzgerald - Long Term Monitoring Station (1960-1967: 1989-onwards); equivalent to M11A for Oil Sands,59.86917,-111.58583,09/05/2012 14:13:00,1.0,17.22,206,8.17,57.2,9.01,93.7,,,,,,,
Slave River at Fitzgerald - Long Term Monitoring Station (1960-1967: 1989-onwards); equivalent to M11A for Oil Sands,59.86917,-111.58583,09/05/2012 16:13:00,1.0,17.52,215,8.17,60.3,9.04,94.6,,,,,,,
Slave River at Fitzgerald - Long Term Monitoring Station (1960-1967: 1989-onwards); equivalent to M11A for Oil Sands,59.86917,-111.58583,09/05/2012 18:13:00,1.0,17.89,221,8.14,62.0,8.94,94.3,,,,,,,
Slave River at Fitzgerald - Long Term Monitoring Station (1960-1967: 1989-onwards); equivalent to M11A for Oil Sands,59.86917,-111.58583,09/05/2012 20:13:00,1.0,17.31,223,8.10,62.8,9.00,93.7,,,,,,,
Slave River at Fitzgerald - Long Term Monitoring Station (1960-1967: 1989-onwards); equivalent to M11A for Oil Sands,59.86917,-111.58583,09/05/2012 22:13:00,1.0,16.20,223,7.99,56.5,9.09,92.5,,,,,,,
Slave River at Fitzgerald - Long Term Monitoring Station (1960-1967: 1989-onwards); equivalent to M11A for Oil Sands,59.86917,-111.58583,09/06/2012 00:13:00,1.0,15.62,224,8.00,54.1,9.16,92.2,,,,,,,
Slave River at Fitzgerald - Long Term Monitoring Station (1960-1967: 1989-onwards); equivalent to M11A for Oil Sands,59.86917,-111.58583,09/06/2012 02:13:00,1.0,15.38,224,8.16,53.3,9.21,92.1,,,,,,,
Slave River at Fitzgerald - Long Term Monitoring Station (1960-1967: 1989-onwards); equivalent to M11A for Oil Sands,59.86917,-111.58583,09/06/2012 04:13:00,1.0,15.26,224,8.16,53.8,9.26,92.4,,,,,,,
Slave River at Fitzgerald - Long Term Monitoring Station (1960-1967: 1989-onwards); equivalent to M11A for Oil Sands,59.86917,-111.58583,09/06/2012 06:13:00,1.0,15.09,223,8.16,50.1,9.26,92.0,,,,,,,
Slave River at Fitzgerald - Long Term Monitoring Station (1960-1967: 1989-onwards); equivalent to M11A for Oil Sands,59.86917,-111.58583,09/06/2012 08:13:00,1.0,15.22,223,8.16,48.3,9.27,92.4,,,,,,,
Slave River at Fitzgerald - Long Term Monitoring Station (1960-1967: 1989-onwards); equivalent to M11A for Oil Sands,59.86917,-111.58583,09/06/2012 10:13:00,1.0,15.74,223,8.16,47.0,9.27,93.5,,,,,,,
Slave River at Fitzgerald - Long Term Monitoring Station (1960-1967: 1989-onwards); equivalent to M11A for Oil Sands,59.86917,-111.58583,09/06/2012 12:13:00,1.0,16.30,221,8.15,44.4,9.21,94.0,,,,,,,
Slave River at Fitzgerald - Long Term Monitoring Station (1960-1967: 1989-onwards); equivalent to M11A for Oil Sands,59.86917,-111.58583,09/06/2012 14:13:00,1.0,16.44,218,8.18,45.0,9.24,94.6,,,,,,,
Slave River at Fitzgerald - Long Term Monitoring Station (1960-1967: 1989-onwards); equivalent to M11A for Oil Sands,59.86917,-111.58583,09/06/2012 16:13:00,1.0,16.60,215,8.17,44.4,9.26,95.1,,,,,,,
Slave River at Fitzgerald - Long Term Monitoring Station (1960-1967: 1989-onwards); equivalent to M11A for Oil Sands,59.86917,-111.58583,09/06/2012 18:13:00,1.0,17.29,213,8.18,43.7,9.21,95.9,,,,,,,
Slave River at Fitzgerald - Long Term Monitoring Station (1960-1967: 1989-onwards); equivalent to M11A for Oil Sands,59.86917,-111.58583,09/06/2012 20:13:00,1.0,16.87,211,8.15,43.1,9.23,95.3,,,,,,,
Slave River at Fitzgerald - Long Term Monitoring Station (1960-1967: 1989-onwards); equivalent to M11A for Oil Sands,59.86917,-111.58583,09/06/2012 22:13:00,1.0,16.49,209,8.08,42.4,9.26,94.8,,,,,,,
Slave River at Fitzgerald - Long Term Monitoring Station (1960-1967: 1989-onwards); equivalent to M11A for Oil Sands,59.86917,-111.58583,09/07/2012 00:13:00,1.0,16.31,208,8.10,43.4,9.28,94.6,,,,,,,
Slave River at Fitzgerald - Long Term Monitoring Station (1960-1967: 1989-onwards); equivalent to M11A for Oil Sands,59.86917,-111.58583,09/07/2012 02:13:00,1.0,15.97,207,8.06,43.4,9.34,94.6,,,,,,,
Slave River at Fitzgerald - Long Term Monitoring Station (1960-1967: 1989-onwards); equivalent to M11A for Oil Sands,59.86917,-111.58583,09/07/2012 04:13:00,1.0,15.78,206,8.06,42.1,9.36,94.4,,,,,,,
Slave River at Fitzgerald - Long Term Monitoring Station (1960-1967: 1989-onwards); equivalent to M11A for Oil Sands,59.86917,-111.58583,09/07/2012 06:13:00,1.0,15.57,206,8.14,43.4,9.37,94.1,,,,,,,
Slave River at Fitzgerald - Long Term Monitoring Station (1960-1967: 1989-onwards); equivalent to M11A for Oil Sands,59.86917,-111.58583,09/07/2012 08:13:00,1.0,15.25,205,8.12,42.2,9.41,93.9,,,,,,,
Slave River at Fitzgerald - Long Term Monitoring Station (1960-1967: 1989-onwards); equivalent to M11A for Oil Sands,59.86917,-111.58583,09/07/2012 10:13:00,1.0,15.63,205,8.16,41.6,9.40,94.5,,,,,,,
Slave River at Fitzgerald - Long Term Monitoring Station (1960-1967: 1989-onwards); equivalent to M11A for Oil Sands,59.86917,-111.58583,09/07/2012 12:13:00,1.0,16.24,205,8.13,38.7,9.35,95.3,,,,,,,
Slave River at Fitzgerald - Long Term Monitoring Station (1960-1967: 1989-onwards); equivalent to M11A for Oil Sands,59.86917,-111.58583,09/07/2012 14:13:00,1.0,16.42,204,8.17,39.0,9.36,95.7,,,,,,,
Slave River at Fitzgerald - Long Term Monitoring Station (1960-1967: 1989-onwards); equivalent to M11A for Oil Sands,59.86917,-111.58583,09/07/2012 16:13:00,1.0,16.58,203,8.15,39.2,9.35,95.9,,,,,,,
Slave River at Fitzgerald - Long Term Monitoring Station (1960-1967: 1989-onwards); equivalent to M11A for Oil Sands,59.86917,-111.58583,09/07/2012 18:13:00,1.0,16.85,202,8.18,40.8,9.33,96.3,,,,,,,
Slave River at Fitzgerald - Long Term Monitoring Station (1960-1967: 1989-onwards); equivalent to M11A for Oil Sands,59.86917,-111.58583,09/07/2012 20:13:00,1.0,16.50,199,8.16,39.1,9.32,95.5,,,,,,,
Slave River at Fitzgerald - Long Term Monitoring Station (1960-1967: 1989-onwards); equivalent to M11A for Oil Sands,59.86917,-111.58583,09/07/2012 22:13:00,1.0,15.38,197,7.94,39.0,9.46,94.6,,,,,,,
Slave River at Fitzgerald - Long Term Monitoring Station (1960-1967: 1989-onwards); equivalent to M11A for Oil Sands,59.86917,-111.58583,09/08/2012 00:13:00,1.0,15.17,195,8.09,40.2,9.47,94.3,,,,,,,
Slave River at Fitzgerald - Long Term Monitoring Station (1960-1967: 1989-onwards); equivalent to M11A for Oil Sands,59.86917,-111.58583,09/08/2012 02:13:00,1.0,14.80,194,8.16,38.1,9.53,94.1,,,,,,,
Slave River at Fitzgerald - Long Term Monitoring Station (1960-1967: 1989-onwards); equivalent to M11A for Oil Sands,59.86917,-111.58583,09/08/2012 04:13:00,1.0,14.85,194,8.18,37.8,9.52,94.1,,,,,,,
Slave River at Fitzgerald - Long Term Monitoring Station (1960-1967: 1989-onwards); equivalent to M11A for Oil Sands,59.86917,-111.58583,09/08/2012 06:13:00,1.0,14.97,195,8.18,37.2,9.51,94.3,,,,,,,
Slave River at Fitzgerald - Long Term Monitoring Station (1960-1967: 1989-onwards); equivalent to M11A for Oil Sands,59.86917,-111.58583,09/08/2012 08:13:00,1.0,15.07,195,8.18,36.6,9.50,94.4,,,,,,,
Slave River at Fitzgerald - Long Term Monitoring Station (1960-1967: 1989-onwards); equivalent to M11A for Oil Sands,59.86917,-111.58583,09/08/2012 10:13:00,1.0,15.49,195,8.19,36.1,9.47,94.9,,,,,,,
Slave River at Fitzgerald - Long Term Monitoring Station (1960-1967: 1989-onwards); equivalent to M11A for Oil Sands,59.86917,-111.58583,09/08/2012 12:13:00,1.0,16.23,195,8.20,36.2,9.42,96.0,,,,,,,
Slave River at Fitzgerald - Long Term Monitoring Station (1960-1967: 1989-onwards); equivalent to M11A for Oil Sands,59.86917,-111.58583,09/08/2012 14:13:00,1.0,16.68,195,8.24,33.8,9.36,96.2,,,,,,,
Slave River at Fitzgerald - Long Term Monitoring Station (1960-1967: 1989-onwards); equivalent to M11A for Oil Sands,59.86917,-111.58583,09/08/2012 16:13:00,1.0,17.07,195,8.23,35.3,9.36,97.0,,,,,,,
Slave River at Fitzgerald - Long Term Monitoring Station (1960-1967: 1989-onwards); equivalent to M11A for Oil Sands,59.86917,-111.58583,09/08/2012 18:13:00,1.0,17.53,196,8.22,32.3,9.31,97.5,,,,,,,
Slave River at Fitzgerald - Long Term Monitoring Station (1960-1967: 1989-onwards); equivalent to M11A for Oil Sands,59.86917,-111.58583,09/08/2012 20:13:00,1.0,16.66,194,8.17,34.4,9.36,96.2,,,,,,,
Slave River at Fitzgerald - Long Term Monitoring Station (1960-1967: 1989-onwards); equivalent to M11A for Oil Sands,59.86917,-111.58583,09/08/2012 22:13:00,1.0,15.97,193,8.09,33.1,9.42,95.4,,,,,,,
Slave River at Fitzgerald - Long Term Monitoring Station (1960-1967: 1989-onwards); equivalent to M11A for Oil Sands,59.86917,-111.58583,09/09/2012 00:13:00,1.0,15.50,192,8.04,30.2,9.48,95.1,,,,,,,
Slave River at Fitzgerald - Long Term Monitoring Station (1960-1967: 1989-onwards); equivalent to M11A for Oil Sands,59.86917,-111.58583,09/09/2012 02:13:00,1.0,15.01,191,8.11,31.3,9.53,94.6,,,,,,,
Slave River at Fitzgerald - Long Term Monitoring Station (1960-1967: 1989-onwards); equivalent to M11A for Oil Sands,59.86917,-111.58583,09/09/2012 04:13:00,1.0,14.69,191,8.16,32.6,9.57,94.3,,,,,,,
Slave River at Fitzgerald - Long Term Monitoring Station (1960-1967: 1989-onwards); equivalent to M11A for Oil Sands,59.86917,-111.58583,09/09/2012 06:13:00,1.0,14.54,192,8.18,32.2,9.58,94.1,,,,,,,
Slave River at Fitzgerald - Long Term Monitoring Station (1960-1967: 1989-onwards); equivalent to M11A for Oil Sands,59.86917,-111.58583,09/09/2012 08:13:00,1.0,14.59,193,8.19,30.1,9.59,94.3,,,,,,,
Slave River at Fitzgerald - Long Term Monitoring Station (1960-1967: 1989-onwards); equivalent to M11A for Oil Sands,59.86917,-111.58583,09/09/2012 10:13:00,1.0,15.42,194,8.19,31.1,9.53,95.4,,,,,,,
Slave River at Fitzgerald - Long Term Monitoring Station (1960-1967: 1989-onwards); equivalent to M11A for Oil Sands,59.86917,-111.58583,09/09/2012 12:13:00,1.0,16.16,196,8.18,29.6,9.44,96.0,,,,,,,
Slave River at Fitzgerald - Long Term Monitoring Station (1960-1967: 1989-onwards); equivalent to M11A for Oil Sands,59.86917,-111.58583,09/09/2012 14:13:00,1.0,16.57,197,8.19,29.4,9.41,96.6,,,,,,,
Slave River at Fitzgerald - Long Term Monitoring Station (1960-1967: 1989-onwards); equivalent to M11A for Oil Sands,59.86917,-111.58583,09/09/2012 16:13:00,1.0,16.77,199,8.24,29.9,9.36,96.5,,,,,,,
Slave River at Fitzgerald - Long Term Monitoring Station (1960-1967: 1989-onwards); equivalent to M11A for Oil Sands,59.86917,-111.58583,09/09/2012 18:13:00,1.0,16.46,199,8.15,29.6,9.40,96.2,,,,,,,
Slave River at Fitzgerald - Long Term Monitoring Station (1960-1967: 1989-onwards); equivalent to M11A for Oil Sands,59.86917,-111.58583,09/09/2012 20:13:00,1.0,16.23,200,8.12,28.7,9.42,96.0,,,,,,,
Slave River at Fitzgerald - Long Term Monitoring Station (1960-1967: 1989-onwards); equivalent to M11A for Oil Sands,59.86917,-111.58583,09/09/2012 22:13:00,1.0,16.03,200,8.12,28.0,9.43,95.7,,,,,,,
Slave River at Fitzgerald - Long Term Monitoring Station (1960-1967: 1989-onwards); equivalent to M11A for Oil Sands,59.86917,-111.58583,09/10/2012 00:13:00,1.0,15.96,199,8.13,28.6,9.43,95.5,,,,,,,
Slave River at Fitzgerald - Long Term Monitoring Station (1960-1967: 1989-onwards); equivalent to M11A for Oil Sands,59.86917,-111.58583,09/10/2012 02:13:00,1.0,15.84,199,8.12,28.3,9.43,95.3,,,,,,,
Slave River at Fitzgerald - Long Term Monitoring Station (1960-1967: 1989-onwards); equivalent to M11A for Oil Sands,59.86917,-111.58583,09/10/2012 04:13:00,1.0,15.73,200,8.11,29.1,9.44,95.1,,,,,,,
Slave River at Fitzgerald - Long Term Monitoring Station (1960-1967: 1989-onwards); equivalent to M11A for Oil Sands,59.86917,-111.58583,09/10/2012 06:13:00,1.0,15.58,201,8.15,26.9,9.43,94.7,,,,,,,
Slave River at Fitzgerald - Long Term Monitoring Station (1960-1967: 1989-onwards); equivalent to M11A for Oil Sands,59.86917,-111.58583,09/10/2012 08:13:00,1.0,15.56,204,8.15,28.2,9.47,95.1,,,,,,,
Slave River at Fitzgerald - Long Term Monitoring Station (1960-1967: 1989-onwards); equivalent to M11A for Oil Sands,59.86917,-111.58583,09/10/2012 10:13:00,1.0,15.77,206,8.16,27.9,9.43,95.1,,,,,,,
Slave River at Fitzgerald - Long Term Monitoring Station (1960-1967: 1989-onwards); equivalent to M11A for Oil Sands,59.86917,-111.58583,09/10/2012 12:13:00,1.0,15.96,205,8.19,28.0,9.40,95.2,,,,,,,
Slave River at Fitzgerald - Long Term Monitoring Station (1960-1967: 1989-onwards); equivalent to M11A for Oil Sands,59.86917,-111.58583,09/10/2012 14:13:00,1.0,16.00,203,8.20,28.3,9.40,95.3,,,,,,,
Slave River at Fitzgerald - Long Term Monitoring Station (1960-1967: 1989-onwards); equivalent to M11A for Oil Sands,59.86917,-111.58583,09/10/2012 16:13:00,1.0,16.10,201,8.21,28.8,9.40,95.4,,,,,,,
Slave River at Fitzgerald - Long Term Monitoring Station (1960-1967: 1989-onwards); equivalent to M11A for Oil Sands,59.86917,-111.58583,09/10/2012 18:13:00,1.0,15.98,200,8.18,28.7,9.39,95.1,,,,,,,
Slave River at Fitzgerald - Long Term Monitoring Station (1960-1967: 1989-onwards); equivalent to M11A for Oil Sands,59.86917,-111.58583,09/10/2012 20:13:00,1.0,15.74,199,8.14,29.0,9.41,94.9,,,,,,,
Slave River at Fitzgerald - Long Term Monitoring Station (1960-1967: 1989-onwards); equivalent to M11A for Oil Sands,59.86917,-111.58583,09/10/2012 22:13:00,1.0,15.58,198,8.15,30.0,9.44,94.8,,,,,,,
Slave River at Fitzgerald - Long Term Monitoring Station (1960-1967: 1989-onwards); equivalent to M11A for Oil Sands,59.86917,-111.58583,09/11/2012 00:13:00,1.0,15.31,198,8.08,31.0,9.45,94.4,,,,,,,
Slave River at Fitzgerald - Long Term Monitoring Station (1960-1967: 1989-onwards); equivalent to M11A for Oil Sands,59.86917,-111.58583,09/11/2012 02:13:00,1.0,15.12,198,8.11,32.7,9.48,94.3,,,,,,,
Slave River at Fitzgerald - Long Term Monitoring Station (1960-1967: 1989-onwards); equivalent to M11A for Oil Sands,59.86917,-111.58583,09/11/2012 04:13:00,1.0,14.94,200,8.17,28.9,9.51,94.3,,,,,,,
Slave River at Fitzgerald - Long Term Monitoring Station (1960-1967: 1989-onwards); equivalent to M11A for Oil Sands,59.86917,-111.58583,09/11/2012 06:13:00,1.0,14.77,201,8.15,32.6,9.54,94.2,,,,,,,
Slave River at Fitzgerald - Long Term Monitoring Station (1960-1967: 1989-onwards); equivalent to M11A for Oil Sands,59.86917,-111.58583,09/11/2012 08:13:00,1.0,14.39,202,8.15,35.3,9.57,93.7,,,,,,,
Slave River at Fitzgerald - Long Term Monitoring Station (1960-1967: 1989-onwards); equivalent to M11A for Oil Sands,59.86917,-111.58583,09/11/2012 10:13:00,1.0,14.04,202,8.17,51.1,9.58,93.1,,,,,,,
Slave River at Fitzgerald - Long Term Monitoring Station (1960-1967: 1989-onwards); equivalent to M11A for Oil Sands,59.86917,-111.58583,09/11/2012 12:13:00,1.0,13.97,204,8.19,51.4,9.60,93.1,,,,,,,
Slave River at Fitzgerald - Long Term Monitoring Station (1960-1967: 1989-onwards); equivalent to M11A for Oil Sands,59.86917,-111.58583,09/11/2012 14:13:00,1.0,13.76,206,8.17,50.0,9.64,93.1,,,,,,,
Slave River at Fitzgerald - Long Term Monitoring Station (1960-1967: 1989-onwards); equivalent to M11A for Oil Sands,59.86917,-111.58583,09/11/2012 16:13:00,1.0,13.62,209,8.22,50.9,9.66,93.0,,,,,,,
Slave River at Fitzgerald - Long Term Monitoring Station (1960-1967: 1989-onwards); equivalent to M11A for Oil Sands,59.86917,-111.58583,09/11/2012 18:13:00,1.0,13.54,211,8.21,55.1,9.68,93.0,,,,,,,
Slave River at Fitzgerald - Long Term Monitoring Station (1960-1967: 1989-onwards); equivalent to M11A for Oil Sands,59.86917,-111.58583,09/11/2012 20:13:00,1.0,13.44,213,8.23,55.5,9.67,92.7,,,,,,,
Slave River at Fitzgerald - Long Term Monitoring Station (1960-1967: 1989-onwards); equivalent to M11A for Oil Sands,59.86917,-111.58583,09/11/2012 22:13:00,1.0,13.40,213,8.22,54.4,9.66,92.5,,,,,,,
Slave River at Fitzgerald - Long Term Monitoring Station (1960-1967: 1989-onwards); equivalent to M11A for Oil Sands,59.86917,-111.58583,09/12/2012 00:13:00,1.0,13.23,212,8.22,52.5,9.69,92.5,,,,,,,
Slave River at Fitzgerald - Long Term Monitoring Station (1960-1967: 1989-onwards); equivalent to M11A for Oil Sands,59.86917,-111.58583,09/12/2012 02:13:00,1.0,13.23,212,8.24,57.9,9.69,92.5,,,,,,,
Slave River at Fitzgerald - Long Term Monitoring Station (1960-1967: 1989-onwards); equivalent to M11A for Oil Sands,59.86917,-111.58583,09/12/2012 04:13:00,1.0,12.95,211,8.24,52.9,9.70,92.0,,,,,,,
Slave River at Fitzgerald - Long Term Monitoring Station (1960-1967: 1989-onwards); equivalent to M11A for Oil Sands,59.86917,-111.58583,09/12/2012 06:13:00,1.0,12.74,208,8.23,52.5,9.73,91.8,,,,,,,
Slave River at Fitzgerald - Long Term Monitoring Station (1960-1967: 1989-onwards); equivalent to M11A for Oil Sands,59.86917,-111.58583,09/12/2012 08:13:00,1.0,12.56,205,8.22,56.2,9.77,91.9,,,,,,,
Slave River at Fitzgerald - Long Term Monitoring Station (1960-1967: 1989-onwards); equivalent to M11A for Oil Sands,59.86917,-111.58583,09/12/2012 10:13:00,1.0,12.76,200,8.22,55.0,9.75,92.1,,,,,,,
Slave River at Fitzgerald - Long Term Monitoring Station (1960-1967: 1989-onwards); equivalent to M11A for Oil Sands,59.86917,-111.58583,09/12/2012 12:13:00,1.0,13.42,197,8.20,58.7,9.68,92.8,,,,,,,
Slave River at Fitzgerald - Long Term Monitoring Station (1960-1967: 1989-onwards); equivalent to M11A for Oil Sands,59.86917,-111.58583,09/12/2012 14:13:00,1.0,13.70,194,8.19,61.6,9.67,93.2,,,,,,,
Slave River at Fitzgerald - Long Term Monitoring Station (1960-1967: 1989-onwards); equivalent to M11A for Oil Sands,59.86917,-111.58583,09/12/2012 16:13:00,1.0,13.85,194,8.18,60.5,9.64,93.2,,,,,,,
Slave River at Fitzgerald - Long Term Monitoring Station (1960-1967: 1989-onwards); equivalent to M11A for Oil Sands,59.86917,-111.58583,09/12/2012 18:13:00,1.0,14.66,196,8.19,61.2,9.54,93.9,,,,,,,
Slave River at Fitzgerald - Long Term Monitoring Station (1960-1967: 1989-onwards); equivalent to M11A for Oil Sands,59.86917,-111.58583,09/12/2012 20:13:00,1.0,14.36,197,8.20,64.6,9.50,93.0,,,,,,,
Slave River at Fitzgerald - Long Term Monitoring Station (1960-1967: 1989-onwards); equivalent to M11A for Oil Sands,59.86917,-111.58583,09/12/2012 22:13:00,1.0,13.27,196,8.05,58.9,9.66,92.3,,,,,,,
Slave River at Fitzgerald - Long Term Monitoring Station (1960-1967: 1989-onwards); equivalent to M11A for Oil Sands,59.86917,-111.58583,09/13/2012 00:13:00,1.0,12.72,196,8.16,59.1,9.75,92.0,,,,,,,
Slave River at Fitzgerald - Long Term Monitoring Station (1960-1967: 1989-onwards); equivalent to M11A for Oil Sands,59.86917,-111.58583,09/13/2012 02:13:00,1.0,12.65,195,8.19,53.6,9.75,91.9,,,,,,,
Slave River at Fitzgerald - Long Term Monitoring Station (1960-1967: 1989-onwards); equivalent to M11A for Oil Sands,59.86917,-111.58583,09/13/2012 04:13:00,1.0,12.77,194,8.17,54.7,9.73,91.9,,,,,,,
Slave River at Fitzgerald - Long Term Monitoring Station (1960-1967: 1989-onwards); equivalent to M11A for Oil Sands,59.86917,-111.58583,09/13/2012 06:13:00,1.0,12.69,194,8.18,55.6,9.75,91.9,,,,,,,
Slave River at Fitzgerald - Long Term Monitoring Station (1960-1967: 1989-onwards); equivalent to M11A for Oil Sands,59.86917,-111.58583,09/13/2012 08:13:00,1.0,12.80,195,8.20,56.6,9.75,92.2,,,,,,,
Slave River at Fitzgerald - Long Term Monitoring Station (1960-1967: 1989-onwards); equivalent to M11A for Oil Sands,59.86917,-111.58583,09/13/2012 10:13:00,1.0,13.02,195,8.20,57.5,9.71,92.2,,,,,,,
Slave River at Fitzgerald - Long Term Monitoring Station (1960-1967: 1989-onwards); equivalent to M11A for Oil Sands,59.86917,-111.58583,09/13/2012 12:13:00,1.0,13.78,196,8.20,57.8,9.67,93.5,,,,,,,
Slave River at Fitzgerald - Long Term Monitoring Station (1960-1967: 1989-onwards); equivalent to M11A for Oil Sands,59.86917,-111.58583,09/13/2012 14:13:00,1.0,14.50,197,8.18,53.3,9.59,94.1,,,,,,,
Slave River at Fitzgerald - Long Term Monitoring Station (1960-1967: 1989-onwards); equivalent to M11A for Oil Sands,59.86917,-111.58583,09/13/2012 16:13:00,1.0,14.91,199,8.22,54.6,9.54,94.4,,,,,,,
Slave River at Fitzgerald - Long Term Monitoring Station (1960-1967: 1989-onwards); equivalent to M11A for Oil Sands,59.86917,-111.58583,09/13/2012 18:13:00,1.0,15.31,203,8.21,53.8,9.55,95.4,,,,,,,
Slave River at Fitzgerald - Long Term Monitoring Station (1960-1967: 1989-onwards); equivalent to M11A for Oil Sands,59.86917,-111.58583,09/13/2012 20:13:00,1.0,14.76,205,8.18,51.1,9.51,93.9,,,,,,,
Slave River at Fitzgerald - Long Term Monitoring Station (1960-1967: 1989-onwards); equivalent to M11A for Oil Sands,59.86917,-111.58583,09/13/2012 22:13:00,1.0,13.97,205,7.98,50.2,9.61,93.2,,,,,,,
Slave River at Fitzgerald - Long Term Monitoring Station (1960-1967: 1989-onwards); equivalent to M11A for Oil Sands,59.86917,-111.58583,09/14/2012 00:13:00,1.0,13.81,206,8.06,47.3,9.63,93.1,,,,,,,
Slave River at Fitzgerald - Long Term Monitoring Station (1960-1967: 1989-onwards); equivalent to M11A for Oil Sands,59.86917,-111.58583,09/14/2012 02:13:00,1.0,13.63,205,8.12,45.9,9.66,93.0,,,,,,,
Slave River at Fitzgerald - Long Term Monitoring Station (1960-1967: 1989-onwards); equivalent to M11A for Oil Sands,59.86917,-111.58583,09/14/2012 04:13:00,1.0,13.69,204,8.16,45.5,9.70,93.5,,,,,,,
Slave River at Fitzgerald - Long Term Monitoring Station (1960-1967: 1989-onwards); equivalent to M11A for Oil Sands,59.86917,-111.58583,09/14/2012 06:13:00,1.0,13.59,202,8.15,43.5,9.68,93.1,,,,,,,
Slave River at Fitzgerald - Long Term Monitoring Station (1960-1967: 1989-onwards); equivalent to M11A for Oil Sands,59.86917,-111.58583,09/14/2012 08:13:00,1.0,13.55,200,8.14,46.7,9.70,93.2,,,,,,,
Slave River at Fitzgerald - Long Term Monitoring Station (1960-1967: 1989-onwards); equivalent to M11A for Oil Sands,59.86917,-111.58583,09/14/2012 10:13:00,1.0,13.63,199,8.13,49.9,9.70,93.4,,,,,,,
Slave River at Fitzgerald - Long Term Monitoring Station (1960-1967: 1989-onwards); equivalent to M11A for Oil Sands,59.86917,-111.58583,09/14/2012 12:13:00,1.0,14.02,198,8.14,52.8,9.68,94.0,,,,,,,
Slave River at Fitzgerald - Long Term Monitoring Station (1960-1967: 1989-onwards); equivalent to M11A for Oil Sands,59.86917,-111.58583,09/14/2012 14:13:00,1.0,14.32,196,8.16,55.6,9.69,94.7,,,,,,,
Slave River at Fitzgerald - Long Term Monitoring Station (1960-1967: 1989-onwards); equivalent to M11A for Oil Sands,59.86917,-111.58583,09/14/2012 16:13:00,1.0,14.75,195,8.18,56.0,9.67,95.4,,,,,,,
Slave River at Fitzgerald - Long Term Monitoring Station (1960-1967: 1989-onwards); equivalent to M11A for Oil Sands,59.86917,-111.58583,09/14/2012 18:13:00,1.0,13.64,190,8.07,62.2,9.76,94.0,,,,,,,
Slave River at Fitzgerald - Long Term Monitoring Station (1960-1967: 1989-onwards); equivalent to M11A for Oil Sands,59.86917,-111.58583,09/14/2012 20:13:00,1.0,13.09,186,8.01,62.4,9.86,93.8,,,,,,,
Slave River at Fitzgerald - Long Term Monitoring Station (1960-1967: 1989-onwards); equivalent to M11A for Oil Sands,59.86917,-111.58583,09/14/2012 22:13:00,1.0,12.65,183,8.07,65.0,9.92,93.5,,,,,,,
Slave River at Fitzgerald - Long Term Monitoring Station (1960-1967: 1989-onwards); equivalent to M11A for Oil Sands,59.86917,-111.58583,09/15/2012 00:13:00,1.0,11.87,181,8.08,69.1,10.08,93.3,,,,,,,
Slave River at Fitzgerald - Long Term Monitoring Station (1960-1967: 1989-onwards); equivalent to M11A for Oil Sands,59.86917,-111.58583,09/15/2012 02:13:00,1.0,11.77,180,8.13,74.8,10.13,93.6,,,,,,,
Slave River at Fitzgerald - Long Term Monitoring Station (1960-1967: 1989-onwards); equivalent to M11A for Oil Sands,59.86917,-111.58583,09/15/2012 04:13:00,1.0,11.75,179,8.17,83.0,10.18,93.9,,,,,,,
Slave River at Fitzgerald - Long Term Monitoring Station (1960-1967: 1989-onwards); equivalent to M11A for Oil Sands,59.86917,-111.58583,09/15/2012 06:13:00,1.0,11.65,177,8.15,86.1,10.21,94.0,,,,,,,
Slave River at Fitzgerald - Long Term Monitoring Station (1960-1967: 1989-onwards); equivalent to M11A for Oil Sands,59.86917,-111.58583,09/15/2012 08:13:00,1.0,11.41,176,8.15,84.0,10.23,93.7,,,,,,,
Slave River at Fitzgerald - Long Term Monitoring Station (1960-1967: 1989-onwards); equivalent to M11A for Oil Sands,59.86917,-111.58583,09/15/2012 10:13:00,1.0,11.52,176,8.14,84.5,10.24,94.0,,,,,,,
Slave River at Fitzgerald - Long Term Monitoring Station (1960-1967: 1989-onwards); equivalent to M11A for Oil Sands,59.86917,-111.58583,09/15/2012 12:13:00,1.0,11.69,176,8.14,73.7,10.24,94.4,,,,,,,
Slave River at Fitzgerald - Long Term Monitoring Station (1960-1967: 1989-onwards); equivalent to M11A for Oil Sands,59.86917,-111.58583,09/15/2012 14:13:00,1.0,11.92,176,8.14,67.6,10.24,94.9,,,,,,,
Slave River at Fitzgerald - Long Term Monitoring Station (1960-1967: 1989-onwards); equivalent to M11A for Oil Sands,59.86917,-111.58583,09/15/2012 16:13:00,1.0,11.94,176,8.14,66.4,10.24,94.9,,,,,,,
Slave River at Fitzgerald - Long Term Monitoring Station (1960-1967: 1989-onwards); equivalent to M11A for Oil Sands,59.86917,-111.58583,09/15/2012 18:13:00,1.0,11.89,175,8.15,63.0,10.23,94.8,,,,,,,
Slave River at Fitzgerald - Long Term Monitoring Station (1960-1967: 1989-onwards); equivalent to M11A for Oil Sands,59.86917,-111.58583,09/15/2012 20:13:00,1.0,11.59,173,8.12,61.8,10.29,94.6,,,,,,,
Slave River at Fitzgerald - Long Term Monitoring Station (1960-1967: 1989-onwards); equivalent to M11A for Oil Sands,59.86917,-111.58583,09/15/2012 22:13:00,1.0,11.26,171,8.13,63.6,10.32,94.2,,,,,,,
Slave River at Fitzgerald - Long Term Monitoring Station (1960-1967: 1989-onwards); equivalent to M11A for Oil Sands,59.86917,-111.58583,09/16/2012 00:13:00,1.0,11.00,170,8.14,63.8,10.34,93.8,,,,,,,
Slave River at Fitzgerald - Long Term Monitoring Station (1960-1967: 1989-onwards); equivalent to M11A for Oil Sands,59.86917,-111.58583,09/16/2012 02:13:00,1.0,10.70,171,8.16,68.9,10.41,93.8,,,,,,,
Slave River at Fitzgerald - Long Term Monitoring Station (1960-1967: 1989-onwards); equivalent to M11A for Oil Sands,59.86917,-111.58583,09/16/2012 04:13:00,1.0,10.50,171,8.15,66.8,10.42,93.4,,,,,,,
Slave River at Fitzgerald - Long Term Monitoring Station (1960-1967: 1989-onwards); equivalent to M11A for Oil Sands,59.86917,-111.58583,09/16/2012 06:13:00,1.0,10.55,171,8.15,69.4,10.40,93.4,,,,,,,
Slave River at Fitzgerald - Long Term Monitoring Station (1960-1967: 1989-onwards); equivalent to M11A for Oil Sands,59.86917,-111.58583,09/16/2012 08:13:00,1.0,10.50,172,8.14,62.8,10.42,93.5,,,,,,,
Slave River at Fitzgerald - Long Term Monitoring Station (1960-1967: 1989-onwards); equivalent to M11A for Oil Sands,59.86917,-111.58583,09/16/2012 10:13:00,1.0,10.97,174,8.15,64.3,10.39,94.2,,,,,,,
Slave River at Fitzgerald - Long Term Monitoring Station (1960-1967: 1989-onwards); equivalent to M11A for Oil Sands,59.86917,-111.58583,09/16/2012 12:13:00,1.0,11.76,178,8.12,64.2,10.27,94.8,,,,,,,
Slave River at Fitzgerald - Long Term Monitoring Station (1960-1967: 1989-onwards); equivalent to M11A for Oil Sands,59.86917,-111.58583,09/16/2012 14:13:00,1.0,12.31,181,8.14,60.5,10.21,95.5,,,,,,,
Slave River at Fitzgerald - Long Term Monitoring Station (1960-1967: 1989-onwards); equivalent to M11A for Oil Sands,59.86917,-111.58583,09/16/2012 16:13:00,1.0,12.83,184,8.17,63.2,10.15,96.0,,,,,,,
Slave River at Fitzgerald - Long Term Monitoring Station (1960-1967: 1989-onwards); equivalent to M11A for Oil Sands,59.86917,-111.58583,09/16/2012 18:13:00,1.0,13.02,187,8.17,60.4,10.08,95.8,,,,,,,
Slave River at Fitzgerald - Long Term Monitoring Station (1960-1967: 1989-onwards); equivalent to M11A for Oil Sands,59.86917,-111.58583,09/16/2012 20:13:00,1.0,12.63,188,8.19,63.2,10.12,95.3,,,,,,,
Slave River at Fitzgerald - Long Term Monitoring Station (1960-1967: 1989-onwards); equivalent to M11A for Oil Sands,59.86917,-111.58583,09/16/2012 22:13:00,1.0,12.06,187,8.05,66.0,10.16,94.5,,,,,,,
Slave River at Fitzgerald - Long Term Monitoring Station (1960-1967: 1989-onwards); equivalent to M11A for Oil Sands,59.86917,-111.58583,09/17/2012 00:13:00,1.0,11.75,185,8.16,63.5,10.22,94.4,,,,,,,
Slave River at Fitzgerald - Long Term Monitoring Station (1960-1967: 1989-onwards); equivalent to M11A for Oil Sands,59.86917,-111.58583,09/17/2012 02:13:00,1.0,11.61,181,8.19,65.6,10.24,94.2,,,,,,,
Slave River at Fitzgerald - Long Term Monitoring Station (1960-1967: 1989-onwards); equivalent to M11A for Oil Sands,59.86917,-111.58583,09/17/2012 04:13:00,1.0,11.28,177,8.21,65.5,10.27,93.8,,,,,,,
Slave River at Fitzgerald - Long Term Monitoring Station (1960-1967: 1989-onwards); equivalent to M11A for Oil Sands,59.86917,-111.58583,09/17/2012 06:13:00,1.0,11.19,175,8.15,67.5,10.32,94.1,,,,,,,
Slave River at Fitzgerald - Long Term Monitoring Station (1960-1967: 1989-onwards); equivalent to M11A for Oil Sands,59.86917,-111.58583,09/17/2012 08:13:00,1.0,11.08,175,8.19,62.3,10.35,94.0,,,,,,,
Slave River at Fitzgerald - Long Term Monitoring Station (1960-1967: 1989-onwards); equivalent to M11A for Oil Sands,59.86917,-111.58583,09/17/2012 10:13:00,1.0,11.83,178,8.15,65.0,10.21,94.4,,,,,,,
Slave River at Fitzgerald - Long Term Monitoring Station (1960-1967: 1989-onwards); equivalent to M11A for Oil Sands,59.86917,-111.58583,09/17/2012 12:13:00,1.0,12.76,182,8.11,67.1,10.10,95.4,,,,,,,
Slave River at Fitzgerald - Long Term Monitoring Station (1960-1967: 1989-onwards); equivalent to M11A for Oil Sands,59.86917,-111.58583,09/17/2012 14:13:00,1.0,13.16,185,8.14,69.1,10.03,95.5,,,,,,,
Slave River at Fitzgerald - Long Term Monitoring Station (1960-1967: 1989-onwards); equivalent to M11A for Oil Sands,59.86917,-111.58583,09/17/2012 16:13:00,1.0,13.63,190,8.16,71.2,9.99,96.2,,,,,,,
Slave River at Fitzgerald - Long Term Monitoring Station (1960-1967: 1989-onwards); equivalent to M11A for Oil Sands,59.86917,-111.58583,09/17/2012 18:13:00,1.0,13.73,194,8.16,77.2,9.94,95.9,,,,,,,
Slave River at Fitzgerald - Long Term Monitoring Station (1960-1967: 1989-onwards); equivalent to M11A for Oil Sands,59.86917,-111.58583,09/17/2012 20:13:00,1.0,13.04,197,8.13,83.7,9.96,94.7,,,,,,,
Slave River at Fitzgerald - Long Term Monitoring Station (1960-1967: 1989-onwards); equivalent to M11A for Oil Sands,59.86917,-111.58583,09/17/2012 22:13:00,1.0,12.41,197,8.02,80.0,10.05,94.2,,,,,,,
Slave River at Fitzgerald - Long Term Monitoring Station (1960-1967: 1989-onwards); equivalent to M11A for Oil Sands,59.86917,-111.58583,09/18/2012 00:13:00,1.0,12.01,195,8.00,87.5,10.10,93.8,,,,,,,
Slave River at Fitzgerald - Long Term Monitoring Station (1960-1967: 1989-onwards); equivalent to M11A for Oil Sands,59.86917,-111.58583,09/18/2012 02:13:00,1.0,11.84,191,8.10,87.9,10.17,94.1,,,,,,,
Slave River at Fitzgerald - Long Term Monitoring Station (1960-1967: 1989-onwards); equivalent to M11A for Oil Sands,59.86917,-111.58583,09/18/2012 04:13:00,1.0,11.89,188,8.16,87.6,10.18,94.3,,,,,,,
Slave River at Fitzgerald - Long Term Monitoring Station (1960-1967: 1989-onwards); equivalent to M11A for Oil Sands,59.86917,-111.58583,09/18/2012 06:13:00,1.0,11.77,185,8.15,85.8,10.19,94.1,,,,,,,
Slave River at Fitzgerald - Long Term Monitoring Station (1960-1967: 1989-onwards); equivalent to M11A for Oil Sands,59.86917,-111.58583,09/18/2012 08:13:00,1.0,11.88,184,8.15,90.8,10.22,94.6,,,,,,,
Slave River at Fitzgerald - Long Term Monitoring Station (1960-1967: 1989-onwards); equivalent to M11A for Oil Sands,59.86917,-111.58583,09/18/2012 10:13:00,1.0,11.92,183,8.13,92.6,10.24,94.9,,,,,,,
Slave River at Fitzgerald - Long Term Monitoring Station (1960-1967: 1989-onwards); equivalent to M11A for Oil Sands,59.86917,-111.58583,06/12/2012 20:13:00,4.0,15.84,,8.02,186.6,9.34,94.3,,,,,,,
Slave River at Fitzgerald - Long Term Monitoring Station (1960-1967: 1989-onwards); equivalent to M11A for Oil Sands,59.86917,-111.58583,06/12/2012 22:13:00,4.0,15.65,130,8.03,186.9,9.34,93.9,,,,,,,
Slave River at Fitzgerald - Long Term Monitoring Station (1960-1967: 1989-onwards); equivalent to M11A for Oil Sands,59.86917,-111.58583,06/13/2012 00:13:00,4.0,15.41,130,8.04,188.5,9.37,93.8,,,,,,,
Slave River at Fitzgerald - Long Term Monitoring Station (1960-1967: 1989-onwards); equivalent to M11A for Oil Sands,59.86917,-111.58583,06/13/2012 02:13:00,4.0,15.15,124,8.04,181.2,9.38,93.4,,,,,,,
Slave River at Fitzgerald - Long Term Monitoring Station (1960-1967: 1989-onwards); equivalent to M11A for Oil Sands,59.86917,-111.58583,06/13/2012 04:13:00,4.0,15.11,125,8.04,176.2,9.38,93.3,,,,,,,
Slave River at Fitzgerald - Long Term Monitoring Station (1960-1967: 1989-onwards); equivalent to M11A for Oil Sands,59.86917,-111.58583,06/13/2012 06:13:00,4.0,15.36,135,8.09,170.6,9.32,93.2,,,,,,,
Slave River at Fitzgerald - Long Term Monitoring Station (1960-1967: 1989-onwards); equivalent to M11A for Oil Sands,59.86917,-111.58583,06/13/2012 08:13:00,4.0,15.47,136,8.08,165.8,9.29,93.1,,,,,,,
Slave River at Fitzgerald - Long Term Monitoring Station (1960-1967: 1989-onwards); equivalent to M11A for Oil Sands,59.86917,-111.58583,06/13/2012 10:13:00,4.0,15.76,128,8.01,178.7,9.24,93.1,,,,,,,
Slave River at Fitzgerald - Long Term Monitoring Station (1960-1967: 1989-onwards); equivalent to M11A for Oil Sands,59.86917,-111.58583,06/13/2012 12:13:00,4.0,16.17,167,8.01,175.7,9.19,93.5,,,,,,,
Slave River at Fitzgerald - Long Term Monitoring Station (1960-1967: 1989-onwards); equivalent to M11A for Oil Sands,59.86917,-111.58583,06/13/2012 14:13:00,4.0,16.52,129,8.00,177.3,9.14,93.6,,,,,,,
Slave River at Fitzgerald - Long Term Monitoring Station (1960-1967: 1989-onwards); equivalent to M11A for Oil Sands,59.86917,-111.58583,06/13/2012 16:13:00,4.0,16.60,107,7.97,177.1,9.12,93.6,,,,,,,
Slave River at Fitzgerald - Long Term Monitoring Station (1960-1967: 1989-onwards); equivalent to M11A for Oil Sands,59.86917,-111.58583,06/13/2012 18:13:00,4.0,16.36,104,7.95,182.7,9.12,93.1,,,,,,,
Slave River at Fitzgerald - Long Term Monitoring Station (1960-1967: 1989-onwards); equivalent to M11A for Oil Sands,59.86917,-111.58583,06/13/2012 20:13:00,4.0,16.23,192,7.95,174.7,9.11,92.8,,,,,,,
Slave River at Fitzgerald - Long Term Monitoring Station (1960-1967: 1989-onwards); equivalent to M11A for Oil Sands,59.86917,-111.58583,06/13/2012 22:13:00,4.0,16.11,191,8.02,181.7,9.08,92.3,,,,,,,
Slave River at Fitzgerald - Long Term Monitoring Station (1960-1967: 1989-onwards); equivalent to M11A for Oil Sands,59.86917,-111.58583,06/14/2012 00:13:00,4.0,16.08,191,8.04,186.8,9.06,92.0,,,,,,,
Slave River at Fitzgerald - Long Term Monitoring Station (1960-1967: 1989-onwards); equivalent to M11A for Oil Sands,59.86917,-111.58583,06/14/2012 02:13:00,4.0,16.04,190,8.02,192.4,9.02,91.5,,,,,,,
Slave River at Fitzgerald - Long Term Monitoring Station (1960-1967: 1989-onwards); equivalent to M11A for Oil Sands,59.86917,-111.58583,06/14/2012 04:13:00,4.0,15.99,189,8.02,202.0,9.01,91.2,,,,,,,
Slave River at Fitzgerald - Long Term Monitoring Station (1960-1967: 1989-onwards); equivalent to M11A for Oil Sands,59.86917,-111.58583,06/14/2012 06:13:00,4.0,15.89,188,8.03,209.1,9.00,91.0,,,,,,,
Slave River at Fitzgerald - Long Term Monitoring Station (1960-1967: 1989-onwards); equivalent to M11A for Oil Sands,59.86917,-111.58583,06/14/2012 08:13:00,4.0,15.81,188,8.03,220.4,8.98,90.6,,,,,,,
Slave River at Fitzgerald - Long Term Monitoring Station (1960-1967: 1989-onwards); equivalent to M11A for Oil Sands,59.86917,-111.58583,06/14/2012 10:13:00,4.0,15.72,188,8.02,222.8,8.95,90.2,,,,,,,
Slave River at Fitzgerald - Long Term Monitoring Station (1960-1967: 1989-onwards); equivalent to M11A for Oil Sands,59.86917,-111.58583,06/14/2012 12:13:00,4.0,15.74,188,7.99,199.7,8.95,90.2,,,,,,,
Slave River at Fitzgerald - Long Term Monitoring Station (1960-1967: 1989-onwards); equivalent to M11A for Oil Sands,59.86917,-111.58583,06/14/2012 14:13:00,4.0,15.68,188,8.00,208.2,8.94,90.0,,,,,,,
Slave River at Fitzgerald - Long Term Monitoring Station (1960-1967: 1989-onwards); equivalent to M11A for Oil Sands,59.86917,-111.58583,06/14/2012 16:13:00,4.0,15.67,193,7.99,238.2,8.93,89.9,,,,,,,
Slave River at Fitzgerald - Long Term Monitoring Station (1960-1967: 1989-onwards); equivalent to M11A for Oil Sands,59.86917,-111.58583,06/14/2012 18:13:00,4.0,15.56,194,8.00,263.8,8.92,89.6,,,,,,,
Slave River at Fitzgerald - Long Term Monitoring Station (1960-1967: 1989-onwards); equivalent to M11A for Oil Sands,59.86917,-111.58583,06/14/2012 20:13:00,4.0,15.43,194,8.03,281.6,8.89,89.0,,,,,,,
Slave River at Fitzgerald - Long Term Monitoring Station (1960-1967: 1989-onwards); equivalent to M11A for Oil Sands,59.86917,-111.58583,06/14/2012 22:13:00,4.0,15.29,195,8.03,299.2,8.82,88.1,,,,,,,
Slave River at Fitzgerald - Long Term Monitoring Station (1960-1967: 1989-onwards); equivalent to M11A for Oil Sands,59.86917,-111.58583,06/15/2012 00:13:00,4.0,15.19,195,8.03,306.9,8.83,87.9,,,,,,,
Slave River at Fitzgerald - Long Term Monitoring Station (1960-1967: 1989-onwards); equivalent to M11A for Oil Sands,59.86917,-111.58583,06/15/2012 02:13:00,4.0,15.06,195,8.02,319.8,8.81,87.6,,,,,,,
Slave River at Fitzgerald - Long Term Monitoring Station (1960-1967: 1989-onwards); equivalent to M11A for Oil Sands,59.86917,-111.58583,06/15/2012 04:13:00,4.0,14.91,195,8.01,313.8,8.83,87.4,,,,,,,
Slave River at Fitzgerald - Long Term Monitoring Station (1960-1967: 1989-onwards); equivalent to M11A for Oil Sands,59.86917,-111.58583,06/15/2012 06:13:00,4.0,14.78,195,8.00,326.3,8.81,87.0,,,,,,,
Slave River at Fitzgerald - Long Term Monitoring Station (1960-1967: 1989-onwards); equivalent to M11A for Oil Sands,59.86917,-111.58583,06/15/2012 08:13:00,4.0,14.65,196,7.99,330.6,8.79,86.6,,,,,,,
Slave River at Fitzgerald - Long Term Monitoring Station (1960-1967: 1989-onwards); equivalent to M11A for Oil Sands,59.86917,-111.58583,06/15/2012 10:13:00,4.0,14.62,197,7.96,333.5,8.78,86.4,,,,,,,
Slave River at Fitzgerald - Long Term Monitoring Station (1960-1967: 1989-onwards); equivalent to M11A for Oil Sands,59.86917,-111.58583,06/15/2012 12:13:00,4.0,14.62,198,7.92,340.1,8.77,86.3,,,,,,,
Slave River at Fitzgerald - Long Term Monitoring Station (1960-1967: 1989-onwards); equivalent to M11A for Oil Sands,59.86917,-111.58583,06/15/2012 14:13:00,4.0,14.64,199,7.95,348.1,8.78,86.5,,,,,,,
Slave River at Fitzgerald - Long Term Monitoring Station (1960-1967: 1989-onwards); equivalent to M11A for Oil Sands,59.86917,-111.58583,06/15/2012 16:13:00,4.0,14.60,207,8.06,354.1,8.86,87.2,,,,,,,
Slave River at Fitzgerald - Long Term Monitoring Station (1960-1967: 1989-onwards); equivalent to M11A for Oil Sands,59.86917,-111.58583,06/15/2012 18:13:00,4.0,14.61,217,8.09,371.2,8.90,87.6,,,,,,,
Slave River at Fitzgerald - Long Term Monitoring Station (1960-1967: 1989-onwards); equivalent to M11A for Oil Sands,59.86917,-111.58583,06/15/2012 20:13:00,4.0,14.39,219,8.06,406.5,8.89,87.0,,,,,,,
Slave River at Fitzgerald - Long Term Monitoring Station (1960-1967: 1989-onwards); equivalent to M11A for Oil Sands,59.86917,-111.58583,06/15/2012 22:13:00,4.0,14.20,223,8.04,459.1,8.85,86.3,,,,,,,
Slave River at Fitzgerald - Long Term Monitoring Station (1960-1967: 1989-onwards); equivalent to M11A for Oil Sands,59.86917,-111.58583,06/16/2012 00:13:00,4.0,13.91,227,8.11,531.4,8.78,85.0,,,,,,,
Slave River at Fitzgerald - Long Term Monitoring Station (1960-1967: 1989-onwards); equivalent to M11A for Oil Sands,59.86917,-111.58583,06/16/2012 02:13:00,4.0,13.86,232,8.06,631.6,8.68,84.0,,,,,,,
Slave River at Fitzgerald - Long Term Monitoring Station (1960-1967: 1989-onwards); equivalent to M11A for Oil Sands,59.86917,-111.58583,06/16/2012 04:13:00,4.0,13.72,236,7.98,748.0,8.63,83.3,,,,,,,
Slave River at Fitzgerald - Long Term Monitoring Station (1960-1967: 1989-onwards); equivalent to M11A for Oil Sands,59.86917,-111.58583,06/16/2012 06:13:00,4.0,13.60,243,7.93,842.4,8.54,82.2,,,,,,,
Slave River at Fitzgerald - Long Term Monitoring Station (1960-1967: 1989-onwards); equivalent to M11A for Oil Sands,59.86917,-111.58583,06/16/2012 08:13:00,4.0,13.56,136,7.90,892.9,10.23,98.4,,,,,,,
Slave River at Fitzgerald - Long Term Monitoring Station (1960-1967: 1989-onwards); equivalent to M11A for Oil Sands,59.86917,-111.58583,06/16/2012 10:13:00,4.0,13.64,143,7.93,967.1,9.42,90.7,,,,,,,
Slave River at Fitzgerald - Long Term Monitoring Station (1960-1967: 1989-onwards); equivalent to M11A for Oil Sands,59.86917,-111.58583,06/16/2012 12:13:00,4.0,13.68,154,7.82,1021.3,9.10,87.7,,,,,,,
Slave River at Fitzgerald - Long Term Monitoring Station (1960-1967: 1989-onwards); equivalent to M11A for Oil Sands,59.86917,-111.58583,06/16/2012 14:13:00,4.0,13.74,161,8.00,1074.1,9.07,87.5,,,,,,,
Slave River at Fitzgerald - Long Term Monitoring Station (1960-1967: 1989-onwards); equivalent to M11A for Oil Sands,59.86917,-111.58583,06/16/2012 16:13:00,4.0,13.81,249,7.98,1142.5,9.03,87.3,,,,,,,
Slave River at Fitzgerald - Long Term Monitoring Station (1960-1967: 1989-onwards); equivalent to M11A for Oil Sands,59.86917,-111.58583,06/16/2012 18:13:00,4.0,13.77,248,8.10,1157.8,8.71,84.2,,,,,,,
Slave River at Fitzgerald - Long Term Monitoring Station (1960-1967: 1989-onwards); equivalent to M11A for Oil Sands,59.86917,-111.58583,06/16/2012 20:13:00,4.0,13.72,246,8.10,1145.1,8.72,84.1,,,,,,,
Slave River at Fitzgerald - Long Term Monitoring Station (1960-1967: 1989-onwards); equivalent to M11A for Oil Sands,59.86917,-111.58583,06/16/2012 22:13:00,4.0,13.53,245,8.11,1185.1,8.76,84.2,,,,,,,
Slave River at Fitzgerald - Long Term Monitoring Station (1960-1967: 1989-onwards); equivalent to M11A for Oil Sands,59.86917,-111.58583,06/17/2012 00:13:00,4.0,13.50,244,8.10,1180.2,8.80,84.5,,,,,,,
Slave River at Fitzgerald - Long Term Monitoring Station (1960-1967: 1989-onwards); equivalent to M11A for Oil Sands,59.86917,-111.58583,06/17/2012 02:13:00,4.0,13.47,243,8.09,1189.5,8.84,84.8,,,,,,,
Slave River at Fitzgerald - Long Term Monitoring Station (1960-1967: 1989-onwards); equivalent to M11A for Oil Sands,59.86917,-111.58583,06/17/2012 04:13:00,4.0,13.45,241,8.07,1188.7,8.86,85.0,,,,,,,
Slave River at Fitzgerald - Long Term Monitoring Station (1960-1967: 1989-onwards); equivalent to M11A for Oil Sands,59.86917,-111.58583,06/17/2012 06:13:00,4.0,13.43,240,8.05,1204.4,8.84,84.8,,,,,,,
Slave River at Fitzgerald - Long Term Monitoring Station (1960-1967: 1989-onwards); equivalent to M11A for Oil Sands,59.86917,-111.58583,06/17/2012 08:13:00,4.0,13.37,239,8.08,1200.5,8.83,84.6,,,,,,,
Slave River at Fitzgerald - Long Term Monitoring Station (1960-1967: 1989-onwards); equivalent to M11A for Oil Sands,59.86917,-111.58583,06/17/2012 10:13:00,4.0,13.37,239,8.06,1209.2,8.83,84.5,,,,,,,
Slave River at Fitzgerald - Long Term Monitoring Station (1960-1967: 1989-onwards); equivalent to M11A for Oil Sands,59.86917,-111.58583,06/17/2012 12:13:00,4.0,13.38,238,8.03,1208.5,8.82,84.4,,,,,,,
Slave River at Fitzgerald - Long Term Monitoring Station (1960-1967: 1989-onwards); equivalent to M11A for Oil Sands,59.86917,-111.58583,06/17/2012 14:13:00,4.0,13.39,238,8.05,1229.8,8.80,84.3,,,,,,,
Slave River at Fitzgerald - Long Term Monitoring Station (1960-1967: 1989-onwards); equivalent to M11A for Oil Sands,59.86917,-111.58583,06/17/2012 16:13:00,4.0,13.38,237,8.06,1200.5,8.82,84.5,,,,,,,
Slave River at Fitzgerald - Long Term Monitoring Station (1960-1967: 1989-onwards); equivalent to M11A for Oil Sands,59.86917,-111.58583,06/17/2012 18:13:00,4.0,13.43,236,8.06,1235.4,8.82,84.5,,,,,,,
Slave River at Fitzgerald - Long Term Monitoring Station (1960-1967: 1989-onwards); equivalent to M11A for Oil Sands,59.86917,-111.58583,06/17/2012 20:13:00,4.0,13.43,236,8.06,1244.4,8.88,85.1,,,,,,,
Slave River at Fitzgerald - Long Term Monitoring Station (1960-1967: 1989-onwards); equivalent to M11A for Oil Sands,59.86917,-111.58583,06/17/2012 22:13:00,4.0,13.42,235,8.07,1239.2,8.89,85.2,,,,,,,
Slave River at Fitzgerald - Long Term Monitoring Station (1960-1967: 1989-onwards); equivalent to M11A for Oil Sands,59.86917,-111.58583,06/18/2012 00:13:00,4.0,13.41,234,8.06,1248.0,8.88,85.1,,,,,,,
Slave River at Fitzgerald - Long Term Monitoring Station (1960-1967: 1989-onwards); equivalent to M11A for Oil Sands,59.86917,-111.58583,06/18/2012 02:13:00,4.0,13.42,234,8.07,1251.4,8.86,84.9,,,,,,,
Slave River at Fitzgerald - Long Term Monitoring Station (1960-1967: 1989-onwards); equivalent to M11A for Oil Sands,59.86917,-111.58583,06/18/2012 04:13:00,4.0,13.37,233,8.05,1256.0,8.90,85.2,,,,,,,
Slave River at Fitzgerald - Long Term Monitoring Station (1960-1967: 1989-onwards); equivalent to M11A for Oil Sands,59.86917,-111.58583,06/18/2012 06:13:00,4.0,13.30,233,8.03,1256.5,8.90,85.0,,,,,,,
Slave River at Fitzgerald - Long Term Monitoring Station (1960-1967: 1989-onwards); equivalent to M11A for Oil Sands,59.86917,-111.58583,06/18/2012 08:13:00,4.0,13.29,232,8.04,1256.2,8.88,84.8,,,,,,,
Slave River at Fitzgerald - Long Term Monitoring Station (1960-1967: 1989-onwards); equivalent to M11A for Oil Sands,59.86917,-111.58583,06/18/2012 10:13:00,4.0,13.32,232,8.02,1256.7,8.87,84.8,,,,,,,
Slave River at Fitzgerald - Long Term Monitoring Station (1960-1967: 1989-onwards); equivalent to M11A for Oil Sands,59.86917,-111.58583,06/18/2012 12:13:00,4.0,13.36,232,8.04,1256.8,8.88,85.0,,,,,,,
Slave River at Fitzgerald - Long Term Monitoring Station (1960-1967: 1989-onwards); equivalent to M11A for Oil Sands,59.86917,-111.58583,06/18/2012 14:13:00,4.0,13.47,232,8.00,1257.7,8.88,85.2,,,,,,,
Slave River at Fitzgerald - Long Term Monitoring Station (1960-1967: 1989-onwards); equivalent to M11A for Oil Sands,59.86917,-111.58583,06/18/2012 16:13:00,4.0,13.50,232,8.01,1257.9,8.93,85.7,,,,,,,
Slave River at Fitzgerald - Long Term Monitoring Station (1960-1967: 1989-onwards); equivalent to M11A for Oil Sands,59.86917,-111.58583,06/18/2012 18:13:00,4.0,13.49,232,8.05,1257.9,8.99,86.3,,,,,,,
Slave River at Fitzgerald - Long Term Monitoring Station (1960-1967: 1989-onwards); equivalent to M11A for Oil Sands,59.86917,-111.58583,06/18/2012 20:13:00,4.0,13.46,231,8.04,1257.1,8.95,85.9,,,,,,,
Slave River at Fitzgerald - Long Term Monitoring Station (1960-1967: 1989-onwards); equivalent to M11A for Oil Sands,59.86917,-111.58583,06/18/2012 22:13:00,4.0,13.42,229,8.05,1256.2,8.97,86.0,,,,,,,
Slave River at Fitzgerald - Long Term Monitoring Station (1960-1967: 1989-onwards); equivalent to M11A for Oil Sands,59.86917,-111.58583,06/19/2012 00:13:00,4.0,13.35,228,8.04,1256.5,9.01,86.3,,,,,,,
Slave River at Fitzgerald - Long Term Monitoring Station (1960-1967: 1989-onwards); equivalent to M11A for Oil Sands,59.86917,-111.58583,06/19/2012 02:13:00,4.0,13.30,227,8.05,1255.9,9.04,86.5,,,,,,,
Slave River at Fitzgerald - Long Term Monitoring Station (1960-1967: 1989-onwards); equivalent to M11A for Oil Sands,59.86917,-111.58583,06/19/2012 04:13:00,4.0,13.21,226,8.03,1255.4,9.03,86.1,,,,,,,
Slave River at Fitzgerald - Long Term Monitoring Station (1960-1967: 1989-onwards); equivalent to M11A for Oil Sands,59.86917,-111.58583,06/19/2012 06:13:00,4.0,13.16,226,8.01,1255.1,8.97,85.5,,,,,,,
Slave River at Fitzgerald - Long Term Monitoring Station (1960-1967: 1989-onwards); equivalent to M11A for Oil Sands,59.86917,-111.58583,06/19/2012 08:13:00,4.0,13.23,226,8.01,1255.3,9.02,86.1,,,,,,,
Slave River at Fitzgerald - Long Term Monitoring Station (1960-1967: 1989-onwards); equivalent to M11A for Oil Sands,59.86917,-111.58583,06/19/2012 10:13:00,4.0,13.35,226,7.98,1256.5,9.02,86.3,,,,,,,
Slave River at Fitzgerald - Long Term Monitoring Station (1960-1967: 1989-onwards); equivalent to M11A for Oil Sands,59.86917,-111.58583,06/19/2012 12:13:00,4.0,13.52,226,7.98,1258.0,9.06,87.1,,,,,,,
Slave River at Fitzgerald - Long Term Monitoring Station (1960-1967: 1989-onwards); equivalent to M11A for Oil Sands,59.86917,-111.58583,06/19/2012 14:13:00,4.0,13.64,226,7.94,1258.5,9.05,87.2,,,,,,,
Slave River at Fitzgerald - Long Term Monitoring Station (1960-1967: 1989-onwards); equivalent to M11A for Oil Sands,59.86917,-111.58583,06/19/2012 16:13:00,4.0,13.72,226,8.08,1258.8,9.09,87.7,,,,,,,
Slave River at Fitzgerald - Long Term Monitoring Station (1960-1967: 1989-onwards); equivalent to M11A for Oil Sands,59.86917,-111.58583,06/19/2012 18:13:00,4.0,13.73,225,8.03,1255.4,9.08,87.6,,,,,,,
Slave River at Fitzgerald - Long Term Monitoring Station (1960-1967: 1989-onwards); equivalent to M11A for Oil Sands,59.86917,-111.58583,06/19/2012 20:13:00,4.0,13.80,225,8.07,1256.8,9.05,87.5,,,,,,,
Slave River at Fitzgerald - Long Term Monitoring Station (1960-1967: 1989-onwards); equivalent to M11A for Oil Sands,59.86917,-111.58583,06/19/2012 22:13:00,4.0,13.54,225,8.04,1249.5,9.12,87.7,,,,,,,
Slave River at Fitzgerald - Long Term Monitoring Station (1960-1967: 1989-onwards); equivalent to M11A for Oil Sands,59.86917,-111.58583,06/20/2012 00:13:00,4.0,13.31,224,8.10,1237.9,9.19,87.9,,,,,,,
Slave River at Fitzgerald - Long Term Monitoring Station (1960-1967: 1989-onwards); equivalent to M11A for Oil Sands,59.86917,-111.58583,06/20/2012 02:13:00,4.0,13.12,223,8.11,1234.8,9.20,87.6,,,,,,,
Slave River at Fitzgerald - Long Term Monitoring Station (1960-1967: 1989-onwards); equivalent to M11A for Oil Sands,59.86917,-111.58583,06/20/2012 04:13:00,4.0,12.98,223,8.11,1221.4,9.24,87.7,,,,,,,
Slave River at Fitzgerald - Long Term Monitoring Station (1960-1967: 1989-onwards); equivalent to M11A for Oil Sands,59.86917,-111.58583,06/20/2012 06:13:00,4.0,13.00,223,8.10,1215.6,9.25,87.8,,,,,,,
Slave River at Fitzgerald - Long Term Monitoring Station (1960-1967: 1989-onwards); equivalent to M11A for Oil Sands,59.86917,-111.58583,06/20/2012 08:13:00,4.0,13.20,223,8.03,1196.1,9.25,88.2,,,,,,,
Slave River at Fitzgerald - Long Term Monitoring Station (1960-1967: 1989-onwards); equivalent to M11A for Oil Sands,59.86917,-111.58583,06/20/2012 10:13:00,4.0,13.32,224,8.00,1182.8,9.21,88.1,,,,,,,
Slave River at Fitzgerald - Long Term Monitoring Station (1960-1967: 1989-onwards); equivalent to M11A for Oil Sands,59.86917,-111.58583,06/20/2012 12:13:00,4.0,13.53,224,8.01,1141.4,9.23,88.7,,,,,,,
Slave River at Fitzgerald - Long Term Monitoring Station (1960-1967: 1989-onwards); equivalent to M11A for Oil Sands,59.86917,-111.58583,06/20/2012 14:13:00,4.0,13.64,221,8.12,952.7,9.26,89.2,,,,,,,
Slave River at Fitzgerald - Long Term Monitoring Station (1960-1967: 1989-onwards); equivalent to M11A for Oil Sands,59.86917,-111.58583,06/20/2012 16:13:00,4.0,13.49,221,8.10,933.2,9.29,89.2,,,,,,,
Slave River at Fitzgerald - Long Term Monitoring Station (1960-1967: 1989-onwards); equivalent to M11A for Oil Sands,59.86917,-111.58583,06/20/2012 18:13:00,4.0,13.57,220,8.05,916.3,9.41,90.5,,,,,,,
Slave River at Fitzgerald - Long Term Monitoring Station (1960-1967: 1989-onwards); equivalent to M11A for Oil Sands,59.86917,-111.58583,06/20/2012 20:13:00,4.0,13.82,220,8.03,895.3,9.41,91.0,,,,,,,
Slave River at Fitzgerald - Long Term Monitoring Station (1960-1967: 1989-onwards); equivalent to M11A for Oil Sands,59.86917,-111.58583,06/20/2012 22:13:00,4.0,14.17,220,8.00,868.6,9.37,91.3,,,,,,,
Slave River at Fitzgerald - Long Term Monitoring Station (1960-1967: 1989-onwards); equivalent to M11A for Oil Sands,59.86917,-111.58583,06/21/2012 00:13:00,4.0,14.50,220,7.95,837.1,9.37,92.0,,,,,,,
Slave River at Fitzgerald - Long Term Monitoring Station (1960-1967: 1989-onwards); equivalent to M11A for Oil Sands,59.86917,-111.58583,06/21/2012 02:13:00,4.0,14.78,220,7.97,819.6,9.33,92.1,,,,,,,
Slave River at Fitzgerald - Long Term Monitoring Station (1960-1967: 1989-onwards); equivalent to M11A for Oil Sands,59.86917,-111.58583,06/21/2012 04:13:00,4.0,15.05,220,7.91,808.3,9.34,92.8,,,,,,,
Slave River at Fitzgerald - Long Term Monitoring Station (1960-1967: 1989-onwards); equivalent to M11A for Oil Sands,59.86917,-111.58583,06/21/2012 06:13:00,4.0,15.14,220,8.03,786.0,9.23,91.9,,,,,,,
Slave River at Fitzgerald - Long Term Monitoring Station (1960-1967: 1989-onwards); equivalent to M11A for Oil Sands,59.86917,-111.58583,06/21/2012 08:13:00,4.0,15.03,220,8.09,774.2,9.19,91.2,,,,,,,
Slave River at Fitzgerald - Long Term Monitoring Station (1960-1967: 1989-onwards); equivalent to M11A for Oil Sands,59.86917,-111.58583,06/21/2012 10:13:00,4.0,14.84,220,8.05,754.0,9.17,90.7,,,,,,,
Slave River at Fitzgerald - Long Term Monitoring Station (1960-1967: 1989-onwards); equivalent to M11A for Oil Sands,59.86917,-111.58583,06/21/2012 12:13:00,4.0,14.71,220,8.09,746.3,9.18,90.5,,,,,,,
Slave River at Fitzgerald - Long Term Monitoring Station (1960-1967: 1989-onwards); equivalent to M11A for Oil Sands,59.86917,-111.58583,06/21/2012 14:13:00,4.0,14.67,220,8.11,715.3,9.18,90.4,,,,,,,
Slave River at Fitzgerald - Long Term Monitoring Station (1960-1967: 1989-onwards); equivalent to M11A for Oil Sands,59.86917,-111.58583,06/21/2012 16:13:00,4.0,14.66,220,8.15,696.6,9.21,90.8,,,,,,,
Slave River at Fitzgerald - Long Term Monitoring Station (1960-1967: 1989-onwards); equivalent to M11A for Oil Sands,59.86917,-111.58583,06/21/2012 18:13:00,4.0,14.68,220,8.10,680.5,9.19,90.5,,,,,,,
Slave River at Fitzgerald - Long Term Monitoring Station (1960-1967: 1989-onwards); equivalent to M11A for Oil Sands,59.86917,-111.58583,06/21/2012 20:13:00,4.0,14.81,220,8.08,665.1,9.24,91.3,,,,,,,
Slave River at Fitzgerald - Long Term Monitoring Station (1960-1967: 1989-onwards); equivalent to M11A for Oil Sands,59.86917,-111.58583,06/21/2012 22:13:00,4.0,15.01,219,8.05,645.3,9.19,91.2,,,,,,,
Slave River at Fitzgerald - Long Term Monitoring Station (1960-1967: 1989-onwards); equivalent to M11A for Oil Sands,59.86917,-111.58583,06/22/2012 00:13:00,4.0,15.27,220,8.03,641.0,9.14,91.2,,,,,,,
Slave River at Fitzgerald - Long Term Monitoring Station (1960-1967: 1989-onwards); equivalent to M11A for Oil Sands,59.86917,-111.58583,08/20/2012 20:13:00,4.0,,188,,58.3,,,,,,,,,
Slave River at Fitzgerald - Long Term Monitoring Station (1960-1967: 1989-onwards); equivalent to M11A for Oil Sands,59.86917,-111.58583,08/20/2012 22:13:00,4.0,,187,,58.3,,,,,,,,,
Slave River at Fitzgerald - Long Term Monitoring Station (1960-1967: 1989-onwards); equivalent to M11A for Oil Sands,59.86917,-111.58583,08/21/2012 00:13:00,4.0,,187,,58.7,,,,,,,,,
Slave River at Fitzgerald - Long Term Monitoring Station (1960-1967: 1989-onwards); equivalent to M11A for Oil Sands,59.86917,-111.58583,08/21/2012 02:13:00,4.0,,187,,59.5,,,,,,,,,
Slave River at Fitzgerald - Long Term Monitoring Station (1960-1967: 1989-onwards); equivalent to M11A for Oil Sands,59.86917,-111.58583,08/21/2012 04:13:00,4.0,,187,,56.5,,,,,,,,,
Slave River at Fitzgerald - Long Term Monitoring Station (1960-1967: 1989-onwards); equivalent to M11A for Oil Sands,59.86917,-111.58583,08/21/2012 06:13:00,4.0,,187,,53.9,,,,,,,,,
Slave River at Fitzgerald - Long Term Monitoring Station (1960-1967: 1989-onwards); equivalent to M11A for Oil Sands,59.86917,-111.58583,08/21/2012 08:13:00,4.0,,187,,53.9,,,,,,,,,
Slave River at Fitzgerald - Long Term Monitoring Station (1960-1967: 1989-onwards); equivalent to M11A for Oil Sands,59.86917,-111.58583,08/21/2012 10:13:00,4.0,,213,,54.6,,,,,,,,,
Slave River at Fitzgerald - Long Term Monitoring Station (1960-1967: 1989-onwards); equivalent to M11A for Oil Sands,59.86917,-111.58583,08/21/2012 12:13:00,4.0,,214,,56.3,,,,,,,,,
Slave River at Fitzgerald - Long Term Monitoring Station (1960-1967: 1989-onwards); equivalent to M11A for Oil Sands,59.86917,-111.58583,08/21/2012 14:13:00,4.0,,215,,55.2,,,,,,,,,
Slave River at Fitzgerald - Long Term Monitoring Station (1960-1967: 1989-onwards); equivalent to M11A for Oil Sands,59.86917,-111.58583,08/21/2012 16:13:00,4.0,,216,,54.5,,,,,,,,,
Slave River at Fitzgerald - Long Term Monitoring Station (1960-1967: 1989-onwards); equivalent to M11A for Oil Sands,59.86917,-111.58583,08/21/2012 18:13:00,4.0,,217,,55.0,,,,,,,,,
Slave River at Fitzgerald - Long Term Monitoring Station (1960-1967: 1989-onwards); equivalent to M11A for Oil Sands,59.86917,-111.58583,08/21/2012 20:13:00,4.0,,218,,53.0,,,,,,,,,
Slave River at Fitzgerald - Long Term Monitoring Station (1960-1967: 1989-onwards); equivalent to M11A for Oil Sands,59.86917,-111.58583,08/21/2012 22:13:00,4.0,,218,,52.9,,,,,,,,,
Slave River at Fitzgerald - Long Term Monitoring Station (1960-1967: 1989-onwards); equivalent to M11A for Oil Sands,59.86917,-111.58583,08/22/2012 00:13:00,4.0,,218,,52.7,,,,,,,,,
Slave River at Fitzgerald - Long Term Monitoring Station (1960-1967: 1989-onwards); equivalent to M11A for Oil Sands,59.86917,-111.58583,08/22/2012 02:13:00,4.0,,217,,51.8,,,,,,,,,
Slave River at Fitzgerald - Long Term Monitoring Station (1960-1967: 1989-onwards); equivalent to M11A for Oil Sands,59.86917,-111.58583,08/22/2012 04:13:00,4.0,,218,,49.5,,,,,,,,,
Slave River at Fitzgerald - Long Term Monitoring Station (1960-1967: 1989-onwards); equivalent to M11A for Oil Sands,59.86917,-111.58583,08/22/2012 06:13:00,4.0,,218,,52.6,,,,,,,,,
Slave River at Fitzgerald - Long Term Monitoring Station (1960-1967: 1989-onwards); equivalent to M11A for Oil Sands,59.86917,-111.58583,08/22/2012 08:13:00,4.0,,218,,53.2,,,,,,,,,
Slave River at Fitzgerald - Long Term Monitoring Station (1960-1967: 1989-onwards); equivalent to M11A for Oil Sands,59.86917,-111.58583,08/22/2012 10:13:00,4.0,,217,,52.3,,,,,,,,,
Slave River at Fitzgerald - Long Term Monitoring Station (1960-1967: 1989-onwards); equivalent to M11A for Oil Sands,59.86917,-111.58583,08/22/2012 12:13:00,4.0,,218,,53.1,,,,,,,,,
Slave River at Fitzgerald - Long Term Monitoring Station (1960-1967: 1989-onwards); equivalent to M11A for Oil Sands,59.86917,-111.58583,08/22/2012 14:13:00,4.0,,218,,52.2,,,,,,,,,
Slave River at Fitzgerald - Long Term Monitoring Station (1960-1967: 1989-onwards); equivalent to M11A for Oil Sands,59.86917,-111.58583,08/22/2012 16:13:00,4.0,,220,,53.6,,,,,,,,,
Slave River at Fitzgerald - Long Term Monitoring Station (1960-1967: 1989-onwards); equivalent to M11A for Oil Sands,59.86917,-111.58583,08/22/2012 18:13:00,4.0,,221,,52.1,,,,,,,,,
Slave River at Fitzgerald - Long Term Monitoring Station (1960-1967: 1989-onwards); equivalent to M11A for Oil Sands,59.86917,-111.58583,08/22/2012 20:13:00,4.0,,221,,55.1,,,,,,,,,
Slave River at Fitzgerald - Long Term Monitoring Station (1960-1967: 1989-onwards); equivalent to M11A for Oil Sands,59.86917,-111.58583,08/22/2012 22:13:00,4.0,,223,,54.4,,,,,,,,,
Slave River at Fitzgerald - Long Term Monitoring Station (1960-1967: 1989-onwards); equivalent to M11A for Oil Sands,59.86917,-111.58583,08/23/2012 00:13:00,4.0,,224,,55.0,,,,,,,,,
Slave River at Fitzgerald - Long Term Monitoring Station (1960-1967: 1989-onwards); equivalent to M11A for Oil Sands,59.86917,-111.58583,08/23/2012 02:13:00,4.0,,226,,55.2,,,,,,,,,
Slave River at Fitzgerald - Long Term Monitoring Station (1960-1967: 1989-onwards); equivalent to M11A for Oil Sands,59.86917,-111.58583,08/23/2012 04:13:00,4.0,,226,,56.2,,,,,,,,,
Slave River at Fitzgerald - Long Term Monitoring Station (1960-1967: 1989-onwards); equivalent to M11A for Oil Sands,59.86917,-111.58583,08/23/2012 06:13:00,4.0,,227,,54.8,,,,,,,,,
Slave River at Fitzgerald - Long Term Monitoring Station (1960-1967: 1989-onwards); equivalent to M11A for Oil Sands,59.86917,-111.58583,08/23/2012 08:13:00,4.0,,226,,57.6,,,,,,,,,
Slave River at Fitzgerald - Long Term Monitoring Station (1960-1967: 1989-onwards); equivalent to M11A for Oil Sands,59.86917,-111.58583,08/23/2012 10:13:00,4.0,,227,,57.0,,,,,,,,,
Slave River at Fitzgerald - Long Term Monitoring Station (1960-1967: 1989-onwards); equivalent to M11A for Oil Sands,59.86917,-111.58583,08/23/2012 12:13:00,4.0,,227,,57.9,,,,,,,,,
Slave River at Fitzgerald - Long Term Monitoring Station (1960-1967: 1989-onwards); equivalent to M11A for Oil Sands,59.86917,-111.58583,08/23/2012 14:13:00,4.0,,228,,57.9,,,,,,,,,
Slave River at Fitzgerald - Long Term Monitoring Station (1960-1967: 1989-onwards); equivalent to M11A for Oil Sands,59.86917,-111.58583,08/23/2012 16:13:00,4.0,,229,,59.4,,,,,,,,,
Slave River at Fitzgerald - Long Term Monitoring Station (1960-1967: 1989-onwards); equivalent to M11A for Oil Sands,59.86917,-111.58583,08/23/2012 18:13:00,4.0,,229,,57.0,,,,,,,,,
Slave River at Fitzgerald - Long Term Monitoring Station (1960-1967: 1989-onwards); equivalent to M11A for Oil Sands,59.86917,-111.58583,08/23/2012 20:13:00,4.0,,229,,55.9,,,,,,,,,
Slave River at Fitzgerald - Long Term Monitoring Station (1960-1967: 1989-onwards); equivalent to M11A for Oil Sands,59.86917,-111.58583,08/23/2012 22:13:00,4.0,,228,,55.7,,,,,,,,,
Slave River at Fitzgerald - Long Term Monitoring Station (1960-1967: 1989-onwards); equivalent to M11A for Oil Sands,59.86917,-111.58583,08/24/2012 00:13:00,4.0,,228,,55.6,,,,,,,,,
Slave River at Fitzgerald - Long Term Monitoring Station (1960-1967: 1989-onwards); equivalent to M11A for Oil Sands,59.86917,-111.58583,08/24/2012 02:13:00,4.0,,228,,54.5,,,,,,,,,
Slave River at Fitzgerald - Long Term Monitoring Station (1960-1967: 1989-onwards); equivalent to M11A for Oil Sands,59.86917,-111.58583,08/24/2012 04:13:00,4.0,,229,,55.3,,,,,,,,,
Slave River at Fitzgerald - Long Term Monitoring Station (1960-1967: 1989-onwards); equivalent to M11A for Oil Sands,59.86917,-111.58583,08/24/2012 06:13:00,4.0,,231,,56.0,,,,,,,,,
Slave River at Fitzgerald - Long Term Monitoring Station (1960-1967: 1989-onwards); equivalent to M11A for Oil Sands,59.86917,-111.58583,08/24/2012 08:13:00,4.0,,232,,57.6,,,,,,,,,
Slave River at Fitzgerald - Long Term Monitoring Station (1960-1967: 1989-onwards); equivalent to M11A for Oil Sands,59.86917,-111.58583,08/24/2012 10:13:00,4.0,,233,,56.5,,,,,,,,,
Slave River at Fitzgerald - Long Term Monitoring Station (1960-1967: 1989-onwards); equivalent to M11A for Oil Sands,59.86917,-111.58583,08/24/2012 12:13:00,4.0,,233,,56.2,,,,,,,,,
Slave River at Fitzgerald - Long Term Monitoring Station (1960-1967: 1989-onwards); equivalent to M11A for Oil Sands,59.86917,-111.58583,08/24/2012 14:13:00,4.0,,233,,54.5,,,,,,,,,
Slave River at Fitzgerald - Long Term Monitoring Station (1960-1967: 1989-onwards); equivalent to M11A for Oil Sands,59.86917,-111.58583,08/24/2012 16:13:00,4.0,,233,,55.2,,,,,,,,,
Slave River at Fitzgerald - Long Term Monitoring Station (1960-1967: 1989-onwards); equivalent to M11A for Oil Sands,59.86917,-111.58583,08/24/2012 18:13:00,4.0,,232,,55.5,,,,,,,,,
Slave River at Fitzgerald - Long Term Monitoring Station (1960-1967: 1989-onwards); equivalent to M11A for Oil Sands,59.86917,-111.58583,08/24/2012 20:13:00,4.0,,233,,55.6,,,,,,,,,
Slave River at Fitzgerald - Long Term Monitoring Station (1960-1967: 1989-onwards); equivalent to M11A for Oil Sands,59.86917,-111.58583,08/24/2012 22:13:00,4.0,,234,,56.2,,,,,,,,,
Slave River at Fitzgerald - Long Term Monitoring Station (1960-1967: 1989-onwards); equivalent to M11A for Oil Sands,59.86917,-111.58583,08/25/2012 00:13:00,4.0,,234,,56.3,,,,,,,,,
Slave River at Fitzgerald - Long Term Monitoring Station (1960-1967: 1989-onwards); equivalent to M11A for Oil Sands,59.86917,-111.58583,08/25/2012 02:13:00,4.0,,235,,59.0,,,,,,,,,
Slave River at Fitzgerald - Long Term Monitoring Station (1960-1967: 1989-onwards); equivalent to M11A for Oil Sands,59.86917,-111.58583,08/25/2012 04:13:00,4.0,,237,,59.8,,,,,,,,,
Slave River at Fitzgerald - Long Term Monitoring Station (1960-1967: 1989-onwards); equivalent to M11A for Oil Sands,59.86917,-111.58583,08/25/2012 06:13:00,4.0,,237,,66.6,,,,,,,,,
Slave River at Fitzgerald - Long Term Monitoring Station (1960-1967: 1989-onwards); equivalent to M11A for Oil Sands,59.86917,-111.58583,08/25/2012 08:13:00,4.0,,238,,69.9,,,,,,,,,
Slave River at Fitzgerald - Long Term Monitoring Station (1960-1967: 1989-onwards); equivalent to M11A for Oil Sands,59.86917,-111.58583,08/25/2012 10:13:00,4.0,,239,,72.7,,,,,,,,,
Slave River at Fitzgerald - Long Term Monitoring Station (1960-1967: 1989-onwards); equivalent to M11A for Oil Sands,59.86917,-111.58583,08/25/2012 12:13:00,4.0,,240,,78.3,,,,,,,,,
Slave River at Fitzgerald - Long Term Monitoring Station (1960-1967: 1989-onwards); equivalent to M11A for Oil Sands,59.86917,-111.58583,08/25/2012 14:13:00,4.0,,240,,81.5,,,,,,,,,
Slave River at Fitzgerald - Long Term Monitoring Station (1960-1967: 1989-onwards); equivalent to M11A for Oil Sands,59.86917,-111.58583,08/25/2012 16:13:00,4.0,,240,,84.4,,,,,,,,,
Slave River at Fitzgerald - Long Term Monitoring Station (1960-1967: 1989-onwards); equivalent to M11A for Oil Sands,59.86917,-111.58583,08/25/2012 18:13:00,4.0,,240,,88.6,,,,,,,,,
Slave River at Fitzgerald - Long Term Monitoring Station (1960-1967: 1989-onwards); equivalent to M11A for Oil Sands,59.86917,-111.58583,08/25/2012 20:13:00,4.0,,239,,87.7,,,,,,,,,
Slave River at Fitzgerald - Long Term Monitoring Station (1960-1967: 1989-onwards); equivalent to M11A for Oil Sands,59.86917,-111.58583,08/25/2012 22:13:00,4.0,,238,,85.1,,,,,,,,,
Slave River at Fitzgerald - Long Term Monitoring Station (1960-1967: 1989-onwards); equivalent to M11A for Oil Sands,59.86917,-111.58583,08/26/2012 00:13:00,4.0,,237,,78.9,,,,,,,,,
Slave River at Fitzgerald - Long Term Monitoring Station (1960-1967: 1989-onwards); equivalent to M11A for Oil Sands,59.86917,-111.58583,08/26/2012 02:13:00,4.0,,235,,77.7,,,,,,,,,
Slave River at Fitzgerald - Long Term Monitoring Station (1960-1967: 1989-onwards); equivalent to M11A for Oil Sands,59.86917,-111.58583,08/26/2012 04:13:00,4.0,,233,,72.6,,,,,,,,,
Slave River at Fitzgerald - Long Term Monitoring Station (1960-1967: 1989-onwards); equivalent to M11A for Oil Sands,59.86917,-111.58583,08/26/2012 06:13:00,4.0,,231,,68.9,,,,,,,,,
Slave River at Fitzgerald - Long Term Monitoring Station (1960-1967: 1989-onwards); equivalent to M11A for Oil Sands,59.86917,-111.58583,08/26/2012 08:13:00,4.0,,228,,68.2,,,,,,,,,
Slave River at Fitzgerald - Long Term Monitoring Station (1960-1967: 1989-onwards); equivalent to M11A for Oil Sands,59.86917,-111.58583,08/26/2012 10:13:00,4.0,,226,,63.5,,,,,,,,,
Slave River at Fitzgerald - Long Term Monitoring Station (1960-1967: 1989-onwards); equivalent to M11A for Oil Sands,59.86917,-111.58583,08/26/2012 12:13:00,4.0,,224,,61.7,,,,,,,,,
Slave River at Fitzgerald - Long Term Monitoring Station (1960-1967: 1989-onwards); equivalent to M11A for Oil Sands,59.86917,-111.58583,08/26/2012 14:13:00,4.0,,221,,58.2,,,,,,,,,
Slave River at Fitzgerald - Long Term Monitoring Station (1960-1967: 1989-onwards); equivalent to M11A for Oil Sands,59.86917,-111.58583,08/26/2012 16:13:00,4.0,,219,,57.5,,,,,,,,,
Slave River at Fitzgerald - Long Term Monitoring Station (1960-1967: 1989-onwards); equivalent to M11A for Oil Sands,59.86917,-111.58583,08/26/2012 18:13:00,4.0,,215,,56.4,,,,,,,,,
Slave River at Fitzgerald - Long Term Monitoring Station (1960-1967: 1989-onwards); equivalent to M11A for Oil Sands,59.86917,-111.58583,08/26/2012 20:13:00,4.0,,213,,56.1,,,,,,,,,
Slave River at Fitzgerald - Long Term Monitoring Station (1960-1967: 1989-onwards); equivalent to M11A for Oil Sands,59.86917,-111.58583,08/26/2012 22:13:00,4.0,,212,,57.0,,,,,,,,,
Slave River at Fitzgerald - Long Term Monitoring Station (1960-1967: 1989-onwards); equivalent to M11A for Oil Sands,59.86917,-111.58583,08/27/2012 00:13:00,4.0,,211,,54.5,,,,,,,,,
Slave River at Fitzgerald - Long Term Monitoring Station (1960-1967: 1989-onwards); equivalent to M11A for Oil Sands,59.86917,-111.58583,08/27/2012 02:13:00,4.0,,210,,53.9,,,,,,,,,
Slave River at Fitzgerald - Long Term Monitoring Station (1960-1967: 1989-onwards); equivalent to M11A for Oil Sands,59.86917,-111.58583,08/27/2012 04:13:00,4.0,,209,,53.2,,,,,,,,,
Slave River at Fitzgerald - Long Term Monitoring Station (1960-1967: 1989-onwards); equivalent to M11A for Oil Sands,59.86917,-111.58583,08/27/2012 06:13:00,4.0,,208,,59.4,,,,,,,,,
Slave River at Fitzgerald - Long Term Monitoring Station (1960-1967: 1989-onwards); equivalent to M11A for Oil Sands,59.86917,-111.58583,08/27/2012 08:13:00,4.0,,207,,49.2,,,,,,,,,
Slave River at Fitzgerald - Long Term Monitoring Station (1960-1967: 1989-onwards); equivalent to M11A for Oil Sands,59.86917,-111.58583,08/27/2012 10:13:00,4.0,,205,,49.4,,,,,,,,,
Slave River at Fitzgerald - Long Term Monitoring Station (1960-1967: 1989-onwards); equivalent to M11A for Oil Sands,59.86917,-111.58583,08/27/2012 12:13:00,4.0,,204,,46.6,,,,,,,,,
Slave River at Fitzgerald - Long Term Monitoring Station (1960-1967: 1989-onwards); equivalent to M11A for Oil Sands,59.86917,-111.58583,08/27/2012 14:13:00,4.0,,203,,46.7,,,,,,,,,
Slave River at Fitzgerald - Long Term Monitoring Station (1960-1967: 1989-onwards); equivalent to M11A for Oil Sands,59.86917,-111.58583,08/27/2012 16:13:00,4.0,,202,,45.2,,,,,,,,,
Slave River at Fitzgerald - Long Term Monitoring Station (1960-1967: 1989-onwards); equivalent to M11A for Oil Sands,59.86917,-111.58583,08/27/2012 18:13:00,4.0,,201,,43.8,,,,,,,,,
Slave River at Fitzgerald - Long Term Monitoring Station (1960-1967: 1989-onwards); equivalent to M11A for Oil Sands,59.86917,-111.58583,08/27/2012 20:13:00,4.0,,200,,44.0,,,,,,,,,
Slave River at Fitzgerald - Long Term Monitoring Station (1960-1967: 1989-onwards); equivalent to M11A for Oil Sands,59.86917,-111.58583,08/27/2012 22:13:00,4.0,,199,,44.4,,,,,,,,,
Slave River at Fitzgerald - Long Term Monitoring Station (1960-1967: 1989-onwards); equivalent to M11A for Oil Sands,59.86917,-111.58583,08/28/2012 00:13:00,4.0,,198,,44.4,,,,,,,,,
Slave River at Fitzgerald - Long Term Monitoring Station (1960-1967: 1989-onwards); equivalent to M11A for Oil Sands,59.86917,-111.58583,08/28/2012 02:13:00,4.0,,197,,43.4,,,,,,,,,
Slave River at Fitzgerald - Long Term Monitoring Station (1960-1967: 1989-onwards); equivalent to M11A for Oil Sands,59.86917,-111.58583,08/28/2012 04:13:00,4.0,,197,,41.1,,,,,,,,,
Slave River at Fitzgerald - Long Term Monitoring Station (1960-1967: 1989-onwards); equivalent to M11A for Oil Sands,59.86917,-111.58583,08/28/2012 06:13:00,4.0,,196,,42.9,,,,,,,,,
Slave River at Fitzgerald - Long Term Monitoring Station (1960-1967: 1989-onwards); equivalent to M11A for Oil Sands,59.86917,-111.58583,08/28/2012 08:13:00,4.0,,195,,41.1,,,,,,,,,
Slave River at Fitzgerald - Long Term Monitoring Station (1960-1967: 1989-onwards); equivalent to M11A for Oil Sands,59.86917,-111.58583,08/28/2012 10:13:00,4.0,,194,,41.1,,,,,,,,,
Slave River at Fitzgerald - Long Term Monitoring Station (1960-1967: 1989-onwards); equivalent to M11A for Oil Sands,59.86917,-111.58583,08/28/2012 12:13:00,4.0,,193,,39.4,,,,,,,,,
Slave River at Fitzgerald - Long Term Monitoring Station (1960-1967: 1989-onwards); equivalent to M11A for Oil Sands,59.86917,-111.58583,08/28/2012 14:13:00,4.0,,192,,38.0,,,,,,,,,
Slave River at Fitzgerald - Long Term Monitoring Station (1960-1967: 1989-onwards); equivalent to M11A for Oil Sands,59.86917,-111.58583,08/28/2012 16:13:00,4.0,,190,,37.4,,,,,,,,,
Slave River at Fitzgerald - Long Term Monitoring Station (1960-1967: 1989-onwards); equivalent to M11A for Oil Sands,59.86917,-111.58583,08/28/2012 18:13:00,4.0,,189,,36.6,,,,,,,,,
Slave River at Fitzgerald - Long Term Monitoring Station (1960-1967: 1989-onwards); equivalent to M11A for Oil Sands,59.86917,-111.58583,08/28/2012 20:13:00,4.0,,189,,36.8,,,,,,,,,
Slave River at Fitzgerald - Long Term Monitoring Station (1960-1967: 1989-onwards); equivalent to M11A for Oil Sands,59.86917,-111.58583,08/28/2012 22:13:00,4.0,,190,,37.8,,,,,,,,,
Slave River at Fitzgerald - Long Term Monitoring Station (1960-1967: 1989-onwards); equivalent to M11A for Oil Sands,59.86917,-111.58583,08/29/2012 00:13:00,4.0,,190,,37.7,,,,,,,,,
Slave River at Fitzgerald - Long Term Monitoring Station (1960-1967: 1989-onwards); equivalent to M11A for Oil Sands,59.86917,-111.58583,08/29/2012 02:13:00,4.0,,191,,39.5,,,,,,,,,
Slave River at Fitzgerald - Long Term Monitoring Station (1960-1967: 1989-onwards); equivalent to M11A for Oil Sands,59.86917,-111.58583,08/29/2012 04:13:00,4.0,,191,,37.6,,,,,,,,,
Slave River at Fitzgerald - Long Term Monitoring Station (1960-1967: 1989-onwards); equivalent to M11A for Oil Sands,59.86917,-111.58583,08/29/2012 06:13:00,4.0,,192,,36.6,,,,,,,,,
Slave River at Fitzgerald - Long Term Monitoring Station (1960-1967: 1989-onwards); equivalent to M11A for Oil Sands,59.86917,-111.58583,08/29/2012 08:13:00,4.0,,193,,36.8,,,,,,,,,
Slave River at Fitzgerald - Long Term Monitoring Station (1960-1967: 1989-onwards); equivalent to M11A for Oil Sands,59.86917,-111.58583,08/29/2012 10:13:00,4.0,,194,,34.8,,,,,,,,,
Slave River at Fitzgerald - Long Term Monitoring Station (1960-1967: 1989-onwards); equivalent to M11A for Oil Sands,59.86917,-111.58583,08/29/2012 12:13:00,4.0,18.69,196,8.10,36.4,8.74,93.6,,,,,,,
Slave River at Fitzgerald - Long Term Monitoring Station (1960-1967: 1989-onwards); equivalent to M11A for Oil Sands,59.86917,-111.58583,08/29/2012 14:13:00,4.0,18.97,198,8.09,36.3,8.71,93.9,,,,,,,
Slave River at Fitzgerald - Long Term Monitoring Station (1960-1967: 1989-onwards); equivalent to M11A for Oil Sands,59.86917,-111.58583,08/29/2012 16:13:00,4.0,19.21,201,8.09,35.7,8.69,94.1,,,,,,,
Slave River at Fitzgerald - Long Term Monitoring Station (1960-1967: 1989-onwards); equivalent to M11A for Oil Sands,59.86917,-111.58583,08/29/2012 18:13:00,4.0,19.18,204,8.07,34.9,8.68,94.0,,,,,,,
Slave River at Fitzgerald - Long Term Monitoring Station (1960-1967: 1989-onwards); equivalent to M11A for Oil Sands,59.86917,-111.58583,08/29/2012 20:13:00,4.0,18.90,207,8.05,36.5,8.70,93.7,,,,,,,
Slave River at Fitzgerald - Long Term Monitoring Station (1960-1967: 1989-onwards); equivalent to M11A for Oil Sands,59.86917,-111.58583,08/29/2012 22:13:00,4.0,18.75,209,8.03,37.3,8.71,93.4,,,,,,,
Slave River at Fitzgerald - Long Term Monitoring Station (1960-1967: 1989-onwards); equivalent to M11A for Oil Sands,59.86917,-111.58583,08/30/2012 00:13:00,4.0,18.48,210,8.07,39.6,8.73,93.2,,,,,,,
Slave River at Fitzgerald - Long Term Monitoring Station (1960-1967: 1989-onwards); equivalent to M11A for Oil Sands,59.86917,-111.58583,08/30/2012 02:13:00,4.0,18.33,211,8.12,38.6,8.75,93.1,,,,,,,
Slave River at Fitzgerald - Long Term Monitoring Station (1960-1967: 1989-onwards); equivalent to M11A for Oil Sands,59.86917,-111.58583,08/30/2012 04:13:00,4.0,18.30,212,8.12,38.4,8.77,93.2,,,,,,,
Slave River at Fitzgerald - Long Term Monitoring Station (1960-1967: 1989-onwards); equivalent to M11A for Oil Sands,59.86917,-111.58583,08/30/2012 06:13:00,4.0,18.18,211,8.12,37.9,8.77,93.0,,,,,,,
Slave River at Fitzgerald - Long Term Monitoring Station (1960-1967: 1989-onwards); equivalent to M11A for Oil Sands,59.86917,-111.58583,08/30/2012 08:13:00,4.0,18.24,208,8.11,37.2,8.76,93.0,,,,,,,
Slave River at Fitzgerald - Long Term Monitoring Station (1960-1967: 1989-onwards); equivalent to M11A for Oil Sands,59.86917,-111.58583,08/30/2012 10:13:00,4.0,18.22,205,8.11,36.6,8.76,93.0,,,,,,,
Slave River at Fitzgerald - Long Term Monitoring Station (1960-1967: 1989-onwards); equivalent to M11A for Oil Sands,59.86917,-111.58583,08/30/2012 12:13:00,4.0,18.26,201,8.10,35.4,8.78,93.3,,,,,,,
Slave River at Fitzgerald - Long Term Monitoring Station (1960-1967: 1989-onwards); equivalent to M11A for Oil Sands,59.86917,-111.58583,08/30/2012 14:13:00,4.0,18.19,199,8.11,33.3,8.79,93.3,,,,,,,
Slave River at Fitzgerald - Long Term Monitoring Station (1960-1967: 1989-onwards); equivalent to M11A for Oil Sands,59.86917,-111.58583,08/30/2012 16:13:00,4.0,18.09,197,8.11,35.9,8.80,93.1,,,,,,,
Slave River at Fitzgerald - Long Term Monitoring Station (1960-1967: 1989-onwards); equivalent to M11A for Oil Sands,59.86917,-111.58583,08/30/2012 18:13:00,4.0,18.02,197,8.10,36.0,8.82,93.3,,,,,,,
Slave River at Fitzgerald - Long Term Monitoring Station (1960-1967: 1989-onwards); equivalent to M11A for Oil Sands,59.86917,-111.58583,08/30/2012 20:13:00,4.0,17.91,197,8.11,36.2,8.80,92.9,,,,,,,
Slave River at Fitzgerald - Long Term Monitoring Station (1960-1967: 1989-onwards); equivalent to M11A for Oil Sands,59.86917,-111.58583,08/30/2012 22:13:00,4.0,17.80,197,8.11,34.7,8.83,93.0,,,,,,,
Slave River at Fitzgerald - Long Term Monitoring Station (1960-1967: 1989-onwards); equivalent to M11A for Oil Sands,59.86917,-111.58583,08/31/2012 00:13:00,4.0,17.68,197,8.10,35.6,8.85,92.9,,,,,,,
Slave River at Fitzgerald - Long Term Monitoring Station (1960-1967: 1989-onwards); equivalent to M11A for Oil Sands,59.86917,-111.58583,08/31/2012 02:13:00,4.0,17.65,196,8.10,37.7,8.85,92.9,,,,,,,
Slave River at Fitzgerald - Long Term Monitoring Station (1960-1967: 1989-onwards); equivalent to M11A for Oil Sands,59.86917,-111.58583,08/31/2012 04:13:00,4.0,17.53,195,8.10,36.9,8.86,92.7,,,,,,,
Slave River at Fitzgerald - Long Term Monitoring Station (1960-1967: 1989-onwards); equivalent to M11A for Oil Sands,59.86917,-111.58583,08/31/2012 06:13:00,4.0,17.50,195,8.10,34.9,8.86,92.7,,,,,,,
Slave River at Fitzgerald - Long Term Monitoring Station (1960-1967: 1989-onwards); equivalent to M11A for Oil Sands,59.86917,-111.58583,08/31/2012 08:13:00,4.0,17.54,195,8.11,33.6,8.84,92.5,,,,,,,
Slave River at Fitzgerald - Long Term Monitoring Station (1960-1967: 1989-onwards); equivalent to M11A for Oil Sands,59.86917,-111.58583,08/31/2012 10:13:00,4.0,17.63,195,8.10,35.6,8.86,92.9,,,,,,,
Slave River at Fitzgerald - Long Term Monitoring Station (1960-1967: 1989-onwards); equivalent to M11A for Oil Sands,59.86917,-111.58583,08/31/2012 12:13:00,4.0,17.94,197,8.10,34.4,8.81,93.0,,,,,,,
Slave River at Fitzgerald - Long Term Monitoring Station (1960-1967: 1989-onwards); equivalent to M11A for Oil Sands,59.86917,-111.58583,08/31/2012 14:13:00,4.0,18.21,198,8.10,34.9,8.80,93.4,,,,,,,
Slave River at Fitzgerald - Long Term Monitoring Station (1960-1967: 1989-onwards); equivalent to M11A for Oil Sands,59.86917,-111.58583,08/31/2012 16:13:00,4.0,18.43,200,8.08,34.8,8.78,93.6,,,,,,,
Slave River at Fitzgerald - Long Term Monitoring Station (1960-1967: 1989-onwards); equivalent to M11A for Oil Sands,59.86917,-111.58583,08/31/2012 18:13:00,4.0,18.35,202,8.08,35.0,8.79,93.5,,,,,,,
Slave River at Fitzgerald - Long Term Monitoring Station (1960-1967: 1989-onwards); equivalent to M11A for Oil Sands,59.86917,-111.58583,08/31/2012 20:13:00,4.0,18.04,202,8.07,33.6,8.81,93.2,,,,,,,
Slave River at Fitzgerald - Long Term Monitoring Station (1960-1967: 1989-onwards); equivalent to M11A for Oil Sands,59.86917,-111.58583,08/31/2012 22:13:00,4.0,17.68,202,8.12,32.8,8.85,92.9,,,,,,,
Slave River at Fitzgerald - Long Term Monitoring Station (1960-1967: 1989-onwards); equivalent to M11A for Oil Sands,59.86917,-111.58583,09/01/2012 00:13:00,4.0,17.47,202,8.15,33.0,8.87,92.7,,,,,,,
Slave River at Fitzgerald - Long Term Monitoring Station (1960-1967: 1989-onwards); equivalent to M11A for Oil Sands,59.86917,-111.58583,09/01/2012 02:13:00,4.0,17.30,202,8.12,32.3,8.90,92.7,,,,,,,
Slave River at Fitzgerald - Long Term Monitoring Station (1960-1967: 1989-onwards); equivalent to M11A for Oil Sands,59.86917,-111.58583,09/01/2012 04:13:00,4.0,17.14,202,8.13,32.6,8.90,92.4,,,,,,,
Slave River at Fitzgerald - Long Term Monitoring Station (1960-1967: 1989-onwards); equivalent to M11A for Oil Sands,59.86917,-111.58583,09/01/2012 06:13:00,4.0,17.01,203,8.12,30.5,8.91,92.3,,,,,,,
Slave River at Fitzgerald - Long Term Monitoring Station (1960-1967: 1989-onwards); equivalent to M11A for Oil Sands,59.86917,-111.58583,09/01/2012 08:13:00,4.0,17.07,204,8.12,30.3,8.93,92.6,,,,,,,
Slave River at Fitzgerald - Long Term Monitoring Station (1960-1967: 1989-onwards); equivalent to M11A for Oil Sands,59.86917,-111.58583,09/01/2012 10:13:00,4.0,17.69,206,8.11,30.4,8.86,93.1,,,,,,,
Slave River at Fitzgerald - Long Term Monitoring Station (1960-1967: 1989-onwards); equivalent to M11A for Oil Sands,59.86917,-111.58583,09/01/2012 12:13:00,4.0,18.21,209,8.09,30.2,8.84,93.8,,,,,,,
Slave River at Fitzgerald - Long Term Monitoring Station (1960-1967: 1989-onwards); equivalent to M11A for Oil Sands,59.86917,-111.58583,09/01/2012 14:13:00,4.0,18.50,210,8.07,29.4,8.82,94.2,,,,,,,
Slave River at Fitzgerald - Long Term Monitoring Station (1960-1967: 1989-onwards); equivalent to M11A for Oil Sands,59.86917,-111.58583,09/01/2012 16:13:00,4.0,18.72,212,8.04,30.5,8.82,94.6,,,,,,,
Slave River at Fitzgerald - Long Term Monitoring Station (1960-1967: 1989-onwards); equivalent to M11A for Oil Sands,59.86917,-111.58583,09/01/2012 18:13:00,4.0,18.84,212,8.03,31.8,8.80,94.6,,,,,,,
Slave River at Fitzgerald - Long Term Monitoring Station (1960-1967: 1989-onwards); equivalent to M11A for Oil Sands,59.86917,-111.58583,09/01/2012 20:13:00,4.0,18.31,212,7.93,33.6,8.84,94.0,,,,,,,
Slave River at Fitzgerald - Long Term Monitoring Station (1960-1967: 1989-onwards); equivalent to M11A for Oil Sands,59.86917,-111.58583,09/01/2012 22:13:00,4.0,17.84,210,7.92,33.8,8.87,93.5,,,,,,,
Slave River at Fitzgerald - Long Term Monitoring Station (1960-1967: 1989-onwards); equivalent to M11A for Oil Sands,59.86917,-111.58583,09/02/2012 00:13:00,4.0,17.57,208,7.99,36.5,8.90,93.2,,,,,,,
Slave River at Fitzgerald - Long Term Monitoring Station (1960-1967: 1989-onwards); equivalent to M11A for Oil Sands,59.86917,-111.58583,09/02/2012 02:13:00,4.0,17.33,207,8.08,34.5,8.93,93.1,,,,,,,
Slave River at Fitzgerald - Long Term Monitoring Station (1960-1967: 1989-onwards); equivalent to M11A for Oil Sands,59.86917,-111.58583,09/02/2012 04:13:00,4.0,17.21,206,8.10,36.9,8.96,93.1,,,,,,,
Slave River at Fitzgerald - Long Term Monitoring Station (1960-1967: 1989-onwards); equivalent to M11A for Oil Sands,59.86917,-111.58583,09/02/2012 06:13:00,4.0,17.08,204,8.10,35.7,8.98,93.1,,,,,,,
Slave River at Fitzgerald - Long Term Monitoring Station (1960-1967: 1989-onwards); equivalent to M11A for Oil Sands,59.86917,-111.58583,09/02/2012 08:13:00,4.0,17.03,203,8.10,38.4,8.99,93.1,,,,,,,
Slave River at Fitzgerald - Long Term Monitoring Station (1960-1967: 1989-onwards); equivalent to M11A for Oil Sands,59.86917,-111.58583,09/02/2012 10:13:00,4.0,17.26,202,8.12,37.9,8.99,93.5,,,,,,,
Slave River at Fitzgerald - Long Term Monitoring Station (1960-1967: 1989-onwards); equivalent to M11A for Oil Sands,59.86917,-111.58583,09/02/2012 12:13:00,4.0,17.47,201,8.12,39.7,8.98,93.9,,,,,,,
Slave River at Fitzgerald - Long Term Monitoring Station (1960-1967: 1989-onwards); equivalent to M11A for Oil Sands,59.86917,-111.58583,09/02/2012 14:13:00,4.0,17.36,198,8.09,39.4,8.99,93.8,,,,,,,
Slave River at Fitzgerald - Long Term Monitoring Station (1960-1967: 1989-onwards); equivalent to M11A for Oil Sands,59.86917,-111.58583,09/02/2012 16:13:00,4.0,17.10,195,8.07,38.7,9.02,93.6,,,,,,,
Slave River at Fitzgerald - Long Term Monitoring Station (1960-1967: 1989-onwards); equivalent to M11A for Oil Sands,59.86917,-111.58583,09/02/2012 18:13:00,4.0,16.92,191,8.04,41.4,9.05,93.5,,,,,,,
Slave River at Fitzgerald - Long Term Monitoring Station (1960-1967: 1989-onwards); equivalent to M11A for Oil Sands,59.86917,-111.58583,09/02/2012 20:13:00,4.0,16.78,188,8.06,40.4,9.09,93.7,,,,,,,
Slave River at Fitzgerald - Long Term Monitoring Station (1960-1967: 1989-onwards); equivalent to M11A for Oil Sands,59.86917,-111.58583,09/02/2012 22:13:00,4.0,16.67,185,8.08,40.5,9.10,93.6,,,,,,,
Slave River at Fitzgerald - Long Term Monitoring Station (1960-1967: 1989-onwards); equivalent to M11A for Oil Sands,59.86917,-111.58583,09/03/2012 00:13:00,4.0,16.57,183,8.08,37.0,9.12,93.5,,,,,,,
Slave River at Fitzgerald - Long Term Monitoring Station (1960-1967: 1989-onwards); equivalent to M11A for Oil Sands,59.86917,-111.58583,09/03/2012 02:13:00,4.0,16.46,181,8.09,35.4,9.14,93.6,,,,,,,
Slave River at Fitzgerald - Long Term Monitoring Station (1960-1967: 1989-onwards); equivalent to M11A for Oil Sands,59.86917,-111.58583,09/03/2012 04:13:00,4.0,16.38,180,8.11,37.7,9.17,93.7,,,,,,,
Slave River at Fitzgerald - Long Term Monitoring Station (1960-1967: 1989-onwards); equivalent to M11A for Oil Sands,59.86917,-111.58583,09/03/2012 06:13:00,4.0,16.34,178,8.10,37.8,9.19,93.8,,,,,,,
Slave River at Fitzgerald - Long Term Monitoring Station (1960-1967: 1989-onwards); equivalent to M11A for Oil Sands,59.86917,-111.58583,09/03/2012 08:13:00,4.0,16.32,176,8.09,36.2,9.18,93.7,,,,,,,
Slave River at Fitzgerald - Long Term Monitoring Station (1960-1967: 1989-onwards); equivalent to M11A for Oil Sands,59.86917,-111.58583,09/03/2012 10:13:00,4.0,16.47,175,8.10,36.4,9.17,93.9,,,,,,,
Slave River at Fitzgerald - Long Term Monitoring Station (1960-1967: 1989-onwards); equivalent to M11A for Oil Sands,59.86917,-111.58583,09/03/2012 12:13:00,4.0,16.77,175,8.07,35.2,9.16,94.4,,,,,,,
Slave River at Fitzgerald - Long Term Monitoring Station (1960-1967: 1989-onwards); equivalent to M11A for Oil Sands,59.86917,-111.58583,09/03/2012 14:13:00,4.0,16.90,175,7.98,38.0,9.17,94.7,,,,,,,
Slave River at Fitzgerald - Long Term Monitoring Station (1960-1967: 1989-onwards); equivalent to M11A for Oil Sands,59.86917,-111.58583,09/03/2012 16:13:00,4.0,16.93,176,7.97,37.0,9.16,94.7,,,,,,,
Slave River at Fitzgerald - Long Term Monitoring Station (1960-1967: 1989-onwards); equivalent to M11A for Oil Sands,59.86917,-111.58583,09/03/2012 18:13:00,4.0,16.91,176,7.94,37.2,9.17,94.7,,,,,,,
Slave River at Fitzgerald - Long Term Monitoring Station (1960-1967: 1989-onwards); equivalent to M11A for Oil Sands,59.86917,-111.58583,09/03/2012 20:13:00,4.0,16.73,177,7.90,37.0,9.17,94.4,,,,,,,
Slave River at Fitzgerald - Long Term Monitoring Station (1960-1967: 1989-onwards); equivalent to M11A for Oil Sands,59.86917,-111.58583,09/03/2012 22:13:00,4.0,16.57,177,8.02,39.8,9.18,94.2,,,,,,,
Slave River at Fitzgerald - Long Term Monitoring Station (1960-1967: 1989-onwards); equivalent to M11A for Oil Sands,59.86917,-111.58583,09/04/2012 00:13:00,4.0,16.52,178,8.07,39.0,9.18,94.0,,,,,,,
Slave River at Fitzgerald - Long Term Monitoring Station (1960-1967: 1989-onwards); equivalent to M11A for Oil Sands,59.86917,-111.58583,09/04/2012 02:13:00,4.0,16.43,178,8.12,37.1,9.18,93.9,,,,,,,
Slave River at Fitzgerald - Long Term Monitoring Station (1960-1967: 1989-onwards); equivalent to M11A for Oil Sands,59.86917,-111.58583,09/04/2012 04:13:00,4.0,16.43,177,8.09,37.2,9.19,94.0,,,,,,,
Slave River at Fitzgerald - Long Term Monitoring Station (1960-1967: 1989-onwards); equivalent to M11A for Oil Sands,59.86917,-111.58583,09/04/2012 06:13:00,4.0,16.41,175,8.08,37.5,9.18,93.9,,,,,,,
Slave River at Fitzgerald - Long Term Monitoring Station (1960-1967: 1989-onwards); equivalent to M11A for Oil Sands,59.86917,-111.58583,09/04/2012 08:13:00,4.0,16.42,174,8.10,37.2,9.17,93.7,,,,,,,
Slave River at Fitzgerald - Long Term Monitoring Station (1960-1967: 1989-onwards); equivalent to M11A for Oil Sands,59.86917,-111.58583,09/04/2012 10:13:00,4.0,16.53,174,8.10,40.1,9.16,93.9,,,,,,,
Slave River at Fitzgerald - Long Term Monitoring Station (1960-1967: 1989-onwards); equivalent to M11A for Oil Sands,59.86917,-111.58583,09/04/2012 12:13:00,4.0,16.72,176,8.11,42.3,9.15,94.1,,,,,,,
Slave River at Fitzgerald - Long Term Monitoring Station (1960-1967: 1989-onwards); equivalent to M11A for Oil Sands,59.86917,-111.58583,09/04/2012 14:13:00,4.0,16.97,179,8.09,43.8,9.12,94.3,,,,,,,
Slave River at Fitzgerald - Long Term Monitoring Station (1960-1967: 1989-onwards); equivalent to M11A for Oil Sands,59.86917,-111.58583,09/04/2012 16:13:00,4.0,17.40,182,8.07,45.0,9.09,94.9,,,,,,,
Slave River at Fitzgerald - Long Term Monitoring Station (1960-1967: 1989-onwards); equivalent to M11A for Oil Sands,59.86917,-111.58583,09/04/2012 18:13:00,4.0,17.22,181,7.87,45.9,9.09,94.5,,,,,,,
Slave River at Fitzgerald - Long Term Monitoring Station (1960-1967: 1989-onwards); equivalent to M11A for Oil Sands,59.86917,-111.58583,09/04/2012 20:13:00,4.0,16.84,179,7.86,45.2,9.10,93.9,,,,,,,
Slave River at Fitzgerald - Long Term Monitoring Station (1960-1967: 1989-onwards); equivalent to M11A for Oil Sands,59.86917,-111.58583,09/04/2012 22:13:00,4.0,16.65,178,8.01,44.6,9.14,93.9,,,,,,,
Slave River at Fitzgerald - Long Term Monitoring Station (1960-1967: 1989-onwards); equivalent to M11A for Oil Sands,59.86917,-111.58583,09/05/2012 00:13:00,4.0,16.54,178,8.07,44.8,9.14,93.7,,,,,,,
Slave River at Fitzgerald - Long Term Monitoring Station (1960-1967: 1989-onwards); equivalent to M11A for Oil Sands,59.86917,-111.58583,09/05/2012 02:13:00,4.0,16.40,177,8.10,45.5,9.14,93.4,,,,,,,
Slave River at Fitzgerald - Long Term Monitoring Station (1960-1967: 1989-onwards); equivalent to M11A for Oil Sands,59.86917,-111.58583,09/05/2012 04:13:00,4.0,16.22,177,8.11,48.2,9.15,93.1,,,,,,,
Slave River at Fitzgerald - Long Term Monitoring Station (1960-1967: 1989-onwards); equivalent to M11A for Oil Sands,59.86917,-111.58583,09/05/2012 06:13:00,4.0,16.00,177,8.11,50.1,9.16,92.9,,,,,,,
Slave River at Fitzgerald - Long Term Monitoring Station (1960-1967: 1989-onwards); equivalent to M11A for Oil Sands,59.86917,-111.58583,09/05/2012 08:13:00,4.0,16.05,180,8.10,53.6,9.15,92.9,,,,,,,
Slave River at Fitzgerald - Long Term Monitoring Station (1960-1967: 1989-onwards); equivalent to M11A for Oil Sands,59.86917,-111.58583,09/05/2012 10:13:00,4.0,16.42,188,8.09,55.9,9.13,93.3,,,,,,,
Slave River at Fitzgerald - Long Term Monitoring Station (1960-1967: 1989-onwards); equivalent to M11A for Oil Sands,59.86917,-111.58583,09/05/2012 12:13:00,4.0,16.88,197,8.06,58.8,9.05,93.5,,,,,,,
Slave River at Fitzgerald - Long Term Monitoring Station (1960-1967: 1989-onwards); equivalent to M11A for Oil Sands,59.86917,-111.58583,09/05/2012 14:13:00,4.0,17.08,207,8.06,57.1,9.02,93.6,,,,,,,
Slave River at Fitzgerald - Long Term Monitoring Station (1960-1967: 1989-onwards); equivalent to M11A for Oil Sands,59.86917,-111.58583,09/05/2012 16:13:00,4.0,17.30,215,8.02,58.5,9.02,93.9,,,,,,,
Slave River at Fitzgerald - Long Term Monitoring Station (1960-1967: 1989-onwards); equivalent to M11A for Oil Sands,59.86917,-111.58583,09/05/2012 18:13:00,4.0,17.46,221,7.84,61.0,9.00,94.1,,,,,,,
Slave River at Fitzgerald - Long Term Monitoring Station (1960-1967: 1989-onwards); equivalent to M11A for Oil Sands,59.86917,-111.58583,09/05/2012 20:13:00,4.0,16.95,223,7.77,58.9,9.05,93.6,,,,,,,
Slave River at Fitzgerald - Long Term Monitoring Station (1960-1967: 1989-onwards); equivalent to M11A for Oil Sands,59.86917,-111.58583,09/05/2012 22:13:00,4.0,16.28,223,7.96,59.3,9.10,92.8,,,,,,,
Slave River at Fitzgerald - Long Term Monitoring Station (1960-1967: 1989-onwards); equivalent to M11A for Oil Sands,59.86917,-111.58583,09/06/2012 00:13:00,4.0,15.93,224,8.12,56.4,9.16,92.8,,,,,,,
Slave River at Fitzgerald - Long Term Monitoring Station (1960-1967: 1989-onwards); equivalent to M11A for Oil Sands,59.86917,-111.58583,09/06/2012 02:13:00,4.0,15.78,224,8.10,55.0,9.20,92.8,,,,,,,
Slave River at Fitzgerald - Long Term Monitoring Station (1960-1967: 1989-onwards); equivalent to M11A for Oil Sands,59.86917,-111.58583,09/06/2012 04:13:00,4.0,15.64,224,8.10,52.0,9.22,92.8,,,,,,,
Slave River at Fitzgerald - Long Term Monitoring Station (1960-1967: 1989-onwards); equivalent to M11A for Oil Sands,59.86917,-111.58583,09/06/2012 06:13:00,4.0,15.52,224,8.10,50.9,9.25,92.8,,,,,,,
Slave River at Fitzgerald - Long Term Monitoring Station (1960-1967: 1989-onwards); equivalent to M11A for Oil Sands,59.86917,-111.58583,09/06/2012 08:13:00,4.0,15.62,224,8.09,49.6,9.27,93.3,,,,,,,
Slave River at Fitzgerald - Long Term Monitoring Station (1960-1967: 1989-onwards); equivalent to M11A for Oil Sands,59.86917,-111.58583,09/06/2012 10:13:00,4.0,15.96,223,8.10,47.6,9.24,93.6,,,,,,,
Slave River at Fitzgerald - Long Term Monitoring Station (1960-1967: 1989-onwards); equivalent to M11A for Oil Sands,59.86917,-111.58583,09/06/2012 12:13:00,4.0,16.32,221,8.09,46.3,9.24,94.3,,,,,,,
Slave River at Fitzgerald - Long Term Monitoring Station (1960-1967: 1989-onwards); equivalent to M11A for Oil Sands,59.86917,-111.58583,09/06/2012 14:13:00,4.0,16.34,218,8.06,44.3,9.27,94.7,,,,,,,
Slave River at Fitzgerald - Long Term Monitoring Station (1960-1967: 1989-onwards); equivalent to M11A for Oil Sands,59.86917,-111.58583,09/06/2012 16:13:00,4.0,16.49,214,8.06,45.5,9.28,95.0,,,,,,,
Slave River at Fitzgerald - Long Term Monitoring Station (1960-1967: 1989-onwards); equivalent to M11A for Oil Sands,59.86917,-111.58583,09/06/2012 18:13:00,4.0,16.93,212,8.03,43.8,9.27,95.8,,,,,,,
Slave River at Fitzgerald - Long Term Monitoring Station (1960-1967: 1989-onwards); equivalent to M11A for Oil Sands,59.86917,-111.58583,09/06/2012 20:13:00,4.0,16.62,210,7.80,43.9,9.28,95.3,,,,,,,
Slave River at Fitzgerald - Long Term Monitoring Station (1960-1967: 1989-onwards); equivalent to M11A for Oil Sands,59.86917,-111.58583,09/06/2012 22:13:00,4.0,16.39,208,7.91,45.3,9.30,95.1,,,,,,,
Slave River at Fitzgerald - Long Term Monitoring Station (1960-1967: 1989-onwards); equivalent to M11A for Oil Sands,59.86917,-111.58583,09/07/2012 00:13:00,4.0,16.23,207,7.96,45.0,9.31,94.8,,,,,,,
Slave River at Fitzgerald - Long Term Monitoring Station (1960-1967: 1989-onwards); equivalent to M11A for Oil Sands,59.86917,-111.58583,09/07/2012 02:13:00,4.0,16.01,207,8.02,44.0,9.35,94.7,,,,,,,
Slave River at Fitzgerald - Long Term Monitoring Station (1960-1967: 1989-onwards); equivalent to M11A for Oil Sands,59.86917,-111.58583,09/07/2012 04:13:00,4.0,15.89,206,8.05,45.0,9.37,94.7,,,,,,,
Slave River at Fitzgerald - Long Term Monitoring Station (1960-1967: 1989-onwards); equivalent to M11A for Oil Sands,59.86917,-111.58583,09/07/2012 06:13:00,4.0,15.68,206,8.10,44.1,9.38,94.5,,,,,,,
Slave River at Fitzgerald - Long Term Monitoring Station (1960-1967: 1989-onwards); equivalent to M11A for Oil Sands,59.86917,-111.58583,09/07/2012 08:13:00,4.0,15.52,205,8.10,43.2,9.41,94.4,,,,,,,
Slave River at Fitzgerald - Long Term Monitoring Station (1960-1967: 1989-onwards); equivalent to M11A for Oil Sands,59.86917,-111.58583,09/07/2012 10:13:00,4.0,15.85,205,8.11,42.3,9.38,94.7,,,,,,,
Slave River at Fitzgerald - Long Term Monitoring Station (1960-1967: 1989-onwards); equivalent to M11A for Oil Sands,59.86917,-111.58583,09/07/2012 12:13:00,4.0,16.19,204,8.07,41.6,9.40,95.7,,,,,,,
Slave River at Fitzgerald - Long Term Monitoring Station (1960-1967: 1989-onwards); equivalent to M11A for Oil Sands,59.86917,-111.58583,09/07/2012 14:13:00,4.0,16.33,203,8.04,39.4,9.38,95.7,,,,,,,
Slave River at Fitzgerald - Long Term Monitoring Station (1960-1967: 1989-onwards); equivalent to M11A for Oil Sands,59.86917,-111.58583,09/07/2012 16:13:00,4.0,16.43,202,8.02,40.5,9.39,96.0,,,,,,,
Slave River at Fitzgerald - Long Term Monitoring Station (1960-1967: 1989-onwards); equivalent to M11A for Oil Sands,59.86917,-111.58583,09/07/2012 18:13:00,4.0,16.59,201,8.00,41.7,9.38,96.3,,,,,,,
Slave River at Fitzgerald - Long Term Monitoring Station (1960-1967: 1989-onwards); equivalent to M11A for Oil Sands,59.86917,-111.58583,09/07/2012 20:13:00,4.0,16.22,199,7.84,40.8,9.40,95.7,,,,,,,
Slave River at Fitzgerald - Long Term Monitoring Station (1960-1967: 1989-onwards); equivalent to M11A for Oil Sands,59.86917,-111.58583,09/07/2012 22:13:00,4.0,15.62,197,7.98,40.1,9.45,95.0,,,,,,,
Slave River at Fitzgerald - Long Term Monitoring Station (1960-1967: 1989-onwards); equivalent to M11A for Oil Sands,59.86917,-111.58583,09/08/2012 00:13:00,4.0,15.47,195,8.11,40.0,9.47,94.9,,,,,,,
Slave River at Fitzgerald - Long Term Monitoring Station (1960-1967: 1989-onwards); equivalent to M11A for Oil Sands,59.86917,-111.58583,09/08/2012 02:13:00,4.0,15.28,195,8.13,39.4,9.50,94.8,,,,,,,
Slave River at Fitzgerald - Long Term Monitoring Station (1960-1967: 1989-onwards); equivalent to M11A for Oil Sands,59.86917,-111.58583,09/08/2012 04:13:00,4.0,15.25,195,8.13,40.1,9.51,94.8,,,,,,,
Slave River at Fitzgerald - Long Term Monitoring Station (1960-1967: 1989-onwards); equivalent to M11A for Oil Sands,59.86917,-111.58583,09/08/2012 06:13:00,4.0,15.37,195,8.11,36.6,9.48,94.8,,,,,,,
Slave River at Fitzgerald - Long Term Monitoring Station (1960-1967: 1989-onwards); equivalent to M11A for Oil Sands,59.86917,-111.58583,09/08/2012 08:13:00,4.0,15.41,195,8.11,37.6,9.48,94.8,,,,,,,
Slave River at Fitzgerald - Long Term Monitoring Station (1960-1967: 1989-onwards); equivalent to M11A for Oil Sands,59.86917,-111.58583,09/08/2012 10:13:00,4.0,15.70,195,8.12,36.5,9.45,95.2,,,,,,,
Slave River at Fitzgerald - Long Term Monitoring Station (1960-1967: 1989-onwards); equivalent to M11A for Oil Sands,59.86917,-111.58583,09/08/2012 12:13:00,4.0,16.22,195,8.11,35.7,9.43,96.0,,,,,,,
Slave River at Fitzgerald - Long Term Monitoring Station (1960-1967: 1989-onwards); equivalent to M11A for Oil Sands,59.86917,-111.58583,09/08/2012 14:13:00,4.0,16.52,194,8.08,35.0,9.44,96.7,,,,,,,
Slave River at Fitzgerald - Long Term Monitoring Station (1960-1967: 1989-onwards); equivalent to M11A for Oil Sands,59.86917,-111.58583,09/08/2012 16:13:00,4.0,16.80,194,7.95,34.2,9.41,97.0,,,,,,,
Slave River at Fitzgerald - Long Term Monitoring Station (1960-1967: 1989-onwards); equivalent to M11A for Oil Sands,59.86917,-111.58583,09/08/2012 18:13:00,4.0,16.99,195,7.88,34.7,9.40,97.3,,,,,,,
Slave River at Fitzgerald - Long Term Monitoring Station (1960-1967: 1989-onwards); equivalent to M11A for Oil Sands,59.86917,-111.58583,09/08/2012 20:13:00,4.0,16.35,193,7.98,34.0,9.42,96.2,,,,,,,
Slave River at Fitzgerald - Long Term Monitoring Station (1960-1967: 1989-onwards); equivalent to M11A for Oil Sands,59.86917,-111.58583,09/08/2012 22:13:00,4.0,15.93,193,7.91,33.6,9.45,95.6,,,,,,,
Slave River at Fitzgerald - Long Term Monitoring Station (1960-1967: 1989-onwards); equivalent to M11A for Oil Sands,59.86917,-111.58583,09/09/2012 00:13:00,4.0,15.60,192,8.10,31.7,9.51,95.6,,,,,,,
Slave River at Fitzgerald - Long Term Monitoring Station (1960-1967: 1989-onwards); equivalent to M11A for Oil Sands,59.86917,-111.58583,09/09/2012 02:13:00,4.0,15.31,192,8.15,32.4,9.53,95.2,,,,,,,
Slave River at Fitzgerald - Long Term Monitoring Station (1960-1967: 1989-onwards); equivalent to M11A for Oil Sands,59.86917,-111.58583,09/09/2012 04:13:00,4.0,15.10,192,8.15,30.7,9.57,95.1,,,,,,,
Slave River at Fitzgerald - Long Term Monitoring Station (1960-1967: 1989-onwards); equivalent to M11A for Oil Sands,59.86917,-111.58583,09/09/2012 06:13:00,4.0,15.05,192,8.11,31.2,9.56,95.0,,,,,,,
Slave River at Fitzgerald - Long Term Monitoring Station (1960-1967: 1989-onwards); equivalent to M11A for Oil Sands,59.86917,-111.58583,09/09/2012 08:13:00,4.0,15.01,193,8.10,32.1,9.57,94.9,,,,,,,
Slave River at Fitzgerald - Long Term Monitoring Station (1960-1967: 1989-onwards); equivalent to M11A for Oil Sands,59.86917,-111.58583,09/09/2012 10:13:00,4.0,15.68,195,8.12,31.7,9.51,95.7,,,,,,,
Slave River at Fitzgerald - Long Term Monitoring Station (1960-1967: 1989-onwards); equivalent to M11A for Oil Sands,59.86917,-111.58583,09/09/2012 12:13:00,4.0,16.10,196,8.09,30.6,9.47,96.2,,,,,,,
Slave River at Fitzgerald - Long Term Monitoring Station (1960-1967: 1989-onwards); equivalent to M11A for Oil Sands,59.86917,-111.58583,09/09/2012 14:13:00,4.0,16.46,197,8.08,30.7,9.46,96.8,,,,,,,
Slave River at Fitzgerald - Long Term Monitoring Station (1960-1967: 1989-onwards); equivalent to M11A for Oil Sands,59.86917,-111.58583,09/09/2012 16:13:00,4.0,16.58,198,8.05,31.7,9.45,96.9,,,,,,,
Slave River at Fitzgerald - Long Term Monitoring Station (1960-1967: 1989-onwards); equivalent to M11A for Oil Sands,59.86917,-111.58583,09/09/2012 18:13:00,4.0,16.32,199,7.92,30.2,9.46,96.5,,,,,,,
Slave River at Fitzgerald - Long Term Monitoring Station (1960-1967: 1989-onwards); equivalent to M11A for Oil Sands,59.86917,-111.58583,09/09/2012 20:13:00,4.0,16.15,200,7.93,31.0,9.44,96.0,,,,,,,
Slave River at Fitzgerald - Long Term Monitoring Station (1960-1967: 1989-onwards); equivalent to M11A for Oil Sands,59.86917,-111.58583,09/09/2012 22:13:00,4.0,16.03,200,8.04,30.0,9.49,96.3,,,,,,,
Slave River at Fitzgerald - Long Term Monitoring Station (1960-1967: 1989-onwards); equivalent to M11A for Oil Sands,59.86917,-111.58583,09/10/2012 00:13:00,4.0,15.98,199,8.06,29.1,9.46,95.9,,,,,,,
Slave River at Fitzgerald - Long Term Monitoring Station (1960-1967: 1989-onwards); equivalent to M11A for Oil Sands,59.86917,-111.58583,09/10/2012 02:13:00,4.0,15.90,199,8.06,30.8,9.45,95.6,,,,,,,
Slave River at Fitzgerald - Long Term Monitoring Station (1960-1967: 1989-onwards); equivalent to M11A for Oil Sands,59.86917,-111.58583,09/10/2012 04:13:00,4.0,15.82,200,8.06,29.2,9.45,95.4,,,,,,,
Slave River at Fitzgerald - Long Term Monitoring Station (1960-1967: 1989-onwards); equivalent to M11A for Oil Sands,59.86917,-111.58583,09/10/2012 06:13:00,4.0,15.74,202,8.10,28.1,9.44,95.2,,,,,,,
Slave River at Fitzgerald - Long Term Monitoring Station (1960-1967: 1989-onwards); equivalent to M11A for Oil Sands,59.86917,-111.58583,09/10/2012 08:13:00,4.0,15.72,205,8.11,29.8,9.44,95.1,,,,,,,
Slave River at Fitzgerald - Long Term Monitoring Station (1960-1967: 1989-onwards); equivalent to M11A for Oil Sands,59.86917,-111.58583,09/10/2012 10:13:00,4.0,15.86,206,8.11,28.6,9.44,95.4,,,,,,,
Slave River at Fitzgerald - Long Term Monitoring Station (1960-1967: 1989-onwards); equivalent to M11A for Oil Sands,59.86917,-111.58583,09/10/2012 12:13:00,4.0,15.98,205,8.10,28.3,9.43,95.5,,,,,,,
Slave River at Fitzgerald - Long Term Monitoring Station (1960-1967: 1989-onwards); equivalent to M11A for Oil Sands,59.86917,-111.58583,09/10/2012 14:13:00,4.0,16.02,203,8.10,29.6,9.42,95.5,,,,,,,
Slave River at Fitzgerald - Long Term Monitoring Station (1960-1967: 1989-onwards); equivalent to M11A for Oil Sands,59.86917,-111.58583,09/10/2012 16:13:00,4.0,16.08,201,8.10,30.8,9.44,95.9,,,,,,,
Slave River at Fitzgerald - Long Term Monitoring Station (1960-1967: 1989-onwards); equivalent to M11A for Oil Sands,59.86917,-111.58583,09/10/2012 18:13:00,4.0,15.97,199,8.09,30.3,9.42,95.4,,,,,,,
Slave River at Fitzgerald - Long Term Monitoring Station (1960-1967: 1989-onwards); equivalent to M11A for Oil Sands,59.86917,-111.58583,09/10/2012 20:13:00,4.0,15.79,199,8.07,29.5,9.43,95.1,,,,,,,
Slave River at Fitzgerald - Long Term Monitoring Station (1960-1967: 1989-onwards); equivalent to M11A for Oil Sands,59.86917,-111.58583,09/10/2012 22:13:00,4.0,15.67,198,8.08,30.7,9.46,95.2,,,,,,,
Slave River at Fitzgerald - Long Term Monitoring Station (1960-1967: 1989-onwards); equivalent to M11A for Oil Sands,59.86917,-111.58583,09/11/2012 00:13:00,4.0,15.48,198,8.09,31.8,9.46,94.8,,,,,,,
Slave River at Fitzgerald - Long Term Monitoring Station (1960-1967: 1989-onwards); equivalent to M11A for Oil Sands,59.86917,-111.58583,09/11/2012 02:13:00,4.0,15.30,199,8.15,33.0,9.47,94.6,,,,,,,
Slave River at Fitzgerald - Long Term Monitoring Station (1960-1967: 1989-onwards); equivalent to M11A for Oil Sands,59.86917,-111.58583,09/11/2012 04:13:00,4.0,15.18,200,8.15,33.8,9.49,94.5,,,,,,,
Slave River at Fitzgerald - Long Term Monitoring Station (1960-1967: 1989-onwards); equivalent to M11A for Oil Sands,59.86917,-111.58583,09/11/2012 06:13:00,4.0,15.05,202,8.13,33.9,9.49,94.2,,,,,,,
Slave River at Fitzgerald - Long Term Monitoring Station (1960-1967: 1989-onwards); equivalent to M11A for Oil Sands,59.86917,-111.58583,09/11/2012 08:13:00,4.0,14.76,202,8.15,38.1,9.54,94.1,,,,,,,
Slave River at Fitzgerald - Long Term Monitoring Station (1960-1967: 1989-onwards); equivalent to M11A for Oil Sands,59.86917,-111.58583,09/11/2012 10:13:00,4.0,14.53,203,8.15,58.7,9.53,93.6,,,,,,,
Slave River at Fitzgerald - Long Term Monitoring Station (1960-1967: 1989-onwards); equivalent to M11A for Oil Sands,59.86917,-111.58583,09/11/2012 12:13:00,4.0,14.47,204,8.14,55.5,9.54,93.6,,,,,,,
Slave River at Fitzgerald - Long Term Monitoring Station (1960-1967: 1989-onwards); equivalent to M11A for Oil Sands,59.86917,-111.58583,09/11/2012 14:13:00,4.0,14.36,207,8.13,51.8,9.59,93.8,,,,,,,
Slave River at Fitzgerald - Long Term Monitoring Station (1960-1967: 1989-onwards); equivalent to M11A for Oil Sands,59.86917,-111.58583,09/11/2012 16:13:00,4.0,14.23,210,8.15,51.6,9.59,93.6,,,,,,,
Slave River at Fitzgerald - Long Term Monitoring Station (1960-1967: 1989-onwards); equivalent to M11A for Oil Sands,59.86917,-111.58583,09/11/2012 18:13:00,4.0,14.14,213,8.15,59.2,9.59,93.4,,,,,,,
Slave River at Fitzgerald - Long Term Monitoring Station (1960-1967: 1989-onwards); equivalent to M11A for Oil Sands,59.86917,-111.58583,09/11/2012 20:13:00,4.0,14.00,213,8.15,58.8,9.61,93.3,,,,,,,
Slave River at Fitzgerald - Long Term Monitoring Station (1960-1967: 1989-onwards); equivalent to M11A for Oil Sands,59.86917,-111.58583,09/11/2012 22:13:00,4.0,13.95,214,8.15,59.1,9.62,93.3,,,,,,,
Slave River at Fitzgerald - Long Term Monitoring Station (1960-1967: 1989-onwards); equivalent to M11A for Oil Sands,59.86917,-111.58583,09/12/2012 00:13:00,4.0,13.86,213,8.16,59.1,9.62,93.1,,,,,,,
Slave River at Fitzgerald - Long Term Monitoring Station (1960-1967: 1989-onwards); equivalent to M11A for Oil Sands,59.86917,-111.58583,09/12/2012 02:13:00,4.0,13.74,213,8.14,57.4,9.66,93.2,,,,,,,
Slave River at Fitzgerald - Long Term Monitoring Station (1960-1967: 1989-onwards); equivalent to M11A for Oil Sands,59.86917,-111.58583,09/12/2012 04:13:00,4.0,13.58,212,8.14,56.2,9.64,92.8,,,,,,,
Slave River at Fitzgerald - Long Term Monitoring Station (1960-1967: 1989-onwards); equivalent to M11A for Oil Sands,59.86917,-111.58583,09/12/2012 06:13:00,4.0,13.41,209,8.14,58.0,9.67,92.7,,,,,,,
Slave River at Fitzgerald - Long Term Monitoring Station (1960-1967: 1989-onwards); equivalent to M11A for Oil Sands,59.86917,-111.58583,09/12/2012 08:13:00,4.0,13.29,205,8.15,54.0,9.69,92.6,,,,,,,
Slave River at Fitzgerald - Long Term Monitoring Station (1960-1967: 1989-onwards); equivalent to M11A for Oil Sands,59.86917,-111.58583,09/12/2012 10:13:00,4.0,13.49,201,8.14,58.0,9.67,92.8,,,,,,,
Slave River at Fitzgerald - Long Term Monitoring Station (1960-1967: 1989-onwards); equivalent to M11A for Oil Sands,59.86917,-111.58583,09/12/2012 12:13:00,4.0,13.79,197,8.12,61.4,9.65,93.2,,,,,,,
Slave River at Fitzgerald - Long Term Monitoring Station (1960-1967: 1989-onwards); equivalent to M11A for Oil Sands,59.86917,-111.58583,09/12/2012 14:13:00,4.0,13.95,195,8.12,62.6,9.64,93.4,,,,,,,
Slave River at Fitzgerald - Long Term Monitoring Station (1960-1967: 1989-onwards); equivalent to M11A for Oil Sands,59.86917,-111.58583,09/12/2012 16:13:00,4.0,14.09,194,8.11,62.9,9.62,93.6,,,,,,,
Slave River at Fitzgerald - Long Term Monitoring Station (1960-1967: 1989-onwards); equivalent to M11A for Oil Sands,59.86917,-111.58583,09/12/2012 18:13:00,4.0,14.60,196,8.08,66.1,9.56,94.1,,,,,,,
Slave River at Fitzgerald - Long Term Monitoring Station (1960-1967: 1989-onwards); equivalent to M11A for Oil Sands,59.86917,-111.58583,09/12/2012 20:13:00,4.0,14.21,197,7.97,66.2,9.57,93.3,,,,,,,
Slave River at Fitzgerald - Long Term Monitoring Station (1960-1967: 1989-onwards); equivalent to M11A for Oil Sands,59.86917,-111.58583,09/12/2012 22:13:00,4.0,13.61,197,8.03,65.4,9.66,93.0,,,,,,,
Slave River at Fitzgerald - Long Term Monitoring Station (1960-1967: 1989-onwards); equivalent to M11A for Oil Sands,59.86917,-111.58583,09/13/2012 00:13:00,4.0,13.33,196,8.13,62.1,9.69,92.7,,,,,,,
Slave River at Fitzgerald - Long Term Monitoring Station (1960-1967: 1989-onwards); equivalent to M11A for Oil Sands,59.86917,-111.58583,09/13/2012 02:13:00,4.0,13.28,195,8.11,57.9,9.70,92.6,,,,,,,
Slave River at Fitzgerald - Long Term Monitoring Station (1960-1967: 1989-onwards); equivalent to M11A for Oil Sands,59.86917,-111.58583,09/13/2012 04:13:00,4.0,13.30,195,8.10,60.9,9.71,92.8,,,,,,,
Slave River at Fitzgerald - Long Term Monitoring Station (1960-1967: 1989-onwards); equivalent to M11A for Oil Sands,59.86917,-111.58583,09/13/2012 06:13:00,4.0,13.27,195,8.11,59.4,9.71,92.7,,,,,,,
Slave River at Fitzgerald - Long Term Monitoring Station (1960-1967: 1989-onwards); equivalent to M11A for Oil Sands,59.86917,-111.58583,09/13/2012 08:13:00,4.0,13.30,195,8.12,58.9,9.70,92.7,,,,,,,
Slave River at Fitzgerald - Long Term Monitoring Station (1960-1967: 1989-onwards); equivalent to M11A for Oil Sands,59.86917,-111.58583,09/13/2012 10:13:00,4.0,13.47,196,8.11,58.4,9.69,93.0,,,,,,,
Slave River at Fitzgerald - Long Term Monitoring Station (1960-1967: 1989-onwards); equivalent to M11A for Oil Sands,59.86917,-111.58583,09/13/2012 12:13:00,4.0,14.03,196,8.12,58.6,9.64,93.6,,,,,,,
Slave River at Fitzgerald - Long Term Monitoring Station (1960-1967: 1989-onwards); equivalent to M11A for Oil Sands,59.86917,-111.58583,09/13/2012 14:13:00,4.0,14.42,197,8.09,55.7,9.61,94.2,,,,,,,
Slave River at Fitzgerald - Long Term Monitoring Station (1960-1967: 1989-onwards); equivalent to M11A for Oil Sands,59.86917,-111.58583,09/13/2012 16:13:00,4.0,14.69,199,8.08,55.9,9.60,94.6,,,,,,,
Slave River at Fitzgerald - Long Term Monitoring Station (1960-1967: 1989-onwards); equivalent to M11A for Oil Sands,59.86917,-111.58583,09/13/2012 18:13:00,4.0,15.02,202,8.05,53.7,9.56,94.9,,,,,,,
Slave River at Fitzgerald - Long Term Monitoring Station (1960-1967: 1989-onwards); equivalent to M11A for Oil Sands,59.86917,-111.58583,09/13/2012 20:13:00,4.0,14.46,204,7.86,52.4,9.57,93.9,,,,,,,
Slave River at Fitzgerald - Long Term Monitoring Station (1960-1967: 1989-onwards); equivalent to M11A for Oil Sands,59.86917,-111.58583,09/13/2012 22:13:00,4.0,14.04,206,7.91,49.4,9.63,93.6,,,,,,,
Slave River at Fitzgerald - Long Term Monitoring Station (1960-1967: 1989-onwards); equivalent to M11A for Oil Sands,59.86917,-111.58583,09/14/2012 00:13:00,4.0,13.95,206,8.02,47.6,9.64,93.5,,,,,,,
Slave River at Fitzgerald - Long Term Monitoring Station (1960-1967: 1989-onwards); equivalent to M11A for Oil Sands,59.86917,-111.58583,09/14/2012 02:13:00,4.0,13.84,205,8.09,46.3,9.67,93.6,,,,,,,
Slave River at Fitzgerald - Long Term Monitoring Station (1960-1967: 1989-onwards); equivalent to M11A for Oil Sands,59.86917,-111.58583,09/14/2012 04:13:00,4.0,13.85,204,8.09,46.1,9.68,93.7,,,,,,,
Slave River at Fitzgerald - Long Term Monitoring Station (1960-1967: 1989-onwards); equivalent to M11A for Oil Sands,59.86917,-111.58583,09/14/2012 06:13:00,4.0,13.77,202,8.08,47.7,9.68,93.5,,,,,,,
Slave River at Fitzgerald - Long Term Monitoring Station (1960-1967: 1989-onwards); equivalent to M11A for Oil Sands,59.86917,-111.58583,09/14/2012 08:13:00,4.0,13.68,200,8.07,50.1,9.70,93.5,,,,,,,
Slave River at Fitzgerald - Long Term Monitoring Station (1960-1967: 1989-onwards); equivalent to M11A for Oil Sands,59.86917,-111.58583,09/14/2012 10:13:00,4.0,13.72,199,8.06,51.3,9.71,93.7,,,,,,,
Slave River at Fitzgerald - Long Term Monitoring Station (1960-1967: 1989-onwards); equivalent to M11A for Oil Sands,59.86917,-111.58583,09/14/2012 12:13:00,4.0,13.98,197,8.06,53.5,9.71,94.2,,,,,,,
Slave River at Fitzgerald - Long Term Monitoring Station (1960-1967: 1989-onwards); equivalent to M11A for Oil Sands,59.86917,-111.58583,09/14/2012 14:13:00,4.0,14.14,196,8.05,53.9,9.73,94.7,,,,,,,
Slave River at Fitzgerald - Long Term Monitoring Station (1960-1967: 1989-onwards); equivalent to M11A for Oil Sands,59.86917,-111.58583,09/14/2012 16:13:00,4.0,14.34,193,7.94,57.4,9.74,95.3,,,,,,,
Slave River at Fitzgerald - Long Term Monitoring Station (1960-1967: 1989-onwards); equivalent to M11A for Oil Sands,59.86917,-111.58583,09/14/2012 18:13:00,4.0,13.49,189,7.74,61.5,9.82,94.2,,,,,,,
Slave River at Fitzgerald - Long Term Monitoring Station (1960-1967: 1989-onwards); equivalent to M11A for Oil Sands,59.86917,-111.58583,09/14/2012 20:13:00,4.0,13.19,186,7.96,64.9,9.87,94.1,,,,,,,
Slave River at Fitzgerald - Long Term Monitoring Station (1960-1967: 1989-onwards); equivalent to M11A for Oil Sands,59.86917,-111.58583,09/14/2012 22:13:00,4.0,12.77,183,8.04,68.9,9.94,93.9,,,,,,,
Slave River at Fitzgerald - Long Term Monitoring Station (1960-1967: 1989-onwards); equivalent to M11A for Oil Sands,59.86917,-111.58583,09/15/2012 00:13:00,4.0,12.30,181,8.15,74.2,10.05,93.9,,,,,,,
Slave River at Fitzgerald - Long Term Monitoring Station (1960-1967: 1989-onwards); equivalent to M11A for Oil Sands,59.86917,-111.58583,09/15/2012 02:13:00,4.0,12.18,180,8.06,78.1,10.08,93.9,,,,,,,
Slave River at Fitzgerald - Long Term Monitoring Station (1960-1967: 1989-onwards); equivalent to M11A for Oil Sands,59.86917,-111.58583,09/15/2012 04:13:00,4.0,12.15,179,8.08,88.3,10.11,94.2,,,,,,,
Slave River at Fitzgerald - Long Term Monitoring Station (1960-1967: 1989-onwards); equivalent to M11A for Oil Sands,59.86917,-111.58583,09/15/2012 06:13:00,4.0,12.03,178,8.09,90.0,10.18,94.5,,,,,,,
Slave River at Fitzgerald - Long Term Monitoring Station (1960-1967: 1989-onwards); equivalent to M11A for Oil Sands,59.86917,-111.58583,09/15/2012 08:13:00,4.0,11.79,177,8.08,84.7,10.18,94.0,,,,,,,
Slave River at Fitzgerald - Long Term Monitoring Station (1960-1967: 1989-onwards); equivalent to M11A for Oil Sands,59.86917,-111.58583,09/15/2012 10:13:00,4.0,11.96,176,8.08,84.0,10.18,94.4,,,,,,,
Slave River at Fitzgerald - Long Term Monitoring Station (1960-1967: 1989-onwards); equivalent to M11A for Oil Sands,59.86917,-111.58583,09/15/2012 12:13:00,4.0,12.03,177,8.07,76.6,10.21,94.8,,,,,,,
Slave River at Fitzgerald - Long Term Monitoring Station (1960-1967: 1989-onwards); equivalent to M11A for Oil Sands,59.86917,-111.58583,09/15/2012 14:13:00,4.0,12.13,176,8.06,69.4,10.21,95.1,,,,,,,
Slave River at Fitzgerald - Long Term Monitoring Station (1960-1967: 1989-onwards); equivalent to M11A for Oil Sands,59.86917,-111.58583,09/15/2012 16:13:00,4.0,12.15,176,8.07,66.3,10.23,95.3,,,,,,,
Slave River at Fitzgerald - Long Term Monitoring Station (1960-1967: 1989-onwards); equivalent to M11A for Oil Sands,59.86917,-111.58583,09/15/2012 18:13:00,4.0,12.09,175,8.07,63.9,10.25,95.4,,,,,,,
Slave River at Fitzgerald - Long Term Monitoring Station (1960-1967: 1989-onwards); equivalent to M11A for Oil Sands,59.86917,-111.58583,09/15/2012 20:13:00,4.0,11.88,173,8.05,64.9,10.27,95.1,,,,,,,
Slave River at Fitzgerald - Long Term Monitoring Station (1960-1967: 1989-onwards); equivalent to M11A for Oil Sands,59.86917,-111.58583,09/15/2012 22:13:00,4.0,11.63,172,8.10,64.8,10.29,94.7,,,,,,,
Slave River at Fitzgerald - Long Term Monitoring Station (1960-1967: 1989-onwards); equivalent to M11A for Oil Sands,59.86917,-111.58583,09/16/2012 00:13:00,4.0,11.47,171,8.09,69.4,10.32,94.6,,,,,,,
Slave River at Fitzgerald - Long Term Monitoring Station (1960-1967: 1989-onwards); equivalent to M11A for Oil Sands,59.86917,-111.58583,09/16/2012 02:13:00,4.0,11.21,172,8.09,69.3,10.35,94.4,,,,,,,
Slave River at Fitzgerald - Long Term Monitoring Station (1960-1967: 1989-onwards); equivalent to M11A for Oil Sands,59.86917,-111.58583,09/16/2012 04:13:00,4.0,11.12,172,8.08,68.9,10.35,94.2,,,,,,,
Slave River at Fitzgerald - Long Term Monitoring Station (1960-1967: 1989-onwards); equivalent to M11A for Oil Sands,59.86917,-111.58583,09/16/2012 06:13:00,4.0,11.11,172,8.08,68.3,10.36,94.3,,,,,,,
Slave River at Fitzgerald - Long Term Monitoring Station (1960-1967: 1989-onwards); equivalent to M11A for Oil Sands,59.86917,-111.58583,09/16/2012 08:13:00,4.0,11.19,173,8.10,67.7,10.36,94.4,,,,,,,
Slave River at Fitzgerald - Long Term Monitoring Station (1960-1967: 1989-onwards); equivalent to M11A for Oil Sands,59.86917,-111.58583,09/16/2012 10:13:00,4.0,11.54,176,8.07,64.6,10.31,94.7,,,,,,,
Slave River at Fitzgerald - Long Term Monitoring Station (1960-1967: 1989-onwards); equivalent to M11A for Oil Sands,59.86917,-111.58583,09/16/2012 12:13:00,4.0,11.99,178,8.07,63.8,10.26,95.2,,,,,,,
Slave River at Fitzgerald - Long Term Monitoring Station (1960-1967: 1989-onwards); equivalent to M11A for Oil Sands,59.86917,-111.58583,09/16/2012 14:13:00,4.0,12.37,181,8.06,61.0,10.22,95.7,,,,,,,
Slave River at Fitzgerald - Long Term Monitoring Station (1960-1967: 1989-onwards); equivalent to M11A for Oil Sands,59.86917,-111.58583,09/16/2012 16:13:00,4.0,12.75,184,8.04,63.3,10.18,96.1,,,,,,,
Slave River at Fitzgerald - Long Term Monitoring Station (1960-1967: 1989-onwards); equivalent to M11A for Oil Sands,59.86917,-111.58583,09/16/2012 18:13:00,4.0,12.93,187,8.04,63.9,10.16,96.3,,,,,,,
Slave River at Fitzgerald - Long Term Monitoring Station (1960-1967: 1989-onwards); equivalent to M11A for Oil Sands,59.86917,-111.58583,09/16/2012 20:13:00,4.0,12.52,188,7.96,63.9,10.15,95.4,,,,,,,
Slave River at Fitzgerald - Long Term Monitoring Station (1960-1967: 1989-onwards); equivalent to M11A for Oil Sands,59.86917,-111.58583,09/16/2012 22:13:00,4.0,12.18,187,8.07,64.1,10.19,95.0,,,,,,,
Slave River at Fitzgerald - Long Term Monitoring Station (1960-1967: 1989-onwards); equivalent to M11A for Oil Sands,59.86917,-111.58583,09/17/2012 00:13:00,4.0,12.01,185,8.13,64.8,10.20,94.7,,,,,,,
Slave River at Fitzgerald - Long Term Monitoring Station (1960-1967: 1989-onwards); equivalent to M11A for Oil Sands,59.86917,-111.58583,09/17/2012 02:13:00,4.0,11.92,181,8.14,65.1,10.23,94.8,,,,,,,
Slave River at Fitzgerald - Long Term Monitoring Station (1960-1967: 1989-onwards); equivalent to M11A for Oil Sands,59.86917,-111.58583,09/17/2012 04:13:00,4.0,11.73,178,8.14,67.3,10.24,94.5,,,,,,,
Slave River at Fitzgerald - Long Term Monitoring Station (1960-1967: 1989-onwards); equivalent to M11A for Oil Sands,59.86917,-111.58583,09/17/2012 06:13:00,4.0,11.65,176,8.12,66.9,10.25,94.3,,,,,,,
Slave River at Fitzgerald - Long Term Monitoring Station (1960-1967: 1989-onwards); equivalent to M11A for Oil Sands,59.86917,-111.58583,09/17/2012 08:13:00,4.0,11.61,176,8.10,64.5,10.26,94.4,,,,,,,
Slave River at Fitzgerald - Long Term Monitoring Station (1960-1967: 1989-onwards); equivalent to M11A for Oil Sands,59.86917,-111.58583,09/17/2012 10:13:00,4.0,12.18,179,8.08,66.9,10.19,95.0,,,,,,,
Slave River at Fitzgerald - Long Term Monitoring Station (1960-1967: 1989-onwards); equivalent to M11A for Oil Sands,59.86917,-111.58583,09/17/2012 12:13:00,4.0,12.76,182,8.05,68.3,10.12,95.6,,,,,,,
Slave River at Fitzgerald - Long Term Monitoring Station (1960-1967: 1989-onwards); equivalent to M11A for Oil Sands,59.86917,-111.58583,09/17/2012 14:13:00,4.0,12.99,185,8.01,70.9,10.09,95.8,,,,,,,
Slave River at Fitzgerald - Long Term Monitoring Station (1960-1967: 1989-onwards); equivalent to M11A for Oil Sands,59.86917,-111.58583,09/17/2012 16:13:00,4.0,13.34,189,7.91,72.6,10.03,96.0,,,,,,,
Slave River at Fitzgerald - Long Term Monitoring Station (1960-1967: 1989-onwards); equivalent to M11A for Oil Sands,59.86917,-111.58583,09/17/2012 18:13:00,4.0,13.40,194,7.87,74.4,10.01,95.8,,,,,,,
Slave River at Fitzgerald - Long Term Monitoring Station (1960-1967: 1989-onwards); equivalent to M11A for Oil Sands,59.86917,-111.58583,09/17/2012 20:13:00,4.0,12.78,197,7.77,79.7,10.04,94.8,,,,,,,
Slave River at Fitzgerald - Long Term Monitoring Station (1960-1967: 1989-onwards); equivalent to M11A for Oil Sands,59.86917,-111.58583,09/17/2012 22:13:00,4.0,12.39,197,7.88,83.8,10.09,94.5,,,,,,,
Slave River at Fitzgerald - Long Term Monitoring Station (1960-1967: 1989-onwards); equivalent to M11A for Oil Sands,59.86917,-111.58583,09/18/2012 00:13:00,4.0,12.11,194,7.98,86.8,10.12,94.2,,,,,,,
Slave River at Fitzgerald - Long Term Monitoring Station (1960-1967: 1989-onwards); equivalent to M11A for Oil Sands,59.86917,-111.58583,09/18/2012 02:13:00,4.0,12.03,190,8.10,91.1,10.16,94.3,,,,,,,
Slave River at Fitzgerald - Long Term Monitoring Station (1960-1967: 1989-onwards); equivalent to M11A for Oil Sands,59.86917,-111.58583,09/18/2012 04:13:00,4.0,12.03,187,8.08,89.6,10.18,94.6,,,,,,,
Slave River at Fitzgerald - Long Term Monitoring Station (1960-1967: 1989-onwards); equivalent to M11A for Oil Sands,59.86917,-111.58583,09/18/2012 06:13:00,4.0,11.96,185,8.09,89.9,10.20,94.6,,,,,,,
Slave River at Fitzgerald - Long Term Monitoring Station (1960-1967: 1989-onwards); equivalent to M11A for Oil Sands,59.86917,-111.58583,09/18/2012 08:13:00,4.0,12.00,184,8.08,92.5,10.22,94.9,,,,,,,
Slave River at Fitzgerald - Long Term Monitoring Station (1960-1967: 1989-onwards); equivalent to M11A for Oil Sands,59.86917,-111.58583,09/18/2012 10:13:00,4.0,12.04,183,8.06,93.9,10.25,95.2,,,,,,,
