Item/Point,Version - English,Version - Français,,,,,,,,,,,,,,,,,,,,,,,,,,,,,,,,,,,,,,,,,,,,,,,,,,,,,,,,,,,,,,,,,,,,,,,,,,,,,,,,,,,,,,,,,,,,,,,,,,,,,,,,,,,,,,,,,,,,,,,,,,,,,,,,,,,,,,,,,,,,,,,,,,,,,,,,,,,,,,,,,,,,,,,,,,,,,,,,,,,,,,,,,,,,,,,,,,,,,,,,,,,,,,,,,,,,,
Data File Name / Nom du fichier de données,MainstemWaterQuality-LTWQM-M2-M7-MajorIonsPhysical-2011-2026.v1.csv,MainstemWaterQuality-LTWQM-M2-M7-MajorIonsPhysical-2011-2026.v1.csv,,,,,,,,,,,,,,,,,,,,,,,,,,,,,,,,,,,,,,,,,,,,,,,,,,,,,,,,,,,,,,,,,,,,,,,,,,,,,,,,,,,,,,,,,,,,,,,,,,,,,,,,,,,,,,,,,,,,,,,,,,,,,,,,,,,,,,,,,,,,,,,,,,,,,,,,,,,,,,,,,,,,,,,,,,,,,,,,,,,,,,,,,,,,,,,,,,,,,,,,,,,,,,,,,,,,,
Date File Generated / Date de fichier généré,2026-05-07,2026-05-07,,,,,,,,,,,,,,,,,,,,,,,,,,,,,,,,,,,,,,,,,,,,,,,,,,,,,,,,,,,,,,,,,,,,,,,,,,,,,,,,,,,,,,,,,,,,,,,,,,,,,,,,,,,,,,,,,,,,,,,,,,,,,,,,,,,,,,,,,,,,,,,,,,,,,,,,,,,,,,,,,,,,,,,,,,,,,,,,,,,,,,,,,,,,,,,,,,,,,,,,,,,,,,,,,,,,,
Context Note / Note contextuelle,"Athabasca River (includes sites M2, M3, M4, M5, M6, M7 [2011-Oct 2025]) 

Water quality chemistry data for 17 sites in the lower Athabasca River (LAR), the Peace and Slave rivers, and their tributaries, including measurements of major ions, nutrients, metals (dissolved and total) and organics (including BTEX, cyanide and polycyclic aromatic hydrocarbons (PAHs).

An interpretive report (Glozier et. al., 2018) was released in 2018, which included assessments of the water quality status and trends for data from 2012-2015. An excerpt from the executive summary is provided below and the full report can be found on line here (http://environmentalmonitoring.alberta.ca/wp-content/uploads/2018/10/OS-TS-Water-1.4-Surface-Water-Quality-Mainstem-Tribs-Delta-1.pdf) ;

“During the three year JOSM period, over 1300 water quality samples were collected from 21 locations representing a nearly 5-fold increase in overall sampling effort in the Lower Atahbasc river (LAR), Peace River (PR), Slave River (SR) and Peace Athabasca Delta (PAD). Status and spatial patterns among sites were examined for each parameter type including major ions, nutrients, mercury, and metals. 

The major spatial patterns of interest included:

1. Extensive overlap in concentration of major ions, mercury, nitrogen and carbon along the LAR and main stem sites within the PAD; 
2. Extensive overlap in concentration for metals along the LAR but a range of patterns among PAD mainstem sites.  
• The most common pattern showed consistent concentration values for all main stem sites from the LAR at M3 though to the outlet of the SR at SL2. 
• Similar to above, a second pattern showed similar concentrations along the length of the LAR main stem through to the interconnecting channel (i.e., M3-M10), but various patterns along the remaining main stem locations.  
3. Range of concentration for parameters among the PAD tributary sites. 
• In general, concentrations of metals, phosphorus and mercury in the McIvor and Birch rivers were higher than the other tributaries. Given the highly variable nature of water chemistry within and between PAD tributary sites, ongoing sampling will be required to adequately characterize the status and patterns of these new sites. 
4. Patterns in phosphorus concentration
• Along the course of the LAR, the largest step increase for phosphorus occurred between M2 and M3, with concentrations remaining similar from M3-M9. 
• Dissolved phosphorus values in the PR (M12) were the lowest; with the SR (M11A-SL2) appearing to be a mixture of the differential concentrations of the two main contributors.  
5. Patterns in dissolved selenium
• In contrast to patterns discussed for other parameters, dissolved selenium concentrations showed statistically significant gradual increases in concentration between M3 and M6 after which concentrations stabilised at downstream sites (M7-M9). This pattern was dependent on the time year and most evident under high flow conditions during freshet.  

All but one parameter had consistent concentrations along the main stem of the LAR from M3 to the downstream site M9. Thus, spatial patterns (other than for dissolved selenium) that were observed were attributed to changes in non-oil sands related inputs such as municipal or other industrial inputs or differences in geological sources.  The increasing dissolved selenium pattern from M3-M6 may be linked to higher tributary inputs during freshet as reported by Chambers et al., 2017.

Seasonal patterns and temporal trends examined showed:

1. Typical seasonal patterns in water quality concentration included dissolved parameters exhibiting a pattern inverse to the hydrograph (with minimum concentrations occurring during high discharge periods and maximum concentrations occurring in low flow, under ice) while particulate associated parameters generally had higher concentrations during high flow spring/summer periods when suspended sediment loads were high. 
2. Long-term trend analysis on data from M9 showed that, for the most recent period (2000-2014), several parameters including dissolved phosphorus and ammonia exhibited reductions in concentration while total phosphorus concentrations (which previously had been increasing) are now stable. Several changes in anthropogenic inputs are associated with these trends and include upgrades to facilities and the subsequent reductions to total loadings within the Athabasca River basin. 
3. For several major ions and dissolved metals which displayed increasing trends at M9, results were similar when we examined trends at other sites in northern areas of Canada not directly downstream of the OSMA. As such, the increasing trends reported may have a broader regional pattern and are thus not likely directly related to upstream oil sands activities.  

Evaluation of the data against 39 water quality guidelines revealed that nineteen of the parameters showed no values above guidelines (i.e., no exceedances). Some metals (namely iron and aluminum) commonly (>75%) showed values higher than the guideline, particularly during periods of high suspended sediment concentrations. Total mercury samples showed occasional (<6%) exceedances but, similar to total metals, these values were associated with high suspended sediment values. Site specific guidelines may be more appropriate and provide a better warning of changes to water quality, particularly for parameters which are associated with the commonly occurring high suspended sediments. “
","La rivière Athabasca (comprend les sites M2, M3, M4, M5, M6, M7 [2011-oct 2025]) 

Les données sur les propriétés chimiques de la qualité de l’eau de 17 sites du cours inférieur de la rivière Athabasca, des rivières de la Paix et des Esclaves et de leurs affluents comprennent les mesures des principaux ions, éléments nutritifs, métaux (dissous et totaux) et matières organiques (y compris le benzène, le toluène, l’éthylbenzène et le xylène [BTEX], le cyanure et les hydrocarbures aromatiques polycycliques [HAP]). 

Un rapport interprétatif (Glozier et coll., 2018) a été publié en 2018; il contenait des évaluations de l’état et des tendances de la qualité de l’eau selon des données recueillies de 2012 à 2015. Un extrait du résumé se trouve ci-dessous, le rapport complet est en ligne ici (en anglais seulement)(http://environmentalmonitoring.alberta.ca/wp-content/uploads/2018/10/OS-TS-Water-1.4-Surface-Water-Quality-Mainstem-Tribs-Delta-1.pdf).

«?Durant la période de surveillance des sables bitumineux, qui était de trois ans, plus de 3000 échantillons d’évaluation de la qualité de l’eau ont été prélevés à 21 sites différents, ce qui représentait dans l’ensemble des activités d’échantillonnage presque cinq fois plus intensives dans le cours inférieur de la rivière Athabasca, la rivière de la Paix, la rivière des Esclaves et le delta des rivières de la Paix et Athabasca. L’état et les distributions spatiales parmi les sites ont été étudiés pour chaque type de paramètre, y compris les principaux ions, les nutriments, le mercure et les métaux. 

Les principales distributions spatiales d’intérêt étaient les suivantes : 
1. Important chevauchement dans la concentration des principaux ions, du mercure, de l’azote et du carbone le long du cours inférieur de la rivière Athabasca et des sites du tronçon principal du delta des rivières de la Paix et Athabasca; 
2. Important chevauchement dans la concentration des métaux le long du cours inférieure de la rivière Athabasca mais toutes sortes de distributions parmi les sites du tronçon principal du delta des rivières de la Paix et Athabasca. 
• La distribution la plus courante présentait des valeurs de concentration consistantes pour tous les sites du tronçon principal du cours inférieur de la rivière Athabasca du point M3 jusqu’à la décharge de la rivière des Esclaves au point SL2. 
• Tout comme ci-dessus, une deuxième distribution présentait des concentrations semblables tout au long du tronçon principal du cours inférieur de la rivière Athabasca jusqu’au canal reliant les rivières (M3-M10), mais divers profils le long des emplacements restants du tronçon principal. 
3. Fourchette de concentrations pour les paramètres étudiés parmi les sites tributaires du delta des rivières de la Paix et Athabasca. 
• En général, les concentrations des métaux, du phosphore et du mercure dans les rivières McIvor et Birch étaient plus élevées que dans d’autres tributaires. Étant donné la nature très variable de la chimie aquatique au sein des sites tributaires du delta et entre eux, il sera nécessaire de continuer à faire de l’échantillonnage pour pouvoir caractériser de façon adéquate l’état et les tendances de ces nouveaux sites. 
4. Distributions dans la concentration du phosphore
• Le long du cours inférieur de la rivière Athabasca, la plus grande différence (hausse) pour le phosphore se trouvait entre les points M2 et M3, alors que les concentrations restaient semblables de M3 à M9. 
• Les valeurs du phosphore dissous étaient les plus basses dans la rivière de la Paix (M12); la rivière des Esclaves (de M11A à SL2) semblant présenter un mélange des concentrations différentielles des deux contributeurs principaux. 
5. Distribution pour le sélénium dissous 
• Contrairement aux tendances discutées pour les autres paramètres, les concentrations de sélénium dissous montraient des hausses graduelles significatives sur le plan statistique de la concentration entre M3 et M6, après quoi les concentrations se stabilisent aux sites en aval (M7 à M9). Cette distribution variait selon la période de l’année, mais était la plus évidente dans des conditions de débit élevé, durant la crue printanière. 

Tous les paramètres sauf un avaient des concentrations consistantes le long du tronçon principal du cours inférieur de la rivière Athabasca, du site M3 au site M9 en aval. Ainsi, les distributions spatiales (autres que celles du sélénium dissous) observées ont été attribuées à des changements dans les apports non liés aux sables bitumineux, comme les apports municipaux ou provenant d’autres activités industrielles, ou à des différences parmi les sources géologiques. Les concentrations croissantes de sélénium dissous de M3 à M6 pourraient être liées à des apports plus élevés des affluents durant la crue printanière, comme l’a signalé Chambers et coll., 2017.

Les distributions saisonnières et les tendances temporelles examinées ont montré : 
1. Les distributions saisonnières typiques de la concentration en relation avec la qualité de l’eau comprenaient des paramètres dissous dont la distribution s’avérait inverse à celle de l’hydrogramme (les concentrations minimales avaient lieu durant les périodes de décharge élevée et les concentrations maximales, lors de débits faibles, sous la glace), alors que les paramètres associés aux particules avaient généralement des concentrations plus élevées durant les périodes de débit élevé du printemps et de l’été, lorsque les charges de sédiments en suspension étaient élevées. 
2. L’analyse des tendances à long terme des données du site M9 ont montré que, pour la période la plus récente (2000-2014), plusieurs paramètres, dont le phosphore dissous et l’ammoniac, montrait une réduction de la concentration alors que les concentrations totales de phosphore (qui augmentaient auparavant) sont maintenant stables. Plusieurs changements parmi les apports anthropiques sont associés à ces tendances, par exemple la mise à niveau de certaines installations et les réductions subséquentes aux charges totales dans le bassin de la rivière Athabasca. 
3. Pour plusieurs ions principaux et métaux dissous pour lesquels on observait une tendance à la hausse au site M9, les résultats étaient semblables aux résultats observés lors de l’examen des tendances à d’autres sites dans les régions nordiques du Canada ne se trouvant pas directement en aval du secteur des sables bitumineux exploitables. Ainsi, les tendances à la hausse signalées pourraient avoir une distribution régionale plus élargie et donc ne pas être directement liées aux activités d’exploitation des sables bitumineux en amont. 

L’évaluation des données selon 39 recommandations pour la qualité de l’eau a révélé que pour 19 des paramètres les valeurs ne dépassaient pas les valeurs recommandées (pas d’excursions). Certains métaux (soit le fer et l’aluminium) avaient couramment (>75 %) des valeurs plus élevées que les valeurs recommandées, en particulier durant les périodes où il y avait une concentration élevée de sédiments en suspension. Les échantillons de mercure total indiquaient des excursions occasionnelles (<6 %) mais, tout comme pour les métaux totaux, ces valeurs étaient associées aux valeurs élevées des sédiments en suspension. Des recommandations propres au site seraient peut-être plus appropriées et avertiraient mieux des changements à la qualité de l’eau, en particulier pour les paramètres associés à des valeurs élevées de sédiments en suspension.?» [traduction]
",,,,,,,,,,,,,,,,,,,,,,,,,,,,,,,,,,,,,,,,,,,,,,,,,,,,,,,,,,,,,,,,,,,,,,,,,,,,,,,,,,,,,,,,,,,,,,,,,,,,,,,,,,,,,,,,,,,,,,,,,,,,,,,,,,,,,,,,,,,,,,,,,,,,,,,,,,,,,,,,,,,,,,,,,,,,,,,,,,,,,,,,,,,,,,,,,,,,,,,,,,,,,,,,,,,,,
Organization Name / Nom de l’organisme,Environment and Climate Change Canada,Environnement et Changement climatique Canada ,,,,,,,,,,,,,,,,,,,,,,,,,,,,,,,,,,,,,,,,,,,,,,,,,,,,,,,,,,,,,,,,,,,,,,,,,,,,,,,,,,,,,,,,,,,,,,,,,,,,,,,,,,,,,,,,,,,,,,,,,,,,,,,,,,,,,,,,,,,,,,,,,,,,,,,,,,,,,,,,,,,,,,,,,,,,,,,,,,,,,,,,,,,,,,,,,,,,,,,,,,,,,,,,,,,,,
"Organization Contact Information / 
Coor-données de l’organi-sation 

","200 Sacre-Coeur Blvd, Gatineau, Quebec,  K1A 0H3","200, boul. Sacré Coeur, Gatineau (Québec)  K1A 0H3",,,,,,,,,,,,,,,,,,,,,,,,,,,,,,,,,,,,,,,,,,,,,,,,,,,,,,,,,,,,,,,,,,,,,,,,,,,,,,,,,,,,,,,,,,,,,,,,,,,,,,,,,,,,,,,,,,,,,,,,,,,,,,,,,,,,,,,,,,,,,,,,,,,,,,,,,,,,,,,,,,,,,,,,,,,,,,,,,,,,,,,,,,,,,,,,,,,,,,,,,,,,,,,,,,,,,
Email / Courriel,enviroinfo@canada.ca,enviroinfo@canada.ca,,,,,,,,,,,,,,,,,,,,,,,,,,,,,,,,,,,,,,,,,,,,,,,,,,,,,,,,,,,,,,,,,,,,,,,,,,,,,,,,,,,,,,,,,,,,,,,,,,,,,,,,,,,,,,,,,,,,,,,,,,,,,,,,,,,,,,,,,,,,,,,,,,,,,,,,,,,,,,,,,,,,,,,,,,,,,,,,,,,,,,,,,,,,,,,,,,,,,,,,,,,,,,,,,,,,,
Program / Programme,Joint Canada-Alberta Implementation Plan for Oil Sands Monitoring (JOSM) Water Implementation Plan Activities - Surface Water Quality - Mainstem Water Quality (http://www.publications.gc.ca/site/eng/436043/publication.html),"Plan de mise en œuvre conjoint Canada-Alberta pour la surveillance visant les sables bitumineux (JOSM), activités du plan de mise en œuvre de l’eau – La qualité de l'eau de surface – Qualité de l'eau du tronçon principal (http://www.publications.gc.ca/site/eng/9.641196/publication.html)",,,,,,,,,,,,,,,,,,,,,,,,,,,,,,,,,,,,,,,,,,,,,,,,,,,,,,,,,,,,,,,,,,,,,,,,,,,,,,,,,,,,,,,,,,,,,,,,,,,,,,,,,,,,,,,,,,,,,,,,,,,,,,,,,,,,,,,,,,,,,,,,,,,,,,,,,,,,,,,,,,,,,,,,,,,,,,,,,,,,,,,,,,,,,,,,,,,,,,,,,,,,,,,,,,,,,
Principal Investigator / Chercheur Principal,Kerry Pippy,Kerry Pippy,,,,,,,,,,,,,,,,,,,,,,,,,,,,,,,,,,,,,,,,,,,,,,,,,,,,,,,,,,,,,,,,,,,,,,,,,,,,,,,,,,,,,,,,,,,,,,,,,,,,,,,,,,,,,,,,,,,,,,,,,,,,,,,,,,,,,,,,,,,,,,,,,,,,,,,,,,,,,,,,,,,,,,,,,,,,,,,,,,,,,,,,,,,,,,,,,,,,,,,,,,,,,,,,,,,,,
Principal Investigator Affiliation / Affiliation du chercheur principal,"Environment and Climate Change Canada, Science and Technology Branch, Water Science and Technology Directorate, Water Quality Monitoring and Surveillance Division","Environnement et Changement climatique Canada, Direction générale des sciences et de la technologie, Direction des sciences et technologie – Eau,  Monitoring et surveillance de la qualité de l'eau",,,,,,,,,,,,,,,,,,,,,,,,,,,,,,,,,,,,,,,,,,,,,,,,,,,,,,,,,,,,,,,,,,,,,,,,,,,,,,,,,,,,,,,,,,,,,,,,,,,,,,,,,,,,,,,,,,,,,,,,,,,,,,,,,,,,,,,,,,,,,,,,,,,,,,,,,,,,,,,,,,,,,,,,,,,,,,,,,,,,,,,,,,,,,,,,,,,,,,,,,,,,,,,,,,,,,
"*Co-investigator /
Chercheur associé 
",,,,,,,,,,,,,,,,,,,,,,,,,,,,,,,,,,,,,,,,,,,,,,,,,,,,,,,,,,,,,,,,,,,,,,,,,,,,,,,,,,,,,,,,,,,,,,,,,,,,,,,,,,,,,,,,,,,,,,,,,,,,,,,,,,,,,,,,,,,,,,,,,,,,,,,,,,,,,,,,,,,,,,,,,,,,,,,,,,,,,,,,,,,,,,,,,,,,,,,,,,,,,,,,,,,,,,,
"*Co-investigator
Affiliation / 
Affiliation du chercheur associé
",,,,,,,,,,,,,,,,,,,,,,,,,,,,,,,,,,,,,,,,,,,,,,,,,,,,,,,,,,,,,,,,,,,,,,,,,,,,,,,,,,,,,,,,,,,,,,,,,,,,,,,,,,,,,,,,,,,,,,,,,,,,,,,,,,,,,,,,,,,,,,,,,,,,,,,,,,,,,,,,,,,,,,,,,,,,,,,,,,,,,,,,,,,,,,,,,,,,,,,,,,,,,,,,,,,,,,,
*Principal Investigator Contact Information / Coor-données de chercheur Principal,kerry.pippy@ec.gc.ca,kerry.pippy@ec.gc.ca,,,,,,,,,,,,,,,,,,,,,,,,,,,,,,,,,,,,,,,,,,,,,,,,,,,,,,,,,,,,,,,,,,,,,,,,,,,,,,,,,,,,,,,,,,,,,,,,,,,,,,,,,,,,,,,,,,,,,,,,,,,,,,,,,,,,,,,,,,,,,,,,,,,,,,,,,,,,,,,,,,,,,,,,,,,,,,,,,,,,,,,,,,,,,,,,,,,,,,,,,,,,,,,,,,,,,
Data Steward(s) / Intendant(s) des données,Minzhen Su,Minzhen Su,,,,,,,,,,,,,,,,,,,,,,,,,,,,,,,,,,,,,,,,,,,,,,,,,,,,,,,,,,,,,,,,,,,,,,,,,,,,,,,,,,,,,,,,,,,,,,,,,,,,,,,,,,,,,,,,,,,,,,,,,,,,,,,,,,,,,,,,,,,,,,,,,,,,,,,,,,,,,,,,,,,,,,,,,,,,,,,,,,,,,,,,,,,,,,,,,,,,,,,,,,,,,,,,,,,,,
Open Government Licence-Canada / Licence du gouver-nement ouvert – Canada ,http://open.canada.ca/en/open-government-licence-canada,http://ouvert.canada.ca/fr/licence-du-gouvernement-ouvert-canada,,,,,,,,,,,,,,,,,,,,,,,,,,,,,,,,,,,,,,,,,,,,,,,,,,,,,,,,,,,,,,,,,,,,,,,,,,,,,,,,,,,,,,,,,,,,,,,,,,,,,,,,,,,,,,,,,,,,,,,,,,,,,,,,,,,,,,,,,,,,,,,,,,,,,,,,,,,,,,,,,,,,,,,,,,,,,,,,,,,,,,,,,,,,,,,,,,,,,,,,,,,,,,,,,,,,,
"Attribution / 
Attribution
","Environment and Climate Change Canada, [Year Accessed].  Data File Name [Name of data file]. Downloaded on [Year-Month-Day] from [Name and URL of the data portal].","Environnement et Changement climatique Canada, [année de la consultation]. Nom du fichier de données [Nom du fichier de données], générée [année-mois-jour]. Téléchargé le [année-mois-jour] depuis [Nom et URL du portail de données].",,,,,,,,,,,,,,,,,,,,,,,,,,,,,,,,,,,,,,,,,,,,,,,,,,,,,,,,,,,,,,,,,,,,,,,,,,,,,,,,,,,,,,,,,,,,,,,,,,,,,,,,,,,,,,,,,,,,,,,,,,,,,,,,,,,,,,,,,,,,,,,,,,,,,,,,,,,,,,,,,,,,,,,,,,,,,,,,,,,,,,,,,,,,,,,,,,,,,,,,,,,,,,,,,,,,,
Acknowledgement statement / Énoncé de reconnaissance ,"The author(s) acknowledge Environment and Climate Change Canada and [if applicable, enter the names of any co-contributors, co-funding agencies, and/or collaborators] for the provision of [type of] data accessed from [Name and URL of the data portal].  [If applicable:  The original data/data files were modified and redistributed and/or used to produce derivative work as follows: …enter details…].    ","Le ou les auteur(s) reconnaissent Environnement et Changement climatique Canada et [s’il y a lieu, entrez les noms des contributeurs, des organismes de cofinancement ou des collaborateurs] pour la prestation du [type de] données consultées depuis [Nom et URL du portail de données]. [S’il y a lieu : les données/fichiers de données d’origine ont été modifiés, redistribués et/ou utilisés pour des travaux dérivés, à savoir : …précisez…].    ",,,,,,,,,,,,,,,,,,,,,,,,,,,,,,,,,,,,,,,,,,,,,,,,,,,,,,,,,,,,,,,,,,,,,,,,,,,,,,,,,,,,,,,,,,,,,,,,,,,,,,,,,,,,,,,,,,,,,,,,,,,,,,,,,,,,,,,,,,,,,,,,,,,,,,,,,,,,,,,,,,,,,,,,,,,,,,,,,,,,,,,,,,,,,,,,,,,,,,,,,,,,,,,,,,,,,
"Quality Assurance Level and Disclaimer / 
Niveau d’assurance de la qualité et avis de non-responsa-bilité
","Level 1, defined as a complete data set of specified quality that consists of research products subjected to quality assurance and quality control checks and data management procedures.","Définition du niveau 1 : ensemble de données complet d’une qualité précisée, qui regroupe des produits de recherche soumis à des vérifications d’assurance et de contrôle de la qualité et à des procédures de gestion des données.",,,,,,,,,,,,,,,,,,,,,,,,,,,,,,,,,,,,,,,,,,,,,,,,,,,,,,,,,,,,,,,,,,,,,,,,,,,,,,,,,,,,,,,,,,,,,,,,,,,,,,,,,,,,,,,,,,,,,,,,,,,,,,,,,,,,,,,,,,,,,,,,,,,,,,,,,,,,,,,,,,,,,,,,,,,,,,,,,,,,,,,,,,,,,,,,,,,,,,,,,,,,,,,,,,,,,
Flag column pertain to the numerical value in the data column immediately to the right / Colonne du marquer se rapportent à la valeur numérique dans les données de la colonne immédiatement à la droite,,,,,,,,,,,,,,,,,,,,,,,,,,,,,,,,,,,,,,,,,,,,,,,,,,,,,,,,,,,,,,,,,,,,,,,,,,,,,,,,,,,,,,,,,,,,,,,,,,,,,,,,,,,,,,,,,,,,,,,,,,,,,,,,,,,,,,,,,,,,,,,,,,,,,,,,,,,,,,,,,,,,,,,,,,,,,,,,,,,,,,,,,,,,,,,,,,,,,,,,,,,,,,,,,,,,,,,
Field Sample Number / Numéro de l'échantillon sur le terrain,Project Name / Nom du projet,Station or Location Name / Nom du la station et lieu ,Station Number / Numéro de la station,Latitude (Decimal Degrees) / Latitude (degrés décimaux),Longitude (Decimal Degrees) / Longitude (degrés décimaux),Sample Date (yyyy-mm-dd hh:mm:ss ) / Date de l'échantillon(aaaa-mm-jj hh:mm:ss),Matrix /  Matrice,Sample Type / Type d'échantillon,Water Depth (m) / La profondeur de l’eau (m),Flag/Marqueur,BICARBONATE (CALCD. 006201-L) (MG/L) / Bicarbonate (calculé 006201-L) (MG/L),Flag/Marqueur,CARBONATE (CALCD. 006301-L) (MG/L) / Carbonate (calculé 006301-L) (MG/L),Flag/Marqueur,FREE CO2 (CALCD. 006401-L) (MG/L) / Dioxyde de carbone libre (calculé 006401-L) (MG/L),Flag/Marqueur,HARDNESS NON-CARBONATED (CALCD. 010650-L) (MG/L) / Dureté non-cabronatée (calculé 010650-L) (MG/L),Flag/Marqueur,HARDNESS TOTAL (CALCD. 010602-L) CaCO3 (MG/L) / Dureté totale (caculé 010602-L) CaCO3 (MG/L),Flag/Marqueur,HYDROXIDE (CALCD. 008501-L) (MG/L) / Hydroxyde (calculé 008501-L) (MG/L),Flag/Marqueur,SATURATION INDEX (CALCD. 000210-L) (pH Units) / Indice de saturation (calculé 000210-L) (unités de pH) ,Flag/Marqueur,SODIUM ADSORPTION RATIO (CALCD. 011201-L) (Relative Units) / Ratio adsorption sodium (calculé 011201-L) (unités relative),Flag/Marqueur,SODIUM PERCENTAGE (CALCD. 011250-L) (%) / Pourcentage sodium (calculé 011250-L) (%),Flag/Marqueur,STABILITY INDEX (CALCD. 000211-L) (pH units) / Indice de stabilité (calculé 000211-L) (unités de pH) ,Flag/Marqueur,TOTAL DISSOLVED SOLIDS (CALCD. 000202-L) (MG/L) / Solides dissous totaux (calculé 000202-L) (MG/L),Flag/Marqueur,COLOUR TRUE (102559-L) (CU) / Couleur vraie (102559-L) (unités de couleur),Flag/Marqueur,TURBIDITY (104288-L) (NTU) / Turbidité (104788-L) (UTN),Flag/Marqueur,ALKALINITY GRAN CaCO3 (010110-L) (MG/L) / Alcalinité Gran CaCO3 (010110-L) (MG/L),Flag/Marqueur,ALKALINITY PHENOLPHTHALEIN CaCO3 (010151-L) (MG/L) / Alcalinité phénolphtaléine CaCO3 (010151-L) (MG/L),Flag/Marqueur,ALKALINITY TOTAL CaCO3 (010111-L) (MG/L) / Alcalinité totale CaCO3 (010111-L) (MG/L),Flag/Marqueur,CALCIUM DISSOLVED (FILTERED 020103-L) (MG/L) / Calcium dissous (filtré 020103-L) (MG/L),Flag/Marqueur,CHLORIDE DISSOLVED (108311-L) (MG/L) / Chlorures dissous (108311-L) (MG/L),Flag/Marqueur,FLUORIDE DISSOLVED (108310-L) (MG/L) / Fluorure dissous (108310-L) (MG/L),Flag/Marqueur,MAGNESIUM DISSOLVED (FILTERED 012102-L) (MG/L) / Magnésium dissous (filtré 012102-L) (MG/L),Flag/Marqueur,PH (010301-L) (pH units) / pH (010301-L) (unités de pH),Flag/Marqueur,POTASSIUM DISSOLVED (FILTERED 100499-L) (MG/L) / Potassium dissous (filtré 100499-L) (MG/L),Flag/Marqueur,SIO2 (014108-L) (MG/L) / SiO2  (014108-L) (MG/L),Flag/Marqueur,SODIUM DISSOLVED (FILTERED 100500-L) (MG/L) / Sodium dissous (filtré 100500-L) (MG/L),Flag/Marqueur,SULPHATE DISSOLVED (108312-L) (MG/L) / Sulfates dissous (108312-L) (MG/L),Flag/Marqueur,CALCIUM DISSOLVED (FILTERED 109109-L) (MG/L) / Calcium dissous (filtré 109109-L) (MG/L),Flag/Marqueur,MAGNESIUM DISSOLVED (FILTERED 109111-L) (MG/L) / Magnésium dissous (filtré 109111-L) (MG/L),Flag/Marqueur,POTASSIUM DISSOLVED (FILTERED 109110-L) (MG/L) / Potassium dissous (filtré 109110-L) (MG/L),Flag/Marqueur,SIO2 (109113-L) (MG/L) / Silice réactive soluble  (109113-L) (MG/L),Flag/Marqueur,SODIUM DISSOLVED (FILTERED 109112-L) (MG/L) / Sodium dissous (filtré 109112-L) (MG/L),Flag/Marqueur,COLOUR TRUE (002021-L) (Relative units) / Couleur vraie (002021-L) (unités relative),Flag/Marqueur,SPECIFIC CONDUCTANCE (002041-L) (USIE/CM) / Conductance spécifique (002041-L) (USIE/CM),Flag/Marqueur,TURBIDITY (002081-L) (NTU) / Turbidité (002081-L) (UTN),Flag/Marqueur,OXYGEN DISSOLVED (008102-F) (MG/L) / Oxygène dissous (008102-F) (MG/L),Flag/Marqueur,PH (010301-F) (pH units) / pH (010301-F) (unités de pH),Flag/Marqueur,SPECIFIC CONDUCTANCE (002041-F) (USIE/CM) / Conductance spécifique (002041-F) (USIE/CM),Flag/Marqueur,TEMPERATURE WATER (002061-F) (DEG C) / Température (eau) (002061-F) (deg C),Flag/Marqueur,TURBIDITY (002081-F) (NTU) / Turbidité (002081-F) (UTN),Flag/Marqueur,TURBIDITY (000459-L) (NTU) / Turbidité (000459-L) (UTN),Flag/Marqueur,COLOUR TRUE (005078-L) (CU) / Couleur vraie (005078-L) (unités de couleur),Flag/Marqueur,Flag/Marqueur,Flag/Marqueur,Flag/Marqueur,Flag/Marqueur,Flag/Marqueur,Flag/Marqueur,Flag/Marqueur,Flag/Marqueur,Flag/Marqueur,Flag/Marqueur,Flag/Marqueur,Flag/Marqueur,Flag/Marqueur,Flag/Marqueur,Flag/Marqueur,Flag/Marqueur,Flag/Marqueur,Flag/Marqueur,Flag/Marqueur,Flag/Marqueur,Flag/Marqueur,Flag/Marqueur,Flag/Marqueur,Flag/Marqueur,Flag/Marqueur,Flag/Marqueur,Flag/Marqueur,Flag/Marqueur,Flag/Marqueur,Flag/Marqueur,Flag/Marqueur,Flag/Marqueur,Flag/Marqueur,Flag/Marqueur,Flag/Marqueur,Flag/Marqueur,Flag/Marqueur,Flag/Marqueur,Flag/Marqueur,Flag/Marqueur,Flag/Marqueur,Flag/Marqueur,Flag/Marqueur,Flag/Marqueur,Flag/Marqueur,Flag/Marqueur,Flag/Marqueur,Flag/Marqueur,Flag/Marqueur,Flag/Marqueur,Flag/Marqueur,Flag/Marqueur,Flag/Marqueur,Flag/Marqueur,Flag/Marqueur,Flag/Marqueur,Flag/Marqueur,Flag/Marqueur,Flag/Marqueur,Flag/Marqueur,Flag/Marqueur,Flag/Marqueur,Flag/Marqueur,Flag/Marqueur,Flag/Marqueur,Flag/Marqueur,Flag/Marqueur,Flag/Marqueur,Flag/Marqueur,Flag/Marqueur,Flag/Marqueur,Flag/Marqueur,Flag/Marqueur,Flag/Marqueur,Flag/Marqueur,Flag/Marqueur,Flag/Marqueur,Flag/Marqueur,Flag/Marqueur,Flag/Marqueur,Flag/Marqueur,Flag/Marqueur,Flag/Marqueur,Flag/Marqueur,Flag/Marqueur,Flag/Marqueur,Flag/Marqueur,Flag/Marqueur,Flag/Marqueur,Flag/Marqueur,Flag/Marqueur,Flag/Marqueur,Flag/Marqueur,Flag/Marqueur,Flag/Marqueur,Flag/Marqueur,Flag/Marqueur,Flag/Marqueur,Flag/Marqueur,Flag/Marqueur,Flag/Marqueur,Flag/Marqueur,Flag/Marqueur,Flag/Marqueur,Flag/Marqueur,Flag/Marqueur,Flag/Marqueur,Flag/Marqueur,Flag/Marqueur,Flag/Marqueur,Flag/Marqueur,Flag/Marqueur,Flag/Marqueur,Flag/Marqueur,Flag/Marqueur,Flag/Marqueur,Flag/Marqueur,Flag/Marqueur,Flag/Marqueur,Flag/Marqueur,Flag/Marqueur,Flag/Marqueur,Flag/Marqueur,Flag/Marqueur,Flag/Marqueur
2011PN200001,OIL SANDS LONGTERM WQ MONITORING,M4 LT WQ PANEL 1 OF 10,AL07DD0004,57.12622222,-111.6040278,2011-10-27 11:56,WATER,VERTICAL INTEGRATED,0.27,,148.718,,0,,1.537,,12.032,,134.032,,0,,-0.261,,0.61,,20.602,,8.703,,185.364,,,,,,NA,,NA,,122,,36.2,,11.9,,0.11,,10.6,,8.18,,1.47,,3.44,,16.2,,32.2,,,,,,,,,,,,8,,329,,5,EVENTF,14.07,,6.59,,327,,2.93,,,,,,,,,,,,,,,,,,,,,,,,,,,,,,,,,,,,,,,,,,,,,,,,,,,,,,,,,,,,,,,,,,,,,,,,,,,,,,,,,,,,,,,,,,,,,,,,,,,,,,,,,,,,,,,,,,,,,,,,,,,,,,,,,,,,
2011PN200002,OIL SANDS LONGTERM WQ MONITORING,M4 LT WQ PANEL 2 OF 10,AL07DD0004,57.12633333,-111.6036111,2011-10-27 12:10,WATER,VERTICAL INTEGRATED,1.01,,147.499,,0,,1.524,,9.887,,130.887,,0,,-0.272,,0.57,,19.64,,8.724,,179.999,,,,,,NA,,NA,,121,,35.6,,10.2,,0.11,,10.2,,8.18,,1.43,,3.41,,14.9,,31.5,,,,,,,,,,,,8,,320,,5.4,,NA,,7.09,,317,,2.91,,,,,,,,,,,,,,,,,,,,,,,,,,,,,,,,,,,,,,,,,,,,,,,,,,,,,,,,,,,,,,,,,,,,,,,,,,,,,,,,,,,,,,,,,,,,,,,,,,,,,,,,,,,,,,,,,,,,,,,,,,,,,,,,,,,,
2011PN200003,OIL SANDS LONGTERM WQ MONITORING,M4 LTWQ PANEL 3 OF 10,AL07DD0004,57.12669444,-111.6035278,2011-10-27 12:48,WATER,VERTICAL INTEGRATED,1.58,,146.28,,0,,1.476,,9.139,,129.139,,0,,-0.271,,0.55,,19.204,,8.732,,177.083,,,,,,NA,,NA,,120,,34.9,,9.56,,0.11,,10.2,,8.19,,1.43,,3.43,,14.3,,31.1,,,,,,,,,,,,8,,320,,5.1,,NA,,7.54,,314,,2.97,,,,,,,,,,,,,,,,,,,,,,,,,,,,,,,,,,,,,,,,,,,,,,,,,,,,,,,,,,,,,,,,,,,,,,,,,,,,,,,,,,,,,,,,,,,,,,,,,,,,,,,,,,,,,,,,,,,,,,,,,,,,,,,,,,,,
2011PN200004,OIL SANDS LONGTERM WQ MONITORING,M4 LTWQ PANEL 4 OF 10,AL07DD0004,57.12694444,-111.6030833,2011-10-27 13:02,WATER,VERTICAL INTEGRATED,2.1,,145.061,,0,,1.464,,9.228,,128.228,,0,,-0.276,,0.55,,19.197,,8.742,,174.684,,,,,,NA,,NA,,119,,34.7,,9.04,,0.11,,10.1,,8.19,,1.47,,3.42,,14.2,,30.2,,,,,,,,,,,,8,,317,,5.2,,NA,,7.66,,312,,2.99,,,,,,,,,,,,,,,,,,,,,,,,,,,,,,,,,,,,,,,,,,,,,,,,,,,,,,,,,,,,,,,,,,,,,,,,,,,,,,,,,,,,,,,,,,,,,,,,,,,,,,,,,,,,,,,,,,,,,,,,,,,,,,,,,,,,
2011PN200005,OIL SANDS LONGTERM WQ MONITORING,M4 LTWQ PANEL 5 OF 10,AL07DD0004,57.12697222,-111.6024167,2011-10-27 13:25,WATER,VERTICAL INTEGRATED,2.44,,151.156,,0,,1.456,,3.942,,127.942,,0,,-0.235,,0.53,,18.8,,8.681,,177.274,,,,,,NA,,NA,,124,,34.8,,9.21,,0.11,,9.97,,8.21,,1.41,,3.43,,13.8,,30.1,,,,,,,,,,,,8,,316,,5.2,,NA,,7.73,,310,,3.04,,,,,,,,,,,,,,,,,,,,,,,,,,,,,,,,,,,,,,,,,,,,,,,,,,,,,,,,,,,,,,,,,,,,,,,,,,,,,,,,,,,,,,,,,,,,,,,,,,,,,,,,,,,,,,,,,,,,,,,,,,,,,,,,,,,,
2011PN200006,OIL SANDS LONGTERM WQ MONITORING,M4 LTWQ PANEL 6 OF 10,AL07DD0004,57.12708333,-111.6020556,2011-10-27 14:17,WATER,VERTICAL INTEGRATED,2.5,,145.061,,0,,1.43,,8.404,,127.404,,0,,-0.262,,0.54,,19.2,,8.723,,174.164,,,,,,NA,,NA,,119,,34.7,,9.46,,0.11,,9.9,,8.2,,1.38,,3.47,,14.1,,29.6,,,,,,,,,,,,8,,315,,5.2,,NA,,7.96,,309,,3.11,,,,,,,,,,,,,,,,,,,,,,,,,,,,,,,,,,,,,,,,,,,,,,,,,,,,,,,,,,,,,,,,,,,,,,,,,,,,,,,,,,,,,,,,,,,,,,,,,,,,,,,,,,,,,,,,,,,,,,,,,,,,,,,,,,,,
2011PN200007,OIL SANDS LONGTERM WQ MONITORING,M4 LTWQ PANEL 7 OF 10,AL07DD0004,57.12725,-111.6014722,2011-10-27 14:42,WATER,TRIPLICATE SAMPLE,2.65,,145.061,,0,,1.397,,3.086,,122.086,,0,,-0.274,,0.57,,20.185,,8.758,,172.184,,,,,,NA,,NA,,119,,32.9,,9.97,,0.11,,9.7,,8.21,,1.46,,3.6,,14.4,,28.6,,,,,,,,,,,,8,,309,,5.2,,NA,,7.87,,308,,3.11,,,,,,,,,,,,,,,,,,,,,,,,,,,,,,,,,,,,,,,,,,,,,,,,,,,,,,,,,,,,,,,,,,,,,,,,,,,,,,,,,,,,,,,,,,,,,,,,,,,,,,,,,,,,,,,,,,,,,,,,,,,,,,,,,,,,
2011PN200008,OIL SANDS LONGTERM WQ MONITORING,M4 LTWQ PANEL 8 OF 10,AL07DD0004,57.12733333,-111.6010556,2011-10-27 15:19,WATER,VERTICAL INTEGRATED,2.77,,142.623,,0,,1.509,,6.34,,123.34,,0,,-0.312,,0.57,,20.256,,8.793,,171.554,,,,,,NA,,NA,,117,,33.6,,10.4,,0.11,,9.58,,8.17,,1.39,,3.63,,14.6,,28,,,,,,,,,,,,8,,308,,5.4,,NA,,7.84,,308,,3.13,,,,,,,,,,,,,,,,,,,,,,,,,,,,,,,,,,,,,,,,,,,,,,,,,,,,,,,,,,,,,,,,,,,,,,,,,,,,,,,,,,,,,,,,,,,,,,,,,,,,,,,,,,,,,,,,,,,,,,,,,,,,,,,,,,,,
2011PN200009,OIL SANDS LONGTERM WQ MONITORING,M4 LTWQ PANEL 9 OF 10,AL07DD0004,57.12761111,-111.6001389,2011-10-27 15:34,WATER,VERTICAL INTEGRATED,3.05,,142.623,,0,,1.406,,5.424,,122.424,,0,,-0.287,,0.58,,20.374,,8.774,,171.164,,,,,,NA,,NA,,117,,33.2,,10.8,,0.11,,9.6,,8.2,,1.4,,3.71,,14.6,,27.5,,,,,,,,,,,,15,,311,,5.5,,NA,,7.84,,307,,3.13,,,,,,,,,,,,,,,,,,,,,,,,,,,,,,,,,,,,,,,,,,,,,,,,,,,,,,,,,,,,,,,,,,,,,,,,,,,,,,,,,,,,,,,,,,,,,,,,,,,,,,,,,,,,,,,,,,,,,,,,,,,,,,,,,,,,
2011PN200010,OIL SANDS LONGTERM WQ MONITORING,M4 LT WQ PANEL 10 OF 10,AL07DD0004,57.12763889,-111.6000278,2011-10-27 16:14,WATER,VERTICAL INTEGRATED,2.16,,142.623,,0,,1.406,,3.217,,120.217,,0,,-0.295,,0.59,,20.888,,8.791,,170.534,,,,,,NA,,NA,,117,,32.3,,11.1,,0.11,,9.61,,8.2,,1.41,,3.76,,14.8,,27.2,,,,,,,,,,,,8,,310,,5.5,,NA,,7.82,,308,,3.21,,,,,,,,,,,,,,,,,,,,,,,,,,,,,,,,,,,,,,,,,,,,,,,,,,,,,,,,,,,,,,,,,,,,,,,,,,,,,,,,,,,,,,,,,,,,,,,,,,,,,,,,,,,,,,,,,,,,,,,,,,,,,,,,,,,,
2011PN200011,OIL SANDS LONGTERM WQ MONITORING,M4 LTWQ PANEL 7 OF 10,AL07DD0004,57.12725,-111.6014722,2011-10-27 14:52,WATER,TRIPLICATE SAMPLE,,,143.842,,0,,1.353,,5.543,,123.543,,0,,-0.26,,0.56,,20.007,,8.74,,171.994,,,,,,NA,,NA,,118,,33.5,,10,,0.11,,9.69,,8.22,,1.4,,3.55,,14.4,,28.5,,,,,,,,,,,,8,,313,,5.2,,,,,,,,,,,,,,,,,,,,,,,,,,,,,,,,,,,,,,,,,,,,,,,,,,,,,,,,,,,,,,,,,,,,,,,,,,,,,,,,,,,,,,,,,,,,,,,,,,,,,,,,,,,,,,,,,,,,,,,,,,,,,,,,,,,,,,,,,,,,
2011PN200012,OIL SANDS LONGTERM WQ MONITORING,M4 LTWQ PANEL 7 OF 10,AL07DD0004,57.12725,-111.6014722,2011-10-27 15:02,WATER,TRIPLICATE SAMPLE,,,145.061,,0,,1.333,,3.956,,122.956,,0,,-0.251,,0.56,,19.979,,8.733,,172.394,,,,,,NA,,NA,,119,,33.1,,9.95,,0.11,,9.79,,8.23,,1.35,,3.55,,14.3,,28.8,,,,,,,,,,,,8,,315,,5.3,,,,,,,,,,,,,,,,,,,,,,,,,,,,,,,,,,,,,,,,,,,,,,,,,,,,,,,,,,,,,,,,,,,,,,,,,,,,,,,,,,,,,,,,,,,,,,,,,,,,,,,,,,,,,,,,,,,,,,,,,,,,,,,,,,,,,,,,,,,,
2011PN200013,OIL SANDS LONGTERM WQ MONITORING,ATHABASCA RIVER M4 ABOVE MUSKEG RIVER,AL07DD0004,57.12697222,-111.6024167,2011-10-27 17:00,WATER,EQUAL VOLUME TRANSECT COMPOSITE,,,145.061,,0,,1.397,,6.319,,125.319,,0,,PM,,0.57,,20.11,,PM,,174.884,,,,,,NA,,NA,,119,,33.7,,10.3,,0.11,,10,,8.21,,1.41,,3.52,,14.7,,29.7,,,,,,,,,,,,8,,322,,5.6,,,,,,,,,,,,,,,,,,,,,,,,,,,,,,,,,,,,,,,,,,,,,,,,,,,,,,,,,,,,,,,,,,,,,,,,,,,,,,,,,,,,,,,,,,,,,,,,,,,,,,,,,,,,,,,,,,,,,,,,,,,,,,,,,,,,,,,,,,,,
2011PN200015,OIL SANDS LONGTERM WQ MONITORING,M5 LTWQ PANEL 1 OF 10,AL07DD0005,57.15605556,-111.63,2011-10-29 10:14,WATER,VERTICAL INTEGRATED,0.7,,146.28,,0,,1.224,,9.962,,129.962,,0,,-0.222,,0.58,,19.959,,8.714,,178.348,,,,,,NA,,NA,,120,,34.9,,9.85,,0.11,,10.4,,8.27,,1.45,,3.48,,15.1,,31,,,,,,,,,,,,8,,323,,15,,13.27,,7.24,,314,,2.12,,,,,,,,,,,,,,,,,,,,,,,,,,,,,,,,,,,,,,,,,,,,,,,,,,,,,,,,,,,,,,,,,,,,,,,,,,,,,,,,,,,,,,,,,,,,,,,,,,,,,,,,,,,,,,,,,,,,,,,,,,,,,,,,,,,,
2011PN200016,OIL SANDS LONGTERM WQ MONITORING,M5 LTWQ PANEL 2 OF 10,AL07DD0005,57.15633333,-111.6294167,2011-10-29 11:32,WATER,VERTICAL INTEGRATED,1.25,,146.28,,0,,1.224,,9.962,,129.962,,0,,-0.22,,0.59,,20.271,,8.71,,178.583,,,,,,NA,,NA,,120,,34.9,,9.78,,0.11,,10.4,,8.27,,1.48,,3.46,,15.4,,31,,,,,,,,,,,,8,,321,,13,,13.43,,7.84,,316,,2.18,,,,,,,,,,,,,,,,,,,,,,,,,,,,,,,,,,,,,,,,,,,,,,,,,,,,,,,,,,,,,,,,,,,,,,,,,,,,,,,,,,,,,,,,,,,,,,,,,,,,,,,,,,,,,,,,,,,,,,,,,,,,,,,,,,,,
2011PN200017,OIL SANDS LONGTERM WQ MONITORING,M5 LTWQ PANEL 3 OF 10,AL07DD0005,57.15655556,-111.6286944,2011-10-29 11:45,WATER,VERTICAL INTEGRATED,1.28,,145.061,,0,,1.213,,10.874,,129.874,,0,,-0.225,,0.6,,20.704,,8.721,,177.834,,,,,,NA,,NA,,119,,34.7,,9.87,,0.11,,10.5,,8.27,,1.45,,3.46,,15.8,,30.5,,,,,,,,,,,,8,,319,,7.4,,13.45,,7.88,,310,,2.21,,,,,,,,,,,,,,,,,,,,,,,,,,,,,,,,,,,,,,,,,,,,,,,,,,,,,,,,,,,,,,,,,,,,,,,,,,,,,,,,,,,,,,,,,,,,,,,,,,,,,,,,,,,,,,,,,,,,,,,,,,,,,,,,,,,,
2011PN200018,OIL SANDS LONGTERM WQ MONITORING,M5 LTWQ PANEL 4 OF 10,AL07DD0005,57.15669444,-111.62825,2011-10-29 12:04,WATER,VERTICAL INTEGRATED,1.31,,146.28,,0,,1.224,,10.3,,130.3,,0,,-0.213,,0.6,,20.656,,8.697,,178.754,,,,,,NA,,NA,,120,,35.2,,10,,0.11,,10.3,,8.27,,1.42,,3.48,,15.8,,30.4,,,,,,,,,,,,8,,317,,6.7,,13.45,,7.9,,314,,2.26,,,,,,,,,,,,,,,,,,,,,,,,,,,,,,,,,,,,,,,,,,,,,,,,,,,,,,,,,,,,,,,,,,,,,,,,,,,,,,,,,,,,,,,,,,,,,,,,,,,,,,,,,,,,,,,,,,,,,,,,,,,,,,,,,,,,
2011PN200019,OIL SANDS LONGTERM WQ MONITORING,M5 LTWQ PANEL 5 OF 10,AL07DD0005,57.15680556,-111.6275,2011-10-29 12:24,WATER,VERTICAL INTEGRATED,1.71,,145.061,,0,,1.272,,8.89,,127.89,,0,,-0.245,,0.6,,20.741,,8.741,,176.574,,,,,,NA,,NA,,119,,34.4,,10.3,,0.11,,10.2,,8.25,,1.47,,3.45,,15.6,,29.6,,,,,,,,,,,,8,,317,,5.7,,13.47,,7.91,,313,,2.29,,,,,,,,,,,,,,,,,,,,,,,,,,,,,,,,,,,,,,,,,,,,,,,,,,,,,,,,,,,,,,,,,,,,,,,,,,,,,,,,,,,,,,,,,,,,,,,,,,,,,,,,,,,,,,,,,,,,,,,,,,,,,,,,,,,,
2011PN200020,OIL SANDS LONGTERM WQ MONITORING,M5 LTWQ PANEL 6 OF 10,AL07DD0005,57.15683333,-111.6265278,2011-10-29 13:36,WATER,VERTICAL INTEGRATED,1.92,,146.28,,0,,1.195,,6.729,,126.729,,0,,-0.212,,0.62,,21.324,,8.705,,176.394,,,,,,NA,,NA,,120,,34.1,,10.7,,0.11,,10.1,,8.28,,1.39,,3.65,,16,,28.3,,,,,,,,,,,,8,,318,,5.2,,13.48,,8,,312,,2.38,,,,,,,,,,,,,,,,,,,,,,,,,,,,,,,,,,,,,,,,,,,,,,,,,,,,,,,,,,,,,,,,,,,,,,,,,,,,,,,,,,,,,,,,,,,,,,,,,,,,,,,,,,,,,,,,,,,,,,,,,,,,,,,,,,,,
2011PN200021,OIL SANDS LONGTERM WQ MONITORING,M5 LTWQ PANEL 7 OF 10,AL07DD0005,57.15686111,-111.6257222,2011-10-29 14:07,WATER,TRIPLICATE SAMPLE,2.07,,145.061,,0,,1.131,,7.567,,126.567,,0,,-0.192,,0.62,,21.443,,8.684,,175.914,,,,,,NA,,NA,,119,,34.2,,11.1,,0.11,,10,,8.3,,1.43,,3.73,,16.1,,27.8,,,,,,,,,,,,8,,321,,5.3,,13.49,,7.95,,312,,2.46,,,,,,,,,,,,,,,,,,,,,,,,,,,,,,,,,,,,,,,,,,,,,,,,,,,,,,,,,,,,,,,,,,,,,,,,,,,,,,,,,,,,,,,,,,,,,,,,,,,,,,,,,,,,,,,,,,,,,,,,,,,,,,,,,,,,
2011PN200022,OIL SANDS LONGTERM WQ MONITORING,M5 LTWQ PANEL 8 OF 10,AL07DD0005,57.15705556,-111.6250278,2011-10-29 14:19,WATER,VERTICAL INTEGRATED,2.04,,145.061,,0,,1.185,,7.979,,126.979,,0,,-0.211,,0.62,,21.389,,8.702,,175.994,,,,,,NA,,NA,,119,,34.2,,11.1,,0.11,,10.1,,8.28,,1.43,,3.81,,16.1,,27.7,,,,,,,,,,,,8,,318,,5.5,,13.5,,7.95,,312,,2.49,,,,,,,,,,,,,,,,,,,,,,,,,,,,,,,,,,,,,,,,,,,,,,,,,,,,,,,,,,,,,,,,,,,,,,,,,,,,,,,,,,,,,,,,,,,,,,,,,,,,,,,,,,,,,,,,,,,,,,,,,,,,,,,,,,,,
2011PN200023,OIL SANDS LONGTERM WQ MONITORING,M5 LTWQ PANEL 9 OF 10,AL07DD0005,57.15747222,-111.6246944,2011-10-29 14:37,WATER,VERTICAL INTEGRATED,2.23,,143.842,,0,,1.175,,7.656,,125.656,,0,,-0.216,,0.63,,21.668,,8.711,,174.934,,,,,,NA,,NA,,118,,34,,11.1,,0.11,,9.9,,8.28,,1.43,,3.75,,16.2,,27.6,,,,,,,,,,,,10,,317,,5.2,,13.5,,7.96,,312,,2.51,,,,,,,,,,,,,,,,,,,,,,,,,,,,,,,,,,,,,,,,,,,,,,,,,,,,,,,,,,,,,,,,,,,,,,,,,,,,,,,,,,,,,,,,,,,,,,,,,,,,,,,,,,,,,,,,,,,,,,,,,,,,,,,,,,,,
2011PN200024,OIL SANDS LONGTERM WQ MONITORING,M5 LTWQ PANEL 10 OF 10,AL07DD0005,57.15758333,-111.6239444,2011-10-29 15:12,WATER,VERTICAL INTEGRATED,3.51,,147.499,,0,,1.177,,5.82,,126.82,,0,,-0.186,,0.64,,21.829,,8.662,,177.224,,,,,,NA,,NA,,121,,34.4,,11.3,,0.11,,9.94,,8.29,,1.41,,3.72,,16.5,,27.2,,,,,,,,,,,,8,,320,,5.4,,13.49,,7.98,,313,,2.62,,,,,,,,,,,,,,,,,,,,,,,,,,,,,,,,,,,,,,,,,,,,,,,,,,,,,,,,,,,,,,,,,,,,,,,,,,,,,,,,,,,,,,,,,,,,,,,,,,,,,,,,,,,,,,,,,,,,,,,,,,,,,,,,,,,,
2011PN200025,OIL SANDS LONGTERM WQ MONITORING,M5 LTWQ PANEL 7 OF 10,AL07DD0005,57.15686111,-111.6257222,2011-10-29 14:12,WATER,TRIPLICATE SAMPLE,,,145.061,,0,,1.185,,6.662,,125.662,,0,,-0.212,,0.63,,21.674,,8.704,,175.514,,,,,,NA,,NA,,119,,34.2,,11,,0.11,,9.78,,8.28,,1.39,,3.69,,16.2,,27.7,,,,,,,,,,,,10,,316,,5.6,,,,,,,,,,,,,,,,,,,,,,,,,,,,,,,,,,,,,,,,,,,,,,,,,,,,,,,,,,,,,,,,,,,,,,,,,,,,,,,,,,,,,,,,,,,,,,,,,,,,,,,,,,,,,,,,,,,,,,,,,,,,,,,,,,,,,,,,,,,,
2011PN200026,OIL SANDS LONGTERM WQ MONITORING,M5 LTWQ PANEL 7 OF 10,AL07DD0005,57.15686111,-111.6257222,2011-10-29 14:17,WATER,TRIPLICATE SAMPLE,,,145.061,,0,,1.242,,5.951,,124.951,,0,,-0.236,,0.61,,21.117,,8.733,,175.064,,,,,,NA,,NA,,119,,33.8,,11.1,,0.11,,9.85,,8.26,,1.49,,3.77,,15.6,,27.9,,,,,,,,,,,,8,,317,,5.1,,,,,,,,,,,,,,,,,,,,,,,,,,,,,,,,,,,,,,,,,,,,,,,,,,,,,,,,,,,,,,,,,,,,,,,,,,,,,,,,,,,,,,,,,,,,,,,,,,,,,,,,,,,,,,,,,,,,,,,,,,,,,,,,,,,,,,,,,,,,
2011PN200027,OIL SANDS LONGTERM WQ MONITORING,ATHABASCA RIVER M5 ABOVE MACKAY RIVER,AL07DD0005,57.15680556,-111.6270528,2011-10-29 16:28,WATER,EQUAL VOLUME TRANSECT COMPOSITE,,,154.813,,0,,1.295,,0,,126.694,,0,,PM,,0.59,,20.467,,PM,,180.914,,,,,,NA,,NA,,127,,34.3,,10.6,,0.11,,9.97,,8.27,,1.47,,3.82,,15.2,,29.2,,,,,,,,,,,,8,,320,,6.8,,,,,,,,,,,,,,,,,,,,,,,,,,,,,,,,,,,,,,,,,,,,,,,,,,,,,,,,,,,,,,,,,,,,,,,,,,,,,,,,,,,,,,,,,,,,,,,,,,,,,,,,,,,,,,,,,,,,,,,,,,,,,,,,,,,,,,,,,,,,
2011PN200031,OIL SANDS LONGTERM WQ MONITORING,M4 LTWQ PANEL 5 OF 10,AL07DD0004,57.12697222,-111.6024167,2012-02-14 15:04,WATER,VERTICAL INTEGRATED,1.735,,196.259,,0,,4.915,,6.499,,167.499,,0,,-0.532,,0.87,,24.936,,8.864,,248.758,,,,,,NA,,NA,,161,,46.8,,15.5,,0.11,,12.3,,7.8,,2.25,,8.11,,26,,40.1,,,,,,,,,,,,15,,428,,2.9,,12.74,,8.55,,453,,-0.05,,,,,,,,,,,,,,,,,,,,,,,,,,,,,,,,,,,,,,,,,,,,,,,,,,,,,,,,,,,,,,,,,,,,,,,,,,,,,,,,,,,,,,,,,,,,,,,,,,,,,,,,,,,,,,,,,,,,,,,,,,,,,,,,,,,,
2011PN200032,OIL SANDS LONGTERM WQ MONITORING,M4 LTWQ PANEL 9 OF 10,AL07DD0004,57.12761111,-111.6001389,2012-02-14 16:44,WATER,VERTICAL INTEGRATED,2.19,,185.288,,0,,4.974,,4.626,,156.626,,0,,-0.617,,0.98,,27.889,,9.003,,242.718,,,,,,NA,,NA,,152,,43.6,,20.6,,0.11,,11.6,,7.77,,2.08,,8.92,,28.3,,35.4,,,,,,,,,,,,15,,421,,3.1,,12.7,,8.54,,447,,-0.05,,,,,,,,,,,,,,,,,,,,,,,,,,,,,,,,,,,,,,,,,,,,,,,,,,,,,,,,,,,,,,,,,,,,,,,,,,,,,,,,,,,,,,,,,,,,,,,,,,,,,,,,,,,,,,,,,,,,,,,,,,,,,,,,,,,,
2011PN200033,OIL SANDS LONGTERM WQ MONITORING,M4 LT WQ PANEL 10 OF 10,AL07DD0004,57.12763889,-111.6000278,2012-02-14 17:29,WATER,VERTICAL INTEGRATED,1.9,,182.85,,0,,5.024,,4.879,,154.879,,0,,-0.639,,0.99,,28.112,,9.038,,240.964,,,,,,NA,,NA,,150,,42.9,,21.4,,0.11,,11.6,,7.76,,2.08,,9.17,,28.3,,34.5,,,,,,,,,,,,15,,420,,3,,12.79,,8.54,,445,,-0.05,,,,,,,,,,,,,,,,,,,,,,,,,,,,,,,,,,,,,,,,,,,,,,,,,,,,,,,,,,,,,,,,,,,,,,,,,,,,,,,,,,,,,,,,,,,,,,,,,,,,,,,,,,,,,,,,,,,,,,,,,,,,,,,,,,,,
2011PN200034,OIL SANDS LONGTERM WQ MONITORING,ATHABASCA RIVER M4 ABOVE MUSKEG RIVER,AL07DD0004,57.12697222,-111.6024167,2012-02-14 17:35,WATER,EQUAL VOLUME TRANSECT COMPOSITE,,,193.821,,0,,3.589,,3.68,,162.68,,0,,PM,,0.92,,26.134,,PM,,247.535,,,,,,NA,,NA,,159,,45.2,,17.1,,0.12,,12.1,,7.93,,2.21,,8.33,,26.9,,39.2,,,,,,,,,,,,10,,429,,3.2,,,,,,,,,,,,,,,,,,,,,,,,,,,,,,,,,,,,,,,,,,,,,,,,,,,,,,,,,,,,,,,,,,,,,,,,,,,,,,,,,,,,,,,,,,,,,,,,,,,,,,,,,,,,,,,,,,,,,,,,,,,,,,,,,,,,,,,,,,,,
2011PN200035,OIL SANDS LONGTERM WQ MONITORING,ATHABASCA RIVER M5 ABOVE MACKAY RIVER,AL07DD0005,57.15680556,-111.6270528,2012-02-15 19:50,WATER,EQUAL VOLUME TRANSECT COMPOSITE,,,188.945,,0,,2.144,,2.45,,157.45,,0,,PM,,0.97,,27.635,,PM,,245.823,,,,,,NA,,NA,,155,,43.6,,19.6,,0.12,,11.8,,8.14,,2.13,,8.69,,28.1,,37.8,,,,,,,,,,,,10,,429,,3.5,,,,,,,,,,,,,,,,,,,,,,,,,,,,,,,,,,,,,,,,,,,,,,,,,,,,,,,,,,,,,,,,,,,,,,,,,,,,,,,,,,,,,,,,,,,,,,,,,,,,,,,,,,,,,,,,,,,,,,,,,,,,,,,,,,,,,,,,,,,,
2011PN200036,OIL SANDS LONGTERM WQ MONITORING,M5 LTWQ PANEL 5 OF 10,AL07DD0005,57.15680556,-111.6275,2012-02-15 14:26,WATER,TRIPLICATE SAMPLE,,,187.726,,0,,4.593,,1.04,,155.04,,0,,0.228,,0.97,,27.803,,7.353,,244.138,,,,,,NA,,NA,,154,,42.8,,20.5,,0.11,,11.7,,7.81,,2.09,,8.79,,27.9,,36.9,,,,,,,,,,,,8,,427,,3,,12.17,,8.16,,288,,-0.06,,,,,,,,,,,,,,,,,,,,,,,,,,,,,,,,,,,,,,,,,,,,,,,,,,,,,,,,,,,,,,,,,,,,,,,,,,,,,,,,,,,,,,,,,,,,,,,,,,,,,,,,,,,,,,,,,,,,,,,,,,,,,,,,,,,,
2011PN200037,OIL SANDS LONGTERM WQ MONITORING,M5 LTWQ PANEL 5 OF 10,AL07DD0005,57.15680556,-111.6275,2012-02-15 14:36,WATER,TRIPLICATE SAMPLE,,,187.726,,0,,4.488,,2.451,,156.451,,0,,0.242,,0.96,,27.548,,7.335,,244.188,,,,,,NA,,NA,,154,,43.2,,19.9,,0.11,,11.8,,7.82,,2.12,,8.61,,27.8,,37.3,,,,,,,,,,,,8,,427,,3,,,,,,,,,,,,,,,,,,,,,,,,,,,,,,,,,,,,,,,,,,,,,,,,,,,,,,,,,,,,,,,,,,,,,,,,,,,,,,,,,,,,,,,,,,,,,,,,,,,,,,,,,,,,,,,,,,,,,,,,,,,,,,,,,,,,,,,,,,,,
2011PN200040,OIL SANDS LONGTERM WQ MONITORING,M5 LTWQ PANEL 5 OF 10,AL07DD0005,57.15680556,-111.6275,2012-02-15 14:16,WATER,TRIPLICATE SAMPLE,1.23,,186.507,,0,,4.063,,6.36,,159.36,,0,,-0.519,,0.97,,27.471,,8.897,,245.591,,,,,,NA,,NA,,153,,44.2,,20.2,,0.11,,11.9,,7.86,,2.12,,8.8,,28.2,,37.3,,,,,,,,,,,,8,,427,,3,,,,,,,,,,,,,,,,,,,,,,,,,,,,,,,,,,,,,,,,,,,,,,,,,,,,,,,,,,,,,,,,,,,,,,,,,,,,,,,,,,,,,,,,,,,,,,,,,,,,,,,,,,,,,,,,,,,,,,,,,,,,,,,,,,,,,,,,,,,,
2011PN200041,OIL SANDS LONGTERM WQ MONITORING,M5 LTWQ PANEL 9 OF 10,AL07DD0005,57.15747222,-111.6246944,2012-02-15 16:07,WATER,VERTICAL INTEGRATED,0.53,,186.507,,0,,5.007,,1.379,,154.379,,0,,-0.623,,1.03,,28.885,,9.017,,245.416,,,,,,NA,,NA,,153,,42.7,,22.1,,0.11,,11.6,,7.77,,2.07,,9.11,,29.3,,35.7,,,,,,,,,,,,15,,428,,3.1,,12.61,,8.66,,454,,-0.05,,,,,,,,,,,,,,,,,,,,,,,,,,,,,,,,,,,,,,,,,,,,,,,,,,,,,,,,,,,,,,,,,,,,,,,,,,,,,,,,,,,,,,,,,,,,,,,,,,,,,,,,,,,,,,,,,,,,,,,,,,,,,,,,,,,,
2011PN200042,OIL SANDS LONGTERM WQ MONITORING,M5 LTWQ PANEL 10 OF 10,AL07DD0005,57.15758333,-111.6239444,2012-02-15 17:00,WATER,VERTICAL INTEGRATED,4.325,,186.507,,0,,4.892,,0.88,,153.88,,0,,-0.615,,1.02,,28.741,,9.011,,244.766,,,,,,NA,,NA,,153,,42.5,,22.4,,0.11,,11.6,,7.78,,2.06,,9.17,,29,,35.2,,,,,,,,,,,,10,,428,,3.1,,12.58,,8.32,,456,,-0.05,,,,,,,,,,,,,,,,,,,,,,,,,,,,,,,,,,,,,,,,,,,,,,,,,,,,,,,,,,,,,,,,,,,,,,,,,,,,,,,,,,,,,,,,,,,,,,,,,,,,,,,,,,,,,,,,,,,,,,,,,,,,,,,,,,,,
2011PN200046,OIL SANDS LONGTERM WQ MONITORING,M4 LT WQ PANEL 1 OF 10,AL07DD0004,57.12622222,-111.6040278,2012-03-20 10:14,WATER,VERTICAL INTEGRATED,0.275,,185.288,,0,,3.679,,7.609,,159.609,,0,,-0.478,,1,,27.966,,8.856,,248.042,,,,,,NA,,NA,,152,,44.3,,18.4,,0.11,,11.9,,7.9,,2.34,,6.42,,29,,43.3,,,,,,,,,,,,10,,442,,3.1,,11.99,,7.83,,393,,0.02,,,,,,,,,,,,,,,,,,,,,,,,,,,,,,,,,,,,,,,,,,,,,,,,,,,,,,,,,,,,,,,,,,,,,,,,,,,,,,,,,,,,,,,,,,,,,,,,,,,,,,,,,,,,,,,,,,,,,,,,,,,,,,,,,,,,
2011PN200047,OIL SANDS LONGTERM WQ MONITORING,M4 LT WQ PANEL 2 OF 10,AL07DD0004,57.12633333,-111.6036111,2012-03-20 10:33,WATER,VERTICAL INTEGRATED,0.905,,180.412,,0,,3.044,,3.457,,151.457,,0,,-0.451,,0.95,,27.568,,8.872,,237.248,,,,,,NA,,NA,,148,,41.2,,15.8,,0.11,,11.8,,7.97,,2.32,,6.95,,27,,42.2,,,,,,,,,,,,10,,420,,3,,12.12,,7.7,,379,,-0.02,,,,,,,,,,,,,,,,,,,,,,,,,,,,,,,,,,,,,,,,,,,,,,,,,,,,,,,,,,,,,,,,,,,,,,,,,,,,,,,,,,,,,,,,,,,,,,,,,,,,,,,,,,,,,,,,,,,,,,,,,,,,,,,,,,,,
2011PN200048,OIL SANDS LONGTERM WQ MONITORING,M4 LTWQ PANEL 3 OF 10,AL07DD0004,57.12669444,-111.6035278,2012-03-20 10:49,WATER,VERTICAL INTEGRATED,1.185,,181.631,,0,,3.064,,4.455,,153.455,,0,,0.367,,0.94,,27.091,,7.237,,237.88,,,,,,NA,,NA,,149,,42,,15.7,,0.11,,11.8,,7.97,,2.32,,7.1,,26.7,,41.7,,,,,,,,,,,,10,,417,,2.9,,12.08,,7.59,,376,,-0.02,,,,,,,,,,,,,,,,,,,,,,,,,,,,,,,,,,,,,,,,,,,,,,,,,,,,,,,,,,,,,,,,,,,,,,,,,,,,,,,,,,,,,,,,,,,,,,,,,,,,,,,,,,,,,,,,,,,,,,,,,,,,,,,,,,,,
2011PN200049,OIL SANDS LONGTERM WQ MONITORING,M4 LTWQ PANEL 4 OF 10,AL07DD0004,57.12694444,-111.6030833,2012-03-20 11:10,WATER,VERTICAL INTEGRATED,1.285,,179.193,,0,,3.242,,9.289,,156.289,,0,,0.344,,0.93,,26.742,,7.252,,237.743,,,,,,NA,,NA,,147,,43.3,,15.9,,0.11,,11.7,,7.94,,2.29,,7.02,,26.7,,41.5,,,,,,,,,,,,10,,418,,3,,12.35,,7.69,,374,,-0.02,,,,,,,,,,,,,,,,,,,,,,,,,,,,,,,,,,,,,,,,,,,,,,,,,,,,,,,,,,,,,,,,,,,,,,,,,,,,,,,,,,,,,,,,,,,,,,,,,,,,,,,,,,,,,,,,,,,,,,,,,,,,,,,,,,,,
2011PN200050,OIL SANDS LONGTERM WQ MONITORING,M4 LTWQ PANEL 6 OF 10,AL07DD0004,57.12708333,-111.6020556,2012-03-20 12:51,WATER,VERTICAL INTEGRATED,1.975,,173.098,,0,,3.358,,0.569,,142.569,,0,,0.247,,1.02,,29.62,,7.416,,230.766,,,,,,NA,,NA,,142,,38.3,,18.8,,0.11,,11.4,,7.91,,2.17,,7.52,,28.1,,38.2,,,,,,,,,,,,10,,413,,3.1,,12.15,,7.63,,370,,-0.02,,,,,,,,,,,,,,,,,,,,,,,,,,,,,,,,,,,,,,,,,,,,,,,,,,,,,,,,,,,,,,,,,,,,,,,,,,,,,,,,,,,,,,,,,,,,,,,,,,,,,,,,,,,,,,,,,,,,,,,,,,,,,,,,,,,,
2011PN200051,OIL SANDS LONGTERM WQ MONITORING,M4 LTWQ PANEL 7 OF 10,AL07DD0004,57.12725,-111.6014722,2012-03-20 13:06,WATER,VERTICAL INTEGRATED,2.305,,170.66,,0,,3.31,,6.74,,146.74,,0,,0.262,,1.03,,29.478,,7.385,,232.568,,,,,,NA,,NA,,140,,40.3,,19.9,,0.11,,11.2,,7.91,,2.13,,7.98,,28.7,,37.3,,,,,,,,,,,,10,,413,,3.1,,12.23,,7.6,,369,,-0.02,,,,,,,,,,,,,,,,,,,,,,,,,,,,,,,,,,,,,,,,,,,,,,,,,,,,,,,,,,,,,,,,,,,,,,,,,,,,,,,,,,,,,,,,,,,,,,,,,,,,,,,,,,,,,,,,,,,,,,,,,,,,,,,,,,,,
2011PN200052,OIL SANDS LONGTERM WQ MONITORING,M4 LTWQ PANEL 8 OF 10,AL07DD0004,57.12733333,-111.6010556,2012-03-20 13:20,WATER,VERTICAL INTEGRATED,2.355,,168.222,,0,,3.34,,3.584,,141.584,,0,,0.226,,1.07,,30.513,,7.447,,229.765,,,,,,NA,,NA,,138,,38.4,,21.5,,0.11,,11.1,,7.9,,2.09,,8.23,,29.1,,35.5,,,,,,,,,,,,10,,410,,3.2,,12.23,,7.62,,370,,-0.02,,,,,,,,,,,,,,,,,,,,,,,,,,,,,,,,,,,,,,,,,,,,,,,,,,,,,,,,,,,,,,,,,,,,,,,,,,,,,,,,,,,,,,,,,,,,,,,,,,,,,,,,,,,,,,,,,,,,,,,,,,,,,,,,,,,,
2011PN200053,OIL SANDS LONGTERM WQ MONITORING,M5 LTWQ PANEL 1 OF 10,AL07DD0005,57.15605556,-111.63,2012-03-21 10:02,WATER,VERTICAL INTEGRATED,1.07,,179.193,,0,,3.641,,6.455,,153.455,,0,,0.281,,0.95,,27.381,,7.328,,238.93,,,,,,NA,,NA,,147,,42,,16.6,,0.11,,11.8,,7.89,,2.35,,7.13,,27.1,,42.4,,,,,,,,,,,,10,,419,,2.7,,12.1,,7.56,,375,,-0.02,,,,,,,,,,,,,,,,,,,,,,,,,,,,,,,,,,,,,,,,,,,,,,,,,,,,,,,,,,,,,,,,,,,,,,,,,,,,,,,,,,,,,,,,,,,,,,,,,,,,,,,,,,,,,,,,,,,,,,,,,,,,,,,,,,,,
2011PN200054,OIL SANDS LONGTERM WQ MONITORING,M5 LTWQ PANEL 2 OF 10,AL07DD0005,57.15633333,-111.6294167,2012-03-21 10:16,WATER,VERTICAL INTEGRATED,1.39,,176.755,,0,,3.273,,2.3,,147.3,,0,,0.291,,0.98,,28.423,,7.348,,235.551,,,,,,NA,,NA,,145,,39.7,,17.5,,0.12,,11.7,,7.93,,2.27,,7.58,,27.4,,41.2,,,,,,,,,,,,10,,416,,2.7,,12.19,,7.61,,375,,-0.03,,,,,,,,,,,,,,,,,,,,,,,,,,,,,,,,,,,,,,,,,,,,,,,,,,,,,,,,,,,,,,,,,,,,,,,,,,,,,,,,,,,,,,,,,,,,,,,,,,,,,,,,,,,,,,,,,,,,,,,,,,,,,,,,,,,,
2011PN200055,OIL SANDS LONGTERM WQ MONITORING,M5 LTWQ PANEL 3 OF 10,AL07DD0005,57.15655556,-111.6286944,2012-03-21 10:30,WATER,VERTICAL INTEGRATED,1.97,,173.098,,0,,3.685,,9.72,,151.72,,0,,0.245,,0.99,,28.211,,7.381,,234.471,,,,,,NA,,NA,,142,,41.8,,18.6,,0.11,,11.5,,7.87,,2.21,,7.81,,27.9,,38.3,,,,,,,,,,,,10,,412,,2.8,,12.16,,7.65,,365,,-0.03,,,,,,,,,,,,,,,,,,,,,,,,,,,,,,,,,,,,,,,,,,,,,,,,,,,,,,,,,,,,,,,,,,,,,,,,,,,,,,,,,,,,,,,,,,,,,,,,,,,,,,,,,,,,,,,,,,,,,,,,,,,,,,,,,,,,
2011PN200056,OIL SANDS LONGTERM WQ MONITORING,M5 LTWQ PANEL 4 OF 10,AL07DD0005,57.15669444,-111.62825,2012-03-21 10:47,WATER,VERTICAL INTEGRATED,2.28,,168.222,,0,,3.751,,8.989,,146.989,,0,,0.198,,1.03,,29.51,,7.454,,231.74,,,,,,NA,,NA,,138,,40.4,,20.8,,0.11,,11.2,,7.85,,2.16,,8.06,,28.8,,36.4,,,,,,,,,,,,10,,409,,3.1,,12.1,,7.64,,350,,-0.03,,,,,,,,,,,,,,,,,,,,,,,,,,,,,,,,,,,,,,,,,,,,,,,,,,,,,,,,,,,,,,,,,,,,,,,,,,,,,,,,,,,,,,,,,,,,,,,,,,,,,,,,,,,,,,,,,,,,,,,,,,,,,,,,,,,,
2011PN200057,OIL SANDS LONGTERM WQ MONITORING,M5 LTWQ PANEL 6 OF 10,AL07DD0005,57.15683333,-111.6265278,2012-03-21 12:34,WATER,VERTICAL INTEGRATED,0.76,,164.565,,0,,3.669,,5.423,,140.423,,0,,0.163,,1.09,,31.202,,7.524,,228.373,,,,,,NA,,NA,,135,,38.1,,22.9,,0.11,,11,,7.85,,2.04,,8.54,,29.8,,33.9,,,,,,,,,,,,15,,406,,3.2,,12.05,,7.85,,228,,-0.03,,,,,,,,,,,,,,,,,,,,,,,,,,,,,,,,,,,,,,,,,,,,,,,,,,,,,,,,,,,,,,,,,,,,,,,,,,,,,,,,,,,,,,,,,,,,,,,,,,,,,,,,,,,,,,,,,,,,,,,,,,,,,,,,,,,,
2011PN200058,OIL SANDS LONGTERM WQ MONITORING,M5 LTWQ PANEL 7 OF 10,AL07DD0005,57.15686111,-111.6257222,2012-03-21 13:25,WATER,VERTICAL INTEGRATED,2.81,,164.565,,0,,3.503,,6.509,,141.509,,0,,0.19,,1.09,,31.114,,7.49,,229.385,,,,,,NA,,NA,,135,,38.7,,23.4,,0.11,,10.9,,7.87,,2.03,,8.67,,29.9,,33.7,,,,,,,,,,,,10,,406,,3.1,,11.95,,7.77,,200,,-0.03,,,,,,,,,,,,,,,,,,,,,,,,,,,,,,,,,,,,,,,,,,,,,,,,,,,,,,,,,,,,,,,,,,,,,,,,,,,,,,,,,,,,,,,,,,,,,,,,,,,,,,,,,,,,,,,,,,,,,,,,,,,,,,,,,,,,
2011PN200059,OIL SANDS LONGTERM WQ MONITORING,M5 LTWQ PANEL 8 OF 10,AL07DD0005,57.15705556,-111.6250278,2012-03-21 13:40,WATER,VERTICAL INTEGRATED,1.23,,165.784,,0,,3.612,,5.847,,141.847,,0,,0.186,,1.11,,31.424,,7.488,,230.701,,,,,,NA,,NA,,136,,39,,23.9,,0.11,,10.8,,7.86,,2.01,,8.88,,30.4,,33,,,,,,,,,,,,15,,407,,3.2,,11.9,,7.75,,217,,-0.03,,,,,,,,,,,,,,,,,,,,,,,,,,,,,,,,,,,,,,,,,,,,,,,,,,,,,,,,,,,,,,,,,,,,,,,,,,,,,,,,,,,,,,,,,,,,,,,,,,,,,,,,,,,,,,,,,,,,,,,,,,,,,,,,,,,,
2011PN200060,OIL SANDS LONGTERM WQ MONITORING,M4 LTWQ PANEL 5 OF 10,AL07DD0004,57.12697222,-111.6024167,2012-03-20 12:35,WATER,VERTICAL INTEGRATED,1.805,,NC,,NC,,NC,,NC,,NC,,NC,,NC,,,,NC,,NC,,NC,,,,,,,,,,,,,,,,,,,,,,,,,,,,,,,,,,,,,,,,10,,415,,2.8,,12.09,,7.61,,373,,-0.02,,,,,,,,,,,,,,,,,,,,,,,,,,,,,,,,,,,,,,,,,,,,,,,,,,,,,,,,,,,,,,,,,,,,,,,,,,,,,,,,,,,,,,,,,,,,,,,,,,,,,,,,,,,,,,,,,,,,,,,,,,,,,,,,,,,,
2011PN200061,OIL SANDS LONGTERM WQ MONITORING,M4 LTWQ PANEL 9 OF 10,AL07DD0004,57.12761111,-111.6001389,2012-03-20 14:43,WATER,TRIPLICATE SAMPLE,2.205,,163.346,,0,,3.243,,1.179,,135.179,,0,,-0.619,,1.16,,32.806,,9.137,,226.58,,,,,,NA,,NA,,134,,36,,23.7,,0.11,,11,,7.9,,2.03,,8.71,,30.9,,32.8,,,,,,,,,,,,10,,409,,3.3,,11.94,,7.58,,356,,0.02,,,,,,,,,,,,,,,,,,,,,,,,,,,,,,,,,,,,,,,,,,,,,,,,,,,,,,,,,,,,,,,,,,,,,,,,,,,,,,,,,,,,,,,,,,,,,,,,,,,,,,,,,,,,,,,,,,,,,,,,,,,,,,,,,,,,
2011PN200062,OIL SANDS LONGTERM WQ MONITORING,M4 LT WQ PANEL 10 OF 10,AL07DD0004,57.12763889,-111.6000278,2012-03-20 15:26,WATER,VERTICAL INTEGRATED,2.295,,162.127,,0,,3.072,,5.351,,138.351,,0,,-0.583,,1.16,,32.662,,9.087,,228.831,,,,,,NA,,NA,,133,,37.6,,25.4,,0.11,,10.8,,7.92,,2.01,,8.99,,31.4,,31.8,,,,,,,,,,,,10,,409,,3.5,,11.88,,7.58,,365,,0.02,,,,,,,,,,,,,,,,,,,,,,,,,,,,,,,,,,,,,,,,,,,,,,,,,,,,,,,,,,,,,,,,,,,,,,,,,,,,,,,,,,,,,,,,,,,,,,,,,,,,,,,,,,,,,,,,,,,,,,,,,,,,,,,,,,,,
2011PN200063,OIL SANDS LONGTERM WQ MONITORING,M5 LTWQ PANEL 5 OF 10,AL07DD0005,57.15680556,-111.6275,2012-03-21 12:00,WATER,VERTICAL INTEGRATED,1.38,,164.565,,0,,3.756,,7.42,,142.42,,0,,-0.644,,1.07,,30.469,,9.128,,229.061,,,,,,NA,,NA,,135,,38.9,,22.6,,0.11,,11,,7.84,,2.06,,8.49,,29.2,,34.7,,,,,,,,,,,,15,,407,,3.2,,12.03,,7.84,,246,,-0.03,,,,,,,,,,,,,,,,,,,,,,,,,,,,,,,,,,,,,,,,,,,,,,,,,,,,,,,,,,,,,,,,,,,,,,,,,,,,,,,,,,,,,,,,,,,,,,,,,,,,,,,,,,,,,,,,,,,,,,,,,,,,,,,,,,,,
2011PN200064,OIL SANDS LONGTERM WQ MONITORING,M5 LTWQ PANEL 9 OF 10,AL07DD0005,57.15747222,-111.6246944,2012-03-21 14:32,WATER,VERTICAL INTEGRATED,0.45,,164.565,,0,,3.585,,0,,134.106,,0,,-0.658,,1.13,,32.405,,9.177,,226.329,,,,,,NA,,NA,,135,,35.9,,24.1,,0.11,,10.8,,7.86,,2.01,,8.53,,30.1,,32.8,,,,,,,,,,,,10,,407,,3.3,,11.84,,7.78,,282,,-0.03,,,,,,,,,,,,,,,,,,,,,,,,,,,,,,,,,,,,,,,,,,,,,,,,,,,,,,,,,,,,,,,,,,,,,,,,,,,,,,,,,,,,,,,,,,,,,,,,,,,,,,,,,,,,,,,,,,,,,,,,,,,,,,,,,,,,
2011PN200065,OIL SANDS LONGTERM WQ MONITORING,M5 LTWQ PANEL 10 OF 10,AL07DD0005,57.15758333,-111.6239444,2012-03-21 15:22,WATER,TRIPLICATE SAMPLE,4.15,,165.784,,0,,3.697,,2.175,,138.175,,0,,-0.65,,1.13,,31.983,,9.151,,228.809,,,,,,NA,,NA,,136,,37.2,,25,,0.11,,11,,7.85,,2,,8.22,,30.4,,32.3,,,,,,,,,,,,10,,408,,3.3,,11.8,,7.75,,312,,-0.03,,,,,,,,,,,,,,,,,,,,,,,,,,,,,,,,,,,,,,,,,,,,,,,,,,,,,,,,,,,,,,,,,,,,,,,,,,,,,,,,,,,,,,,,,,,,,,,,,,,,,,,,,,,,,,,,,,,,,,,,,,,,,,,,,,,,
2011PN200066,OIL SANDS LONGTERM WQ MONITORING,ATHABASCA RIVER M4 ABOVE MUSKEG RIVER,AL07DD0004,57.12697222,-111.6024167,2012-03-20 15:03,WATER,EQUAL VOLUME TRANSECT COMPOSITE,,,173.098,,0,,2.481,,6.724,,148.724,,0,,PM,,1.04,,29.552,,PM,,235.225,,,,,,NA,,NA,,142,,40.6,,19.3,,0.11,,11.5,,8.04,,2.19,,7.85,,29.2,,38.3,,,,,,,,,,,,10,,417,,3.1,,,,,,,,,,,,,,,,,,,,,,,,,,,,,,,,,,,,,,,,,,,,,,,,,,,,,,,,,,,,,,,,,,,,,,,,,,,,,,,,,,,,,,,,,,,,,,,,,,,,,,,,,,,,,,,,,,,,,,,,,,,,,,,,,,,,,,,,,,,,
2011PN200067,OIL SANDS LONGTERM WQ MONITORING,M4 LTWQ PANEL 9 OF 10,AL07DD0004,57.12761111,-111.6001389,2012-03-20 14:48,WATER,TRIPLICATE SAMPLE,,,163.346,,0,,2.887,,6.186,,140.186,,0,,PM,,1.13,,31.955,,PM,,229.557,,,,,,NA,,NA,,134,,38.5,,24.2,,0.11,,10.7,,7.95,,2.02,,8.51,,30.8,,33.4,,,,,,,,,,,,10,,409,,3.4,,,,,,,,,,,,,,,,,,,,,,,,,,,,,,,,,,,,,,,,,,,,,,,,,,,,,,,,,,,,,,,,,,,,,,,,,,,,,,,,,,,,,,,,,,,,,,,,,,,,,,,,,,,,,,,,,,,,,,,,,,,,,,,,,,,,,,,,,,,,
2011PN200068,OIL SANDS LONGTERM WQ MONITORING,M4 LTWQ PANEL 9 OF 10,AL07DD0004,57.12761111,-111.6001389,2012-03-20 14:53,WATER,TRIPLICATE SAMPLE,,,163.346,,0,,2.756,,5.599,,139.599,,0,,PM,,1.11,,31.691,,PM,,227.731,,,,,,NA,,NA,,134,,38.1,,24,,0.11,,10.8,,7.97,,2.01,,7.89,,30.3,,33.2,,,,,,,,,,,,10,,409,,3.7,,,,,,,,,,,,,,,,,,,,,,,,,,,,,,,,,,,,,,,,,,,,,,,,,,,,,,,,,,,,,,,,,,,,,,,,,,,,,,,,,,,,,,,,,,,,,,,,,,,,,,,,,,,,,,,,,,,,,,,,,,,,,,,,,,,,,,,,,,,,
2011PN200069,OIL SANDS LONGTERM WQ MONITORING,M5 LTWQ PANEL 10 OF 10,AL07DD0005,57.15758333,-111.6239444,2012-03-21 15:32,WATER,TRIPLICATE SAMPLE,,,180.412,,0,,4.214,,0,,140.024,,0,,PM,,1.07,,30.692,,PM,,235.465,,,,,,NA,,NA,,148,,38.6,,24.5,,0.11,,10.6,,7.83,,1.98,,8.9,,29,,32,,,,,,,,,,,,10,,409,,3.3,,,,,,,,,,,,,,,,,,,,,,,,,,,,,,,,,,,,,,,,,,,,,,,,,,,,,,,,,,,,,,,,,,,,,,,,,,,,,,,,,,,,,,,,,,,,,,,,,,,,,,,,,,,,,,,,,,,,,,,,,,,,,,,,,,,,,,,,,,,,
2011PN200070,OIL SANDS LONGTERM WQ MONITORING,M5 LTWQ PANEL 10 OF 10,AL07DD0005,57.15758333,-111.6239444,2012-03-21 15:42,WATER,TRIPLICATE SAMPLE,,,165.784,,0,,3.783,,3.687,,139.687,,0,,PM,,1.08,,30.885,,PM,,228.479,,,,,,NA,,NA,,136,,38.3,,24.6,,0.11,,10.7,,7.84,,2,,8.79,,29.2,,32.2,,,,,,,,,,,,10,,409,,3.2,,,,,,,,,,,,,,,,,,,,,,,,,,,,,,,,,,,,,,,,,,,,,,,,,,,,,,,,,,,,,,,,,,,,,,,,,,,,,,,,,,,,,,,,,,,,,,,,,,,,,,,,,,,,,,,,,,,,,,,,,,,,,,,,,,,,,,,,,,,,
2011PN200074,OIL SANDS LONGTERM WQ MONITORING,ATHABASCA RIVER M5 ABOVE MACKAY RIVER,AL07DD0005,57.15680556,-111.6270528,2012-03-21 16:40,WATER,EQUAL VOLUME TRANSECT COMPOSITE,,,168.222,,0,,2.468,,0.837,,138.837,,0,,PM,,1.07,,30.917,,PM,,229.03,,,,,,NA,,NA,,138,,37.3,,21.6,,0.11,,11.1,,8.03,,2.12,,8.49,,29.1,,35.4,,,,,,,,,,,,10,,409,,3.2,,,,,,,,,,,,,,,,,,,,,,,,,,,,,,,,,,,,,,,,,,,,,,,,,,,,,,,,,,,,,,,,,,,,,,,,,,,,,,,,,,,,,,,,,,,,,,,,,,,,,,,,,,,,,,,,,,,,,,,,,,,,,,,,,,,,,,,,,,,,
2012PN200001,OIL SANDS LONGTERM WQ MONITORING,M4 LTWQ PANEL 5 OF 10,AL07DD0004,57.12697222,-111.6024167,2012-05-09 11:15,WATER,VERTICAL INTEGRATED,3,,104.59,,0,,1.645,,5.473,,91.273,,0,,-0.445,,0.36,,15.423,,8.891,,119.277,,,,,,NA,,NA,,85.8,,26.1,,2.33,,0.07,,6.34,,8,,1.81,,5.82,,7.84,,17,,,,,,,,,,,,70,,215,,130,,10.43,,7.71,EVENTF,188,,10.88,,,,,,,,,,,,,,,,,,,,,,,,,,,,,,,,,,,,,,,,,,,,,,,,,,,,,,,,,,,,,,,,,,,,,,,,,,,,,,,,,,,,,,,,,,,,,,,,,,,,,,,,,,,,,,,,,,,,,,,,,,,,,,,,,,,,
2012PN200002,OIL SANDS LONGTERM WQ MONITORING,M4 LTWQ PANEL 9 OF 10,AL07DD0004,57.12761111,-111.6001389,2012-05-09 13:36,WATER,VERTICAL INTEGRATED,4.9,,92.522,,0,,1.56,,3.212,,79.112,,0,,-0.583,,0.43,,18.989,,9.135,,108.677,,,,,,NA,,NA,,75.9,,22.4,,5.02,,0.07,,5.63,,7.97,,1.75,,6.47,,8.76,,12.7,,,,,,,,,,,,70,,196,,95,,10.44,,7.82,EVENTF,172,,11.13,,,,,,,,,,,,,,,,,,,,,,,,,,,,,,,,,,,,,,,,,,,,,,,,,,,,,,,,,,,,,,,,,,,,,,,,,,,,,,,,,,,,,,,,,,,,,,,,,,,,,,,,,,,,,,,,,,,,,,,,,,,,,,,,,,,,
2012PN200003,OIL SANDS LONGTERM WQ MONITORING,M4 LT WQ PANEL 10 OF 10,AL07DD0004,57.12763889,-111.6000278,2012-05-09 14:17,WATER,VERTICAL INTEGRATED,4.2,,88.743,,0,,1.532,,3.156,,75.956,,0,,-0.625,,0.46,,20.358,,9.211,,105.128,,,,,,NA,,NA,,72.8,,21.4,,5.79,,0.08,,5.47,,7.96,,1.67,,6.58,,9.17,,11,,,,,,,,,,,,75,,190,,90,,10.46,,7.83,EVENTF,167,,11.25,,,,,,,,,,,,,,,,,,,,,,,,,,,,,,,,,,,,,,,,,,,,,,,,,,,,,,,,,,,,,,,,,,,,,,,,,,,,,,,,,,,,,,,,,,,,,,,,,,,,,,,,,,,,,,,,,,,,,,,,,,,,,,,,,,,,
2012PN200004,OIL SANDS LONGTERM WQ MONITORING,ATHABASCA RIVER M4 ABOVE MUSKEG RIVER,AL07DD0004,57.12697222,-111.6024167,2012-05-09 14:00,WATER,ISOKINETIC TRANSECT COMPOSITE - EWI,,,98.251,,0,,1.657,,6.028,,86.628,,0,,PM,,0.39,,16.958,,PM,,114.103,,,,,,NA,,NA,,80.6,,24.8,,3.68,,0.07,,6,,7.97,,1.78,,6.17,,8.34,,14.5,,,,,,,,,,,,65,,203,,110,,,,,,,,,,,,,,,,,,,,,,,,,,,,,,,,,,,,,,,,,,,,,,,,,,,,,,,,,,,,,,,,,,,,,,,,,,,,,,,,,,,,,,,,,,,,,,,,,,,,,,,,,,,,,,,,,,,,,,,,,,,,,,,,,,,,,,,,,,,,
2012PN200005,OIL SANDS LONGTERM WQ MONITORING,M5 LTWQ PANEL 5 OF 10,AL07DD0005,57.15680556,-111.6275,2012-05-10 11:27,WATER,VERTICAL INTEGRATED,3.9,,98.13,,0,,1.655,,3.927,,84.427,,0,,-0.534,,0.39,,17.182,,9.037,,112.621,,,,,,NA,,NA,,80.5,,24.1,,3.31,,0.07,,5.89,,7.97,,1.75,,6.16,,8.26,,14.4,,,,,,,,,,,,70,,201,,110,,10.25,,7.68,EVENTF,179,,10.93,,,,,,,,,,,,,,,,,,,,,,,,,,,,,,,,,,,,,,,,,,,,,,,,,,,,,,,,,,,,,,,,,,,,,,,,,,,,,,,,,,,,,,,,,,,,,,,,,,,,,,,,,,,,,,,,,,,,,,,,,,,,,,,,,,,,
2012PN200006,OIL SANDS LONGTERM WQ MONITORING,M5 LTWQ PANEL 9 OF 10,AL07DD0005,57.15747222,-111.6246944,2012-05-10 12:30,WATER,VERTICAL INTEGRATED,3.7,,89.962,,0,,1.871,,4.315,,78.115,,0,,-0.699,,0.48,,20.744,,9.279,,106.94,,,,,,NA,,NA,,73.8,,22.1,,5.77,,0.07,,5.57,,7.88,,1.74,,6.58,,9.66,,10.9,,,,,,,,,,,,70,,190,,80,,10.36,,7.91,EVENTF,169,,10.84,,,,,,,,,,,,,,,,,,,,,,,,,,,,,,,,,,,,,,,,,,,,,,,,,,,,,,,,,,,,,,,,,,,,,,,,,,,,,,,,,,,,,,,,,,,,,,,,,,,,,,,,,,,,,,,,,,,,,,,,,,,,,,,,,,,,
2012PN200007,OIL SANDS LONGTERM WQ MONITORING,M5 LTWQ PANEL 10 OF 10,AL07DD0005,57.15758333,-111.6239444,2012-05-10 13:00,WATER,VERTICAL INTEGRATED,5.1,,90.45,,0,,1.837,,4.997,,79.197,,0,,-0.676,,0.48,,20.607,,9.242,,107.477,,,,,,NA,,NA,,74.2,,22.5,,5.85,,0.08,,5.59,,7.89,,1.75,,6.62,,9.71,,10.6,,,,,,,,,,,,70,,193,,80,,10.32,,7.87,EVENTF,170,,10.96,,,,,,,,,,,,,,,,,,,,,,,,,,,,,,,,,,,,,,,,,,,,,,,,,,,,,,,,,,,,,,,,,,,,,,,,,,,,,,,,,,,,,,,,,,,,,,,,,,,,,,,,,,,,,,,,,,,,,,,,,,,,,,,,,,,,
2012PN200008,OIL SANDS LONGTERM WQ MONITORING,ATHABASCA RIVER M5 ABOVE MACKAY RIVER,AL07DD0005,57.15680556,-111.6270528,2012-05-10 12:55,WATER,ISOKINETIC TRANSECT COMPOSITE - EWI,,,95.082,,0,,1.844,,6.509,,84.509,,0,,PM,,0.42,,18.145,,PM,,112.08,,,,,,NA,,NA,,78,,24.1,,4.18,,0.07,,5.91,,7.91,,1.8,,6.23,,8.84,,13.8,,,,,,,,,,,,70,,202,,100,,,,,,,,,,,,,,,,,,,,,,,,,,,,,,,,,,,,,,,,,,,,,,,,,,,,,,,,,,,,,,,,,,,,,,,,,,,,,,,,,,,,,,,,,,,,,,,,,,,,,,,,,,,,,,,,,,,,,,,,,,,,,,,,,,,,,,,,,,,,
2012PN200009,OIL SANDS LONGTERM WQ MONITORING,M4 LT WQ PANEL 1 OF 10,AL07DD0004,57.12622222,-111.6040278,2012-06-05 11:21,WATER,VERTICAL INTEGRATED,1.83,,129.214,,0,,1.274,,7.839,,113.839,,0,,0.358,,0.39,,15.164,,7.484,,144.664,,,,,,NA,,NA,,106,,32.4,,2.84,,0.09,,8,,8.2,,1.45,,4.24,,9.5,,22.5,,,,,,,,,,,,25,,259,,24,,9.26,,8.18,,262,,17.01,,,,,,,,,,,,,,,,,,,,,,,,,,,,,,,,,,,,,,,,,,,,,,,,,,,,,,,,,,,,,,,,,,,,,,,,,,,,,,,,,,,,,,,,,,,,,,,,,,,,,,,,,,,,,,,,,,,,,,,,,,,,,,,,,,,,
2012PN200010,OIL SANDS LONGTERM WQ MONITORING,M4 LT WQ PANEL 2 OF 10,AL07DD0004,57.12633333,-111.6036111,2012-06-05 11:47,WATER,VERTICAL INTEGRATED,0.37,,129.214,,0,,1.274,,6.59,,112.59,,0,,0.35,,0.38,,15.114,,7.499,,146.174,,,,,,NA,,NA,,106,,31.9,,3.01,,0.09,,8,,8.2,,1.44,,4.23,,9.36,,24.5,,,,,,,,,,,,25,,256,,25,,9.26,,8.11,,262,,16.95,,,,,,,,,,,,,,,,,,,,,,,,,,,,,,,,,,,,,,,,,,,,,,,,,,,,,,,,,,,,,,,,,,,,,,,,,,,,,,,,,,,,,,,,,,,,,,,,,,,,,,,,,,,,,,,,,,,,,,,,,,,,,,,,,,,,
2012PN200011,OIL SANDS LONGTERM WQ MONITORING,M4 LTWQ PANEL 3 OF 10,AL07DD0004,57.12669444,-111.6035278,2012-06-05 12:01,WATER,VERTICAL INTEGRATED,0.91,,129.214,,0,,1.274,,6.884,,112.884,,0,,0.353,,0.39,,15.157,,7.494,,145.354,,,,,,NA,,NA,,106,,32.1,,2.92,,0.09,,7.95,,8.2,,1.39,,4.25,,9.41,,23.6,,,,,,,,,,,,25,,258,,26,,9.25,,7.98,,262,,16.94,,,,,,,,,,,,,,,,,,,,,,,,,,,,,,,,,,,,,,,,,,,,,,,,,,,,,,,,,,,,,,,,,,,,,,,,,,,,,,,,,,,,,,,,,,,,,,,,,,,,,,,,,,,,,,,,,,,,,,,,,,,,,,,,,,,,
2012PN200012,OIL SANDS LONGTERM WQ MONITORING,M4 LTWQ PANEL 4 OF 10,AL07DD0004,57.12694444,-111.6030833,2012-06-05 12:14,WATER,VERTICAL INTEGRATED,1.01,,127.995,,0,,1.262,,7.22,,112.22,,0,,0.347,,0.38,,15.171,,7.506,,144.634,,,,,,NA,,NA,,105,,31.9,,2.94,,0.09,,7.91,,8.2,,1.43,,4.25,,9.37,,23.7,,,,,,,,,,,,25,,257,,27,,9.24,,7.99,,262,,16.89,,,,,,,,,,,,,,,,,,,,,,,,,,,,,,,,,,,,,,,,,,,,,,,,,,,,,,,,,,,,,,,,,,,,,,,,,,,,,,,,,,,,,,,,,,,,,,,,,,,,,,,,,,,,,,,,,,,,,,,,,,,,,,,,,,,,
2012PN200013,OIL SANDS LONGTERM WQ MONITORING,M4 LTWQ PANEL 5 OF 10,AL07DD0004,57.12697222,-111.6024167,2012-06-05 12:28,WATER,TRIPLICATE SAMPLE,2.09,,130.433,,0,,1.286,,5.53,,112.53,,0,,0.108,,0.38,,14.966,,7.985,,145.274,,,,,,NA,,NA,,107,,31.2,,2.97,,0.09,,8.41,,8.2,,1.37,,4.25,,9.24,,23.5,,,,,,,,,,,,30,,258,,27,,9.23,,7.9,,261,,16.81,,,,,,,,,,,,,,,,,,,,,,,,,,,,,,,,,,,,,,,,,,,,,,,,,,,,,,,,,,,,,,,,,,,,,,,,,,,,,,,,,,,,,,,,,,,,,,,,,,,,,,,,,,,,,,,,,,,,,,,,,,,,,,,,,,,,
2012PN200014,OIL SANDS LONGTERM WQ MONITORING,M4 LTWQ PANEL 6 OF 10,AL07DD0004,57.12708333,-111.6020556,2012-06-05 13:55,WATER,VERTICAL INTEGRATED,2.68,,127.995,,0,,1.233,,8.408,,113.408,,0,,0.354,,0.37,,14.618,,7.502,,144.544,,,,,,NA,,NA,,105,,31.7,,3.12,,0.09,,8.32,,8.21,,1.3,,4.32,,9.05,,23.6,,,,,,,,,,,,25,,260,,26,,9.24,,8.12,,262,,16.66,,,,,,,,,,,,,,,,,,,,,,,,,,,,,,,,,,,,,,,,,,,,,,,,,,,,,,,,,,,,,,,,,,,,,,,,,,,,,,,,,,,,,,,,,,,,,,,,,,,,,,,,,,,,,,,,,,,,,,,,,,,,,,,,,,,,
2012PN200015,OIL SANDS LONGTERM WQ MONITORING,M4 LTWQ PANEL 7 OF 10,AL07DD0004,57.12725,-111.6014722,2012-06-05 14:09,WATER,VERTICAL INTEGRATED,3.48,,126.776,,0,,1.25,,6.878,,110.878,,0,,0.33,,0.39,,15.303,,7.54,,143.504,,,,,,NA,,NA,,104,,31,,3.62,,0.09,,8.13,,8.2,,1.29,,4.39,,9.34,,23.2,,,,,,,,,,,,25,,256,,24,,9.24,,7.93,,260,,16.56,,,,,,,,,,,,,,,,,,,,,,,,,,,,,,,,,,,,,,,,,,,,,,,,,,,,,,,,,,,,,,,,,,,,,,,,,,,,,,,,,,,,,,,,,,,,,,,,,,,,,,,,,,,,,,,,,,,,,,,,,,,,,,,,,,,,
2012PN200016,OIL SANDS LONGTERM WQ MONITORING,M4 LTWQ PANEL 8 OF 10,AL07DD0004,57.12733333,-111.6010556,2012-06-05 14:21,WATER,VERTICAL INTEGRATED,3.87,,119.706,,0,,1.237,,5.875,,104.075,,0,,0.26,,0.43,,17.083,,7.661,,138.064,,,,,,NA,,NA,,98.2,,29.1,,5.42,,0.09,,7.63,,8.18,,1.24,,4.62,,10,,21,,,,,,,,,,,,25,,247,,24,,9.25,,7.96,,252,,16.47,,,,,,,,,,,,,,,,,,,,,,,,,,,,,,,,,,,,,,,,,,,,,,,,,,,,,,,,,,,,,,,,,,,,,,,,,,,,,,,,,,,,,,,,,,,,,,,,,,,,,,,,,,,,,,,,,,,,,,,,,,,,,,,,,,,,
2012PN200017,OIL SANDS LONGTERM WQ MONITORING,M4 LTWQ PANEL 9 OF 10,AL07DD0004,57.12761111,-111.6001389,2012-06-05 14:36,WATER,VERTICAL INTEGRATED,3.96,,110.685,,0,,1.285,,4.269,,95.069,,0,,-0.113,,0.5,,20.012,,8.356,,131.494,,,,,,NA,,NA,,90.8,,26.4,,7.84,,0.09,,7.08,,8.13,,1.18,,4.98,,11.1,,18.3,,,,,,,,,,,,25,,238,,21,,9.29,,7.75,,241,,16.44,,,,,,,,,,,,,,,,,,,,,,,,,,,,,,,,,,,,,,,,,,,,,,,,,,,,,,,,,,,,,,,,,,,,,,,,,,,,,,,,,,,,,,,,,,,,,,,,,,,,,,,,,,,,,,,,,,,,,,,,,,,,,,,,,,,,
2012PN200018,OIL SANDS LONGTERM WQ MONITORING,M4 LT WQ PANEL 10 OF 10,AL07DD0004,57.12763889,-111.6000278,2012-06-05 15:05,WATER,VERTICAL INTEGRATED,4.28,,109.101,,0,,1.297,,4.537,,94.037,,0,,-0.13,,0.52,,20.774,,8.38,,130.624,,,,,,NA,,NA,,89.5,,26.3,,8.61,,0.09,,6.89,,8.12,,1.12,,5.07,,11.5,,17.3,,,,,,,,,,,,25,,233,,20,,9.35,,7.9,,237,,16.48,,,,,,,,,,,,,,,,,,,,,,,,,,,,,,,,,,,,,,,,,,,,,,,,,,,,,,,,,,,,,,,,,,,,,,,,,,,,,,,,,,,,,,,,,,,,,,,,,,,,,,,,,,,,,,,,,,,,,,,,,,,,,,,,,,,,
2012PN200019,OIL SANDS LONGTERM WQ MONITORING,ATHABASCA RIVER M4 ABOVE MUSKEG RIVER,AL07DD0004,57.12697222,-111.6024167,2012-06-05 15:10,WATER,ISOKINETIC TRANSECT COMPOSITE - EWI,,,124.338,,0,,1.315,,2.874,,104.874,,0,,PM,,0.42,,16.851,,PM,,142.124,,,,,,NA,,NA,,102,,29.7,,6.01,,0.09,,7.46,,8.17,,1.23,,4.58,,9.91,,21.9,,,,,,,,,,,,30,,252,,23,,,,,,,,,,,,,,,,,,,,,,,,,,,,,,,,,,,,,,,,,,,,,,,,,,,,,,,,,,,,,,,,,,,,,,,,,,,,,,,,,,,,,,,,,,,,,,,,,,,,,,,,,,,,,,,,,,,,,,,,,,,,,,,,,,,,,,,,,,,,
2012PN200020,OIL SANDS LONGTERM WQ MONITORING,M5 LTWQ PANEL 1 OF 10,AL07DD0005,57.15605556,-111.63,2012-06-06 10:33,WATER,VERTICAL INTEGRATED,1.48,,132.871,,0,,1.508,,12.125,,121.125,,0,,0.327,,0.39,,14.771,,7.485,,151.253,,,,,,NA,,NA,,109,,33.9,,2.94,,0.09,,8.86,,8.14,,1.44,,4.18,,9.79,,24.6,,,,,,,,,,,,25,,269,,28,,9.65,,8.01,,271,,16.09,,,,,,,,,,,,,,,,,,,,,,,,,,,,,,,,,,,,,,,,,,,,,,,,,,,,,,,,,,,,,,,,,,,,,,,,,,,,,,,,,,,,,,,,,,,,,,,,,,,,,,,,,,,,,,,,,,,,,,,,,,,,,,,,,,,,
2012PN200021,OIL SANDS LONGTERM WQ MONITORING,M5 LTWQ PANEL 2 OF 10,AL07DD0005,57.15633333,-111.6294167,2012-06-06 10:45,WATER,VERTICAL INTEGRATED,3.22,,131.652,,0,,1.494,,12.505,,120.505,,0,,0.323,,0.38,,14.718,,7.495,,150.424,,,,,,NA,,NA,,108,,33.8,,2.98,,0.09,,8.77,,8.14,,1.44,,4.1,,9.7,,24.7,,,,,,,,,,,,25,,268,,25,,9.62,,7.84,,270,,16.07,,,,,,,,,,,,,,,,,,,,,,,,,,,,,,,,,,,,,,,,,,,,,,,,,,,,,,,,,,,,,,,,,,,,,,,,,,,,,,,,,,,,,,,,,,,,,,,,,,,,,,,,,,,,,,,,,,,,,,,,,,,,,,,,,,,,
2012PN200022,OIL SANDS LONGTERM WQ MONITORING,M5 LTWQ PANEL 3 OF 10,AL07DD0005,57.15655556,-111.6286944,2012-06-06 10:49,WATER,VERTICAL INTEGRATED,3.03,,130.433,,0,,1.515,,12.552,,119.552,,0,,0.306,,0.39,,14.977,,7.517,,147.604,,,,,,NA,,NA,,107,,33.6,,3.19,,0.09,,8.66,,8.13,,1.41,,4.19,,9.82,,22.4,,,,,,,,,,,,25,,266,,27,,9.62,,7.88,,268,,16.12,,,,,,,,,,,,,,,,,,,,,,,,,,,,,,,,,,,,,,,,,,,,,,,,,,,,,,,,,,,,,,,,,,,,,,,,,,,,,,,,,,,,,,,,,,,,,,,,,,,,,,,,,,,,,,,,,,,,,,,,,,,,,,,,,,,,
2012PN200023,OIL SANDS LONGTERM WQ MONITORING,M5 LTWQ PANEL 4 OF 10,AL07DD0005,57.15669444,-111.62825,2012-06-06 11:07,WATER,VERTICAL INTEGRATED,2.86,,124.338,,0,,1.478,,11.738,,113.738,,0,,0.252,,0.42,,16.39,,7.617,,144.724,,,,,,NA,,NA,,102,,31.7,,4.45,,0.09,,8.4,,8.12,,1.37,,4.37,,10.4,,22.7,,,,,,,,,,,,25,,258,,27,,9.6,,7.89,,262,,16.09,,,,,,,,,,,,,,,,,,,,,,,,,,,,,,,,,,,,,,,,,,,,,,,,,,,,,,,,,,,,,,,,,,,,,,,,,,,,,,,,,,,,,,,,,,,,,,,,,,,,,,,,,,,,,,,,,,,,,,,,,,,,,,,,,,,,
2012PN200024,OIL SANDS LONGTERM WQ MONITORING,M5 LTWQ PANEL 5 OF 10,AL07DD0005,57.15680556,-111.6275,2012-06-06 11:24,WATER,VERTICAL INTEGRATED,3.07,,119.462,,0,,1.488,,9.39,,107.39,,0,,-0.07,,0.46,,17.865,,8.24,,141.274,,,,,,NA,,NA,,98,,29.9,,6.18,,0.09,,7.95,,8.1,,1.33,,4.58,,10.9,,21.5,,,,,,,,,,,,25,,251,,27,,9.61,,7.84,,254,,16.09,,,,,,,,,,,,,,,,,,,,,,,,,,,,,,,,,,,,,,,,,,,,,,,,,,,,,,,,,,,,,,,,,,,,,,,,,,,,,,,,,,,,,,,,,,,,,,,,,,,,,,,,,,,,,,,,,,,,,,,,,,,,,,,,,,,,
2012PN200025,OIL SANDS LONGTERM WQ MONITORING,M5 LTWQ PANEL 6 OF 10,AL07DD0005,57.15683333,-111.6265278,2012-06-06 12:04,WATER,VERTICAL INTEGRATED,2.99,,115.439,,0,,1.542,,8.667,,103.367,,0,,0.129,,0.49,,19.255,,7.811,,138.784,,,,,,NA,,NA,,94.7,,28.8,,7.26,,0.09,,7.64,,8.07,,1.26,,4.77,,11.5,,20.6,,,,,,,,,,,,25,,246,,25,,9.62,,7.86,,250,,16.16,,,,,,,,,,,,,,,,,,,,,,,,,,,,,,,,,,,,,,,,,,,,,,,,,,,,,,,,,,,,,,,,,,,,,,,,,,,,,,,,,,,,,,,,,,,,,,,,,,,,,,,,,,,,,,,,,,,,,,,,,,,,,,,,,,,,
2012PN200026,OIL SANDS LONGTERM WQ MONITORING,M5 LTWQ PANEL 7 OF 10,AL07DD0005,57.15686111,-111.6257222,2012-06-06 12:14,WATER,VERTICAL INTEGRATED,2.71,,114.098,,0,,1.524,,6.735,,100.335,,0,,0.109,,0.51,,20.123,,7.851,,136.994,,,,,,NA,,NA,,93.6,,27.8,,7.83,,0.09,,7.51,,8.07,,1.27,,4.89,,11.8,,19.6,,,,,,,,,,,,25,,243,,25,,9.64,,7.91,,247,,16.22,,,,,,,,,,,,,,,,,,,,,,,,,,,,,,,,,,,,,,,,,,,,,,,,,,,,,,,,,,,,,,,,,,,,,,,,,,,,,,,,,,,,,,,,,,,,,,,,,,,,,,,,,,,,,,,,,,,,,,,,,,,,,,,,,,,,
2012PN200027,OIL SANDS LONGTERM WQ MONITORING,M5 LTWQ PANEL 8 OF 10,AL07DD0005,57.15705556,-111.6250278,2012-06-06 12:33,WATER,VERTICAL INTEGRATED,1.72,,115.074,,0,,1.433,,5.976,,100.376,,0,,0.143,,0.52,,20.525,,7.815,,137.934,,,,,,NA,,NA,,94.4,,27.8,,8.11,,0.09,,7.52,,8.1,,1.26,,4.87,,12.1,,19.5,,,,,,,,,,,,30,,246,,24,,9.66,,7.92,,246,,16.32,,,,,,,,,,,,,,,,,,,,,,,,,,,,,,,,,,,,,,,,,,,,,,,,,,,,,,,,,,,,,,,,,,,,,,,,,,,,,,,,,,,,,,,,,,,,,,,,,,,,,,,,,,,,,,,,,,,,,,,,,,,,,,,,,,,,
2012PN200028,OIL SANDS LONGTERM WQ MONITORING,M5 LTWQ PANEL 9 OF 10,AL07DD0005,57.15747222,-111.6246944,2012-06-06 12:41,WATER,VERTICAL INTEGRATED,2.79,,114.586,,0,,1.496,,7.499,,101.499,,0,,-0.123,,0.52,,20.347,,8.325,,135.644,,,,,,NA,,NA,,94,,28.2,,7.54,,0.09,,7.55,,8.08,,1.26,,4.96,,12.1,,17.5,,,,,,,,,,,,30,,244,,23,,9.68,,8.06,,247,,16.39,,,,,,,,,,,,,,,,,,,,,,,,,,,,,,,,,,,,,,,,,,,,,,,,,,,,,,,,,,,,,,,,,,,,,,,,,,,,,,,,,,,,,,,,,,,,,,,,,,,,,,,,,,,,,,,,,,,,,,,,,,,,,,,,,,,,
2012PN200029,OIL SANDS LONGTERM WQ MONITORING,M5 LTWQ PANEL 10 OF 10,AL07DD0005,57.15758333,-111.6239444,2012-06-06 13:13,WATER,VERTICAL INTEGRATED,3.56,,115.317,,0,,1.505,,6.108,,100.708,,0,,-0.109,,0.53,,20.743,,8.298,,136.134,,,,,,NA,,NA,,94.6,,27.9,,7.71,,0.09,,7.54,,8.08,,1.25,,4.94,,12.3,,17.6,,,,,,,,,,,,30,,246,,21,,9.74,,8.04,,248,,16.89,,,,,,,,,,,,,,,,,,,,,,,,,,,,,,,,,,,,,,,,,,,,,,,,,,,,,,,,,,,,,,,,,,,,,,,,,,,,,,,,,,,,,,,,,,,,,,,,,,,,,,,,,,,,,,,,,,,,,,,,,,,,,,,,,,,,
2012PN200030,OIL SANDS LONGTERM WQ MONITORING,ATHABASCA RIVER M5 ABOVE MACKAY RIVER,AL07DD0005,57.15680556,-111.6270528,2012-06-06 13:20,WATER,ISOKINETIC TRANSECT COMPOSITE - EWI,,,120.193,,0,,1.497,,9.542,,108.142,,0,,PM,,0.46,,17.896,,PM,,140.454,,,,,,NA,,NA,,98.6,,30.3,,5.76,,0.09,,7.89,,8.1,,1.34,,4.57,,11,,20.3,,,,,,,,,,,,30,,253,,24,,,,,,,,,,,,,,,,,,,,,,,,,,,,,,,,,,,,,,,,,,,,,,,,,,,,,,,,,,,,,,,,,,,,,,,,,,,,,,,,,,,,,,,,,,,,,,,,,,,,,,,,,,,,,,,,,,,,,,,,,,,,,,,,,,,,,,,,,,,,
2012PN200038,OIL SANDS LONGTERM WQ MONITORING,M6 LTWQ PANEL 1 OF 10,AL07DD0009,57.21513,-111.61512,2012-06-26 11:26,WATER,VERTICAL INTEGRATED,4.09,,107.272,,0,,5.765,,18.101,,106.101,,0,,-0.64,,0.25,,10.697,,8.751,,124.449,,,,,,NA,,NA,,88,,29.4,,1.5,,0.09,,7.94,,7.47,,0.88,,4.66,,5.9,,21,,,,,,,,,,,,25,,214,,110,,8.59,,7.68,,227,,19.68,,,,,,,,,,,,,,,,,,,,,,,,,,,,,,,,,,,,,,,,,,,,,,,,,,,,,,,,,,,,,,,,,,,,,,,,,,,,,,,,,,,,,,,,,,,,,,,,,,,,,,,,,,,,,,,,,,,,,,,,,,,,,,,,,,,,
2012PN200039,OIL SANDS LONGTERM WQ MONITORING,M6 LTWQ PANEL 5 OF 10,AL07DD0009,57.21505,-111.6115,2012-06-26 12:21,WATER,VERTICAL INTEGRATED,2.24,,104.225,,0,,3.78,,18.444,,103.944,,0,,-0.499,,0.25,,10.915,,8.638,,122.675,,,,,,NA,,NA,,85.5,,28.8,,2.7,,0.09,,7.78,,7.64,,0.83,,4.93,,5.91,,20.1,,,,,,,,,,,,25,,210,,110,,8.71,,7.93,,225,,19.41,,,,,,,,,,,,,,,,,,,,,,,,,,,,,,,,,,,,,,,,,,,,,,,,,,,,,,,,,,,,,,,,,,,,,,,,,,,,,,,,,,,,,,,,,,,,,,,,,,,,,,,,,,,,,,,,,,,,,,,,,,,,,,,,,,,,
2012PN200040,OIL SANDS LONGTERM WQ MONITORING,M6 LTWQ PANEL 9 OF 10,AL07DD0009,57.21523,-111.60808,2012-06-26 13:23,WATER,VERTICAL INTEGRATED,4.27,,98.739,,0,,2.841,,19.5,,100.5,,0,,-0.428,,0.31,,13.142,,8.596,,119.859,,,,,,NA,,NA,,81,,27.8,,4.23,,0.09,,7.55,,7.74,,0.84,,5.19,,7.06,,18.3,,,,,,,,,,,,30,,211,,95,,8.69,,7.93,,222,,19.73,,,,,,,,,,,,,,,,,,,,,,,,,,,,,,,,,,,,,,,,,,,,,,,,,,,,,,,,,,,,,,,,,,,,,,,,,,,,,,,,,,,,,,,,,,,,,,,,,,,,,,,,,,,,,,,,,,,,,,,,,,,,,,,,,,,,
2012PN200041,OIL SANDS LONGTERM WQ MONITORING,M6 LTWQ PANEL 2 OF 10,AL07DD0009,57.2151,-111.61433,2012-06-26 11:56,WATER,VERTICAL INTEGRATED,3.22,,106.663,,0,,2.733,,17.561,,105.061,,0,,-0.178,,0.23,,10.003,,8.145,,123.434,,,,,,NA,,NA,,87.5,,29,,1.61,,0.09,,7.93,,7.79,,0.85,,4.75,,5.42,,21,,,,,,,,,,,,25,,214,,120,,8.65,,7.88,,227,,19.47,,,,,,,,,,,,,,,,,,,,,,,,,,,,,,,,,,,,,,,,,,,,,,,,,,,,,,,,,,,,,,,,,,,,,,,,,,,,,,,,,,,,,,,,,,,,,,,,,,,,,,,,,,,,,,,,,,,,,,,,,,,,,,,,,,,,
2012PN200042,OIL SANDS LONGTERM WQ MONITORING,M6 LTWQ PANEL 3 OF 10,AL07DD0009,57.21512,-111.61345,2012-06-26 12:04,WATER,VERTICAL INTEGRATED,2.99,,107.882,,0,,2.405,,16.687,,105.187,,0,,-0.112,,0.23,,9.997,,8.075,,126.5,,,,,,NA,,NA,,88.5,,29.1,,1.89,,0.09,,7.9,,7.85,,0.81,,4.82,,5.42,,23.1,,,,,,,,,,,,20,,221,,120,,8.69,,7.9,,226,,19.4,,,,,,,,,,,,,,,,,,,,,,,,,,,,,,,,,,,,,,,,,,,,,,,,,,,,,,,,,,,,,,,,,,,,,,,,,,,,,,,,,,,,,,,,,,,,,,,,,,,,,,,,,,,,,,,,,,,,,,,,,,,,,,,,,,,,
2012PN200043,OIL SANDS LONGTERM WQ MONITORING,M6 LTWQ PANEL 4 OF 10,AL07DD0009,57.21516,-111.61577,2012-06-26 12:12,WATER,VERTICAL INTEGRATED,3.18,,105.444,,0,,2.52,,17.946,,104.446,,0,,-0.151,,0.24,,10.355,,8.122,,122.997,,,,,,NA,,NA,,86.5,,29.1,,2.26,,0.1,,7.72,,7.82,,0.85,,4.81,,5.6,,20.4,,,,,,,,,,,,30,,215,,110,,8.7,,7.94,,226,,19.39,,,,,,,,,,,,,,,,,,,,,,,,,,,,,,,,,,,,,,,,,,,,,,,,,,,,,,,,,,,,,,,,,,,,,,,,,,,,,,,,,,,,,,,,,,,,,,,,,,,,,,,,,,,,,,,,,,,,,,,,,,,,,,,,,,,,
2012PN200044,OIL SANDS LONGTERM WQ MONITORING,M6 LTWQ PANEL 6 OF 10,AL07DD0009,57.21502,-111.61068,2012-06-26 12:52,WATER,VERTICAL INTEGRATED,2.44,,106.053,,0,,2.364,,14.869,,101.869,,0,,-0.132,,0.27,,11.593,,8.114,,123.02,,,,,,NA,,NA,,87,,28.2,,3.1,,0.09,,7.64,,7.85,,0.82,,4.94,,6.2,,19.6,,,,,,,,,,,,25,,210,,110,,8.71,,7.95,,224,,19.45,,,,,,,,,,,,,,,,,,,,,,,,,,,,,,,,,,,,,,,,,,,,,,,,,,,,,,,,,,,,,,,,,,,,,,,,,,,,,,,,,,,,,,,,,,,,,,,,,,,,,,,,,,,,,,,,,,,,,,,,,,,,,,,,,,,,
2012PN200045,OIL SANDS LONGTERM WQ MONITORING,M6 LTWQ PANEL 7 OF 10,AL07DD0009,57.2152,-111.6098,2012-06-26 13:00,WATER,VERTICAL INTEGRATED,2.19,,103.006,,0,,2.52,,14.96,,99.46,,0,,-0.196,,0.28,,12.171,,8.202,,120.872,,,,,,NA,,NA,,84.5,,27.4,,3.4,,0.09,,7.54,,7.81,,0.84,,4.98,,6.4,,19.3,,,,,,,,,,,,30,,207,,100,,8.7,,7.92,,224,,19.49,,,,,,,,,,,,,,,,,,,,,,,,,,,,,,,,,,,,,,,,,,,,,,,,,,,,,,,,,,,,,,,,,,,,,,,,,,,,,,,,,,,,,,,,,,,,,,,,,,,,,,,,,,,,,,,,,,,,,,,,,,,,,,,,,,,,
2012PN200046,OIL SANDS LONGTERM WQ MONITORING,M6 LTWQ PANEL 8 OF 10,AL07DD0009,57.2153,-111.60903,2012-06-26 13:11,WATER,VERTICAL INTEGRATED,2.96,,100.568,,0,,2.242,,16.587,,99.087,,0,,-0.168,,0.29,,12.661,,8.187,,119.718,,,,,,NA,,NA,,82.5,,27.3,,3.71,,0.09,,7.51,,7.85,,0.84,,4.99,,6.67,,18.9,,,,,,,,,,,,30,,210,,100,,8.7,,7.91,,223,,19.56,,,,,,,,,,,,,,,,,,,,,,,,,,,,,,,,,,,,,,,,,,,,,,,,,,,,,,,,,,,,,,,,,,,,,,,,,,,,,,,,,,,,,,,,,,,,,,,,,,,,,,,,,,,,,,,,,,,,,,,,,,,,,,,,,,,,
2012PN200047,OIL SANDS LONGTERM WQ MONITORING,M6 LTWQ PANEL 10 OF 10,AL07DD0009,57.21518,-111.60727,2012-06-26 13:43,WATER,VERTICAL INTEGRATED,2.95,,102.396,,0,,3.232,,14.716,,98.716,,0,,-0.31,,0.32,,13.805,,8.321,,120.825,,,,,,NA,,NA,,84,,27.3,,4.3,,0.1,,7.42,,7.7,,0.82,,5.15,,7.34,,17.8,,,,,,,,,,,,30,,209,,95,,8.68,,7.96,,223,,19.84,,,,,,,,,,,,,,,,,,,,,,,,,,,,,,,,,,,,,,,,,,,,,,,,,,,,,,,,,,,,,,,,,,,,,,,,,,,,,,,,,,,,,,,,,,,,,,,,,,,,,,,,,,,,,,,,,,,,,,,,,,,,,,,,,,,,
2012PN200048,OIL SANDS LONGTERM WQ MONITORING,"ATHABASCA RIVER M6, BELOW MACKAY RIVER",AL07DD0009,57.21505,-111.6115,2012-06-26 13:46,WATER,ISOKINETIC TRANSECT COMPOSITE - EWI,,,104.834,,0,,2.749,,14.415,,100.415,,0,,PM,,0.27,,11.736,,PM,,119.514,,,,,,NA,,NA,,86,,27.7,,2.79,,0.06,,7.59,,7.78,,0.85,,4.88,,6.2,,17.6,,,,,,,,,,,,30,,210,,110,,,,,,,,,,,,,,,,,,,,,,,,,,,,,,,,,,,,,,,,,,,,,,,,,,,,,,,,,,,,,,,,,,,,,,,,,,,,,,,,,,,,,,,,,,,,,,,,,,,,,,,,,,,,,,,,,,,,,,,,,,,,,,,,,,,,,,,,,,,,
2012PN200049,OIL SANDS LONGTERM WQ MONITORING,M7 LTWQ PANEL 1 OF 10,AL07DD0007,57.31332,-111.67533,2012-06-27 10:43,WATER,VERTICAL INTEGRATED,4.75,,108.491,,0,,2.78,,16.481,,105.481,,0,,-0.31,,0.25,,10.802,,8.41,,123.099,,,,,,NA,,NA,,89,,29.3,,1.66,,0.08,,7.85,,7.79,,0.87,,4.63,,5.93,,19.1,,,,,,,,,,,,30,,216,,100,,8.36,,7.84,,232,,19.92,,,,,,,,,,,,,,,,,,,,,,,,,,,,,,,,,,,,,,,,,,,,,,,,,,,,,,,,,,,,,,,,,,,,,,,,,,,,,,,,,,,,,,,,,,,,,,,,,,,,,,,,,,,,,,,,,,,,,,,,,,,,,,,,,,,,
2012PN200050,OIL SANDS LONGTERM WQ MONITORING,M7 LTWQ PANEL 6 OF 10,AL07DD0007,57.31373,-111.67093,2012-06-27 11:45,WATER,VERTICAL INTEGRATED,2.8,,104.225,,0,,2.671,,15.165,,100.665,,0,,-0.344,,0.29,,12.404,,8.479,,121.732,,,,,,NA,,NA,,85.5,,27.8,,3.45,,0.07,,7.59,,7.79,,0.86,,5.02,,6.62,,18.8,,,,,,,,,,,,30,,211,,95,,8.42,,7.91,,228,,20.1,,,,,,,,,,,,,,,,,,,,,,,,,,,,,,,,,,,,,,,,,,,,,,,,,,,,,,,,,,,,,,,,,,,,,,,,,,,,,,,,,,,,,,,,,,,,,,,,,,,,,,,,,,,,,,,,,,,,,,,,,,,,,,,,,,,,
2012PN200051,OIL SANDS LONGTERM WQ MONITORING,M7 LTWQ PANEL 10 OF 10,AL07DD0007,57.31395,-111.66737,2012-06-27 12:39,WATER,VERTICAL INTEGRATED,2.56,,101.177,,0,,2.844,,16.795,,99.795,,0,,-0.398,,0.32,,13.785,,8.546,,119.355,,,,,,NA,,NA,,83,,27.6,,4.36,,0.06,,7.5,,7.75,,0.85,,5.18,,7.41,,16.4,,,,,,,,,,,,30,,216,,90,,8.39,,7.94,,227,,20.16,,,,,,,,,,,,,,,,,,,,,,,,,,,,,,,,,,,,,,,,,,,,,,,,,,,,,,,,,,,,,,,,,,,,,,,,,,,,,,,,,,,,,,,,,,,,,,,,,,,,,,,,,,,,,,,,,,,,,,,,,,,,,,,,,,,,
2012PN200052,OIL SANDS LONGTERM WQ MONITORING,M7 LTWQ PANEL 2 OF 10,AL07DD0007,57.31337,-111.67458,2012-06-27 11:01,WATER,VERTICAL INTEGRATED,3.3,,104.225,,0,,2.434,,17.121,,102.621,,0,,-0.152,,0.24,,10.339,,8.134,,119.195,,,,,,NA,,NA,,85.5,,28.6,,1.83,,0.07,,7.58,,7.83,,0.8,,4.75,,5.49,,18.5,,,,,,,,,,,,30,,221,,100,,8.41,,7.87,,230,,19.98,,,,,,,,,,,,,,,,,,,,,,,,,,,,,,,,,,,,,,,,,,,,,,,,,,,,,,,,,,,,,,,,,,,,,,,,,,,,,,,,,,,,,,,,,,,,,,,,,,,,,,,,,,,,,,,,,,,,,,,,,,,,,,,,,,,,
2012PN200053,OIL SANDS LONGTERM WQ MONITORING,M7 LTWQ PANEL 3 OF 10,AL07DD0007,57.31335,-111.6735,2012-06-27 11:11,WATER,VERTICAL INTEGRATED,2.55,,107.882,,0,,2.296,,15.704,,104.204,,0,,-0.088,,0.23,,10.165,,8.045,,121.826,,,,,,NA,,NA,,88.5,,29.3,,2.07,,0.08,,7.54,,7.87,,0.8,,4.8,,5.47,,18.4,,,,,,,,,,,,25,,218,,100,,8.42,,7.88,,230,,20.03,,,,,,,,,,,,,,,,,,,,,,,,,,,,,,,,,,,,,,,,,,,,,,,,,,,,,,,,,,,,,,,,,,,,,,,,,,,,,,,,,,,,,,,,,,,,,,,,,,,,,,,,,,,,,,,,,,,,,,,,,,,,,,,,,,,,
2012PN200054,OIL SANDS LONGTERM WQ MONITORING,M7 LTWQ PANEL 4 OF 10,AL07DD0007,57.31365,-111.67278,2012-06-27 11:26,WATER,VERTICAL INTEGRATED,2.76,,88.378,,0,,1.714,,30.247,,102.747,,0,,-0.14,,0.25,,10.693,,8.189,,111.975,,,,,,NA,,NA,,72.5,,28.7,,2.41,,0.09,,7.55,,7.91,,0.83,,4.87,,5.71,,18,,,,,,,,,,,,25,,217,,100,,8.43,,7.91,,229,,20.06,,,,,,,,,,,,,,,,,,,,,,,,,,,,,,,,,,,,,,,,,,,,,,,,,,,,,,,,,,,,,,,,,,,,,,,,,,,,,,,,,,,,,,,,,,,,,,,,,,,,,,,,,,,,,,,,,,,,,,,,,,,,,,,,,,,,
2012PN200055,OIL SANDS LONGTERM WQ MONITORING,M7 LTWQ PANEL 5 OF 10,AL07DD0007,57.31373,-111.67183,2012-06-27 11:36,WATER,VERTICAL INTEGRATED,2.77,,100.568,,0,,1.777,,19.817,,102.317,,0,,-0.057,,0.26,,11.389,,8.063,,117.919,,,,,,NA,,NA,,82.5,,28,,2.92,,0.07,,7.87,,7.95,,0.78,,4.94,,6.1,,17.5,,,,,,,,,,,,25,,218,,100,,8.42,,7.91,,229,,20.09,,,,,,,,,,,,,,,,,,,,,,,,,,,,,,,,,,,,,,,,,,,,,,,,,,,,,,,,,,,,,,,,,,,,,,,,,,,,,,,,,,,,,,,,,,,,,,,,,,,,,,,,,,,,,,,,,,,,,,,,,,,,,,,,,,,,
2012PN200056,OIL SANDS LONGTERM WQ MONITORING,M7 LTWQ PANEL 7 OF 10,AL07DD0007,57.3138,-111.66997,2012-06-27 12:14,WATER,VERTICAL INTEGRATED,2.74,,103.006,,0,,1.907,,16.579,,101.079,,0,,-0.068,,0.3,,12.697,,8.067,,119.873,,,,,,NA,,NA,,84.5,,27.9,,3.87,,0.07,,7.63,,7.93,,0.78,,5.09,,6.82,,16.8,,,,,,,,,,,,30,,215,,90,,8.41,,7.91,,227,,20.16,,,,,,,,,,,,,,,,,,,,,,,,,,,,,,,,,,,,,,,,,,,,,,,,,,,,,,,,,,,,,,,,,,,,,,,,,,,,,,,,,,,,,,,,,,,,,,,,,,,,,,,,,,,,,,,,,,,,,,,,,,,,,,,,,,,,
2012PN200057,OIL SANDS LONGTERM WQ MONITORING,M7 LTWQ PANEL 8 OF 10,AL07DD0007,57.31392,-111.66925,2012-06-27 12:24,WATER,VERTICAL INTEGRATED,2.55,,106.053,,0,,1.874,,14.743,,101.743,,0,,-0.033,,0.3,,12.865,,8.016,,121.694,,,,,,NA,,NA,,87,,28.1,,4.04,,0.08,,7.67,,7.95,,0.8,,5.13,,6.97,,16.5,,,,,,,,,,,,30,,216,,90,,8.4,,7.93,,227,,20.16,,,,,,,,,,,,,,,,,,,,,,,,,,,,,,,,,,,,,,,,,,,,,,,,,,,,,,,,,,,,,,,,,,,,,,,,,,,,,,,,,,,,,,,,,,,,,,,,,,,,,,,,,,,,,,,,,,,,,,,,,,,,,,,,,,,,
2012PN200058,OIL SANDS LONGTERM WQ MONITORING,M7 LTWQ PANEL 9 OF 10,AL07DD0007,57.3139,-111.66835,2012-06-27 12:32,WATER,VERTICAL INTEGRATED,2.24,,102.396,,0,,1.768,,16.747,,100.747,,0,,-0.043,,0.31,,13.104,,8.045,,119.444,,,,,,NA,,NA,,84,,27.8,,4.16,,0.09,,7.61,,7.96,,0.8,,5.13,,7.05,,16.2,,,,,,,,,,,,30,,215,,90,,8.4,,7.93,,227,,20.16,,,,,,,,,,,,,,,,,,,,,,,,,,,,,,,,,,,,,,,,,,,,,,,,,,,,,,,,,,,,,,,,,,,,,,,,,,,,,,,,,,,,,,,,,,,,,,,,,,,,,,,,,,,,,,,,,,,,,,,,,,,,,,,,,,,,
2012PN200059,OIL SANDS LONGTERM WQ MONITORING,"ATHABASCA RIVER M7, BELOW ELLS RIVER",AL07DD0007,57.31373,-111.67183,2012-06-27 12:48,WATER,ISOKINETIC TRANSECT COMPOSITE - EWI,,,103.006,,0,,1.697,,19.362,,103.862,,0,,PM,,0.27,,11.45,,PM,,120.004,,,,,,NA,,NA,,84.5,,28.8,,2.86,,0.07,,7.76,,7.98,,0.8,,4.94,,6.23,,17.6,,,,,,,,,,,,30,,215,,95,,,,,,,,,,,,,,,,,,,,,,,,,,,,,,,,,,,,,,,,,,,,,,,,,,,,,,,,,,,,,,,,,,,,,,,,,,,,,,,,,,,,,,,,,,,,,,,,,,,,,,,,,,,,,,,,,,,,,,,,,,,,,,,,,,,,,,,,,,,,
2012PN200060,OIL SANDS LONGTERM WQ MONITORING,M4 LTWQ PANEL 5 OF 10,AL07DD0004,57.12697222,-111.6024167,2012-06-05 12:33,WATER,TRIPLICATE SAMPLE,,,127.995,,0,,1.233,,9.031,,114.031,,0,,PM,,0.36,,14.384,,PM,,144.104,,,,,,NA,,NA,,105,,31.9,,2.93,,0.09,,8.35,,8.21,,1.31,,4.25,,8.93,,23.3,,,,,,,,,,,,25,,259,,26,,,,,,,,,,,,,,,,,,,,,,,,,,,,,,,,,,,,,,,,,,,,,,,,,,,,,,,,,,,,,,,,,,,,,,,,,,,,,,,,,,,,,,,,,,,,,,,,,,,,,,,,,,,,,,,,,,,,,,,,,,,,,,,,,,,,,,,,,,,,
2012PN200061,OIL SANDS LONGTERM WQ MONITORING,M4 LTWQ PANEL 5 OF 10,AL07DD0004,57.12697222,-111.6024167,2012-06-05 12:38,WATER,TRIPLICATE SAMPLE,,,127.995,,0,,1.204,,8.45,,113.45,,0,,PM,,0.36,,14.377,,PM,,144.194,,,,,,NA,,NA,,105,,31.7,,2.99,,0.09,,8.33,,8.22,,1.31,,4.25,,8.88,,23.6,,,,,,,,,,,,25,,263,,26,,,,,,,,,,,,,,,,,,,,,,,,,,,,,,,,,,,,,,,,,,,,,,,,,,,,,,,,,,,,,,,,,,,,,,,,,,,,,,,,,,,,,,,,,,,,,,,,,,,,,,,,,,,,,,,,,,,,,,,,,,,,,,,,,,,,,,,,,,,,
2012PN200067,OIL SANDS LONGTERM WQ MONITORING,M4 LTWQ PANEL 5 OF 10,AL07DD0004,57.12697222,-111.6024167,2012-06-19 11:49,WATER,VERTICAL INTEGRATED,3,,121.9,,0,,1.747,,7.774,,107.774,,0,,-0.134,,0.23,,10.052,,8.308,,131.818,,,,,,NA,,NA,,100,,30.4,,1.72,,0.09,,7.74,,8.04,,1.02,,5.28,,5.6,,19.6,,,,,,,,,,,,50,,230,,230,,9.52,,7.87,,233,,15.36,,,,,,,,,,,,,,,,,,,,,,,,,,,,,,,,,,,,,,,,,,,,,,,,,,,,,,,,,,,,,,,,,,,,,,,,,,,,,,,,,,,,,,,,,,,,,,,,,,,,,,,,,,,,,,,,,,,,,,,,,,,,,,,,,,,,
2012PN200068,OIL SANDS LONGTERM WQ MONITORING,M4 LTWQ PANEL 9 OF 10,AL07DD0004,57.12761111,-111.6001389,2012-06-19 12:50,WATER,VERTICAL INTEGRATED,6.69,,116.536,,0,,1.594,,4.661,,100.261,,0,,-0.159,,0.32,,13.538,,8.379,,129.122,,,,,,NA,,NA,,95.6,,28.1,,4.36,,0.09,,7.31,,8.06,,0.96,,5.45,,7.3,,17.9,,,,,,,,,,,,50,,228,,200,,9.51,,7.85,,231,,15.58,,,,,,,,,,,,,,,,,,,,,,,,,,,,,,,,,,,,,,,,,,,,,,,,,,,,,,,,,,,,,,,,,,,,,,,,,,,,,,,,,,,,,,,,,,,,,,,,,,,,,,,,,,,,,,,,,,,,,,,,,,,,,,,,,,,,
2012PN200069,OIL SANDS LONGTERM WQ MONITORING,M4 LT WQ PANEL 10 OF 10,AL07DD0004,57.12763889,-111.6000278,2012-06-19 13:11,WATER,VERTICAL INTEGRATED,4.98,,115.805,,0,,1.584,,4.471,,99.471,,0,,-0.166,,0.34,,14.492,,8.392,,129.099,,,,,,NA,,NA,,95,,27.8,,4.97,,0.09,,7.3,,8.06,,0.96,,5.46,,7.84,,17.4,,,,,,,,,,,,40,,228,,190,,9.53,,7.92,,230,,15.6,,,,,,,,,,,,,,,,,,,,,,,,,,,,,,,,,,,,,,,,,,,,,,,,,,,,,,,,,,,,,,,,,,,,,,,,,,,,,,,,,,,,,,,,,,,,,,,,,,,,,,,,,,,,,,,,,,,,,,,,,,,,,,,,,,,,
2012PN200070,OIL SANDS LONGTERM WQ MONITORING,ATHABASCA RIVER M4 ABOVE MUSKEG RIVER,AL07DD0004,57.12697222,-111.6024167,2012-06-19 13:15,WATER,ISOKINETIC TRANSECT COMPOSITE - EWI,,,119.828,,0,,1.678,,6.154,,104.454,,0,,PM,,0.27,,11.481,,PM,,130.426,,,,,,NA,,NA,,98.3,,29.4,,2.73,,0.09,,7.54,,8.05,,1,,5.34,,6.3,,18.7,,,,,,,,,,,,50,,227,,220,,,,,,,,,,,,,,,,,,,,,,,,,,,,,,,,,,,,,,,,,,,,,,,,,,,,,,,,,,,,,,,,,,,,,,,,,,,,,,,,,,,,,,,,,,,,,,,,,,,,,,,,,,,,,,,,,,,,,,,,,,,,,,,,,,,,,,,,,,,,
2012PN200071,OIL SANDS LONGTERM WQ MONITORING,M5 LTWQ PANEL 5 OF 10,AL07DD0005,57.15680556,-111.6275,2012-06-20 10:48,WATER,VERTICAL INTEGRATED,4.27,,118.243,,0,,1.694,,5.621,,102.621,,0,,-0.164,,0.27,,11.633,,8.368,,129.087,,,,,,NA,,NA,,97,,28.6,,2.77,,0.09,,7.58,,8.04,,0.96,,5.31,,6.28,,19,,,,,,,,,,,,40,,227,,200,,9.6,,7.96,,231,,15.63,,,,,,,,,,,,,,,,,,,,,,,,,,,,,,,,,,,,,,,,,,,,,,,,,,,,,,,,,,,,,,,,,,,,,,,,,,,,,,,,,,,,,,,,,,,,,,,,,,,,,,,,,,,,,,,,,,,,,,,,,,,,,,,,,,,,
2012PN200072,OIL SANDS LONGTERM WQ MONITORING,M5 LTWQ PANEL 9 OF 10,AL07DD0005,57.15747222,-111.6246944,2012-06-20 12:02,WATER,VERTICAL INTEGRATED,2.46,,113.611,,0,,1.628,,5.19,,98.39,,0,,-0.194,,0.34,,14.327,,8.429,,127.158,,,,,,NA,,NA,,93.2,,27.4,,4.74,,0.09,,7.28,,8.04,,0.93,,5.5,,7.65,,17.4,,,,,,,,,,,,40,,224,,180,,9.6,,8.01,,228,,15.79,,,,,,,,,,,,,,,,,,,,,,,,,,,,,,,,,,,,,,,,,,,,,,,,,,,,,,,,,,,,,,,,,,,,,,,,,,,,,,,,,,,,,,,,,,,,,,,,,,,,,,,,,,,,,,,,,,,,,,,,,,,,,,,,,,,,
2012PN200073,OIL SANDS LONGTERM WQ MONITORING,M5 LTWQ PANEL 10 OF 10,AL07DD0005,57.15758333,-111.6239444,2012-06-20 12:27,WATER,VERTICAL INTEGRATED,6.55,,115.561,,0,,1.618,,2.758,,97.558,,0,,-0.18,,0.35,,14.899,,8.409,,127.979,,,,,,NA,,NA,,94.8,,27.1,,4.95,,0.09,,7.26,,8.05,,0.91,,5.51,,7.94,,17.1,,,,,,,,,,,,40,,224,,170,,9.6,,8.01,,229,,15.86,,,,,,,,,,,,,,,,,,,,,,,,,,,,,,,,,,,,,,,,,,,,,,,,,,,,,,,,,,,,,,,,,,,,,,,,,,,,,,,,,,,,,,,,,,,,,,,,,,,,,,,,,,,,,,,,,,,,,,,,,,,,,,,,,,,,
2012PN200074,OIL SANDS LONGTERM WQ MONITORING,ATHABASCA RIVER M5 ABOVE MACKAY RIVER,AL07DD0005,57.15680556,-111.6270528,2012-06-20 12:30,WATER,ISOKINETIC TRANSECT COMPOSITE - EWI,,,117.268,,0,,1.495,,6.591,,102.791,,0,,PM,,0.28,,12.105,,PM,,128.878,,,,,,NA,,NA,,96.2,,28.8,,3.14,,0.09,,7.5,,8.09,,0.95,,5.31,,6.58,,18.5,,,,,,,,,,,,40,,227,,190,,,,,,,,,,,,,,,,,,,,,,,,,,,,,,,,,,,,,,,,,,,,,,,,,,,,,,,,,,,,,,,,,,,,,,,,,,,,,,,,,,,,,,,,,,,,,,,,,,,,,,,,,,,,,,,,,,,,,,,,,,,,,,,,,,,,,,,,,,,,
2012PN200075,OIL SANDS LONGTERM WQ MONITORING,M3 LT WQ PANEL 3 OF 10,AL07DD0008,56.83849,-111.41702,2012-06-21 10:05,WATER,VERTICAL INTEGRATED,3.11,,121.291,,0,,1.621,,6.812,,106.312,,0,,-0.115,,0.21,,9.181,,8.3,,129.065,,,,,,NA,,NA,,99.5,,29.6,,1.1,,0.09,,7.87,,8.07,,0.89,,5.05,,4.99,,19.5,,,,,,,,,,,,35,,226,,170,,9.84,,7.9,,231,,15.4,,,,,,,,,,,,,,,,,,,,,,,,,,,,,,,,,,,,,,,,,,,,,,,,,,,,,,,,,,,,,,,,,,,,,,,,,,,,,,,,,,,,,,,,,,,,,,,,,,,,,,,,,,,,,,,,,,,,,,,,,,,,,,,,,,,,
2012PN200076,OIL SANDS LONGTERM WQ MONITORING,M3 LT WQ PANEL 6 OF 10,AL07DD0008,56.83862,-111.41478,2012-06-21 11:08,WATER,TRIPLICATE SAMPLE,3.17,,120.925,,0,,1.506,,7.323,,106.523,,0,,-0.074,,0.2,,8.934,,8.248,,128.621,,,,,,NA,,NA,,99.2,,29.8,,1.05,,0.09,,7.8,,8.1,,0.86,,4.99,,4.85,,19.4,,,,,,,,,,,,35,,228,,170,,9.92,,8,,230,,15.7,,,,,,,,,,,,,,,,,,,,,,,,,,,,,,,,,,,,,,,,,,,,,,,,,,,,,,,,,,,,,,,,,,,,,,,,,,,,,,,,,,,,,,,,,,,,,,,,,,,,,,,,,,,,,,,,,,,,,,,,,,,,,,,,,,,,
2012PN200077,OIL SANDS LONGTERM WQ MONITORING,M3 LT WQ PANEL 10 OF 10,AL07DD0008,56.83878,-111.41164,2012-06-21 12:36,WATER,VERTICAL INTEGRATED,3.19,,99.958,,0,,1.432,,0.657,,82.657,,0,,-0.309,,0.58,,24.071,,8.659,,121.134,,,,,,NA,,NA,,82,,22.6,,11.4,,0.09,,6.37,,8.04,,0.87,,6.18,,12.2,,12.1,,,,,,,,,,,,55,,219,,85,,9.65,,7.91,,221,,16.53,,,,,,,,,,,,,,,,,,,,,,,,,,,,,,,,,,,,,,,,,,,,,,,,,,,,,,,,,,,,,,,,,,,,,,,,,,,,,,,,,,,,,,,,,,,,,,,,,,,,,,,,,,,,,,,,,,,,,,,,,,,,,,,,,,,,
2012PN200078,OIL SANDS LONGTERM WQ MONITORING,M3 LT WQ PANEL 1 OF 10,AL07DD0008,56.8383,-111.41835,2012-06-21 9:36,WATER,VERTICAL INTEGRATED,0.6,,121.9,,0,,1.554,,6.603,,106.603,,0,,0.188,,0.23,,10.012,,7.713,,130.081,,,,,,NA,,NA,,100,,29.7,,1.67,,0.08,,7.88,,8.09,,0.94,,5.1,,5.51,,18.7,,,,,,,,,,,,45,,229,,180,,9.77,,7.96,,236,,15.3,,,,,,,,,,,,,,,,,,,,,,,,,,,,,,,,,,,,,,,,,,,,,,,,,,,,,,,,,,,,,,,,,,,,,,,,,,,,,,,,,,,,,,,,,,,,,,,,,,,,,,,,,,,,,,,,,,,,,,,,,,,,,,,,,,,,
2012PN200079,OIL SANDS LONGTERM WQ MONITORING,M3 LT WQ PANEL 2 OF 10,AL07DD0008,56.83851,-111.41779,2012-06-21 9:56,WATER,VERTICAL INTEGRATED,2.79,,121.412,,0,,1.513,,7.628,,107.228,,0,,0.201,,0.23,,9.783,,7.698,,130.952,,,,,,NA,,NA,,99.6,,30,,1.59,,0.09,,7.85,,8.1,,0.92,,5.09,,5.4,,19.8,,,,,,,,,,,,35,,228,,170,,9.79,,7.87,,235,,15.31,,,,,,,,,,,,,,,,,,,,,,,,,,,,,,,,,,,,,,,,,,,,,,,,,,,,,,,,,,,,,,,,,,,,,,,,,,,,,,,,,,,,,,,,,,,,,,,,,,,,,,,,,,,,,,,,,,,,,,,,,,,,,,,,,,,,
2012PN200080,OIL SANDS LONGTERM WQ MONITORING,M3 LT WQ PANEL 4 OF 10,AL07DD0008,56.83861,-111.41628,2012-06-21 10:28,WATER,VERTICAL INTEGRATED,2.8,,120.681,,0,,1.435,,5.863,,104.863,,0,,0.21,,0.21,,9.042,,7.701,,128.001,,,,,,NA,,NA,,99,,29.3,,1.07,,0.08,,7.7,,8.12,,0.88,,5.07,,4.84,,19.4,,,,,,,,,,,,35,,230,,170,,9.91,,8,,231,,15.55,,,,,,,,,,,,,,,,,,,,,,,,,,,,,,,,,,,,,,,,,,,,,,,,,,,,,,,,,,,,,,,,,,,,,,,,,,,,,,,,,,,,,,,,,,,,,,,,,,,,,,,,,,,,,,,,,,,,,,,,,,,,,,,,,,,,
2012PN200081,OIL SANDS LONGTERM WQ MONITORING,M3 LT WQ PANEL 5 OF 10,AL07DD0008,56.8388,-111.41548,2012-06-21 10:39,WATER,VERTICAL INTEGRATED,2.7,,120.315,,0,,1.43,,6.827,,105.527,,0,,0.21,,0.21,,8.992,,7.699,,128.321,,,,,,NA,,NA,,98.7,,29.5,,1.07,,0.09,,7.74,,8.12,,0.87,,5.03,,4.84,,19.7,,,,,,,,,,,,35,,226,,170,,9.96,,8,,230,,15.6,,,,,,,,,,,,,,,,,,,,,,,,,,,,,,,,,,,,,,,,,,,,,,,,,,,,,,,,,,,,,,,,,,,,,,,,,,,,,,,,,,,,,,,,,,,,,,,,,,,,,,,,,,,,,,,,,,,,,,,,,,,,,,,,,,,,
2012PN200082,OIL SANDS LONGTERM WQ MONITORING,M3 LT WQ PANEL 7 OF 10,AL07DD0008,56.83919,-111.41404,2012-06-21 11:50,WATER,VERTICAL INTEGRATED,3.5,,119.95,,0,,1.426,,9.276,,107.676,,0,,0.215,,0.21,,9.182,,7.69,,126.041,,,,,,NA,,NA,,98.4,,29.8,,1.05,,0.08,,8.08,,8.12,,0.82,,5.06,,5.05,,16.8,,,,,,,,,,,,35,,228,,160,,10.01,,8.01,,230,,15.82,,,,,,,,,,,,,,,,,,,,,,,,,,,,,,,,,,,,,,,,,,,,,,,,,,,,,,,,,,,,,,,,,,,,,,,,,,,,,,,,,,,,,,,,,,,,,,,,,,,,,,,,,,,,,,,,,,,,,,,,,,,,,,,,,,,,
2012PN200083,OIL SANDS LONGTERM WQ MONITORING,M3 LT WQ PANEL 8 OF 10,AL07DD0008,56.83888,-111.41328,2012-06-21 12:01,WATER,VERTICAL INTEGRATED,3.28,,118.243,,0,,1.406,,8.061,,105.061,,0,,0.196,,0.25,,10.745,,7.728,,127.738,,,,,,NA,,NA,,97,,29,,2.15,,0.09,,7.93,,8.12,,0.85,,5.2,,5.87,,18.2,,,,,,,,,,,,35,,226,,160,,9.98,,8.04,,230,,15.85,,,,,,,,,,,,,,,,,,,,,,,,,,,,,,,,,,,,,,,,,,,,,,,,,,,,,,,,,,,,,,,,,,,,,,,,,,,,,,,,,,,,,,,,,,,,,,,,,,,,,,,,,,,,,,,,,,,,,,,,,,,,,,,,,,,,
2012PN200084,OIL SANDS LONGTERM WQ MONITORING,M3 LT WQ PANEL 9 OF 10,AL07DD0008,56.83991,-111.41234,2012-06-21 12:13,WATER,VERTICAL INTEGRATED,402,,106.053,,0,,1.384,,6.272,,93.272,,0,,0.052,,0.44,,18.495,,7.976,,124.797,,,,,,NA,,NA,,87,,25.4,,7.86,,0.09,,7.25,,8.08,,0.88,,5.8,,9.84,,15.3,,,,,,,,,,,,40,,220,,120,,9.78,,7.99,,225,,16.13,,,,,,,,,,,,,,,,,,,,,,,,,,,,,,,,,,,,,,,,,,,,,,,,,,,,,,,,,,,,,,,,,,,,,,,,,,,,,,,,,,,,,,,,,,,,,,,,,,,,,,,,,,,,,,,,,,,,,,,,,,,,,,,,,,,,
2012PN200085,OIL SANDS LONGTERM WQ MONITORING,"ATHABASCA RIVER M3, 6.5 KM BELOW WSC GAUGE 07DA001",AL07DD0008,56.8388,-111.41548,2012-06-21 12:15,WATER,ISOKINETIC TRANSECT COMPOSITE - EWI,,,115.805,,0,,1.443,,8.439,,103.439,,0,,PM,,0.29,,12.242,,PM,,128.458,,,,,,NA,,NA,,95,,28.4,,3.48,,0.09,,7.9,,8.1,,0.87,,5.37,,6.7,,18.4,,,,,,,,,,,,35,,225,,150,,,,,,,,,,,,,,,,,,,,,,,,,,,,,,,,,,,,,,,,,,,,,,,,,,,,,,,,,,,,,,,,,,,,,,,,,,,,,,,,,,,,,,,,,,,,,,,,,,,,,,,,,,,,,,,,,,,,,,,,,,,,,,,,,,,,,,,,,,,,
2012PN200086,OIL SANDS LONGTERM WQ MONITORING,M3 LT WQ PANEL 6 OF 10,AL07DD0008,56.83862,-111.41478,2012-06-21 11:13,WATER,TRIPLICATE SAMPLE,,,121.169,,0,,1.375,,9.269,,108.669,,0,,PM,,0.21,,9.07,,PM,,129.826,,,,,,NA,,NA,,99.4,,30,,1.06,,0.08,,8.2,,8.14,,0.86,,5.09,,5.03,,19.6,,,,,,,,,,,,35,,227,,160,,,,,,,,,,,,,,,,,,,,,,,,,,,,,,,,,,,,,,,,,,,,,,,,,,,,,,,,,,,,,,,,,,,,,,,,,,,,,,,,,,,,,,,,,,,,,,,,,,,,,,,,,,,,,,,,,,,,,,,,,,,,,,,,,,,,,,,,,,,,
2012PN200087,OIL SANDS LONGTERM WQ MONITORING,M3 LT WQ PANEL 6 OF 10,AL07DD0008,56.83862,-111.41478,2012-06-21 11:18,WATER,TRIPLICATE SAMPLE,,,120.315,,0,,1.365,,11.136,,109.836,,0,,PM,,0.21,,8.886,,PM,,129.736,,,,,,NA,,NA,,98.7,,30.5,,1.06,,0.08,,8.18,,8.14,,0.86,,5.1,,4.97,,19.5,,,,,,,,,,,,35,,226,,170,,,,,,,,,,,,,,,,,,,,,,,,,,,,,,,,,,,,,,,,,,,,,,,,,,,,,,,,,,,,,,,,,,,,,,,,,,,,,,,,,,,,,,,,,,,,,,,,,,,,,,,,,,,,,,,,,,,,,,,,,,,,,,,,,,,,,,,,,,,,
2012PN200093,OIL SANDS LONGTERM WQ MONITORING,M4 LTWQ PANEL 5 OF 10,AL07DD0004,57.12697222,-111.6024167,2012-07-10 12:42,WATER,TRIPLICATE SAMPLE,3.1,,100.568,,0,,2.894,,16.005,,98.505,,0,,-0.425,,0.22,,9.957,,8.59,,117.273,,,,,,NA,,NA,,82.5,,27.1,,1.31,,0.08,,7.49,,7.74,,0.71,,4.32,,5.05,,21.5,,,,,,,,,,,,35,,206,,,,8.47,,7.82,,217,,19.9,,,,122,,,,,,,,,,,,,,,,,,,,,,,,,,,,,,,,,,,,,,,,,,,,,,,,,,,,,,,,,,,,,,,,,,,,,,,,,,,,,,,,,,,,,,,,,,,,,,,,,,,,,,,,,,,,,,,,,,,,,,,,,,,,,,,,
2012PN200094,OIL SANDS LONGTERM WQ MONITORING,M4 LTWQ PANEL 9 OF 10,AL07DD0004,57.12761111,-111.6001389,2012-07-10 14:05,WATER,VERTICAL INTEGRATED,5.4,,99.958,,0,,1.894,,14.43,,96.43,,0,,-0.249,,0.25,,11.255,,8.417,,116.426,,,,,,NA,,NA,,82,,26.5,,2.14,,0.09,,7.35,,7.92,,0.7,,4.59,,5.67,,20,,,,,,,,,,,,50,,200,,,,8.47,,7.84,,212,,20.2,,,,117,,,,,,,,,,,,,,,,,,,,,,,,,,,,,,,,,,,,,,,,,,,,,,,,,,,,,,,,,,,,,,,,,,,,,,,,,,,,,,,,,,,,,,,,,,,,,,,,,,,,,,,,,,,,,,,,,,,,,,,,,,,,,,,,
2012PN200095,OIL SANDS LONGTERM WQ MONITORING,M4 LT WQ PANEL 10 OF 10,AL07DD0004,57.12763889,-111.6000278,2012-07-10 14:25,WATER,VERTICAL INTEGRATED,5.7,,91.425,,0,,1.857,,14.751,,89.751,,0,,-0.327,,0.33,,14.588,,8.544,,110.298,,,,,,NA,,NA,,75,,24.6,,4,,0.09,,6.88,,7.89,,0.68,,5.21,,7.11,,16.6,,,,,,,,,,,,60,,194,,,,8.36,,7.77,,205,,20.9,,,,96.7,,,,,,,,,,,,,,,,,,,,,,,,,,,,,,,,,,,,,,,,,,,,,,,,,,,,,,,,,,,,,,,,,,,,,,,,,,,,,,,,,,,,,,,,,,,,,,,,,,,,,,,,,,,,,,,,,,,,,,,,,,,,,,,,
2012PN200096,OIL SANDS LONGTERM WQ MONITORING,ATHABASCA RIVER M4 ABOVE MUSKEG RIVER,AL07DD0004,57.12697222,-111.6024167,2012-07-10 14:30,WATER,ISOKINETIC TRANSECT COMPOSITE - EWI,,,98.739,,0,,1.96,,15.721,,96.721,,0,,PM,,0.25,,11.046,,PM,,115.902,,,,,,NA,,NA,,81,,26.6,,2.04,,0.09,,7.36,,7.9,,0.72,,4.54,,5.57,,20.2,,,,,,,,,,,,40,,201,,,,,,,,,,,,,,124,,,,,,,,,,,,,,,,,,,,,,,,,,,,,,,,,,,,,,,,,,,,,,,,,,,,,,,,,,,,,,,,,,,,,,,,,,,,,,,,,,,,,,,,,,,,,,,,,,,,,,,,,,,,,,,,,,,,,,,,,,,,,,,,
2012PN200097,OIL SANDS LONGTERM WQ MONITORING,M5 LTWQ PANEL 5 OF 10,AL07DD0005,57.15680556,-111.6275,2012-07-11 10:45,WATER,VERTICAL INTEGRATED,4.3,,98.739,,0,,4.838,,14.818,,95.818,,0,,-0.651,,0.27,,12.022,,8.813,,115.691,,,,,,NA,,NA,,81,,26.7,,2.56,,0.09,,7.08,,7.51,,0.81,,5.12,,6.08,,18.5,,,,,,,,,,,,50,,200,,,,8.25,,7.64,,213,,20.5,,,,126,,,,,,,,,,,,,,,,,,,,,,,,,,,,,,,,,,,,,,,,,,,,,,,,,,,,,,,,,,,,,,,,,,,,,,,,,,,,,,,,,,,,,,,,,,,,,,,,,,,,,,,,,,,,,,,,,,,,,,,,,,,,,,,,
2012PN200098,OIL SANDS LONGTERM WQ MONITORING,M5 LTWQ PANEL 9 OF 10,AL07DD0005,57.15747222,-111.6246944,2012-07-11 12:12,WATER,VERTICAL INTEGRATED,2.5,,91.425,,0,,2.886,,16.378,,91.378,,0,,-0.507,,0.33,,14.621,,8.713,,110.724,,,,,,NA,,NA,,75,,25.4,,4.06,,0.09,,6.79,,7.7,,0.81,,5.58,,7.27,,15.6,,,,,,,,,,,,60,,196,,,,8.18,,7.79,,208,,20.8,,,,107,,,,,,,,,,,,,,,,,,,,,,,,,,,,,,,,,,,,,,,,,,,,,,,,,,,,,,,,,,,,,,,,,,,,,,,,,,,,,,,,,,,,,,,,,,,,,,,,,,,,,,,,,,,,,,,,,,,,,,,,,,,,,,,,
2012PN200099,OIL SANDS LONGTERM WQ MONITORING,M5 LTWQ PANEL 10 OF 10,AL07DD0005,57.15758333,-111.6239444,2012-07-11 12:36,WATER,VERTICAL INTEGRATED,5.1,,98.739,,0,,2.589,,10.831,,91.831,,0,,-0.389,,0.35,,15.444,,8.557,,114.471,,,,,,NA,,NA,,81,,25.4,,4.16,,0.09,,6.9,,7.78,,0.79,,6.03,,7.79,,14.6,,,,,,,,,,,,70,,198,,,,8.15,,7.83,,211,,21,,,,90.3,,,,,,,,,,,,,,,,,,,,,,,,,,,,,,,,,,,,,,,,,,,,,,,,,,,,,,,,,,,,,,,,,,,,,,,,,,,,,,,,,,,,,,,,,,,,,,,,,,,,,,,,,,,,,,,,,,,,,,,,,,,,,,,,
2012PN200100,OIL SANDS LONGTERM WQ MONITORING,ATHABASCA RIVER M5 ABOVE MACKAY RIVER,AL07DD0005,57.15680556,-111.6270528,2012-07-11 12:40,WATER,ISOKINETIC TRANSECT COMPOSITE - EWI,,,99.349,,0,,2.114,,13.448,,94.948,,0,,PM,,0.28,,12.603,,PM,,115.701,,,,,,NA,,NA,,81.5,,26.5,,2.8,,0.09,,6.99,,7.87,,0.83,,5.18,,6.36,,17.9,,,,,,,,,,,,60,,196,,,,,,,,,,,,,,113,,,,,,,,,,,,,,,,,,,,,,,,,,,,,,,,,,,,,,,,,,,,,,,,,,,,,,,,,,,,,,,,,,,,,,,,,,,,,,,,,,,,,,,,,,,,,,,,,,,,,,,,,,,,,,,,,,,,,,,,,,,,,,,,
2012PN200111,OIL SANDS LONGTERM WQ MONITORING,M4 LTWQ PANEL 5 OF 10,AL07DD0004,57.12697222,-111.6024167,2012-07-24 12:17,WATER,VERTICAL INTEGRATED,2.82,,109.71,,0,,1.367,,14.586,,104.586,,0,,0.045,,0.23,,9.828,,8.01,,122.183,,,,,,NA,,NA,,90,,29.7,,1.42,,0.08,,7.39,,8.1,,0.84,,4.89,,5.29,,18.4,,,,,,,,,,,,35,,214,,,,8.41,,7.9,,225,,21.08,,,,136,,,,,,,,,,,,,,,,,,,,,,,,,,,,,,,,,,,,,,,,,,,,,,,,,,,,,,,,,,,,,,,,,,,,,,,,,,,,,,,,,,,,,,,,,,,,,,,,,,,,,,,,,,,,,,,,,,,,,,,,,,,,,,,,
2012PN200112,OIL SANDS LONGTERM WQ MONITORING,M4 LTWQ PANEL 9 OF 10,AL07DD0004,57.12761111,-111.6001389,2012-07-24 13:29,WATER,VERTICAL INTEGRATED,7.26,,110.32,,0,,1.281,,9.02,,99.52,,0,,0.058,,0.3,,12.915,,8.013,,123.207,,,,,,NA,,NA,,90.5,,28.1,,3.92,,0.08,,7.13,,8.13,,0.8,,5.39,,6.85,,16.5,,,,,,,,,,,,45,,210,,,,8.44,,7.89,,222,,21.27,,,,113,,,,,,,,,,,,,,,,,,,,,,,,,,,,,,,,,,,,,,,,,,,,,,,,,,,,,,,,,,,,,,,,,,,,,,,,,,,,,,,,,,,,,,,,,,,,,,,,,,,,,,,,,,,,,,,,,,,,,,,,,,,,,,,,
2012PN200113,OIL SANDS LONGTERM WQ MONITORING,M4 LT WQ PANEL 10 OF 10,AL07DD0004,57.12763889,-111.6000278,2012-07-24 13:50,WATER,VERTICAL INTEGRATED,5.03,,108.491,,0,,1.231,,7.946,,96.946,,0,,0.05,,0.33,,14.136,,8.04,,122.214,,,,,,NA,,NA,,89,,27.3,,4.8,,0.08,,6.99,,8.14,,0.81,,5.6,,7.41,,15.7,,,,,,,,,,,,45,,209,,,,8.44,,7.9,,221,,21.3,,,,102,,,,,,,,,,,,,,,,,,,,,,,,,,,,,,,,,,,,,,,,,,,,,,,,,,,,,,,,,,,,,,,,,,,,,,,,,,,,,,,,,,,,,,,,,,,,,,,,,,,,,,,,,,,,,,,,,,,,,,,,,,,,,,,,
2012PN200114,OIL SANDS LONGTERM WQ MONITORING,ATHABASCA RIVER M4 ABOVE MUSKEG RIVER,AL07DD0004,57.12697222,-111.6024167,2012-07-24 14:00,WATER,ISOKINETIC TRANSECT COMPOSITE - EWI,,,110.32,,0,,1.194,,10.639,,101.139,,0,,PM,,0.26,,11.301,,PM,,122.246,,,,,,NA,,NA,,90.5,,28.6,,2.54,,0.08,,7.22,,8.16,,0.81,,5.17,,5.98,,17.4,,,,,,,,,,,,40,,212,,,,,,,,,,,,,,112,,,,,,,,,,,,,,,,,,,,,,,,,,,,,,,,,,,,,,,,,,,,,,,,,,,,,,,,,,,,,,,,,,,,,,,,,,,,,,,,,,,,,,,,,,,,,,,,,,,,,,,,,,,,,,,,,,,,,,,,,,,,,,,,
2012PN200115,OIL SANDS LONGTERM WQ MONITORING,M5 LTWQ PANEL 5 OF 10,AL07DD0005,57.15680556,-111.6275,2012-07-25 10:25,WATER,VERTICAL INTEGRATED,4.29,,105.444,,0,,1.344,,10.575,,97.075,,0,,-0.016,,0.25,,11.11,,8.121,,118.357,,,,,,NA,,NA,,86.5,,27.5,,2.57,,0.08,,6.9,,8.09,,0.77,,4.93,,5.63,,17.9,,,,,,,,,,,,35,,202,,,,8.33,,7.95,,217,,21.04,,,,94.7,,,,,,,,,,,,,,,,,,,,,,,,,,,,,,,,,,,,,,,,,,,,,,,,,,,,,,,,,,,,,,,,,,,,,,,,,,,,,,,,,,,,,,,,,,,,,,,,,,,,,,,,,,,,,,,,,,,,,,,,,,,,,,,,
2012PN200116,OIL SANDS LONGTERM WQ MONITORING,M5 LTWQ PANEL 9 OF 10,AL07DD0005,57.15747222,-111.6246944,2012-07-25 11:09,WATER,VERTICAL INTEGRATED,2.43,,106.053,,0,,1.384,,7.416,,94.416,,0,,-0.036,,0.32,,13.87,,8.152,,120.041,,,,,,NA,,NA,,87,,26.6,,4.65,,0.09,,6.8,,8.08,,0.8,,5.39,,7.06,,16.3,,,,,,,,,,,,50,,204,,,,8.32,,7.96,,218,,21.12,,,,89.4,,,,,,,,,,,,,,,,,,,,,,,,,,,,,,,,,,,,,,,,,,,,,,,,,,,,,,,,,,,,,,,,,,,,,,,,,,,,,,,,,,,,,,,,,,,,,,,,,,,,,,,,,,,,,,,,,,,,,,,,,,,,,,,,
2012PN200117,OIL SANDS LONGTERM WQ MONITORING,M5 LTWQ PANEL 10 OF 10,AL07DD0005,57.15758333,-111.6239444,2012-07-25 11:24,WATER,VERTICAL INTEGRATED,6.09,,106.053,,0,,1.321,,8.7,,95.7,,0,,-0.011,,0.33,,14.162,,8.122,,120.506,,,,,,NA,,NA,,87,,26.9,,4.72,,0.08,,6.93,,8.1,,0.79,,5.61,,7.33,,15.8,,,,,,,,,,,,65,,208,,,,8.32,,7.97,,219,,21.12,,,,82.3,,,,,,,,,,,,,,,,,,,,,,,,,,,,,,,,,,,,,,,,,,,,,,,,,,,,,,,,,,,,,,,,,,,,,,,,,,,,,,,,,,,,,,,,,,,,,,,,,,,,,,,,,,,,,,,,,,,,,,,,,,,,,,,,
2012PN200118,OIL SANDS LONGTERM WQ MONITORING,ATHABASCA RIVER M5 ABOVE MACKAY RIVER,AL07DD0005,57.15680556,-111.6270528,2012-07-25 11:30,WATER,ISOKINETIC TRANSECT COMPOSITE - EWI,,,109.71,,0,,1.5,,8.277,,98.277,,0,,PM,,0.26,,11.66,,PM,,121.583,,,,,,NA,,NA,,90,,27.8,,2.96,,0.08,,7.01,,8.06,,0.79,,5.15,,6.02,,17.6,,,,,,,,,,,,50,,205,,,,,,,,,,,,,,91.2,,,,,,,,,,,,,,,,,,,,,,,,,,,,,,,,,,,,,,,,,,,,,,,,,,,,,,,,,,,,,,,,,,,,,,,,,,,,,,,,,,,,,,,,,,,,,,,,,,,,,,,,,,,,,,,,,,,,,,,,,,,,,,,,
2012PN200119,OIL SANDS LONGTERM WQ MONITORING,M6 LTWQ PANEL 1 OF 10,AL07DD0009,57.21513,-111.61512,2012-08-06 10:11,WATER,VERTICAL INTEGRATED,4.39,,120.681,,0,,1.69,,7.498,,106.498,,0,,-0.004,,0.26,,10.917,,8.059,,128.647,,,,,,NA,,NA,,99,,30.4,,1.54,,0.07,,7.43,,8.05,,1.17,,5.74,,6.08,,16.6,,,,,,,,,,,,65,,224,,,,8.74,,7.81,,231,,19.41,,,,140,,,,,,,,,,,,,,,,,,,,,,,,,,,,,,,,,,,,,,,,,,,,,,,,,,,,,,,,,,,,,,,,,,,,,,,,,,,,,,,,,,,,,,,,,,,,,,,,,,,,,,,,,,,,,,,,,,,,,,,,,,,,,,,,
2012PN200120,OIL SANDS LONGTERM WQ MONITORING,M6 LTWQ PANEL 2 OF 10,AL07DD0009,57.2151,-111.61433,2012-08-06 10:37,WATER,VERTICAL INTEGRATED,3.71,,120.681,,0,,1.651,,6.914,,105.914,,0,,0.16,,0.25,,10.517,,7.739,,128.447,,,,,,NA,,NA,,99,,30.1,,1.71,,0.07,,7.47,,8.06,,1.18,,5.8,,5.8,,16.7,,,,,,,,,,,,60,,218,,,,8.78,,7.74,,232,,19.43,,,,152,,,,,,,,,,,,,,,,,,,,,,,,,,,,,,,,,,,,,,,,,,,,,,,,,,,,,,,,,,,,,,,,,,,,,,,,,,,,,,,,,,,,,,,,,,,,,,,,,,,,,,,,,,,,,,,,,,,,,,,,,,,,,,,,
2012PN200121,OIL SANDS LONGTERM WQ MONITORING,M6 LTWQ PANEL 3 OF 10,AL07DD0009,57.21512,-111.61345,2012-08-06 10:48,WATER,VERTICAL INTEGRATED,3.62,,117.024,,0,,1.528,,9.793,,105.793,,0,,0.169,,0.25,,10.546,,7.742,,126.808,,,,,,NA,,NA,,96,,30.2,,1.87,,0.07,,7.38,,8.08,,1.16,,5.81,,5.81,,16.7,,,,,,,,,,,,60,,224,,,,8.8,,7.95,,232,,19.44,,,,147,,,,,,,,,,,,,,,,,,,,,,,,,,,,,,,,,,,,,,,,,,,,,,,,,,,,,,,,,,,,,,,,,,,,,,,,,,,,,,,,,,,,,,,,,,,,,,,,,,,,,,,,,,,,,,,,,,,,,,,,,,,,,,,,
2012PN200122,OIL SANDS LONGTERM WQ MONITORING,M6 LTWQ PANEL 4 OF 10,AL07DD0009,57.21516,-111.61577,2012-08-06 11:03,WATER,VERTICAL INTEGRATED,3.11,,117.024,,0,,1.492,,9.003,,105.003,,0,,0.175,,0.26,,10.943,,7.741,,126.779,,,,,,NA,,NA,,96,,29.9,,2.23,,0.07,,7.37,,8.09,,1.15,,5.85,,6.01,,16.4,,,,,,,,,,,,60,,222,,,,8.81,,7.92,,231,,19.44,,,,148,,,,,,,,,,,,,,,,,,,,,,,,,,,,,,,,,,,,,,,,,,,,,,,,,,,,,,,,,,,,,,,,,,,,,,,,,,,,,,,,,,,,,,,,,,,,,,,,,,,,,,,,,,,,,,,,,,,,,,,,,,,,,,,,
2012PN200123,OIL SANDS LONGTERM WQ MONITORING,M6 LTWQ PANEL 5 OF 10,AL07DD0009,57.21505,-111.6115,2012-08-06 11:16,WATER,VERTICAL INTEGRATED,3.2,,115.805,,0,,1.345,,9.089,,104.089,,0,,0.048,,0.27,,11.451,,8.035,,126.375,,,,,,NA,,NA,,95,,29.6,,2.63,,0.07,,7.33,,8.13,,1.14,,5.94,,6.27,,16.2,,,,,,,,,,,,60,,220,,,,8.82,,7.88,,230,,19.45,,,,148,,,,,,,,,,,,,,,,,,,,,,,,,,,,,,,,,,,,,,,,,,,,,,,,,,,,,,,,,,,,,,,,,,,,,,,,,,,,,,,,,,,,,,,,,,,,,,,,,,,,,,,,,,,,,,,,,,,,,,,,,,,,,,,,
2012PN200124,OIL SANDS LONGTERM WQ MONITORING,M6 LTWQ PANEL 6 OF 10,AL07DD0009,57.21502,-111.61068,2012-08-06 11:50,WATER,VERTICAL INTEGRATED,2.59,,114.586,,0,,1.3,,9.134,,103.134,,0,,0.207,,0.28,,12.143,,7.725,,125.712,,,,,,NA,,NA,,94,,29.3,,3.22,,0.07,,7.28,,8.14,,1.13,,5.79,,6.64,,15.7,,,,,,,,,,,,70,,218,,,,8.82,,7.93,,230,,19.48,,,,143,,,,,,,,,,,,,,,,,,,,,,,,,,,,,,,,,,,,,,,,,,,,,,,,,,,,,,,,,,,,,,,,,,,,,,,,,,,,,,,,,,,,,,,,,,,,,,,,,,,,,,,,,,,,,,,,,,,,,,,,,,,,,,,,
2012PN200125,OIL SANDS LONGTERM WQ MONITORING,M6 LTWQ PANEL 7 OF 10,AL07DD0009,57.2152,-111.6098,2012-08-06 12:00,WATER,VERTICAL INTEGRATED,2.59,,114.586,,0,,1.362,,7.721,,101.721,,0,,0.18,,0.3,,12.883,,7.76,,125.893,,,,,,NA,,NA,,94,,28.8,,3.77,,0.07,,7.24,,8.12,,1.15,,5.88,,7.01,,15.4,,,,,,,,,,,,65,,222,,,,8.82,,7.91,,230,,19.5,,,,146,,,,,,,,,,,,,,,,,,,,,,,,,,,,,,,,,,,,,,,,,,,,,,,,,,,,,,,,,,,,,,,,,,,,,,,,,,,,,,,,,,,,,,,,,,,,,,,,,,,,,,,,,,,,,,,,,,,,,,,,,,,,,,,,
2012PN200126,OIL SANDS LONGTERM WQ MONITORING,M6 LTWQ PANEL 8 OF 10,AL07DD0009,57.2153,-111.60903,2012-08-06 12:09,WATER,VERTICAL INTEGRATED,3.26,,113.977,,0,,1.293,,11.33,,104.83,,0,,0.208,,0.33,,13.799,,7.723,,128.574,,,,,,NA,,NA,,93.5,,29.6,,4.53,,0.07,,7.51,,8.14,,1.18,,6.5,,7.82,,15.1,,,,,,,,,,,,60,,227,,,,8.81,,7.88,,232,,19.54,,,,145,,,,,,,,,,,,,,,,,,,,,,,,,,,,,,,,,,,,,,,,,,,,,,,,,,,,,,,,,,,,,,,,,,,,,,,,,,,,,,,,,,,,,,,,,,,,,,,,,,,,,,,,,,,,,,,,,,,,,,,,,,,,,,,,
2012PN200127,OIL SANDS LONGTERM WQ MONITORING,M6 LTWQ PANEL 9 OF 10,AL07DD0009,57.21523,-111.60808,2012-08-06 12:19,WATER,VERTICAL INTEGRATED,3.73,,114.586,,0,,1.27,,11.661,,105.661,,0,,0.069,,0.35,,14.476,,8.011,,130.339,,,,,,NA,,NA,,94,,29.9,,5.34,,0.07,,7.53,,8.15,,1.15,,6.56,,8.33,,14.9,,,,,,,,,,,,60,,224,,,,8.8,,7.87,,234,,19.55,,,,134,,,,,,,,,,,,,,,,,,,,,,,,,,,,,,,,,,,,,,,,,,,,,,,,,,,,,,,,,,,,,,,,,,,,,,,,,,,,,,,,,,,,,,,,,,,,,,,,,,,,,,,,,,,,,,,,,,,,,,,,,,,,,,,,
2012PN200128,OIL SANDS LONGTERM WQ MONITORING,M6 LTWQ PANEL 10 OF 10,AL07DD0009,57.21518,-111.60727,2012-08-06 12:40,WATER,VERTICAL INTEGRATED,3.11,,113.367,,0,,1.412,,12.826,,105.826,,0,,0.17,,0.36,,14.725,,7.76,,130.189,,,,,,NA,,NA,,93,,29.9,,5.6,,0.07,,7.57,,8.1,,1.14,,6.54,,8.51,,14.9,,,,,,,,,,,,60,,222,,,,8.8,,7.92,,235,,19.6,,,,142,,,,,,,,,,,,,,,,,,,,,,,,,,,,,,,,,,,,,,,,,,,,,,,,,,,,,,,,,,,,,,,,,,,,,,,,,,,,,,,,,,,,,,,,,,,,,,,,,,,,,,,,,,,,,,,,,,,,,,,,,,,,,,,,
2012PN200129,OIL SANDS LONGTERM WQ MONITORING,"ATHABASCA RIVER M6, BELOW MACKAY RIVER",AL07DD0009,57.21505,-111.6115,2012-08-06 13:30,WATER,ISOKINETIC TRANSECT COMPOSITE - EWI,,,116.415,,0,,1.352,,12.406,,107.906,,0,,0.224,,0.29,,12.208,,7.683,,129.266,,,,,,NA,,NA,,95.5,,30.7,,3.06,,0.07,,7.59,,8.13,,1.19,,6.28,,6.99,,15.9,,,,,,,,,,,,60,,219,,,,,,,,,,,,,,145,,,,,,,,,,,,,,,,,,,,,,,,,,,,,,,,,,,,,,,,,,,,,,,,,,,,,,,,,,,,,,,,,,,,,,,,,,,,,,,,,,,,,,,,,,,,,,,,,,,,,,,,,,,,,,,,,,,,,,,,,,,,,,,,
2012PN200130,OIL SANDS LONGTERM WQ MONITORING,M7 LTWQ PANEL 1 OF 10,AL07DD0007,57.31332,-111.67533,2012-08-07 10:22,WATER,VERTICAL INTEGRATED,4.08,,124.338,,0,,2.249,,9.487,,111.487,,0,,-0.072,,0.26,,10.9,,8.084,,135.753,,,,,,NA,,NA,,102,,32.2,,1.61,,0.06,,7.55,,7.94,,1.18,,6.09,,6.35,,19.3,,,,,,,,,,,,60,,230,,,,8.62,,7.77,,228,,19.64,,,,128,,,,,,,,,,,,,,,,,,,,,,,,,,,,,,,,,,,,,,,,,,,,,,,,,,,,,,,,,,,,,,,,,,,,,,,,,,,,,,,,,,,,,,,,,,,,,,,,,,,,,,,,,,,,,,,,,,,,,,,,,,,,,,,,
2012PN200131,OIL SANDS LONGTERM WQ MONITORING,M7 LTWQ PANEL 2 OF 10,AL07DD0007,57.31337,-111.67458,2012-08-07 10:40,WATER,VERTICAL INTEGRATED,3.44,,121.9,,0,,2.205,,12.568,,112.568,,0,,0.078,,0.25,,10.456,,7.784,,135.103,,,,,,NA,,NA,,100,,32.6,,1.77,,0.06,,7.57,,7.94,,1.19,,6.18,,6.12,,19.4,,,,,,,,,,,,60,,230,,,,8.65,,7.85,,231,,19.74,,,,142,,,,,,,,,,,,,,,,,,,,,,,,,,,,,,,,,,,,,,,,,,,,,,,,,,,,,,,,,,,,,,,,,,,,,,,,,,,,,,,,,,,,,,,,,,,,,,,,,,,,,,,,,,,,,,,,,,,,,,,,,,,,,,,,
2012PN200132,OIL SANDS LONGTERM WQ MONITORING,M7 LTWQ PANEL 3 OF 10,AL07DD0007,57.31335,-111.6735,2012-08-07 10:51,WATER,VERTICAL INTEGRATED,2.94,,124.338,,0,,2.302,,9.404,,111.404,,0,,0.071,,0.25,,10.523,,7.789,,136.104,,,,,,NA,,NA,,102,,32.2,,1.92,,0.06,,7.53,,7.93,,1.18,,6.21,,6.1,,19.5,,,,,,,,,,,,60,,230,,,,8.66,,7.83,,231,,19.82,,,,130,,,,,,,,,,,,,,,,,,,,,,,,,,,,,,,,,,,,,,,,,,,,,,,,,,,,,,,,,,,,,,,,,,,,,,,,,,,,,,,,,,,,,,,,,,,,,,,,,,,,,,,,,,,,,,,,,,,,,,,,,,,,,,,,
2012PN200133,OIL SANDS LONGTERM WQ MONITORING,M7 LTWQ PANEL 4 OF 10,AL07DD0007,57.31365,-111.67278,2012-08-07 11:06,WATER,VERTICAL INTEGRATED,2.57,,124.338,,0,,2.302,,9.404,,111.404,,0,,0.071,,0.26,,10.739,,7.789,,136.469,,,,,,NA,,NA,,102,,32.2,,2.22,,0.06,,7.53,,7.93,,1.17,,6.25,,6.24,,19.4,,,,,,,,,,,,60,,232,,,,8.67,,7.88,,230,,19.87,,,,130,,,,,,,,,,,,,,,,,,,,,,,,,,,,,,,,,,,,,,,,,,,,,,,,,,,,,,,,,,,,,,,,,,,,,,,,,,,,,,,,,,,,,,,,,,,,,,,,,,,,,,,,,,,,,,,,,,,,,,,,,,,,,,,,
2012PN200134,OIL SANDS LONGTERM WQ MONITORING,M7 LTWQ PANEL 5 OF 10,AL07DD0007,57.31373,-111.67183,2012-08-07 11:17,WATER,VERTICAL INTEGRATED,2.81,,126.776,,0,,2.698,,7.531,,111.531,,0,,0.02,,0.26,,10.927,,7.831,,137.66,,,,,,NA,,NA,,104,,32.3,,2.46,,0.06,,7.5,,7.87,,1.18,,6.3,,6.37,,18.9,,,,,,,,,,,,60,,238,,,,8.67,,7.86,,230,,19.89,,,,137,,,,,,,,,,,,,,,,,,,,,,,,,,,,,,,,,,,,,,,,,,,,,,,,,,,,,,,,,,,,,,,,,,,,,,,,,,,,,,,,,,,,,,,,,,,,,,,,,,,,,,,,,,,,,,,,,,,,,,,,,,,,,,,,
2012PN200135,OIL SANDS LONGTERM WQ MONITORING,M7 LTWQ PANEL 6 OF 10,AL07DD0007,57.31373,-111.67093,2012-08-07 11:37,WATER,VERTICAL INTEGRATED,3.22,,123.119,,0,,2.943,,8.333,,109.333,,0,,-0.195,,0.27,,11.479,,8.209,,135.572,,,,,,NA,,NA,,101,,31.7,,2.94,L,0.01,,7.33,,7.82,,1.14,,6.27,,6.6,,18.8,,,,,,,,,,,,60,,236,,,,8.67,,7.89,,231,,19.93,,,,130,,,,,,,,,,,,,,,,,,,,,,,,,,,,,,,,,,,,,,,,,,,,,,,,,,,,,,,,,,,,,,,,,,,,,,,,,,,,,,,,,,,,,,,,,,,,,,,,,,,,,,,,,,,,,,,,,,,,,,,,,,,,,,,,
2012PN200136,OIL SANDS LONGTERM WQ MONITORING,M7 LTWQ PANEL 7 OF 10,AL07DD0007,57.3138,-111.66997,2012-08-07 12:22,WATER,VERTICAL INTEGRATED,3.4,,127.995,,0,,3.516,,6.289,,111.289,,0,,-0.084,,0.3,,12.236,,7.928,,139.883,,,,,,NA,,NA,,105,,32.5,,3.9,,0.06,,7.32,,7.76,,1.13,,6.38,,7.22,,18.2,,,,,,,,,,,,60,,245,,,,8.66,,7.86,,231,,19.99,,,,125,,,,,,,,,,,,,,,,,,,,,,,,,,,,,,,,,,,,,,,,,,,,,,,,,,,,,,,,,,,,,,,,,,,,,,,,,,,,,,,,,,,,,,,,,,,,,,,,,,,,,,,,,,,,,,,,,,,,,,,,,,,,,,,,
2012PN200137,OIL SANDS LONGTERM WQ MONITORING,M7 LTWQ PANEL 8 OF 10,AL07DD0007,57.31392,-111.66925,2012-08-07 12:31,WATER,VERTICAL INTEGRATED,3.16,,119.462,,0,,2.212,,8.756,,106.756,,0,,0.035,,0.32,,13.398,,7.861,,134.998,,,,,,NA,,NA,,98,,30.8,,4.55,,0.07,,7.25,,7.93,,1.13,,6.44,,7.69,,18.1,,,,,,,,,,,,60,,237,,,,8.66,,7.85,,233,,20.01,,,,123,,,,,,,,,,,,,,,,,,,,,,,,,,,,,,,,,,,,,,,,,,,,,,,,,,,,,,,,,,,,,,,,,,,,,,,,,,,,,,,,,,,,,,,,,,,,,,,,,,,,,,,,,,,,,,,,,,,,,,,,,,,,,,,,
2012PN200138,OIL SANDS LONGTERM WQ MONITORING,M7 LTWQ PANEL 9 OF 10,AL07DD0007,57.3139,-111.66835,2012-08-07 12:46,WATER,VERTICAL INTEGRATED,2.72,,117.634,,0,,1.85,,8.135,,104.635,,0,,0.086,,0.34,,13.951,,7.828,,133.734,,,,,,NA,,NA,,96.5,,30,,4.95,,0.06,,7.22,,8,,1.12,,6.52,,7.9,,17.9,,,,,,,,,,,,60,,234,,,,8.65,,7.87,,234,,20.02,,,,125,,,,,,,,,,,,,,,,,,,,,,,,,,,,,,,,,,,,,,,,,,,,,,,,,,,,,,,,,,,,,,,,,,,,,,,,,,,,,,,,,,,,,,,,,,,,,,,,,,,,,,,,,,,,,,,,,,,,,,,,,,,,,,,,
2012PN200139,OIL SANDS LONGTERM WQ MONITORING,M7 LTWQ PANEL 10 OF 10,AL07DD0007,57.31395,-111.66737,2012-08-07 12:58,WATER,VERTICAL INTEGRATED,2.76,,119.462,,0,,1.672,,8.588,,106.588,,0,,0.012,,0.34,,14.015,,8.026,,135.684,,,,,,NA,,NA,,98,,30.7,,5.11,,0.06,,7.27,,8.05,,1.14,,6.55,,8.09,,17.8,,,,,,,,,,,,60,,236,,,,8.66,,7.89,,234,,20.06,,,,113,,,,,,,,,,,,,,,,,,,,,,,,,,,,,,,,,,,,,,,,,,,,,,,,,,,,,,,,,,,,,,,,,,,,,,,,,,,,,,,,,,,,,,,,,,,,,,,,,,,,,,,,,,,,,,,,,,,,,,,,,,,,,,,,
2012PN200140,OIL SANDS LONGTERM WQ MONITORING,"ATHABASCA RIVER M7, BELOW ELLS RIVER",AL07DD0007,57.31373,-111.67183,2012-08-07 13:05,WATER,ISOKINETIC TRANSECT COMPOSITE - EWI,,,126.776,,0,,2.041,,7.371,,111.371,,0,,0.142,,0.28,,11.566,,7.705,,138.456,,,,,,NA,,NA,,104,,32.5,,3.08,,0.06,,7.34,,7.99,,1.15,,6.26,,6.78,,18.7,,,,,,,,,,,,60,,240,,,,,,,,,,,,,,126,,,,,,,,,,,,,,,,,,,,,,,,,,,,,,,,,,,,,,,,,,,,,,,,,,,,,,,,,,,,,,,,,,,,,,,,,,,,,,,,,,,,,,,,,,,,,,,,,,,,,,,,,,,,,,,,,,,,,,,,,,,,,,,,
2012PN200141,OIL SANDS LONGTERM WQ MONITORING,M3 LT WQ PANEL 1 OF 10,AL07DD0008,56.8383,-111.41835,2012-08-08 10:02,WATER,VERTICAL INTEGRATED,0.62,,127.995,,0,,3.205,,10.038,,115.038,,0,,-0.191,,0.24,,10.091,,8.181,,140.981,,,,,,NA,,NA,,105,,32.6,,1.42,,0.06,,8.17,,7.8,,1.19,,5.89,,6.01,,22.3,,,,,,,,,,,,45,,234,,,,8.73,,7.86,,245,,19.79,,,,131,,,,,,,,,,,,,,,,,,,,,,,,,,,,,,,,,,,,,,,,,,,,,,,,,,,,,,,,,,,,,,,,,,,,,,,,,,,,,,,,,,,,,,,,,,,,,,,,,,,,,,,,,,,,,,,,,,,,,,,,,,,,,,,,
2012PN200142,OIL SANDS LONGTERM WQ MONITORING,M3 LT WQ PANEL 2 OF 10,AL07DD0008,56.83851,-111.41779,2012-08-08 10:22,WATER,VERTICAL INTEGRATED,2.11,,124.338,,0,,2.147,,10.922,,112.922,,0,,0.097,,0.24,,9.939,,7.766,,137.617,,,,,,NA,,NA,,102,,32,,1.25,,0.06,,8.02,,7.96,,1.16,,5.83,,5.8,,22,,,,,,,,,,,,45,,231,,,,8.76,,7.96,,243,,19.81,,,,122,,,,,,,,,,,,,,,,,,,,,,,,,,,,,,,,,,,,,,,,,,,,,,,,,,,,,,,,,,,,,,,,,,,,,,,,,,,,,,,,,,,,,,,,,,,,,,,,,,,,,,,,,,,,,,,,,,,,,,,,,,,,,,,,
2012PN200143,OIL SANDS LONGTERM WQ MONITORING,M3 LT WQ PANEL 3 OF 10,AL07DD0008,56.83849,-111.41702,2012-08-08 10:34,WATER,VERTICAL INTEGRATED,2.94,,121.9,,0,,2.364,,11.926,,111.926,,0,,0.036,,0.22,,9.489,,7.838,,135.056,,,,,,NA,,NA,,100,,31.7,,0.99,,0.06,,7.96,,7.91,,1.13,,5.87,,5.46,,21.7,,,,,,,,,,,,45,,231,,,,8.83,,7.94,,240,,19.94,,,,124,,,,,,,,,,,,,,,,,,,,,,,,,,,,,,,,,,,,,,,,,,,,,,,,,,,,,,,,,,,,,,,,,,,,,,,,,,,,,,,,,,,,,,,,,,,,,,,,,,,,,,,,,,,,,,,,,,,,,,,,,,,,,,,,
2012PN200144,OIL SANDS LONGTERM WQ MONITORING,M3 LT WQ PANEL 4 OF 10,AL07DD0008,56.83861,-111.41628,2012-08-08 10:44,WATER,VERTICAL INTEGRATED,2.74,,124.338,,0,,1.867,,9.221,,111.221,,0,,0.151,,0.22,,9.51,,7.718,,135.742,,,,,,NA,,NA,,102,,31.5,,0.98,L,0.01,,7.91,,8.02,,1.14,,5.88,,5.44,,21.5,,,,,,,,,,,,45,,229,,,,8.89,,7.97,,240,,20.03,,,,118,,,,,,,,,,,,,,,,,,,,,,,,,,,,,,,,,,,,,,,,,,,,,,,,,,,,,,,,,,,,,,,,,,,,,,,,,,,,,,,,,,,,,,,,,,,,,,,,,,,,,,,,,,,,,,,,,,,,,,,,,,,,,,,,
2012PN200145,OIL SANDS LONGTERM WQ MONITORING,M3 LT WQ PANEL 5 OF 10,AL07DD0008,56.8388,-111.41548,2012-08-08 10:54,WATER,VERTICAL INTEGRATED,3.19,,125.557,,0,,1.799,,9.297,,112.297,,0,,0.178,,0.22,,9.349,,7.684,,136.567,,,,,,NA,,NA,,103,,31.7,,0.94,,0.07,,8.05,,8.04,,1.15,,5.89,,5.39,,21.4,,,,,,,,,,,,50,,227,,,,8.96,,7.98,,240,,20.08,,,,118,,,,,,,,,,,,,,,,,,,,,,,,,,,,,,,,,,,,,,,,,,,,,,,,,,,,,,,,,,,,,,,,,,,,,,,,,,,,,,,,,,,,,,,,,,,,,,,,,,,,,,,,,,,,,,,,,,,,,,,,,,,,,,,,
2012PN200146,OIL SANDS LONGTERM WQ MONITORING,M3 LT WQ PANEL 6 OF 10,AL07DD0008,56.83862,-111.41478,2012-08-08 11:27,WATER,VERTICAL INTEGRATED,3.06,,124.338,,0,,1.782,,9.218,,111.218,,0,,0.033,,0.22,,9.399,,7.973,,135.307,,,,,,NA,,NA,,102,,31.4,,0.95,,0.06,,7.97,,8.04,,1.14,,5.84,,5.37,,21.2,,,,,,,,,,,,50,,227,,,,8.99,,7.96,,240,,20.17,,,,112,,,,,,,,,,,,,,,,,,,,,,,,,,,,,,,,,,,,,,,,,,,,,,,,,,,,,,,,,,,,,,,,,,,,,,,,,,,,,,,,,,,,,,,,,,,,,,,,,,,,,,,,,,,,,,,,,,,,,,,,,,,,,,,,
2012PN200147,OIL SANDS LONGTERM WQ MONITORING,M3 LT WQ PANEL 7 OF 10,AL07DD0008,56.83919,-111.41404,2012-08-08 12:00,WATER,VERTICAL INTEGRATED,3.26,,124.338,,0,,1.741,,8.971,,110.971,,0,,0.18,,0.23,,9.639,,7.691,,135.637,,,,,,NA,,NA,,102,,31.4,,1.14,,0.06,,7.91,,8.05,,1.15,,5.89,,5.51,,21.2,,,,,,,,,,,,50,,227,,,,9.02,,7.92,,240,,20.2,,,,111,,,,,,,,,,,,,,,,,,,,,,,,,,,,,,,,,,,,,,,,,,,,,,,,,,,,,,,,,,,,,,,,,,,,,,,,,,,,,,,,,,,,,,,,,,,,,,,,,,,,,,,,,,,,,,,,,,,,,,,,,,,,,,,,
2012PN200148,OIL SANDS LONGTERM WQ MONITORING,M3 LT WQ PANEL 8 OF 10,AL07DD0008,56.83888,-111.41328,2012-08-08 12:13,WATER,VERTICAL INTEGRATED,3.52,,118.853,,0,,1.743,,8.529,,106.029,,0,,0.118,,0.28,,11.953,,7.793,,132.655,,,,,,NA,,NA,,97.5,,29.8,,2.85,,0.06,,7.68,,8.03,,1.1,,6.21,,6.7,,19.6,,,,,,,,,,,,55,,224,,,,8.97,,7.95,,237,,20.24,,,,99.8,,,,,,,,,,,,,,,,,,,,,,,,,,,,,,,,,,,,,,,,,,,,,,,,,,,,,,,,,,,,,,,,,,,,,,,,,,,,,,,,,,,,,,,,,,,,,,,,,,,,,,,,,,,,,,,,,,,,,,,,,,,,,,,,
2012PN200149,OIL SANDS LONGTERM WQ MONITORING,M3 LT WQ PANEL 9 OF 10,AL07DD0008,56.83991,-111.41234,2012-08-08 12:24,WATER,VERTICAL INTEGRATED,3.6,,110.929,,0,,2.006,,5.606,,96.606,,0,,-0.045,,0.42,,17.319,,8.03,,129.41,,,,,,NA,,NA,,91,,26.9,,7.28,,0.06,,7.15,,7.94,,1.01,,6.67,,9.42,,16.2,,,,,,,,,,,,60,,216,,,,8.84,,7.93,,232,,20.38,,,,79.8,,,,,,,,,,,,,,,,,,,,,,,,,,,,,,,,,,,,,,,,,,,,,,,,,,,,,,,,,,,,,,,,,,,,,,,,,,,,,,,,,,,,,,,,,,,,,,,,,,,,,,,,,,,,,,,,,,,,,,,,,,,,,,,,
2012PN200150,OIL SANDS LONGTERM WQ MONITORING,M3 LT WQ PANEL 10 OF 10,AL07DD0008,56.83878,-111.41164,2012-08-08 12:37,WATER,VERTICAL INTEGRATED,3.02,,101.177,,0,,1.788,,5.052,,88.052,,0,,-0.244,,0.54,,22.2,,8.438,,125.193,,,,,,NA,,NA,,83,,24.2,,11.3,,0.06,,6.71,,7.95,,0.94,,7.19,,11.7,,13.2,,,,,,,,,,,,60,,214,,,,8.72,,7.9,,229,,20.6,,,,62.9,,,,,,,,,,,,,,,,,,,,,,,,,,,,,,,,,,,,,,,,,,,,,,,,,,,,,,,,,,,,,,,,,,,,,,,,,,,,,,,,,,,,,,,,,,,,,,,,,,,,,,,,,,,,,,,,,,,,,,,,,,,,,,,,
2012PN200151,OIL SANDS LONGTERM WQ MONITORING,"ATHABASCA RIVER M3, 6.5 KM BELOW WSC GAUGE 07DA001",AL07DD0008,56.8388,-111.41548,2012-08-08 12:54,WATER,ISOKINETIC TRANSECT COMPOSITE - EWI,,,121.291,,0,,2.094,,7.196,,106.696,,0,,0.061,,0.28,,11.714,,7.838,,134.208,,,,,,NA,,NA,,99.5,,30.1,,2.83,,0.06,,7.66,,7.96,,1.11,,6.09,,6.59,,19.9,,,,,,,,,,,,50,,224,,,,,,,,,,,,,,96.4,,,,,,,,,,,,,,,,,,,,,,,,,,,,,,,,,,,,,,,,,,,,,,,,,,,,,,,,,,,,,,,,,,,,,,,,,,,,,,,,,,,,,,,,,,,,,,,,,,,,,,,,,,,,,,,,,,,,,,,,,,,,,,,,
2012PN200152,OIL SANDS LONGTERM WQ MONITORING,M4 LT WQ PANEL 1 OF 10,AL07DD0004,57.12622222,-111.6040278,2012-08-28 11:41,WATER,VERTICAL INTEGRATED,1.05,,134.09,,0,,1.353,,20.052,,130.052,,0,,0.259,,0.32,,12.237,,7.673,,156.904,,,,,,NA,,NA,,110,,36.7,,3.48,,0.08,,9.33,,8.19,,1.1,,5.05,,8.42,,26.7,,,,,,,,,,,,30,,263,,,,8.92,,8.09,,288,,19.54,,,,38.3,,,,,,,,,,,,,,,,,,,,,,,,,,,,,,,,,,,,,,,,,,,,,,,,,,,,,,,,,,,,,,,,,,,,,,,,,,,,,,,,,,,,,,,,,,,,,,,,,,,,,,,,,,,,,,,,,,,,,,,,,,,,,,,,
2012PN200153,OIL SANDS LONGTERM WQ MONITORING,M4 LT WQ PANEL 2 OF 10,AL07DD0004,57.12633333,-111.6036111,2012-08-28 11:55,WATER,VERTICAL INTEGRATED,0.94,,134.09,,0,,1.291,,19.387,,129.387,,0,,0.276,,0.32,,12.23,,7.657,,157.434,,,,,,NA,,NA,,110,,36.5,,3.48,,0.09,,9.29,,8.21,,1.07,,4.99,,8.37,,27.6,,,,,,,,,,,,25,,263,,,,8.89,,8.1,,287,,19.54,,,,37.4,,,,,,,,,,,,,,,,,,,,,,,,,,,,,,,,,,,,,,,,,,,,,,,,,,,,,,,,,,,,,,,,,,,,,,,,,,,,,,,,,,,,,,,,,,,,,,,,,,,,,,,,,,,,,,,,,,,,,,,,,,,,,,,,
2012PN200154,OIL SANDS LONGTERM WQ MONITORING,M4 LTWQ PANEL 3 OF 10,AL07DD0004,57.12669444,-111.6035278,2012-08-28 12:25,WATER,VERTICAL INTEGRATED,0.1,,134.09,,0,,1.176,,20.883,,130.883,,0,,0.329,,0.32,,12.156,,7.593,,156.994,,,,,,NA,,NA,,110,,37,,3.4,,0.1,,9.35,,8.25,,1.1,,4.99,,8.41,,26.6,,,,,,,,,,,,25,,264,,,,8.91,,8.15,,286,,19.76,,,,40.6,,,,,,,,,,,,,,,,,,,,,,,,,,,,,,,,,,,,,,,,,,,,,,,,,,,,,,,,,,,,,,,,,,,,,,,,,,,,,,,,,,,,,,,,,,,,,,,,,,,,,,,,,,,,,,,,,,,,,,,,,,,,,,,,
2012PN200155,OIL SANDS LONGTERM WQ MONITORING,M4 LTWQ PANEL 4 OF 10,AL07DD0004,57.12694444,-111.6030833,2012-08-28 12:45,WATER,VERTICAL INTEGRATED,0.27,,134.09,,0,,3.436,,20.921,,130.921,,0,,-0.134,,0.32,,12.128,,8.057,,156.944,,,,,,NA,,NA,,110,,36.9,,3.39,,0.1,,9.42,,7.79,,1.1,,5,,8.39,,26.6,,,,,,,,,,,,25,,262,,,,8.88,,8.07,,286,,19.72,,,,40.1,,,,,,,,,,,,,,,,,,,,,,,,,,,,,,,,,,,,,,,,,,,,,,,,,,,,,,,,,,,,,,,,,,,,,,,,,,,,,,,,,,,,,,,,,,,,,,,,,,,,,,,,,,,,,,,,,,,,,,,,,,,,,,,,
2012PN200156,OIL SANDS LONGTERM WQ MONITORING,M4 LTWQ PANEL 5 OF 10,AL07DD0004,57.12697222,-111.6024167,2012-08-28 12:57,WATER,TRIPLICATE SAMPLE,0.7,,134.09,,0,,0.751,,19.923,,129.923,,0,,0.512,,0.32,,12.162,,7.417,,157.134,,,,,,NA,,NA,,110,,36.5,,3.55,,0.09,,9.42,,8.44,,1.06,,5.02,,8.35,,27.1,,,,,,,,,,,,25,,262,,,,8.88,,8.07,,286,,19.72,,,,40.4,,,,,,,,,,,,,,,,,,,,,,,,,,,,,,,,,,,,,,,,,,,,,,,,,,,,,,,,,,,,,,,,,,,,,,,,,,,,,,,,,,,,,,,,,,,,,,,,,,,,,,,,,,,,,,,,,,,,,,,,,,,,,,,,
2012PN200157,OIL SANDS LONGTERM WQ MONITORING,M4 LTWQ PANEL 6 OF 10,AL07DD0004,57.12708333,-111.6020556,2012-08-28 13:35,WATER,VERTICAL INTEGRATED,1.8,,131.652,,0,,1.182,,23.127,,131.127,,0,,0.459,,0.32,,12.101,,7.322,,155.534,,,,,,NA,,NA,,108,,36.9,,3.4,,0.09,,9.47,,8.24,,1.08,,5.07,,8.38,,26.3,,,,,,,,,,,,25,,258,,,,8.87,,8.07,,285,,19.73,,,,35.4,,,,,,,,,,,,,,,,,,,,,,,,,,,,,,,,,,,,,,,,,,,,,,,,,,,,,,,,,,,,,,,,,,,,,,,,,,,,,,,,,,,,,,,,,,,,,,,,,,,,,,,,,,,,,,,,,,,,,,,,,,,,,,,,
2012PN200158,OIL SANDS LONGTERM WQ MONITORING,M4 LTWQ PANEL 7 OF 10,AL07DD0004,57.12725,-111.6014722,2012-08-28 13:43,WATER,VERTICAL INTEGRATED,2.49,,136.528,,0,,1.378,,17.923,,129.923,,0,,0.42,,0.32,,12.224,,7.351,,157.374,,,,,,NA,,NA,,112,,36.5,,3.59,,0.06,,9.42,,8.19,,1.08,,5.08,,8.4,,26,,,,,,,,,,,,30,,260,,,,8.85,,7.99,,285,,19.68,,,,41.6,,,,,,,,,,,,,,,,,,,,,,,,,,,,,,,,,,,,,,,,,,,,,,,,,,,,,,,,,,,,,,,,,,,,,,,,,,,,,,,,,,,,,,,,,,,,,,,,,,,,,,,,,,,,,,,,,,,,,,,,,,,,,,,,
2012PN200159,OIL SANDS LONGTERM WQ MONITORING,M4 LTWQ PANEL 8 OF 10,AL07DD0004,57.12733333,-111.6010556,2012-08-28 13:52,WATER,VERTICAL INTEGRATED,4.16,,136.528,,0,,1.225,,16.842,,128.842,,0,,0.465,,0.34,,12.8,,7.31,,157.404,,,,,,NA,,NA,,112,,36.1,,4.08,,0.09,,9.4,,8.24,,1.07,,5.14,,8.78,,25.5,,,,,,,,,,,,30,,255,,,,8.84,,8.05,EVENTF,284,,19.65,,,,40,,,,,,,,,,,,,,,,,,,,,,,,,,,,,,,,,,,,,,,,,,,,,,,,,,,,,,,,,,,,,,,,,,,,,,,,,,,,,,,,,,,,,,,,,,,,,,,,,,,,,,,,,,,,,,,,,,,,,,,,,,,,,,,,
2012PN200160,OIL SANDS LONGTERM WQ MONITORING,M4 LTWQ PANEL 9 OF 10,AL07DD0004,57.12761111,-111.6001389,2012-08-28 14:05,WATER,VERTICAL INTEGRATED,5.79,,130.433,,0,,1.256,,16.814,,123.814,,0,,0.241,,0.38,,14.522,,7.728,,153.884,,,,,,NA,,NA,,107,,34.4,,5.72,,0.09,,9.21,,8.21,,1.07,,5.38,,9.77,,24,,,,,,,,,,,,30,,252,,,,8.85,,8.02,EVENTF,282,,19.58,,,,35.1,,,,,,,,,,,,,,,,,,,,,,,,,,,,,,,,,,,,,,,,,,,,,,,,,,,,,,,,,,,,,,,,,,,,,,,,,,,,,,,,,,,,,,,,,,,,,,,,,,,,,,,,,,,,,,,,,,,,,,,,,,,,,,,,
2012PN200161,OIL SANDS LONGTERM WQ MONITORING,M4 LT WQ PANEL 10 OF 10,AL07DD0004,57.12763889,-111.6000278,2012-08-28 14:24,WATER,VERTICAL INTEGRATED,5.16,,129.214,,0,,1.274,,14.908,,120.908,,0,,0.218,,0.45,,16.871,,7.764,,155.464,,,,,,NA,,NA,,106,,33.5,,8.4,,0.09,,9.05,,8.2,,1.07,,5.71,,11.4,,22.6,,,,,,,,,,,,35,,265,,,,8.92,,8.02,,282,,19.7,,,,32.3,,,,,,,,,,,,,,,,,,,,,,,,,,,,,,,,,,,,,,,,,,,,,,,,,,,,,,,,,,,,,,,,,,,,,,,,,,,,,,,,,,,,,,,,,,,,,,,,,,,,,,,,,,,,,,,,,,,,,,,,,,,,,,,,
2012PN200162,OIL SANDS LONGTERM WQ MONITORING,ATHABASCA RIVER M4 ABOVE MUSKEG RIVER,AL07DD0004,57.12697222,-111.6024167,2012-08-28 14:29,WATER,ISOKINETIC TRANSECT COMPOSITE - EWI,,,134.09,,0,,1.322,,16.638,,126.638,,0,,0.408,,0.37,,13.883,,7.384,,155.754,,,,,,NA,,NA,,110,,35.3,,5.25,,0.09,,9.35,,8.2,,1.07,,5.27,,9.48,,23.9,,,,,,,,,,,,30,,259,,,,,,,,,,,,,,34.9,,,,,,,,,,,,,,,,,,,,,,,,,,,,,,,,,,,,,,,,,,,,,,,,,,,,,,,,,,,,,,,,,,,,,,,,,,,,,,,,,,,,,,,,,,,,,,,,,,,,,,,,,,,,,,,,,,,,,,,,,,,,,,,,
2012PN200163,OIL SANDS LONGTERM WQ MONITORING,M5 LTWQ PANEL 1 OF 10,AL07DD0005,57.15605556,-111.63,2012-08-29 10:53,WATER,VERTICAL INTEGRATED,2.25,,137.747,,0,,1.327,,19.522,,132.522,,0,,0.446,,0.32,,11.949,,7.318,,158.474,,,,,,NA,,NA,,113,,36.7,,3.47,,0.09,,9.93,,8.21,,1.11,,4.98,,8.35,,26,,,,,,,,,,,,25,,263,,,,8.91,,7.9,,287,,19.64,,,,24.7,,,,,,,,,,,,,,,,,,,,,,,,,,,,,,,,,,,,,,,,,,,,,,,,,,,,,,,,,,,,,,,,,,,,,,,,,,,,,,,,,,,,,,,,,,,,,,,,,,,,,,,,,,,,,,,,,,,,,,,,,,,,,,,,
2012PN200164,OIL SANDS LONGTERM WQ MONITORING,M5 LTWQ PANEL 2 OF 10,AL07DD0005,57.15633333,-111.6294167,2012-08-29 11:02,WATER,VERTICAL INTEGRATED,2.5,,136.528,,0,,1.284,,21.222,,133.222,,0,,0.452,,0.32,,12.073,,7.316,,158.064,,,,,,NA,,NA,,112,,36.7,,3.7,,0.09,,10.1,,8.22,,1.08,,5.06,,8.49,,25.6,,,,,,,,,,,,25,,258,,,,8.9,,7.86,,286,,19.7,,,,24.2,,,,,,,,,,,,,,,,,,,,,,,,,,,,,,,,,,,,,,,,,,,,,,,,,,,,,,,,,,,,,,,,,,,,,,,,,,,,,,,,,,,,,,,,,,,,,,,,,,,,,,,,,,,,,,,,,,,,,,,,,,,,,,,,
2012PN200165,OIL SANDS LONGTERM WQ MONITORING,M5 LTWQ PANEL 3 OF 10,AL07DD0005,57.15655556,-111.6286944,2012-08-29 11:11,WATER,VERTICAL INTEGRATED,2.59,,134.09,,0,,1.232,,21.723,,131.723,,0,,0.448,,0.33,,12.469,,7.335,,156.474,,,,,,NA,,NA,,110,,36.1,,4.02,,0.09,,10.1,,8.23,,1.08,,5.13,,8.71,,25.2,,,,,,,,,,,,25,,256,,,,8.89,,7.9,EVENTF,285,,19.71,,,,26.9,,,,,,,,,,,,,,,,,,,,,,,,,,,,,,,,,,,,,,,,,,,,,,,,,,,,,,,,,,,,,,,,,,,,,,,,,,,,,,,,,,,,,,,,,,,,,,,,,,,,,,,,,,,,,,,,,,,,,,,,,,,,,,,,
2012PN200166,OIL SANDS LONGTERM WQ MONITORING,M5 LTWQ PANEL 4 OF 10,AL07DD0005,57.15669444,-111.62825,2012-08-29 11:23,WATER,VERTICAL INTEGRATED,2.97,,135.309,,0,,1.243,,20.885,,131.885,,0,,0.45,,0.34,,12.852,,7.33,,157.504,,,,,,NA,,NA,,111,,36,,4.48,,0.09,,10.2,,8.23,,1.1,,5.16,,9.03,,24.8,,,,,,,,,,,,30,,258,,,,8.9,,7.85,,285,,19.7,,,,25.3,,,,,,,,,,,,,,,,,,,,,,,,,,,,,,,,,,,,,,,,,,,,,,,,,,,,,,,,,,,,,,,,,,,,,,,,,,,,,,,,,,,,,,,,,,,,,,,,,,,,,,,,,,,,,,,,,,,,,,,,,,,,,,,,
2012PN200167,OIL SANDS LONGTERM WQ MONITORING,M5 LTWQ PANEL 5 OF 10,AL07DD0005,57.15680556,-111.6275,2012-08-29 11:35,WATER,VERTICAL INTEGRATED,2.71,,129.214,,0,,1.216,,23.226,,129.226,,0,,0.258,,0.37,,13.891,,7.704,,154.334,,,,,,NA,,NA,,106,,35.1,,5.61,,0.08,,10.1,,8.22,,1.09,,5.33,,9.68,,23.7,,,,,,,,,,,,30,,257,,,,8.9,,7.88,,283,,19.66,,,,25.7,,,,,,,,,,,,,,,,,,,,,,,,,,,,,,,,,,,,,,,,,,,,,,,,,,,,,,,,,,,,,,,,,,,,,,,,,,,,,,,,,,,,,,,,,,,,,,,,,,,,,,,,,,,,,,,,,,,,,,,,,,,,,,,,
2012PN200168,OIL SANDS LONGTERM WQ MONITORING,M5 LTWQ PANEL 6 OF 10,AL07DD0005,57.15683333,-111.6265278,2012-08-29 12:31,WATER,VERTICAL INTEGRATED,2.71,,129.214,,0,,1.133,,22.639,,128.639,,0,,0.434,,0.39,,14.709,,7.382,,155.054,,,,,,NA,,NA,,106,,34.7,,6.59,,0.09,,10.2,,8.25,,1.07,,5.46,,10.3,,23,,,,,,,,,,,,25,,259,,,,8.91,,7.93,,283,,19.64,,,,23.4,,,,,,,,,,,,,,,,,,,,,,,,,,,,,,,,,,,,,,,,,,,,,,,,,,,,,,,,,,,,,,,,,,,,,,,,,,,,,,,,,,,,,,,,,,,,,,,,,,,,,,,,,,,,,,,,,,,,,,,,,,,,,,,,
2012PN200169,OIL SANDS LONGTERM WQ MONITORING,M5 LTWQ PANEL 7 OF 10,AL07DD0005,57.15686111,-111.6257222,2012-08-29 12:42,WATER,VERTICAL INTEGRATED,2.66,,129.214,,0,,1.216,,22.714,,128.714,,0,,0.401,,0.41,,15.187,,7.419,,155.694,,,,,,NA,,NA,,106,,34.4,,7.25,,0.09,,10.4,,8.22,,1.07,,5.54,,10.7,,22.6,,,,,,,,,,,,30,,261,,,,8.92,,8,,283,,19.61,,,,24.3,,,,,,,,,,,,,,,,,,,,,,,,,,,,,,,,,,,,,,,,,,,,,,,,,,,,,,,,,,,,,,,,,,,,,,,,,,,,,,,,,,,,,,,,,,,,,,,,,,,,,,,,,,,,,,,,,,,,,,,,,,,,,,,,
2012PN200170,OIL SANDS LONGTERM WQ MONITORING,M5 LTWQ PANEL 8 OF 10,AL07DD0005,57.15705556,-111.6250278,2012-08-29 12:52,WATER,VERTICAL INTEGRATED,2.24,,127.995,,0,,1.233,,22.627,,127.627,,0,,0.379,,0.42,,15.417,,7.453,,154.864,,,,,,NA,,NA,,105,,33.8,,7.55,,0.09,,10.5,,8.21,,1.06,,5.52,,10.8,,22.5,,,,,,,,,,,,35,,260,,,,8.94,,8.03,,283,,19.66,,,,21.8,,,,,,,,,,,,,,,,,,,,,,,,,,,,,,,,,,,,,,,,,,,,,,,,,,,,,,,,,,,,,,,,,,,,,,,,,,,,,,,,,,,,,,,,,,,,,,,,,,,,,,,,,,,,,,,,,,,,,,,,,,,,,,,,
2012PN200171,OIL SANDS LONGTERM WQ MONITORING,M5 LTWQ PANEL 9 OF 10,AL07DD0005,57.15747222,-111.6246944,2012-08-29 13:06,WATER,VERTICAL INTEGRATED,0.97,,127.995,,0,,1.122,,24.449,,129.449,,0,,0.274,,0.42,,15.588,,7.702,,155.894,,,,,,NA,,NA,,105,,34.2,,7.78,,0.09,,10.7,,8.25,,1.09,,5.59,,11.1,,22.3,,,,,,,,,,,,30,,263,,,,8.94,,8.06,,284,,19.73,,,,24.7,,,,,,,,,,,,,,,,,,,,,,,,,,,,,,,,,,,,,,,,,,,,,,,,,,,,,,,,,,,,,,,,,,,,,,,,,,,,,,,,,,,,,,,,,,,,,,,,,,,,,,,,,,,,,,,,,,,,,,,,,,,,,,,,
2012PN200172,OIL SANDS LONGTERM WQ MONITORING,M5 LTWQ PANEL 10 OF 10,AL07DD0005,57.15758333,-111.6239444,2012-08-29 13:21,WATER,VERTICAL INTEGRATED,2.01,,129.214,,0,,1.056,,22.613,,128.613,,0,,0.308,,0.43,,15.674,,7.664,,156.174,,,,,,NA,,NA,,106,,33.7,,7.96,,0.08,,10.8,,8.28,,1.08,,5.61,,11.1,,22.2,,,,,,,,,,,,35,,266,,,,8.88,,8.09,,284,,19.94,,,,16.2,,,,,,,,,,,,,,,,,,,,,,,,,,,,,,,,,,,,,,,,,,,,,,,,,,,,,,,,,,,,,,,,,,,,,,,,,,,,,,,,,,,,,,,,,,,,,,,,,,,,,,,,,,,,,,,,,,,,,,,,,,,,,,,,
2012PN200173,OIL SANDS LONGTERM WQ MONITORING,ATHABASCA RIVER M5 ABOVE MACKAY RIVER,AL07DD0005,57.15680556,-111.6270528,2012-08-29 13:30,WATER,ISOKINETIC TRANSECT COMPOSITE - EWI,,,131.652,,0,,1.076,,27.078,,135.078,,0,,0.479,,0.36,,13.175,,7.321,,157.574,,,,,,NA,,NA,,108,,35.3,,5.44,,0.09,,11.4,,8.28,,1.06,,5.33,,9.51,,24.6,,,,,,,,,,,,30,,262,,,,,,,,,,,,,,25.2,,,,,,,,,,,,,,,,,,,,,,,,,,,,,,,,,,,,,,,,,,,,,,,,,,,,,,,,,,,,,,,,,,,,,,,,,,,,,,,,,,,,,,,,,,,,,,,,,,,,,,,,,,,,,,,,,,,,,,,,,,,,,,,,
2012PN200174,OIL SANDS LONGTERM WQ MONITORING,M4 LTWQ PANEL 5 OF 10,AL07DD0004,57.12697222,-111.6024167,2012-07-10 12:47,WATER,TRIPLICATE SAMPLE,,,99.958,,0,,1.536,,17.419,,99.419,,0,,PM,,0.22,,9.929,,PM,,117.423,,,,,,NA,,NA,,82,,27.4,,1.29,,0.09,,7.53,,8.01,,0.7,,4.32,,5.08,,21.6,,,,,,,,,,,,35,,205,,,,,,,,,,,,,,127,,,,,,,,,,,,,,,,,,,,,,,,,,,,,,,,,,,,,,,,,,,,,,,,,,,,,,,,,,,,,,,,,,,,,,,,,,,,,,,,,,,,,,,,,,,,,,,,,,,,,,,,,,,,,,,,,,,,,,,,,,,,,,,,
2012PN200175,OIL SANDS LONGTERM WQ MONITORING,M4 LTWQ PANEL 5 OF 10,AL07DD0004,57.12697222,-111.6024167,2012-07-10 12:52,WATER,TRIPLICATE SAMPLE,,,99.349,,0,,3.953,,17.17,,98.67,,0,,PM,,0.22,,9.909,,PM,,116.663,,,,,,NA,,NA,,81.5,,27.1,,1.3,,0.09,,7.53,,7.6,,0.69,,4.31,,5.03,,21.5,,,,,,,,,,,,35,,205,,,,,,,,,,,,,,117,,,,,,,,,,,,,,,,,,,,,,,,,,,,,,,,,,,,,,,,,,,,,,,,,,,,,,,,,,,,,,,,,,,,,,,,,,,,,,,,,,,,,,,,,,,,,,,,,,,,,,,,,,,,,,,,,,,,,,,,,,,,,,,,
2012PN200181,OIL SANDS LONGTERM WQ MONITORING,M4 LTWQ PANEL 5 OF 10,AL07DD0004,57.12697222,-111.6024167,2012-08-28 13:02,WATER,TRIPLICATE SAMPLE,,,135.309,,0,,1.186,,20.989,,131.989,,0,,PM,,0.32,,11.993,,PM,,156.644,,,,,,NA,,NA,,111,,36.8,,3.34,,0.08,,9.74,,8.25,,1.09,,5,,8.35,,25.6,,,,,,,,,,,,30,,258,,,,,,,,,,,,,,38.6,,,,,,,,,,,,,,,,,,,,,,,,,,,,,,,,,,,,,,,,,,,,,,,,,,,,,,,,,,,,,,,,,,,,,,,,,,,,,,,,,,,,,,,,,,,,,,,,,,,,,,,,,,,,,,,,,,,,,,,,,,,,,,,,
2012PN200182,OIL SANDS LONGTERM WQ MONITORING,M4 LTWQ PANEL 5 OF 10,AL07DD0004,57.12697222,-111.6024167,2012-08-28 13:07,WATER,TRIPLICATE SAMPLE,,,141.404,,0,,1.567,,15.569,,131.569,,0,,PM,,0.32,,12.063,,PM,,159.584,,,,,,NA,,NA,,116,,36.5,,3.35,,0.08,,9.82,,8.15,,1.1,,5.01,,8.38,,25.7,,,,,,,,,,,,30,,266,,,,,,,,,,,,,,39.8,,,,,,,,,,,,,,,,,,,,,,,,,,,,,,,,,,,,,,,,,,,,,,,,,,,,,,,,,,,,,,,,,,,,,,,,,,,,,,,,,,,,,,,,,,,,,,,,,,,,,,,,,,,,,,,,,,,,,,,,,,,,,,,,
2012PN200188,OIL SANDS LONGTERM WQ MONITORING,M4 LTWQ PANEL 5 OF 10,AL07DD0004,57.12697222,-111.6024167,2012-10-23 13:36,WATER,VERTICAL INTEGRATED,1.99,,120.681,,0,,2.036,,9.821,,108.821,,0,,-0.696,,0.6,,22.152,,9.362,,151.925,,,,,,NA,,NA,,99,,29.5,,10.1,,0.09,,8.54,,7.97,,1.05,,6.03,,14.4,,22.7,,,,,,,,,,,,60,,266,,,,12.98,,8.17,,273,,1.46,,,,14.5,,,,,,,,,,,,,,,,,,,,,,,,,,,,,,,,,,,,,,,,,,,,,,,,,,,,,,,,,,,,,,,,,,,,,,,,,,,,,,,,,,,,,,,,,,,,,,,,,,,,,,,,,,,,,,,,,,,,,,,,,,,,,,,,
2012PN200189,OIL SANDS LONGTERM WQ MONITORING,M4 LTWQ PANEL 9 OF 10,AL07DD0004,57.12761111,-111.6001389,2012-10-23 14:30,WATER,VERTICAL INTEGRATED,1.08,,116.658,,0,,1.968,,7.973,,103.673,,0,,-0.733,,0.61,,22.992,,9.435,,147.161,,,,,,NA,,NA,,95.7,,27.9,,10.5,,0.09,,8.26,,7.97,,1.03,,6.35,,14.4,,21.1,,,,,,,,,,,,55,,258,,,,13.02,,8.16,,266,,1.5,,,,14.5,,,,,,,,,,,,,,,,,,,,,,,,,,,,,,,,,,,,,,,,,,,,,,,,,,,,,,,,,,,,,,,,,,,,,,,,,,,,,,,,,,,,,,,,,,,,,,,,,,,,,,,,,,,,,,,,,,,,,,,,,,,,,,,,
2012PN200190,OIL SANDS LONGTERM WQ MONITORING,M4 LT WQ PANEL 10 OF 10,AL07DD0004,57.12763889,-111.6000278,2012-10-23 14:50,WATER,VERTICAL INTEGRATED,4.15,,114.342,,0,,1.929,,11.799,,105.599,,0,,-0.721,,0.64,,23.525,,9.413,,147.752,,,,,,NA,,NA,,93.8,,29.1,,11.4,,0.09,,8,,7.97,,0.98,,6.5,,15.1,,20.2,,,,,,,,,,,,60,,256,,,,13.02,,8.14,,263,,1.54,,,,14.2,,,,,,,,,,,,,,,,,,,,,,,,,,,,,,,,,,,,,,,,,,,,,,,,,,,,,,,,,,,,,,,,,,,,,,,,,,,,,,,,,,,,,,,,,,,,,,,,,,,,,,,,,,,,,,,,,,,,,,,,,,,,,,,,
2012PN200191,OIL SANDS LONGTERM WQ MONITORING,ATHABASCA RIVER M4 ABOVE MUSKEG RIVER,AL07DD0004,57.12697222,-111.6024167,2012-10-23 15:15,WATER,EQUAL VOLUME TRANSECT COMPOSITE,,,125.557,,0,,1.975,,14.132,,117.132,,0,,0.142,,0.58,,20.917,,7.717,,158.622,,,,,,NA,,NA,,103,,32.4,,9.72,,0.09,,8.8,,8,,1.08,,5.73,,14.4,,24.5,,,,,,,,,,,,50,,278,,,,,,,,,,,,,,13.8,,,,,,,,,,,,,,,,,,,,,,,,,,,,,,,,,,,,,,,,,,,,,,,,,,,,,,,,,,,,,,,,,,,,,,,,,,,,,,,,,,,,,,,,,,,,,,,,,,,,,,,,,,,,,,,,,,,,,,,,,,,,,,,,
2012PN200192,OIL SANDS LONGTERM WQ MONITORING,M5 LTWQ PANEL 5 OF 10,AL07DD0005,57.15680556,-111.6275,2012-09-26 11:47,WATER,VERTICAL INTEGRATED,203,,119.462,,0,,1.879,,14.273,,112.273,,0,,-0.259,,0.52,,19.541,,8.518,,150.714,,,,,,NA,,NA,,98,,30.8,,7.19,,0.13,,8.59,,8,,1.22,,5.94,,12.7,,25.3,,,,,,,,,,,,65,,251,,,,9.96,,8.22,,262,,12.9,,,,19.1,,,,,,,,,,,,,,,,,,,,,,,,,,,,,,,,,,,,,,,,,,,,,,,,,,,,,,,,,,,,,,,,,,,,,,,,,,,,,,,,,,,,,,,,,,,,,,,,,,,,,,,,,,,,,,,,,,,,,,,,,,,,,,,,
2012PN200193,OIL SANDS LONGTERM WQ MONITORING,M5 LTWQ PANEL 9 OF 10,AL07DD0005,57.15747222,-111.6246944,2012-09-26 13:11,WATER,VERTICAL INTEGRATED,0.71,,119.462,,0,,2.264,,8.957,,106.957,,0,,-0.379,,0.5,,19.431,,8.677,,143.144,,,,,,NA,,NA,,98,,29.1,,6.98,,0.12,,8.33,,7.92,,1.06,,7.31,,12,,19.4,,,,,,,,,,,,90,,235,,,,10,,8.07,,249,,12.39,,,,17.1,,,,,,,,,,,,,,,,,,,,,,,,,,,,,,,,,,,,,,,,,,,,,,,,,,,,,,,,,,,,,,,,,,,,,,,,,,,,,,,,,,,,,,,,,,,,,,,,,,,,,,,,,,,,,,,,,,,,,,,,,,,,,,,,
2012PN200194,OIL SANDS LONGTERM WQ MONITORING,M5 LTWQ PANEL 10 OF 10,AL07DD0005,57.15758333,-111.6239444,2012-09-26 13:38,WATER,VERTICAL INTEGRATED,1.51,,121.9,,0,,2.31,,7.248,,107.248,,0,,-0.362,,0.5,,19.124,,8.643,,143.724,,,,,,NA,,NA,,100,,29.2,,6.87,,0.11,,8.34,,7.92,,1.08,,7.48,,11.8,,18.8,,,,,,,,,,,,90,,237,,,,9.88,,8.08,,249,,12.6,,,,18.1,,,,,,,,,,,,,,,,,,,,,,,,,,,,,,,,,,,,,,,,,,,,,,,,,,,,,,,,,,,,,,,,,,,,,,,,,,,,,,,,,,,,,,,,,,,,,,,,,,,,,,,,,,,,,,,,,,,,,,,,,,,,,,,,
2012PN200195,OIL SANDS LONGTERM WQ MONITORING,ATHABASCA RIVER M5 ABOVE MACKAY RIVER,AL07DD0005,57.15680556,-111.6270528,2012-09-26 13:57,WATER,ISOKINETIC TRANSECT COMPOSITE - EWI,,,120.681,,0,,1.812,,12.982,,111.982,,0,,PM,,0.49,,18.468,,PM,,149.764,,,,,,NA,,NA,,99,,30.7,,7.11,,0.13,,8.58,,8.02,,1.11,,5.99,,11.8,,24.9,,,,,,,,,,,,65,,247,,,,,,,,,,,,,,20,,,,,,,,,,,,,,,,,,,,,,,,,,,,,,,,,,,,,,,,,,,,,,,,,,,,,,,,,,,,,,,,,,,,,,,,,,,,,,,,,,,,,,,,,,,,,,,,,,,,,,,,,,,,,,,,,,,,,,,,,,,,,,,,
2012PN200196,OIL SANDS LONGTERM WQ MONITORING,M3 LT WQ PANEL 1 OF 10,AL07DD0008,56.8383,-111.41835,2012-09-27 9:51,WATER,VERTICAL INTEGRATED,0.8,,153.594,,0,,1.347,,20.416,,146.416,,0,,0.158,,0.42,,14.772,,7.933,,182.845,,,,,,NA,,NA,,126,,40.5,,4.05,,0.09,,11,,8.25,,1.4,,3.64,,11.8,,34.3,,,,,,,,,,,,30,,312,,,,10.19,,8.34,,326,,11.29,,,,8.5,,,,,,,,,,,,,,,,,,,,,,,,,,,,,,,,,,,,,,,,,,,,,,,,,,,,,,,,,,,,,,,,,,,,,,,,,,,,,,,,,,,,,,,,,,,,,,,,,,,,,,,,,,,,,,,,,,,,,,,,,,,,,,,,
2012PN200197,OIL SANDS LONGTERM WQ MONITORING,M3 LT WQ PANEL 2 OF 10,AL07DD0008,56.83851,-111.41779,2012-09-27 10:18,WATER,VERTICAL INTEGRATED,1.74,,148.718,,0,,1.244,,22.755,,144.755,,0,,0.175,,0.37,,13.168,,7.92,,175.904,,,,,,NA,,NA,,122,,40,,2.36,,0.09,,10.9,,8.27,,1.3,,3.71,,10.2,,34.1,,,,,,,,,,,,30,,298,,,,10.25,,8.41,,314,,11.73,,,,9.95,,,,,,,,,,,,,,,,,,,,,,,,,,,,,,,,,,,,,,,,,,,,,,,,,,,,,,,,,,,,,,,,,,,,,,,,,,,,,,,,,,,,,,,,,,,,,,,,,,,,,,,,,,,,,,,,,,,,,,,,,,,,,,,,
2012PN200198,OIL SANDS LONGTERM WQ MONITORING,M3 LT WQ PANEL 3 OF 10,AL07DD0008,56.83849,-111.41702,2012-09-27 10:33,WATER,VERTICAL INTEGRATED,1.85,,151.156,,0,,1.206,,21.005,,145.005,,0,,0.203,,0.36,,12.878,,7.883,,177.094,,,,,,NA,,NA,,124,,40.1,,2.2,,0.09,,10.9,,8.29,,1.31,,3.69,,9.96,,34.4,,,,,,,,,,,,30,,300,,,,10.29,,8.41,,313,,11.74,,,,10.3,,,,,,,,,,,,,,,,,,,,,,,,,,,,,,,,,,,,,,,,,,,,,,,,,,,,,,,,,,,,,,,,,,,,,,,,,,,,,,,,,,,,,,,,,,,,,,,,,,,,,,,,,,,,,,,,,,,,,,,,,,,,,,,,
2012PN200199,OIL SANDS LONGTERM WQ MONITORING,M3 LT WQ PANEL 4 OF 10,AL07DD0008,56.83861,-111.41628,2012-09-27 10:48,WATER,VERTICAL INTEGRATED,1.61,,151.156,,0,,0.999,,20.506,,144.506,,0,,0.678,,0.36,,12.959,,7.014,,177.074,,,,,,NA,,NA,,124,,39.9,,2.28,,0.08,,10.9,,8.37,,1.33,,3.74,,10,,34.4,,,,,,,,,,,,30,,297,,,,10.34,,8.41,,312,,11.88,,,,10.6,,,,,,,,,,,,,,,,,,,,,,,,,,,,,,,,,,,,,,,,,,,,,,,,,,,,,,,,,,,,,,,,,,,,,,,,,,,,,,,,,,,,,,,,,,,,,,,,,,,,,,,,,,,,,,,,,,,,,,,,,,,,,,,,
2012PN200200,OIL SANDS LONGTERM WQ MONITORING,M3 LT WQ PANEL 5 OF 10,AL07DD0008,56.8388,-111.41548,2012-09-27 10:59,WATER,VERTICAL INTEGRATED,1.62,,148.718,,0,,1.159,,18.848,,140.848,,0,,0.587,,0.37,,13.37,,7.126,,173.634,,,,,,NA,,NA,,122,,38.6,,2.67,,0.08,,10.8,,8.3,,1.26,,3.88,,10.1,,33,,,,,,,,,,,,30,,293,,,,10.37,,8.41,,308,,11.96,,,,11.2,,,,,,,,,,,,,,,,,,,,,,,,,,,,,,,,,,,,,,,,,,,,,,,,,,,,,,,,,,,,,,,,,,,,,,,,,,,,,,,,,,,,,,,,,,,,,,,,,,,,,,,,,,,,,,,,,,,,,,,,,,,,,,,,
2012PN200201,OIL SANDS LONGTERM WQ MONITORING,M3 LT WQ PANEL 6 OF 10,AL07DD0008,56.83862,-111.41478,2012-09-27 11:09,WATER,VERTICAL INTEGRATED,1.31,,141.404,,0,,1.155,,17.222,,133.222,,0,,0.132,,0.4,,14.616,,8.017,,166.694,,,,,,NA,,NA,,116,,36.7,,3.77,,0.08,,10.1,,8.28,,1.23,,4.27,,10.6,,30.3,,,,,,,,,,,,35,,280,,,,10.38,,8.38,,297,,11.83,,,,12.6,,,,,,,,,,,,,,,,,,,,,,,,,,,,,,,,,,,,,,,,,,,,,,,,,,,,,,,,,,,,,,,,,,,,,,,,,,,,,,,,,,,,,,,,,,,,,,,,,,,,,,,,,,,,,,,,,,,,,,,,,,,,,,,,
2012PN200202,OIL SANDS LONGTERM WQ MONITORING,M3 LT WQ PANEL 7 OF 10,AL07DD0008,56.83919,-111.41404,2012-09-27 11:46,WATER,VERTICAL INTEGRATED,1.97,,129.214,,0,,1.274,,15.973,,121.973,,0,,0.366,,0.45,,16.735,,7.467,,156.234,,,,,,NA,,NA,,106,,33.3,,6.03,,0.08,,9.43,,8.2,,1.17,,5.18,,11.4,,26,,,,,,,,,,,,50,,263,,,,10.41,,8.35,,282,,11.71,,,,13.9,,,,,,,,,,,,,,,,,,,,,,,,,,,,,,,,,,,,,,,,,,,,,,,,,,,,,,,,,,,,,,,,,,,,,,,,,,,,,,,,,,,,,,,,,,,,,,,,,,,,,,,,,,,,,,,,,,,,,,,,,,,,,,,,
2012PN200203,OIL SANDS LONGTERM WQ MONITORING,M3 LT WQ PANEL 8 OF 10,AL07DD0008,56.83888,-111.41328,2012-09-27 11:58,WATER,VERTICAL INTEGRATED,2.11,,104.834,,0,,1.246,,9.879,,95.879,,0,,0.092,,0.6,,23.216,,7.935,,134.164,,,,,,NA,,NA,,86,,25.9,,10.9,,0.06,,7.58,,8.12,,1.03,,7.05,,13.5,,16.5,,,,,,,,,,,,70,,229,,,,10.38,,8.2,,241,,11.26,,,,17.1,,,,,,,,,,,,,,,,,,,,,,,,,,,,,,,,,,,,,,,,,,,,,,,,,,,,,,,,,,,,,,,,,,,,,,,,,,,,,,,,,,,,,,,,,,,,,,,,,,,,,,,,,,,,,,,,,,,,,,,,,,,,,,,,
2012PN200204,OIL SANDS LONGTERM WQ MONITORING,M3 LT WQ PANEL 9 OF 10,AL07DD0008,56.83991,-111.41234,2012-09-27 12:09,WATER,VERTICAL INTEGRATED,2.15,,85.94,,0,,1.383,,4.548,,75.048,,0,,-0.235,,0.76,,30.116,,8.461,,117.624,,,,,,NA,,NA,,70.5,,19.8,,14.9,,0.06,,6.22,,7.99,,0.96,,8.4,,15.1,,9.84,,,,,,,,,,,,85,,202,,,,10.34,,8.07,,214,,11.02,,,,22.1,,,,,,,,,,,,,,,,,,,,,,,,,,,,,,,,,,,,,,,,,,,,,,,,,,,,,,,,,,,,,,,,,,,,,,,,,,,,,,,,,,,,,,,,,,,,,,,,,,,,,,,,,,,,,,,,,,,,,,,,,,,,,,,,
2012PN200205,OIL SANDS LONGTERM WQ MONITORING,M3 LT WQ PANEL 10 OF 10,AL07DD0008,56.83878,-111.41164,2012-09-27 12:23,WATER,VERTICAL INTEGRATED,1.72,,77.407,,0,,1.336,,0.347,,63.847,,0,,-0.807,,0.88,,35.041,,9.575,,109.723,,,,,,NA,,NA,,63.5,,16.6,,17.5,,0.06,,5.44,,7.96,,0.88,,9.2,,16.1,,5.79,,,,,,,,,,,,85,,184,,,,10.32,,7.96,,195,,10.93,,,,23.2,,,,,,,,,,,,,,,,,,,,,,,,,,,,,,,,,,,,,,,,,,,,,,,,,,,,,,,,,,,,,,,,,,,,,,,,,,,,,,,,,,,,,,,,,,,,,,,,,,,,,,,,,,,,,,,,,,,,,,,,,,,,,,,,
2012PN200206,OIL SANDS LONGTERM WQ MONITORING,"ATHABASCA RIVER M3, 6.5 KM BELOW WSC GAUGE 07DA001",AL07DD0008,56.8388,-111.41548,2012-09-27 12:41,WATER,ISOKINETIC TRANSECT COMPOSITE - EWI,,,125.557,,0,,1.238,,14.413,,117.413,,0,,0.338,,0.48,,18.01,,7.523,,153.534,,,,,,NA,,NA,,103,,32.1,,7.26,,0.07,,9.05,,8.2,,1.18,,5.43,,12,,24.6,,,,,,,,,,,,50,,261,,,,,,,,,,,,,,14.8,,,,,,,,,,,,,,,,,,,,,,,,,,,,,,,,,,,,,,,,,,,,,,,,,,,,,,,,,,,,,,,,,,,,,,,,,,,,,,,,,,,,,,,,,,,,,,,,,,,,,,,,,,,,,,,,,,,,,,,,,,,,,,,,
2012PN200207,OIL SANDS LONGTERM WQ MONITORING,M2 SHORE SAMPLING LOCATION,AL07DD0002,56.72061111,-111.4058056,2012-09-19 10:20,WATER,REPLICATE SAMPLE,0.93,,143.842,,0,,1.521,,18.205,,136.205,,0,,0.431,,0.38,,13.883,,7.308,,166.554,,,,,,NA,,NA,,118,,37.4,,2.23,,0.1,,10.4,,8.17,,1.19,,4.39,,10.2,,29.8,,,,,,,,,,,,35,,281,,,,10.56,,8.39,,297,,11.6,,,,11.9,,,,,,,,,,,,,,,,,,,,,,,,,,,,,,,,,,,,,,,,,,,,,,,,,,,,,,,,,,,,,,,,,,,,,,,,,,,,,,,,,,,,,,,,,,,,,,,,,,,,,,,,,,,,,,,,,,,,,,,,,,,,,,,,
2012PN200208,OIL SANDS LONGTERM WQ MONITORING,M2 SHORE SAMPLING LOCATION,AL07DD0002,56.72061111,-111.4058056,2012-09-19 10:21,WATER,REPLICATE SAMPLE,,,143.842,,0,,1.418,,17.793,,135.793,,0,,0.46,,0.37,,13.663,,7.279,,168.034,,,,,,NA,,NA,,118,,37.4,,2.21,,0.1,,10.3,,8.2,,1.16,,4.34,,9.98,,31.7,,,,,,,,,,,,45,,279,,,,,,,,,,,,,,11.8,,,,,,,,,,,,,,,,,,,,,,,,,,,,,,,,,,,,,,,,,,,,,,,,,,,,,,,,,,,,,,,,,,,,,,,,,,,,,,,,,,,,,,,,,,,,,,,,,,,,,,,,,,,,,,,,,,,,,,,,,,,,,,,,
2012PN200209,OIL SANDS LONGTERM WQ MONITORING,M2 SHORE SAMPLING LOCATION,AL07DD0002,56.72061111,-111.4058056,2012-09-19 10:22,WATER,REPLICATE SAMPLE,,,145.061,,0,,2.391,,16.793,,135.793,,0,,0.244,,0.37,,13.449,,7.492,,167.784,,,,,,NA,,NA,,119,,37.4,,2.19,,0.09,,10.3,,7.98,,1.17,,4.29,,9.8,,31.1,,,,,,,,,,,,40,,283,,,,,,,,,,,,,,11.6,,,,,,,,,,,,,,,,,,,,,,,,,,,,,,,,,,,,,,,,,,,,,,,,,,,,,,,,,,,,,,,,,,,,,,,,,,,,,,,,,,,,,,,,,,,,,,,,,,,,,,,,,,,,,,,,,,,,,,,,,,,,,,,,
2012PN200210,OIL SANDS LONGTERM WQ MONITORING,M2 SHORE SAMPLING LOCATION,AL07DD0002,56.72061111,-111.4058056,2012-09-19 10:23,WATER,REPLICATE SAMPLE,,,146.28,,0,,1.955,,16.043,,136.043,,0,,0.339,,0.37,,13.522,,7.393,,168.384,,,,,,NA,,NA,,120,,37.5,,2.14,,0.08,,10.3,,8.07,,1.18,,4.26,,9.88,,31,,,,,,,,,,,,45,,284,,,,,,,,,,,,,,12.6,,,,,,,,,,,,,,,,,,,,,,,,,,,,,,,,,,,,,,,,,,,,,,,,,,,,,,,,,,,,,,,,,,,,,,,,,,,,,,,,,,,,,,,,,,,,,,,,,,,,,,,,,,,,,,,,,,,,,,,,,,,,,,,,
2012PN200211,OIL SANDS LONGTERM WQ MONITORING,M2 SHORE SAMPLING LOCATION,AL07DD0002,56.72061111,-111.4058056,2012-09-19 10:24,WATER,REPLICATE SAMPLE,,,146.28,,0,,1.699,,14.544,,134.544,,0,,0.392,,0.38,,13.912,,7.347,,167.824,,,,,,NA,,NA,,120,,36.9,,2.19,,0.08,,10.3,,8.13,,1.18,,4.33,,10.1,,30.7,,,,,,,,,,,,40,,283,,,,,,,,,,,,,,12.4,,,,,,,,,,,,,,,,,,,,,,,,,,,,,,,,,,,,,,,,,,,,,,,,,,,,,,,,,,,,,,,,,,,,,,,,,,,,,,,,,,,,,,,,,,,,,,,,,,,,,,,,,,,,,,,,,,,,,,,,,,,,,,,,
2012PN200212,OIL SANDS LONGTERM WQ MONITORING,M2 LT WQ PANEL 2 OF 10,AL07DD0002,56.72038889,-111.4053611,2012-09-19 12:17,WATER,REPLICATE SAMPLE,3.12,,142.623,,0,,1.544,,18.543,,135.543,,0,,0.416,,0.33,,12.385,,7.328,,166.584,,,,,,NA,,NA,,117,,37.3,,1.94,,0.09,,10.3,,8.16,,1.18,,4.13,,8.9,,32.5,,,,,,,,,,,,35,,284,,,,10.64,,8.4,,298,,12.6,,,,13.4,,,,,,,,,,,,,,,,,,,,,,,,,,,,,,,,,,,,,,,,,,,,,,,,,,,,,,,,,,,,,,,,,,,,,,,,,,,,,,,,,,,,,,,,,,,,,,,,,,,,,,,,,,,,,,,,,,,,,,,,,,,,,,,,
2012PN200213,OIL SANDS LONGTERM WQ MONITORING,M2 LT WQ PANEL 2 OF 10,AL07DD0002,56.72038889,-111.4053611,2012-09-19 12:18,WATER,REPLICATE SAMPLE,,,142.623,,0,,1.112,,19.292,,136.292,,0,,0.559,,0.33,,12.245,,7.181,,166.718,,,,,,NA,,NA,,117,,37.6,,1.92,,0.1,,10.3,,8.3,,1.14,,4.17,,8.83,,32.4,,,,,,,,,,,,35,,288,,,,,,,,,,,,,,13.3,,,,,,,,,,,,,,,,,,,,,,,,,,,,,,,,,,,,,,,,,,,,,,,,,,,,,,,,,,,,,,,,,,,,,,,,,,,,,,,,,,,,,,,,,,,,,,,,,,,,,,,,,,,,,,,,,,,,,,,,,,,,,,,,
2012PN200214,OIL SANDS LONGTERM WQ MONITORING,M2 LT WQ PANEL 2 OF 10,AL07DD0002,56.72038889,-111.4053611,2012-09-19 12:19,WATER,REPLICATE SAMPLE,,,146.28,,0,,1.409,,17.291,,137.291,,0,,0.484,,0.33,,12.306,,7.242,,169.094,,,,,,NA,,NA,,120,,38,,1.94,,0.08,,10.3,,8.21,,1.21,,4.17,,8.95,,32.4,,,,,,,,,,,,30,,287,,,,,,,,,,,,,,13.7,,,,,,,,,,,,,,,,,,,,,,,,,,,,,,,,,,,,,,,,,,,,,,,,,,,,,,,,,,,,,,,,,,,,,,,,,,,,,,,,,,,,,,,,,,,,,,,,,,,,,,,,,,,,,,,,,,,,,,,,,,,,,,,,
2012PN200215,OIL SANDS LONGTERM WQ MONITORING,M2 LT WQ PANEL 2 OF 10,AL07DD0002,56.72038889,-111.4053611,2012-09-19 12:20,WATER,REPLICATE SAMPLE,,,141.404,,0,,1.394,,20.63,,136.63,,0,,0.459,,0.33,,12.312,,7.282,,166.334,,,,,,NA,,NA,,116,,37.9,,1.93,,0.08,,10.2,,8.2,,1.18,,4.19,,8.91,,32.3,,,,,,,,,,,,35,,283,,,,,,,,,,,,,,13.7,,,,,,,,,,,,,,,,,,,,,,,,,,,,,,,,,,,,,,,,,,,,,,,,,,,,,,,,,,,,,,,,,,,,,,,,,,,,,,,,,,,,,,,,,,,,,,,,,,,,,,,,,,,,,,,,,,,,,,,,,,,,,,,,
2012PN200216,OIL SANDS LONGTERM WQ MONITORING,M2 LT WQ PANEL 2 OF 10,AL07DD0002,56.72038889,-111.4053611,2012-09-19 12:21,WATER,REPLICATE SAMPLE,,,143.842,,0,,1.452,,17.881,,135.881,,0,,0.452,,0.33,,12.371,,7.285,,167.204,,,,,,NA,,NA,,118,,37.6,,1.91,,0.08,,10.2,,8.19,,1.18,,4.18,,8.91,,32.3,,,,,,,,,,,,35,,285,,,,,,,,,,,,,,14.1,,,,,,,,,,,,,,,,,,,,,,,,,,,,,,,,,,,,,,,,,,,,,,,,,,,,,,,,,,,,,,,,,,,,,,,,,,,,,,,,,,,,,,,,,,,,,,,,,,,,,,,,,,,,,,,,,,,,,,,,,,,,,,,,
2012PN200217,OIL SANDS LONGTERM WQ MONITORING,M2 LT WQ PANEL 3 OF 10,AL07DD0002,56.72008333,-111.405,2012-09-19 14:21,WATER,REPLICATE SAMPLE,4.08,,152.375,,0,,1.468,,10.881,,135.881,,0,,0.143,,0.33,,12.141,,7.925,,171.444,,,,,,NA,,NA,,125,,37.6,,1.94,,0.08,,10.2,,8.21,,1.16,,4.2,,8.72,,32.5,,,,,,,,,,,,35,,283,,,,10.73,,8.34,,298,,13.07,,,,13.3,,,,,,,,,,,,,,,,,,,,,,,,,,,,,,,,,,,,,,,,,,,,,,,,,,,,,,,,,,,,,,,,,,,,,,,,,,,,,,,,,,,,,,,,,,,,,,,,,,,,,,,,,,,,,,,,,,,,,,,,,,,,,,,,
2012PN200218,OIL SANDS LONGTERM WQ MONITORING,M2 LT WQ PANEL 3 OF 10,AL07DD0002,56.72008333,-111.405,2012-09-19 14:22,WATER,REPLICATE SAMPLE,,,146.28,,0,,1.344,,15.881,,135.881,,0,,0.5,,0.32,,12.077,,7.23,,168.464,,,,,,NA,,NA,,120,,37.6,,1.91,,0.09,,10.2,,8.23,,1.19,,4.16,,8.67,,32.6,,,,,,,,,,,,35,,286,,,,,,,,,,,,,,13.8,,,,,,,,,,,,,,,,,,,,,,,,,,,,,,,,,,,,,,,,,,,,,,,,,,,,,,,,,,,,,,,,,,,,,,,,,,,,,,,,,,,,,,,,,,,,,,,,,,,,,,,,,,,,,,,,,,,,,,,,,,,,,,,,
2012PN200219,OIL SANDS LONGTERM WQ MONITORING,M2 LT WQ PANEL 3 OF 10,AL07DD0002,56.72008333,-111.405,2012-09-19 14:23,WATER,REPLICATE SAMPLE,,,141.404,,0,,1.362,,20.879,,136.879,,0,,0.47,,0.33,,12.097,,7.269,,166.554,,,,,,NA,,NA,,116,,38,,1.9,,0.08,,10.2,,8.21,,1.2,,4.18,,8.75,,32.6,,,,,,,,,,,,35,,286,,,,,,,,,,,,,,13.6,,,,,,,,,,,,,,,,,,,,,,,,,,,,,,,,,,,,,,,,,,,,,,,,,,,,,,,,,,,,,,,,,,,,,,,,,,,,,,,,,,,,,,,,,,,,,,,,,,,,,,,,,,,,,,,,,,,,,,,,,,,,,,,,
2012PN200220,OIL SANDS LONGTERM WQ MONITORING,M2 LT WQ PANEL 3 OF 10,AL07DD0002,56.72008333,-111.405,2012-09-19 14:24,WATER,REPLICATE SAMPLE,,,141.404,,0,,1.269,,19.631,,135.631,,0,,0.494,,0.33,,12.157,,7.251,,165.894,,,,,,NA,,NA,,116,,37.5,,1.89,,0.09,,10.2,,8.24,,1.19,,4.16,,8.72,,32.5,,,,,,,,,,,,35,,285,,,,,,,,,,,,,,13.7,,,,,,,,,,,,,,,,,,,,,,,,,,,,,,,,,,,,,,,,,,,,,,,,,,,,,,,,,,,,,,,,,,,,,,,,,,,,,,,,,,,,,,,,,,,,,,,,,,,,,,,,,,,,,,,,,,,,,,,,,,,,,,,,
2012PN200221,OIL SANDS LONGTERM WQ MONITORING,M2 LT WQ PANEL 3 OF 10,AL07DD0002,56.72008333,-111.405,2012-09-19 14:25,WATER,REPLICATE SAMPLE,,,147.499,,0,,1.324,,13.22,,134.22,,0,,0.508,,0.32,,12.1,,7.225,,168.384,,,,,,NA,,NA,,121,,37.1,,1.9,,0.08,,10.1,,8.24,,1.14,,4.24,,8.58,,32.6,,,,,,,,,,,,35,,286,,,,,,,,,,,,,,14.1,,,,,,,,,,,,,,,,,,,,,,,,,,,,,,,,,,,,,,,,,,,,,,,,,,,,,,,,,,,,,,,,,,,,,,,,,,,,,,,,,,,,,,,,,,,,,,,,,,,,,,,,,,,,,,,,,,,,,,,,,,,,,,,,
2012PN200222,OIL SANDS LONGTERM WQ MONITORING,M2 LT WQ PANEL 7 OF 10,AL07DD0002,56.71897222,-111.4038333,2012-09-19 16:24,WATER,REPLICATE SAMPLE,0.73,,146.28,,0,,1.253,,13.721,,133.721,,0,,0.18,,0.33,,12.436,,7.9,,167.394,,,,,,NA,,NA,,120,,36.9,,1.91,,0.09,,10.1,,8.26,,1.15,,4.18,,8.82,,32.2,,,,,,,,,,,,35,,287,,,,10.81,,8.41,,298,,13.45,,,,15,,,,,,,,,,,,,,,,,,,,,,,,,,,,,,,,,,,,,,,,,,,,,,,,,,,,,,,,,,,,,,,,,,,,,,,,,,,,,,,,,,,,,,,,,,,,,,,,,,,,,,,,,,,,,,,,,,,,,,,,,,,,,,,,
2012PN200223,OIL SANDS LONGTERM WQ MONITORING,M2 LT WQ PANEL 7 OF 10,AL07DD0002,56.71897222,-111.4038333,2012-09-19 16:25,WATER,REPLICATE SAMPLE,,,145.061,,0,,1.185,,15.969,,134.969,,0,,0.544,,0.33,,12.344,,7.192,,167.454,,,,,,NA,,NA,,119,,37.4,,1.91,,0.09,,10.1,,8.28,,1.19,,4.19,,8.83,,32.3,,,,,,,,,,,,35,,284,,,,,,,,,,,,,,14.7,,,,,,,,,,,,,,,,,,,,,,,,,,,,,,,,,,,,,,,,,,,,,,,,,,,,,,,,,,,,,,,,,,,,,,,,,,,,,,,,,,,,,,,,,,,,,,,,,,,,,,,,,,,,,,,,,,,,,,,,,,,,,,,,
2012PN200224,OIL SANDS LONGTERM WQ MONITORING,M2 LT WQ PANEL 7 OF 10,AL07DD0002,56.71897222,-111.4038333,2012-09-19 16:26,WATER,REPLICATE SAMPLE,,,147.499,,0,,1.205,,13.969,,134.969,,0,,0.551,,0.33,,12.431,,7.178,,168.704,,,,,,NA,,NA,,121,,37.4,,1.91,,0.1,,10.1,,8.28,,1.18,,4.17,,8.9,,32.3,,,,,,,,,,,,35,,290,,,,,,,,,,,,,,14.9,,,,,,,,,,,,,,,,,,,,,,,,,,,,,,,,,,,,,,,,,,,,,,,,,,,,,,,,,,,,,,,,,,,,,,,,,,,,,,,,,,,,,,,,,,,,,,,,,,,,,,,,,,,,,,,,,,,,,,,,,,,,,,,,
2012PN200225,OIL SANDS LONGTERM WQ MONITORING,M2 LT WQ PANEL 7 OF 10,AL07DD0002,56.71897222,-111.4038333,2012-09-19 16:27,WATER,REPLICATE SAMPLE,,,145.061,,0,,0.832,,14.471,,133.471,,0,,0.687,,0.33,,12.319,,7.055,,166.704,,,,,,NA,,NA,,119,,36.8,,1.91,,0.09,,10.1,,8.43,,1.16,,4.19,,8.71,,32.3,,,,,,,,,,,,35,,288,,,,,,,,,,,,,,14.6,,,,,,,,,,,,,,,,,,,,,,,,,,,,,,,,,,,,,,,,,,,,,,,,,,,,,,,,,,,,,,,,,,,,,,,,,,,,,,,,,,,,,,,,,,,,,,,,,,,,,,,,,,,,,,,,,,,,,,,,,,,,,,,,
2012PN200226,OIL SANDS LONGTERM WQ MONITORING,M2 LT WQ PANEL 7 OF 10,AL07DD0002,56.71897222,-111.4038333,2012-09-19 16:28,WATER,REPLICATE SAMPLE,,,146.28,,0,,0.859,,11.479,,131.479,,0,,0.674,,0.33,,12.542,,7.072,,166.634,,,,,,NA,,NA,,120,,36.2,,1.91,,0.09,,9.98,,8.42,,1.17,,4.18,,8.76,,32.3,,,,,,,,,,,,35,,291,,,,,,,,,,,,,,14.4,,,,,,,,,,,,,,,,,,,,,,,,,,,,,,,,,,,,,,,,,,,,,,,,,,,,,,,,,,,,,,,,,,,,,,,,,,,,,,,,,,,,,,,,,,,,,,,,,,,,,,,,,,,,,,,,,,,,,,,,,,,,,,,,
2012PN200227,OIL SANDS LONGTERM WQ MONITORING,ATHABASCA RIVER M2 ABOVE HORSE RIVER,AL07DD0002,56.71952778,-111.4044722,2012-09-19 17:30,WATER,ISOKINETIC TRANSECT COMPOSITE - EWI,,,142.623,,0,,1.036,,15.854,,132.854,,0,,0.581,,0.32,,12.248,,7.169,,164.574,,,,,,NA,,NA,,117,,36.8,,1.86,,0.12,,9.95,,8.33,,1.12,,4.17,,8.61,,31.7,,,,,,,,,,,,35,,287,,,,,,,,,,,,,,13.5,,,,,,,,,,,,,,,,,,,,,,,,,,,,,,,,,,,,,,,,,,,,,,,,,,,,,,,,,,,,,,,,,,,,,,,,,,,,,,,,,,,,,,,,,,,,,,,,,,,,,,,,,,,,,,,,,,,,,,,,,,,,,,,,
2012PN200228,OIL SANDS LONGTERM WQ MONITORING,ATHABASCA RIVER M2 ABOVE HORSE RIVER,AL07DD0002,56.71952778,-111.4044722,2012-09-19 17:31,WATER,ISOKINETIC TRANSECT COMPOSITE - EWI,,,141.404,,0,,1.155,,16.771,,132.771,,0,,0.527,,0.33,,12.291,,7.226,,164.024,,,,,,NA,,NA,,116,,36.8,,1.86,,0.15,,9.93,,8.28,,1.13,,4.17,,8.64,,31.7,,,,,,,,,,,,35,,287,,,,,,,,,,,,,,13.6,,,,,,,,,,,,,,,,,,,,,,,,,,,,,,,,,,,,,,,,,,,,,,,,,,,,,,,,,,,,,,,,,,,,,,,,,,,,,,,,,,,,,,,,,,,,,,,,,,,,,,,,,,,,,,,,,,,,,,,,,,,,,,,,
2012PN200229,OIL SANDS LONGTERM WQ MONITORING,ATHABASCA RIVER M2 ABOVE HORSE RIVER,AL07DD0002,56.71952778,-111.4044722,2012-09-19 17:32,WATER,ISOKINETIC TRANSECT COMPOSITE - EWI,,,130.433,,0,,1.091,,24.819,,131.819,,0,,0.481,,0.33,,12.353,,7.308,,158.284,,,,,,NA,,NA,,107,,36.6,,1.85,,0.13,,9.82,,8.27,,1.15,,4.16,,8.63,,31.7,,,,,,,,,,,,30,,283,,,,,,,,,,,,,,13.9,,,,,,,,,,,,,,,,,,,,,,,,,,,,,,,,,,,,,,,,,,,,,,,,,,,,,,,,,,,,,,,,,,,,,,,,,,,,,,,,,,,,,,,,,,,,,,,,,,,,,,,,,,,,,,,,,,,,,,,,,,,,,,,,
2012PN200230,OIL SANDS LONGTERM WQ MONITORING,ATHABASCA RIVER M2 ABOVE HORSE RIVER,AL07DD0002,56.71952778,-111.4044722,2012-09-19 17:33,WATER,ISOKINETIC TRANSECT COMPOSITE - EWI,,,142.623,,0,,1.25,,18.132,,135.132,,0,,0.506,,0.33,,12.462,,7.238,,165.364,,,,,,NA,,NA,,117,,37.3,,1.85,,0.13,,10.2,,8.25,,1.11,,4.1,,8.93,,31.5,,,,,,,,,,,,35,,284,,,,,,,,,,,,,,13.7,,,,,,,,,,,,,,,,,,,,,,,,,,,,,,,,,,,,,,,,,,,,,,,,,,,,,,,,,,,,,,,,,,,,,,,,,,,,,,,,,,,,,,,,,,,,,,,,,,,,,,,,,,,,,,,,,,,,,,,,,,,,,,,,
2012PN200231,OIL SANDS LONGTERM WQ MONITORING,ATHABASCA RIVER M2 ABOVE HORSE RIVER,AL07DD0002,56.71952778,-111.4044722,2012-09-19 17:34,WATER,ISOKINETIC TRANSECT COMPOSITE - EWI,,,143.842,,0,,1.291,,17.044,,135.044,,0,,0.497,,0.33,,12.439,,7.245,,166.204,,,,,,NA,,NA,,118,,37.1,,1.87,,0.16,,10.3,,8.24,,1.16,,4.16,,8.91,,31.7,,,,,,,,,,,,35,,284,,,,,,,,,,,,,,14,,,,,,,,,,,,,,,,,,,,,,,,,,,,,,,,,,,,,,,,,,,,,,,,,,,,,,,,,,,,,,,,,,,,,,,,,,,,,,,,,,,,,,,,,,,,,,,,,,,,,,,,,,,,,,,,,,,,,,,,,,,,,,,,
2012PN200235,OIL SANDS LONGTERM WQ MONITORING,ATHABASCA RIVER M4 ABOVE MUSKEG RIVER,AL07DD0004,57.12697222,-111.6024167,2012-10-23 15:15,WATER,ISOKINETIC TRANSECT COMPOSITE - EWI,,,124.338,,0,,1.867,,12.479,,114.479,,0,,0.148,,0.59,,21.416,,7.723,,156.646,,,,,,NA,,NA,,102,,31.7,,9.62,,0.11,,8.58,,8.02,,1.05,,5.68,,14.5,,24.1,,,,,,,,,,,,50,,275,,,,,,,,,,,,,,13.9,,,,,,,,,,,,,,,,,,,,,,,,,,,,,,,,,,,,,,,,,,,,,,,,,,,,,,,,,,,,,,,,,,,,,,,,,,,,,,,,,,,,,,,,,,,,,,,,,,,,,,,,,,,,,,,,,,,,,,,,,,,,,,,,
2012PN200236,OIL SANDS LONGTERM WQ MONITORING,ATHABASCA RIVER M4 ABOVE MUSKEG RIVER,AL07DD0004,57.12697222,-111.6024167,2012-10-23 15:17,WATER,ISOKINETIC TRANSECT COMPOSITE - EWI,,,125.557,,0,,1.799,,13.551,,116.551,,0,,0.179,,0.59,,21.112,,7.682,,158.136,,,,,,NA,,NA,,103,,32.2,,9.61,,0.09,,8.78,,8.04,,1.09,,5.76,,14.5,,24.2,,,,,,,,,,,,50,,276,,,,,,,,,,,,,,13.9,,,,,,,,,,,,,,,,,,,,,,,,,,,,,,,,,,,,,,,,,,,,,,,,,,,,,,,,,,,,,,,,,,,,,,,,,,,,,,,,,,,,,,,,,,,,,,,,,,,,,,,,,,,,,,,,,,,,,,,,,,,,,,,,
2012PN200238,OIL SANDS LONGTERM WQ MONITORING,M6 LTWQ PANEL 1 OF 10,AL07DD0009,57.21513,-111.61512,2012-10-10 11:55,WATER,TRIPLICATE SAMPLE,2.51,,126.776,,0,,1.438,,16.313,,120.313,,0,,-0.295,,0.53,,19.345,,8.73,,157.92,,,,,,NA,,NA,,104,,32.8,,7.6,,0.09,,9.33,,8.14,,1.02,,5,,13.4,,26.2,,,,,,,,,,,,40,,282,,,,11.26,,8.19,,289,,6.09,,,,10.1,,,,,,,,,,,,,,,,,,,,,,,,,,,,,,,,,,,,,,,,,,,,,,,,,,,,,,,,,,,,,,,,,,,,,,,,,,,,,,,,,,,,,,,,,,,,,,,,,,,,,,,,,,,,,,,,,,,,,,,,,,,,,,,,
2012PN200239,OIL SANDS LONGTERM WQ MONITORING,M6 LTWQ PANEL 2 OF 10,AL07DD0009,57.2151,-111.61433,2012-10-10 12:56,WATER,VERTICAL INTEGRATED,2.07,,126.776,,0,,1.438,,17.276,,121.276,,0,,0.299,,0.53,,19.338,,7.542,,158.731,,,,,,NA,,NA,,104,,33.4,,7.66,,0.08,,9.2,,8.14,,1.02,,5,,13.5,,26.4,,,,,,,,,,,,40,,280,,,,11.24,,7.99,,289,,6.19,,,,10.7,,,,,,,,,,,,,,,,,,,,,,,,,,,,,,,,,,,,,,,,,,,,,,,,,,,,,,,,,,,,,,,,,,,,,,,,,,,,,,,,,,,,,,,,,,,,,,,,,,,,,,,,,,,,,,,,,,,,,,,,,,,,,,,,
2012PN200240,OIL SANDS LONGTERM WQ MONITORING,M6 LTWQ PANEL 3 OF 10,AL07DD0009,57.21512,-111.61345,2012-10-10 13:21,WATER,VERTICAL INTEGRATED,1.74,,124.338,,0,,1.226,,18.28,,120.28,,0,,0.346,,0.52,,19.107,,7.507,,157.392,,,,,,NA,,NA,,102,,33.1,,7.95,,0.11,,9.14,,8.2,,1.07,,5.06,,13.2,,26.5,,,,,,,,,,,,35,,278,,,,11.23,,7.96,,289,,6.24,,,,10.8,,,,,,,,,,,,,,,,,,,,,,,,,,,,,,,,,,,,,,,,,,,,,,,,,,,,,,,,,,,,,,,,,,,,,,,,,,,,,,,,,,,,,,,,,,,,,,,,,,,,,,,,,,,,,,,,,,,,,,,,,,,,,,,,
2012PN200241,OIL SANDS LONGTERM WQ MONITORING,M6 LTWQ PANEL 4 OF 10,AL07DD0009,57.21516,-111.61577,2012-10-10 13:34,WATER,VERTICAL INTEGRATED,1.86,,121.291,,0,,1.283,,20.281,,119.781,,0,,0.304,,0.51,,18.817,,7.563,,155.616,,,,,,NA,,NA,,99.5,,32.9,,8.09,,0.08,,9.14,,8.17,,1.07,,5.17,,12.9,,26.5,,,,,,,,,,,,35,,277,,,,11.32,,7.96,,288,,6.23,,,,11.1,,,,,,,,,,,,,,,,,,,,,,,,,,,,,,,,,,,,,,,,,,,,,,,,,,,,,,,,,,,,,,,,,,,,,,,,,,,,,,,,,,,,,,,,,,,,,,,,,,,,,,,,,,,,,,,,,,,,,,,,,,,,,,,,
2012PN200242,OIL SANDS LONGTERM WQ MONITORING,M6 LTWQ PANEL 5 OF 10,AL07DD0009,57.21505,-111.6115,2012-10-10 13:46,WATER,VERTICAL INTEGRATED,1.59,,121.291,,0,,1.114,,20.075,,119.575,,0,,0.364,,0.52,,18.845,,7.503,,155.332,,,,,,NA,,NA,,99.5,,32.9,,8.27,,0.09,,9.09,,8.23,,1.06,,5.26,,12.9,,26,,,,,,,,,,,,35,,277,,,,11.24,,7.93,,287,,6.21,,,,10.9,,,,,,,,,,,,,,,,,,,,,,,,,,,,,,,,,,,,,,,,,,,,,,,,,,,,,,,,,,,,,,,,,,,,,,,,,,,,,,,,,,,,,,,,,,,,,,,,,,,,,,,,,,,,,,,,,,,,,,,,,,,,,,,,
2012PN200243,OIL SANDS LONGTERM WQ MONITORING,M6 LTWQ PANEL 6 OF 10,AL07DD0009,57.21502,-111.61068,2012-10-10 14:00,WATER,VERTICAL INTEGRATED,1.55,,121.291,,0,,1.089,,17.954,,117.454,,0,,-0.22,,0.52,,19.117,,8.68,,154.228,,,,,,NA,,NA,,99.5,,32.1,,8.36,,0.08,,9.06,,8.24,,1.06,,5.31,,12.9,,25.6,,,,,,,,,,,,40,,276,,,,11.24,,7.88,,286,,6.16,,,,10.5,,,,,,,,,,,,,,,,,,,,,,,,,,,,,,,,,,,,,,,,,,,,,,,,,,,,,,,,,,,,,,,,,,,,,,,,,,,,,,,,,,,,,,,,,,,,,,,,,,,,,,,,,,,,,,,,,,,,,,,,,,,,,,,,
2012PN200244,OIL SANDS LONGTERM WQ MONITORING,M6 LTWQ PANEL 7 OF 10,AL07DD0009,57.2152,-111.6098,2012-10-10 14:27,WATER,VERTICAL INTEGRATED,1.65,,118.853,,0,,1.144,,20.083,,117.583,,0,,0.327,,0.52,,19.218,,7.555,,153.079,,,,,,NA,,NA,,97.5,,32.3,,8.51,,0.09,,8.97,,8.21,,1.07,,5.39,,13,,25.2,,,,,,,,,,,,40,,274,,,,11.26,,7.92,,285,,6.11,,,,10.6,,,,,,,,,,,,,,,,,,,,,,,,,,,,,,,,,,,,,,,,,,,,,,,,,,,,,,,,,,,,,,,,,,,,,,,,,,,,,,,,,,,,,,,,,,,,,,,,,,,,,,,,,,,,,,,,,,,,,,,,,,,,,,,,
2012PN200245,OIL SANDS LONGTERM WQ MONITORING,M6 LTWQ PANEL 8 OF 10,AL07DD0009,57.2153,-111.60903,2012-10-10 14:39,WATER,VERTICAL INTEGRATED,1.58,,124.338,,0,,1.116,,15.124,,117.124,,0,,0.374,,0.52,,19.28,,7.493,,155.378,,,,,,NA,,NA,,102,,32.1,,8.58,,0.06,,8.98,,8.24,,1.06,,5.44,,13,,24.9,,,,,,,,,,,,40,,275,,,,11.23,,7.9,,284,,6.06,,,,9.13,,,,,,,,,,,,,,,,,,,,,,,,,,,,,,,,,,,,,,,,,,,,,,,,,,,,,,,,,,,,,,,,,,,,,,,,,,,,,,,,,,,,,,,,,,,,,,,,,,,,,,,,,,,,,,,,,,,,,,,,,,,,,,,,
2012PN200246,OIL SANDS LONGTERM WQ MONITORING,M6 LTWQ PANEL 9 OF 10,AL07DD0009,57.21523,-111.60808,2012-10-10 14:49,WATER,VERTICAL INTEGRATED,2.45,,123.119,,0,,1.333,,15.751,,116.751,,0,,0.289,,0.53,,19.452,,7.582,,154.652,,,,,,NA,,NA,,101,,32,,8.82,,0.07,,8.95,,8.16,,1.04,,5.51,,13.1,,24.5,,,,,,,,,,,,40,,273,,,,11.29,,7.93,,284,,6.02,,,,9.47,,,,,,,,,,,,,,,,,,,,,,,,,,,,,,,,,,,,,,,,,,,,,,,,,,,,,,,,,,,,,,,,,,,,,,,,,,,,,,,,,,,,,,,,,,,,,,,,,,,,,,,,,,,,,,,,,,,,,,,,,,,,,,,,
2012PN200247,OIL SANDS LONGTERM WQ MONITORING,M6 LTWQ PANEL 10 OF 10,AL07DD0009,57.21518,-111.60727,2012-10-10 15:00,WATER,VERTICAL INTEGRATED,1.53,,120.072,,0,,1.24,,17.628,,116.128,,0,,-0.295,,0.53,,19.535,,8.77,,152.858,,,,,,NA,,NA,,98.5,,31.8,,8.9,,0.07,,8.92,,8.18,,1.04,,5.57,,13.1,,24.3,,,,,,,,,,,,40,,272,,,,11.3,,7.95,,283,,5.98,,,,10.3,,,,,,,,,,,,,,,,,,,,,,,,,,,,,,,,,,,,,,,,,,,,,,,,,,,,,,,,,,,,,,,,,,,,,,,,,,,,,,,,,,,,,,,,,,,,,,,,,,,,,,,,,,,,,,,,,,,,,,,,,,,,,,,,
2012PN200248,OIL SANDS LONGTERM WQ MONITORING,"ATHABASCA RIVER M6, BELOW MACKAY RIVER",AL07DD0009,57.21505,-111.6115,2012-10-10 17:30,WATER,ISOKINETIC TRANSECT COMPOSITE - EWI,,,121.291,,0,,1.409,,18.206,,117.706,,0,,PM,,0.52,,19.202,,PM,,154.413,,,,,,NA,,NA,,99.5,,32.3,,8.19,,0.12,,9,,8.13,,1.07,,5.28,,13,,25.7,,,,,,,,,,,,40,,276,,,,,,,,,,,,,,8.71,,,,,,,,,,,,,,,,,,,,,,,,,,,,,,,,,,,,,,,,,,,,,,,,,,,,,,,,,,,,,,,,,,,,,,,,,,,,,,,,,,,,,,,,,,,,,,,,,,,,,,,,,,,,,,,,,,,,,,,,,,,,,,,,
2012PN200249,OIL SANDS LONGTERM WQ MONITORING,"ATHABASCA RIVER M6, BELOW MACKAY RIVER",AL07DD0009,57.21505,-111.6115,2012-10-10 17:31,WATER,ISOKINETIC TRANSECT COMPOSITE - EWI,,,NC,,NC,,NC,,NC,,117.495,,NC,,PM,,0.52,,19.231,,PM,,NC,,,,,,NA,,NA,,BR,,32.1,,BR,,BR,,9.07,,BR,,1.06,,5.21,,13,,BR,,,,,,,,,,,,40,,BR,,,,,,,,,,,,,,8.51,,,,,,,,,,,,,,,,,,,,,,,,,,,,,,,,,,,,,,,,,,,,,,,,,,,,,,,,,,,,,,,,,,,,,,,,,,,,,,,,,,,,,,,,,,,,,,,,,,,,,,,,,,,,,,,,,,,,,,,,,,,,,,,,
2012PN200250,OIL SANDS LONGTERM WQ MONITORING,"ATHABASCA RIVER M6, BELOW MACKAY RIVER",AL07DD0009,57.21505,-111.6115,2012-10-10 17:32,WATER,ISOKINETIC TRANSECT COMPOSITE - EWI,,,123.119,,0,,1.57,,17.329,,118.329,,0,,PM,,0.52,,19.244,,PM,,155.619,,,,,,NA,,NA,,101,,32.5,,8.18,,0.09,,9.03,,8.09,,1.05,,5.22,,13.1,,25.8,,,,,,,,,,,,40,,278,,,,,,,,,,,,,,8.89,,,,,,,,,,,,,,,,,,,,,,,,,,,,,,,,,,,,,,,,,,,,,,,,,,,,,,,,,,,,,,,,,,,,,,,,,,,,,,,,,,,,,,,,,,,,,,,,,,,,,,,,,,,,,,,,,,,,,,,,,,,,,,,,
2012PN200251,OIL SANDS LONGTERM WQ MONITORING,M6 LTWQ PANEL 1 OF 10,AL07DD0009,57.21513,-111.61512,2012-10-10 12:00,WATER,TRIPLICATE SAMPLE,,,124.338,,0,,1.197,,16.99,,118.99,,0,,PM,,0.53,,19.392,,PM,,156.581,,,,,,NA,,NA,,102,,32.6,,7.75,,0.11,,9.13,,8.21,,1.06,,4.96,,13.3,,26.4,,,,,,,,,,,,40,,280,,,,,,,,,,,,,,8.83,,,,,,,,,,,,,,,,,,,,,,,,,,,,,,,,,,,,,,,,,,,,,,,,,,,,,,,,,,,,,,,,,,,,,,,,,,,,,,,,,,,,,,,,,,,,,,,,,,,,,,,,,,,,,,,,,,,,,,,,,,,,,,,,
2012PN200252,OIL SANDS LONGTERM WQ MONITORING,M6 LTWQ PANEL 1 OF 10,AL07DD0009,57.21513,-111.61512,2012-10-10 12:05,WATER,TRIPLICATE SAMPLE,,,120.681,,0,,1.435,,19.99,,118.99,,0,,PM,,0.54,,19.503,,PM,,154.957,,,,,,NA,,NA,,99,,32.6,,7.8,,0.07,,9.13,,8.12,,1.1,,4.96,,13.4,,26.4,,,,,,,,,,,,40,,277,,,,,,,,,,,,,,8.78,,,,,,,,,,,,,,,,,,,,,,,,,,,,,,,,,,,,,,,,,,,,,,,,,,,,,,,,,,,,,,,,,,,,,,,,,,,,,,,,,,,,,,,,,,,,,,,,,,,,,,,,,,,,,,,,,,,,,,,,,,,,,,,,
2012PN200256,OIL SANDS LONGTERM WQ MONITORING,M7 LTWQ PANEL 1 OF 10,AL07DD0007,57.31332,-111.67533,2012-10-11 11:46,WATER,VERTICAL INTEGRATED,2.35,,134.09,,0,,2.159,,15.969,,125.969,,0,,-0.456,,0.52,,18.748,,8.902,,164.626,,,,,,NA,,NA,,110,,34.9,,7.49,,0.1,,9.43,,7.99,,1.09,,4.85,,13.5,,27.2,,,,,,,,,,,,40,,289,,,,11.86,,,,293,,4.36,,,,9.36,,,,,,,,,,,,,,,,,,,,,,,,,,,,,,,,,,,,,,,,,,,,,,,,,,,,,,,,,,,,,,,,,,,,,,,,,,,,,,,,,,,,,,,,,,,,,,,,,,,,,,,,,,,,,,,,,,,,,,,,,,,,,,,,
2012PN200257,OIL SANDS LONGTERM WQ MONITORING,M7 LTWQ PANEL 2 OF 10,AL07DD0007,57.31337,-111.67458,2012-10-11 12:28,WATER,VERTICAL INTEGRATED,2.13,,132.871,,0,,2.19,,17.468,,126.468,,0,,0.179,,0.52,,18.69,,7.621,,164.052,,,,,,NA,,NA,,109,,35.1,,7.42,,0.1,,9.43,,7.98,,1.08,,4.86,,13.5,,27.1,,,,,,,,,,,,40,,288,,,,11.73,,,,292,,4.45,,,,10.3,,,,,,,,,,,,,,,,,,,,,,,,,,,,,,,,,,,,,,,,,,,,,,,,,,,,,,,,,,,,,,,,,,,,,,,,,,,,,,,,,,,,,,,,,,,,,,,,,,,,,,,,,,,,,,,,,,,,,,,,,,,,,,,,
2012PN200258,OIL SANDS LONGTERM WQ MONITORING,M7 LTWQ PANEL 3 OF 10,AL07DD0007,57.31335,-111.6735,2012-10-11 12:38,WATER,VERTICAL INTEGRATED,0.74,,134.09,,0,,2.061,,14.97,,124.97,,0,,0.206,,0.53,,19.091,,7.598,,164.193,,,,,,NA,,NA,,110,,34.5,,7.43,,0.1,,9.43,,8.01,,1.11,,4.87,,13.7,,27,,,,,,,,,,,,35,,286,,,,11.75,,,,292,,4.44,,,,9.89,,,,,,,,,,,,,,,,,,,,,,,,,,,,,,,,,,,,,,,,,,,,,,,,,,,,,,,,,,,,,,,,,,,,,,,,,,,,,,,,,,,,,,,,,,,,,,,,,,,,,,,,,,,,,,,,,,,,,,,,,,,,,,,,
2012PN200259,OIL SANDS LONGTERM WQ MONITORING,M7 LTWQ PANEL 4 OF 10,AL07DD0007,57.31365,-111.67278,2012-10-11 12:54,WATER,VERTICAL INTEGRATED,1.5,,134.09,,0,,1.834,,14.514,,124.514,,0,,0.255,,0.53,,19.144,,7.551,,163.942,,,,,,NA,,NA,,110,,34.4,,7.44,,0.1,,9.38,,8.06,,1.13,,4.93,,13.7,,26.8,,,,,,,,,,,,40,,289,,,,11.75,,,,292,,4.45,,,,10.2,,,,,,,,,,,,,,,,,,,,,,,,,,,,,,,,,,,,,,,,,,,,,,,,,,,,,,,,,,,,,,,,,,,,,,,,,,,,,,,,,,,,,,,,,,,,,,,,,,,,,,,,,,,,,,,,,,,,,,,,,,,,,,,,
2012PN200260,OIL SANDS LONGTERM WQ MONITORING,M7 LTWQ PANEL 5 OF 10,AL07DD0007,57.31373,-111.67183,2012-10-11 13:11,WATER,VERTICAL INTEGRATED,2.08,,131.652,,0,,2.023,,15.356,,123.356,,0,,0.195,,0.53,,19.181,,7.621,,162.403,,,,,,NA,,NA,,108,,34.2,,7.75,,0.1,,9.22,,8.01,,1.08,,5,,13.6,,26.6,,,,,,,,,,,,40,,283,,,,11.75,,,,290,,4.47,,,,9.79,,,,,,,,,,,,,,,,,,,,,,,,,,,,,,,,,,,,,,,,,,,,,,,,,,,,,,,,,,,,,,,,,,,,,,,,,,,,,,,,,,,,,,,,,,,,,,,,,,,,,,,,,,,,,,,,,,,,,,,,,,,,,,,,
2012PN200261,OIL SANDS LONGTERM WQ MONITORING,M7 LTWQ PANEL 6 OF 10,AL07DD0007,57.31373,-111.67093,2012-10-11 13:24,WATER,VERTICAL INTEGRATED,1.94,,132.871,,0,,1.817,,13.149,,122.149,,0,,-0.401,,0.53,,19.218,,8.863,,161.879,,,,,,NA,,NA,,109,,33.7,,7.77,,0.1,,9.23,,8.06,,1.08,,5.05,,13.5,,26,,,,,,,,,,,,40,,283,,,,11.75,,,,289,,4.45,,,,10.9,,,,,,,,,,,,,,,,,,,,,,,,,,,,,,,,,,,,,,,,,,,,,,,,,,,,,,,,,,,,,,,,,,,,,,,,,,,,,,,,,,,,,,,,,,,,,,,,,,,,,,,,,,,,,,,,,,,,,,,,,,,,,,,,
2012PN200262,OIL SANDS LONGTERM WQ MONITORING,M7 LTWQ PANEL 7 OF 10,AL07DD0007,57.3138,-111.66997,2012-10-11 14:40,WATER,VERTICAL INTEGRATED,2.28,,131.652,,0,,2.071,,12.447,,120.447,,0,,0.172,,0.54,,19.55,,7.656,,160.543,,,,,,NA,,NA,,108,,33.2,,8.01,,0.1,,9.12,,8,,1.08,,5.18,,13.6,,25.4,,,,,,,,,,,,40,,283,,,,11.78,,,,287,,4.41,,,,9.93,,,,,,,,,,,,,,,,,,,,,,,,,,,,,,,,,,,,,,,,,,,,,,,,,,,,,,,,,,,,,,,,,,,,,,,,,,,,,,,,,,,,,,,,,,,,,,,,,,,,,,,,,,,,,,,,,,,,,,,,,,,,,,,,
2012PN200263,OIL SANDS LONGTERM WQ MONITORING,M7 LTWQ PANEL 8 OF 10,AL07DD0007,57.31392,-111.66925,2012-10-11 14:51,WATER,VERTICAL INTEGRATED,1.61,,131.652,,0,,2.553,,11.91,,119.91,,0,,0.081,,0.54,,19.734,,7.748,,160.039,,,,,,NA,,NA,,108,,33.1,,8.02,,0.1,,9.05,,7.91,,1.09,,5.23,,13.7,,24.9,,,,,,,,,,,,40,,282,,,,11.8,,,,287,,4.41,,,,11.2,,,,,,,,,,,,,,,,,,,,,,,,,,,,,,,,,,,,,,,,,,,,,,,,,,,,,,,,,,,,,,,,,,,,,,,,,,,,,,,,,,,,,,,,,,,,,,,,,,,,,,,,,,,,,,,,,,,,,,,,,,,,,,,,
2012PN200264,OIL SANDS LONGTERM WQ MONITORING,M7 LTWQ PANEL 9 OF 10,AL07DD0007,57.3139,-111.66835,2012-10-11 14:59,WATER,VERTICAL INTEGRATED,1.3,,130.433,,0,,2.359,,11.746,,118.746,,0,,0.102,,0.54,,19.538,,7.736,,158.743,,,,,,NA,,NA,,107,,32.7,,8.03,,0.1,,9.01,,7.94,,1.08,,5.27,,13.4,,24.9,,,,,,,,,,,,45,,281,,,,11.8,,,,286,,4.4,,,,11.7,,,,,,,,,,,,,,,,,,,,,,,,,,,,,,,,,,,,,,,,,,,,,,,,,,,,,,,,,,,,,,,,,,,,,,,,,,,,,,,,,,,,,,,,,,,,,,,,,,,,,,,,,,,,,,,,,,,,,,,,,,,,,,,,
2012PN200265,OIL SANDS LONGTERM WQ MONITORING,M7 LTWQ PANEL 10 OF 10,AL07DD0007,57.31395,-111.66737,2012-10-11 15:10,WATER,VERTICAL INTEGRATED,1.19,,130.433,,0,,2.305,,11.206,,118.206,,0,,-0.537,,0.55,,19.957,,9.024,,158.914,,,,,,NA,,NA,,107,,32.5,,8.08,,0.1,,9,,7.95,,1.1,,5.29,,13.7,,24.9,,,,,,,,,,,,40,,282,,,,11.81,,,,287,,4.39,,,,12.9,,,,,,,,,,,,,,,,,,,,,,,,,,,,,,,,,,,,,,,,,,,,,,,,,,,,,,,,,,,,,,,,,,,,,,,,,,,,,,,,,,,,,,,,,,,,,,,,,,,,,,,,,,,,,,,,,,,,,,,,,,,,,,,,
2012PN200266,OIL SANDS LONGTERM WQ MONITORING,"ATHABASCA RIVER M7, BELOW ELLS RIVER",AL07DD0007,57.31373,-111.67183,2012-10-11 17:31,WATER,ISOKINETIC TRANSECT COMPOSITE - EWI,,,131.652,,0,,2.327,,10.787,,118.787,,0,,0.116,,0.54,,19.646,,7.719,,159.919,,,,,,NA,,NA,,108,,32.7,,7.66,,0.09,,9.02,,7.95,,1.1,,5,,13.5,,26,,,,,,,,,,,,40,,284,,,,,,,,,,,,,,9.95,,,,,,,,,,,,,,,,,,,,,,,,,,,,,,,,,,,,,,,,,,,,,,,,,,,,,,,,,,,,,,,,,,,,,,,,,,,,,,,,,,,,,,,,,,,,,,,,,,,,,,,,,,,,,,,,,,,,,,,,,,,,,,,,
2012PN200267,OIL SANDS LONGTERM WQ MONITORING,"ATHABASCA RIVER M7, BELOW ELLS RIVER",AL07DD0007,57.31373,-111.67183,2012-10-11 17:32,WATER,ISOKINETIC TRANSECT COMPOSITE - EWI,,,132.871,,0,,1.995,,12.282,,121.282,,0,,0.201,,0.54,,19.44,,7.618,,161.504,,,,,,NA,,NA,,109,,33.6,,7.65,,0.09,,9.08,,8.02,,1.1,,5.04,,13.6,,25.9,,,,,,,,,,,,40,,283,,,,,,,,,,,,,,10.5,,,,,,,,,,,,,,,,,,,,,,,,,,,,,,,,,,,,,,,,,,,,,,,,,,,,,,,,,,,,,,,,,,,,,,,,,,,,,,,,,,,,,,,,,,,,,,,,,,,,,,,,,,,,,,,,,,,,,,,,,,,,,,,,
2012PN200268,OIL SANDS LONGTERM WQ MONITORING,"ATHABASCA RIVER M7, BELOW ELLS RIVER",AL07DD0007,57.31373,-111.67183,2012-10-11 17:33,WATER,ISOKINETIC TRANSECT COMPOSITE - EWI,,,131.652,,0,,1.931,,11.413,,119.413,,0,,0.2,,0.54,,19.681,,7.631,,160.423,,,,,,NA,,NA,,108,,33,,7.73,,0.1,,8.99,,8.03,,1.1,,5.05,,13.6,,26,,,,,,,,,,,,40,,281,,,,,,,,,,,,,,10.1,,,,,,,,,,,,,,,,,,,,,,,,,,,,,,,,,,,,,,,,,,,,,,,,,,,,,,,,,,,,,,,,,,,,,,,,,,,,,,,,,,,,,,,,,,,,,,,,,,,,,,,,,,,,,,,,,,,,,,,,,,,,,,,,
2012PN200271,OIL SANDS LONGTERM WQ MONITORING,M5 LTWQ PANEL 5 OF 10,AL07DD0005,57.15680556,-111.6275,2012-10-24 11:43,WATER,VERTICAL INTEGRATED,2.38,,120.803,,0,,1.814,,10.607,,109.707,,0,,-0.628,,0.58,,21.656,,9.275,,149.632,,,,,,NA,,NA,,99.1,,30.3,,8.85,,0.09,,8.27,,8.02,,1.04,,6.32,,14.1,,21.1,,,,,,,,,,,,60,,265,,,,13.02,,8.17,,268,,1.62,,,,13.8,,,,,,,,,,,,,,,,,,,,,,,,,,,,,,,,,,,,,,,,,,,,,,,,,,,,,,,,,,,,,,,,,,,,,,,,,,,,,,,,,,,,,,,,,,,,,,,,,,,,,,,,,,,,,,,,,,,,,,,,,,,,,,,,
2012PN200272,OIL SANDS LONGTERM WQ MONITORING,M5 LTWQ PANEL 9 OF 10,AL07DD0005,57.15747222,-111.6246944,2012-10-24 12:31,WATER,VERTICAL INTEGRATED,1.02,,121.047,,0,,1.776,,9.367,,108.667,,0,,-0.621,,0.58,,21.456,,9.272,,147.613,,,,,,NA,,NA,,99.3,,29.9,,8.97,,0.09,,8.26,,8.03,,1.02,,6.8,,13.8,,19.1,,,,,,,,,,,,65,,259,,,,13.03,,8.16,,262,,1.65,,,,12.3,,,,,,,,,,,,,,,,,,,,,,,,,,,,,,,,,,,,,,,,,,,,,,,,,,,,,,,,,,,,,,,,,,,,,,,,,,,,,,,,,,,,,,,,,,,,,,,,,,,,,,,,,,,,,,,,,,,,,,,,,,,,,,,,
2012PN200273,OIL SANDS LONGTERM WQ MONITORING,M5 LTWQ PANEL 10 OF 10,AL07DD0005,57.15758333,-111.6239444,2012-10-24 12:51,WATER,VERTICAL INTEGRATED,2.65,,121.291,,0,,1.779,,8.044,,107.544,,0,,-0.624,,0.59,,21.878,,9.278,,147.513,,,,,,NA,,NA,,99.5,,29.5,,9.02,,0.09,,8.23,,8.03,,1,,6.78,,14,,19.1,,,,,,,,,,,,60,,256,,,,13.01,,8.16,,262,,1.7,,,,11.7,,,,,,,,,,,,,,,,,,,,,,,,,,,,,,,,,,,,,,,,,,,,,,,,,,,,,,,,,,,,,,,,,,,,,,,,,,,,,,,,,,,,,,,,,,,,,,,,,,,,,,,,,,,,,,,,,,,,,,,,,,,,,,,,
2012PN200274,OIL SANDS LONGTERM WQ MONITORING,ATHABASCA RIVER M5 ABOVE MACKAY RIVER,AL07DD0005,57.15680556,-111.6270528,2012-10-24 13:16,WATER,ISOKINETIC TRANSECT COMPOSITE - EWI,,,126.776,,0,,1.775,,12.718,,116.718,,0,,0.195,,0.56,,20.395,,7.66,,156.601,,,,,,NA,,NA,,104,,32.3,,8.39,,0.09,,8.76,,8.05,,1.08,,5.97,,13.9,,23.6,,,,,,,,,,,,60,,273,,,,,,,,,,,,,,12.5,,,,,,,,,,,,,,,,,,,,,,,,,,,,,,,,,,,,,,,,,,,,,,,,,,,,,,,,,,,,,,,,,,,,,,,,,,,,,,,,,,,,,,,,,,,,,,,,,,,,,,,,,,,,,,,,,,,,,,,,,,,,,,,,
2012PN200275,OIL SANDS LONGTERM WQ MONITORING,ATHABASCA RIVER M5 ABOVE MACKAY RIVER,AL07DD0005,57.15680556,-111.6270528,2012-10-24 13:18,WATER,ISOKINETIC TRANSECT COMPOSITE - EWI,,,125.557,,0,,1.717,,15.34,,118.34,,0,,0.208,,0.56,,20.289,,7.644,,157.036,,,,,,NA,,NA,,103,,32.9,,8.49,,0.09,,8.79,,8.06,,1.09,,5.97,,14,,23.8,,,,,,,,,,,,60,,275,,,,,,,,,,,,,,12.8,,,,,,,,,,,,,,,,,,,,,,,,,,,,,,,,,,,,,,,,,,,,,,,,,,,,,,,,,,,,,,,,,,,,,,,,,,,,,,,,,,,,,,,,,,,,,,,,,,,,,,,,,,,,,,,,,,,,,,,,,,,,,,,,
2012PN200276,OIL SANDS LONGTERM WQ MONITORING,ATHABASCA RIVER M5 ABOVE MACKAY RIVER,AL07DD0005,57.15680556,-111.6270528,2012-10-24 13:19,WATER,ISOKINETIC TRANSECT COMPOSITE - EWI,,,125.557,,0,,1.758,,10.979,,113.979,,0,,0.18,,0.56,,20.551,,7.689,,154.566,,,,,,NA,,NA,,103,,31.5,,8.4,,0.11,,8.58,,8.05,,1.03,,5.94,,13.7,,23.4,,,,,,,,,,,,60,,269,,,,,,,,,,,,,,12.1,,,,,,,,,,,,,,,,,,,,,,,,,,,,,,,,,,,,,,,,,,,,,,,,,,,,,,,,,,,,,,,,,,,,,,,,,,,,,,,,,,,,,,,,,,,,,,,,,,,,,,,,,,,,,,,,,,,,,,,,,,,,,,,,
2012PN200281,OIL SANDS LONGTERM WQ MONITORING,M4 LT WQ PANEL 1 OF 10,AL07DD0004,57.12622222,-111.6040278,2013-01-22 11:35,WATER,VERTICAL INTEGRATED,0.56,,192.602,,0,,5.052,,19.096,,177.096,,0,,-0.546,,0.86,,24.082,,8.871,,254.011,,,,,,NA,,NA,,158,,48.5,,12.9,,0.12,,13.6,,7.78,,2.11,,8.04,,26.2,,46.7,,,,,,,,,,,,30,,432,,,,12.49,,8.73,,444,,-0.06,,,,2.94,,,,,,,,,,,,,,,,,,,,,,,,,,,,,,,,,,,,,,,,,,,,,,,,,,,,,,,,,,,,,,,,,,,,,,,,,,,,,,,,,,,,,,,,,,,,,,,,,,,,,,,,,,,,,,,,,,,,,,,,,,,,,,,,
2012PN200282,OIL SANDS LONGTERM WQ MONITORING,M4 LTWQ PANEL 9 OF 10,AL07DD0004,57.12761111,-111.6001389,2013-01-22 14:53,WATER,VERTICAL INTEGRATED,0.63,,154.813,,0,,5.239,,9.367,,136.367,,0,,-0.858,,0.98,,29.233,,9.386,,211.236,,,,,,NA,,NA,,127,,37.3,,18.5,,0.1,,10.5,,7.67,,1.74,,9.79,,26.3,,30,,,,,,,,,,,,35,,364,,,,12.87,,7.9,,NV,,-0.09,,,,3.44,,,,,,,,,,,,,,,,,,,,,,,,,,,,,,,,,,,,,,,,,,,,,,,,,,,,,,,,,,,,,,,,,,,,,,,,,,,,,,,,,,,,,,,,,,,,,,,,,,,,,,,,,,,,,,,,,,,,,,,,,,,,,,,,
2012PN200283,OIL SANDS LONGTERM WQ MONITORING,M4 LT WQ PANEL 10 OF 10,AL07DD0004,57.12763889,-111.6000278,2013-01-22 15:35,WATER,VERTICAL INTEGRATED,4.36,,152.375,,0,,5.277,,7.547,,132.547,,0,,-0.888,,1.02,,30.381,,9.437,,209.867,,,,,,NA,,NA,,125,,36.1,,20.5,,0.1,,10.3,,7.66,,1.67,,10,,27,,28.4,,,,,,,,,,,,35,,366,,,,13.27,,7.86,,NV,,-0.09,,,,3.4,,,,,,,,,,,,,,,,,,,,,,,,,,,,,,,,,,,,,,,,,,,,,,,,,,,,,,,,,,,,,,,,,,,,,,,,,,,,,,,,,,,,,,,,,,,,,,,,,,,,,,,,,,,,,,,,,,,,,,,,,,,,,,,,
2012PN200284,OIL SANDS LONGTERM WQ MONITORING,ATHABASCA RIVER M4 ABOVE MUSKEG RIVER,AL07DD0004,57.12697222,-111.6024167,2013-01-22 18:05,WATER,EQUAL VOLUME TRANSECT COMPOSITE,,,192.602,,0,,3.736,,13.292,,171.292,,0,,0.377,,1,,27.22,,7.155,,258.673,,,,,,NA,,NA,,158,,47,,19.7,,0.11,,13.1,,7.91,,2.14,,10.8,,29.9,,40.1,,,,,,,,,,,,35,,440,,,,,,,,,,,,,,3.61,,,,,,,,,,,,,,,,,,,,,,,,,,,,,,,,,,,,,,,,,,,,,,,,,,,,,,,,,,,,,,,,,,,,,,,,,,,,,,,,,,,,,,,,,,,,,,,,,,,,,,,,,,,,,,,,,,,,,,,,,,,,,,,,
2012PN200285,OIL SANDS LONGTERM WQ MONITORING,ATHABASCA RIVER M4 ABOVE MUSKEG RIVER,AL07DD0004,57.12697222,-111.6024167,2013-01-22 18:07,WATER,EQUAL VOLUME TRANSECT COMPOSITE,,,180.412,,0,,3.84,,8.525,,156.525,,0,,0.273,,0.96,,27.354,,7.324,,238.6,,,,,,NA,,NA,,148,,42.9,,18.1,,0.11,,12,,7.87,,1.92,,10,,27.5,,36.3,,,,,,,,,,,,35,,417,,,,,,,,,,,,,,3.56,,,,,,,,,,,,,,,,,,,,,,,,,,,,,,,,,,,,,,,,,,,,,,,,,,,,,,,,,,,,,,,,,,,,,,,,,,,,,,,,,,,,,,,,,,,,,,,,,,,,,,,,,,,,,,,,,,,,,,,,,,,,,,,,
2012PN200286,OIL SANDS LONGTERM WQ MONITORING,ATHABASCA RIVER M4 ABOVE MUSKEG RIVER,AL07DD0004,57.12697222,-111.6024167,2013-01-22 18:09,WATER,EQUAL VOLUME TRANSECT COMPOSITE,,,185.288,,0,,4.132,,7.508,,159.508,,0,,0.271,,0.98,,27.543,,7.309,,243.795,,,,,,NA,,NA,,152,,43.6,,17.9,,0.11,,12.3,,7.85,,2,,9.95,,28.3,,37.5,,,,,,,,,,,,35,,426,,,,,,,,,,,,,,3.34,,,,,,,,,,,,,,,,,,,,,,,,,,,,,,,,,,,,,,,,,,,,,,,,,,,,,,,,,,,,,,,,,,,,,,,,,,,,,,,,,,,,,,,,,,,,,,,,,,,,,,,,,,,,,,,,,,,,,,,,,,,,,,,,
2012PN200287,OIL SANDS LONGTERM WQ MONITORING,M5 LTWQ PANEL 5 OF 10,AL07DD0005,57.15680556,-111.6275,2013-01-23 11:56,WATER,TRIPLICATE SAMPLE,1.59,,162.127,,0,,5.118,,5.027,,138.027,,0,,-0.802,,0.93,,28.036,,9.304,,213.288,,,,,,NA,,NA,,133,,37.8,,16.6,,0.09,,10.6,,7.7,,1.74,,9.09,,25.1,,31.6,,,,,,,,,,,,35,,374,,,,12.92,,7.83,,376,,-0.07,,,,3.2,,,,,,,,,,,,,,,,,,,,,,,,,,,,,,,,,,,,,,,,,,,,,,,,,,,,,,,,,,,,,,,,,,,,,,,,,,,,,,,,,,,,,,,,,,,,,,,,,,,,,,,,,,,,,,,,,,,,,,,,,,,,,,,,
2012PN200288,OIL SANDS LONGTERM WQ MONITORING,M5 LTWQ PANEL 9 OF 10,AL07DD0005,57.15747222,-111.6246944,2013-01-23 14:15,WATER,VERTICAL INTEGRATED,0.69,,160.908,,0,,5.703,,0.884,,132.884,,0,,-0.872,,1,,29.87,,9.394,,211.541,,,,,,NA,,NA,,132,,36.4,,20.5,,0.1,,10.2,,7.65,,1.6,,9.83,,26.4,,26.5,,,,,,,,,,,,35,,378,,,,12.8,,7.77,,NV,,-0.1,,,,3.16,,,,,,,,,,,,,,,,,,,,,,,,,,,,,,,,,,,,,,,,,,,,,,,,,,,,,,,,,,,,,,,,,,,,,,,,,,,,,,,,,,,,,,,,,,,,,,,,,,,,,,,,,,,,,,,,,,,,,,,,,,,,,,,,
2012PN200289,OIL SANDS LONGTERM WQ MONITORING,M5 LTWQ PANEL 10 OF 10,AL07DD0005,57.15758333,-111.6239444,2013-01-23 14:30,WATER,VERTICAL INTEGRATED,1.57,,164.565,,0,,5.7,,0.456,,135.456,,0,,-0.844,,0.99,,29.635,,9.347,,214.742,,,,,,NA,,NA,,135,,37.1,,21.2,,0.1,,10.4,,7.66,,1.59,,9.95,,26.6,,26,,,,,,,,,,,,35,,386,,,,12.49,,7.78,,NV,,-0.08,,,,3.11,,,,,,,,,,,,,,,,,,,,,,,,,,,,,,,,,,,,,,,,,,,,,,,,,,,,,,,,,,,,,,,,,,,,,,,,,,,,,,,,,,,,,,,,,,,,,,,,,,,,,,,,,,,,,,,,,,,,,,,,,,,,,,,,
2012PN200290,OIL SANDS LONGTERM WQ MONITORING,ATHABASCA RIVER M5 ABOVE MACKAY RIVER,AL07DD0005,57.15680556,-111.6270528,2013-01-23 17:10,WATER,EQUAL VOLUME TRANSECT COMPOSITE,,,196.259,,0,,4.178,,3.988,,164.988,,0,,0.33,,1,,27.706,,7.21,,255.048,,,,,,NA,,NA,,161,,45.3,,20.1,,0.11,,12.6,,7.87,,2.01,,10.5,,29.5,,37.3,,,,,,,,,,,,35,,446,,,,,,,,,,,,,,3.41,,,,,,,,,,,,,,,,,,,,,,,,,,,,,,,,,,,,,,,,,,,,,,,,,,,,,,,,,,,,,,,,,,,,,,,,,,,,,,,,,,,,,,,,,,,,,,,,,,,,,,,,,,,,,,,,,,,,,,,,,,,,,,,,
2012PN200291,OIL SANDS LONGTERM WQ MONITORING,ATHABASCA RIVER M5 ABOVE MACKAY RIVER,AL07DD0005,57.15680556,-111.6270528,2013-01-23 17:15,WATER,EQUAL VOLUME TRANSECT COMPOSITE,,,201.135,,0,,4.59,,2.06,,167.06,,0,,0.315,,0.99,,27.392,,7.21,,258.771,,,,,,NA,,NA,,165,,45.8,,19.9,,0.11,,12.8,,7.84,,2.02,,10.6,,29.4,,38.1,,,,,,,,,,,,40,,456,,,,,,,,,,,,,,3.4,,,,,,,,,,,,,,,,,,,,,,,,,,,,,,,,,,,,,,,,,,,,,,,,,,,,,,,,,,,,,,,,,,,,,,,,,,,,,,,,,,,,,,,,,,,,,,,,,,,,,,,,,,,,,,,,,,,,,,,,,,,,,,,,
2012PN200292,OIL SANDS LONGTERM WQ MONITORING,ATHABASCA RIVER M5 ABOVE MACKAY RIVER,AL07DD0005,57.15680556,-111.6270528,2013-01-23 17:20,WATER,EQUAL VOLUME TRANSECT COMPOSITE,,,197.478,,0,,4.507,,0.754,,162.754,,0,,0.299,,0.97,,27.297,,7.242,,252.469,,,,,,NA,,NA,,162,,44.9,,19.4,,0.11,,12.3,,7.84,,1.94,,10.3,,28.5,,36.8,,,,,,,,,,,,35,,450,,,,,,,,,,,,,,3.53,,,,,,,,,,,,,,,,,,,,,,,,,,,,,,,,,,,,,,,,,,,,,,,,,,,,,,,,,,,,,,,,,,,,,,,,,,,,,,,,,,,,,,,,,,,,,,,,,,,,,,,,,,,,,,,,,,,,,,,,,,,,,,,,
2012PN200293,OIL SANDS LONGTERM WQ MONITORING,M5 LTWQ PANEL 5 OF 10,AL07DD0005,57.15680556,-111.6275,2013-01-23 12:01,WATER,TRIPLICATE SAMPLE,,,163.346,,0,,5.528,,7.61,,141.61,,0,,PM,,0.89,,26.9,,PM,,215.511,,,,,,NA,,NA,,134,,39.4,,16.9,,0.1,,10.5,,7.67,,1.67,,9.19,,24.3,,32.2,,,,,,,,,,,,30,,379,,,,,,,,,,,,,,3.36,,,,,,,,,,,,,,,,,,,,,,,,,,,,,,,,,,,,,,,,,,,,,,,,,,,,,,,,,,,,,,,,,,,,,,,,,,,,,,,,,,,,,,,,,,,,,,,,,,,,,,,,,,,,,,,,,,,,,,,,,,,,,,,,
2012PN200294,OIL SANDS LONGTERM WQ MONITORING,M5 LTWQ PANEL 5 OF 10,AL07DD0005,57.15680556,-111.6275,2013-01-23 12:06,WATER,TRIPLICATE SAMPLE,,,162.127,,0,,5.487,,12.268,,145.268,,0,,PM,,0.86,,26.091,,PM,,216.311,,,,,,NA,,NA,,133,,40.7,,17.1,,0.1,,10.6,,7.67,,1.65,,9.31,,23.9,,32.3,,,,,,,,,,,,30,,377,,,,,,,,,,,,,,3.38,,,,,,,,,,,,,,,,,,,,,,,,,,,,,,,,,,,,,,,,,,,,,,,,,,,,,,,,,,,,,,,,,,,,,,,,,,,,,,,,,,,,,,,,,,,,,,,,,,,,,,,,,,,,,,,,,,,,,,,,,,,,,,,,
2012PN200299,OIL SANDS LONGTERM WQ MONITORING,M4 LTWQ PANEL 3 OF 10,AL07DD0004,57.12669444,-111.6035278,2013-02-12 12:00,WATER,VERTICAL INTEGRATED,3.3,,168.222,,0,,4.116,,13.956,,151.956,,0,,-0.64,,0.94,,27.359,,9.089,,232.641,,,,,,NA,,NA,,138,,41.4,,16.9,,0.1,,11.8,,7.81,,1.85,,8.39,,26.7,,41.7,,,,,,,,,,,,25,,406,,,,11.99,,7.6,,406,,-0.06,,,,3.52,,,,,,,,,,,,,,,,,,,,,,,,,,,,,,,,,,,,,,,,,,,,,,,,,,,,,,,,,,,,,,,,,,,,,,,,,,,,,,,,,,,,,,,,,,,,,,,,,,,,,,,,,,,,,,,,,,,,,,,,,,,,,,,,
2012PN200300,OIL SANDS LONGTERM WQ MONITORING,M4 LTWQ PANEL 9 OF 10,AL07DD0004,57.12761111,-111.6001389,2013-02-12 13:45,WATER,VERTICAL INTEGRATED,0.5,,147.499,,0,,4.052,,7.727,,128.727,,0,,-0.816,,1.1,,32.242,,9.393,,212.868,,,,,,NA,,NA,,121,,34.9,,22.6,,0.1,,10.1,,7.76,,1.65,,9.51,,28.6,,31.9,,,,,,,,,,,,30,,372,,,,12.58,,7.56,,376,,-0.06,,,,3.82,,,,,,,,,,,,,,,,,,,,,,,,,,,,,,,,,,,,,,,,,,,,,,,,,,,,,,,,,,,,,,,,,,,,,,,,,,,,,,,,,,,,,,,,,,,,,,,,,,,,,,,,,,,,,,,,,,,,,,,,,,,,,,,,
2012PN200301,OIL SANDS LONGTERM WQ MONITORING,M4 LT WQ PANEL 10 OF 10,AL07DD0004,57.12763889,-111.6000278,2013-02-12 14:10,WATER,VERTICAL INTEGRATED,4.25,,145.061,,0,,4.58,,6.324,,125.324,,0,,-0.896,,1.16,,33.742,,9.493,,212.327,,,,,,NA,,NA,,119,,33.9,,25,,0.1,,9.88,,7.7,,1.61,,9.86,,29.8,,29.9,,,,,,,,,,,,35,,370,,,,12.27,,7.54,,374,,-0.06,,,,3.56,,,,,,,,,,,,,,,,,,,,,,,,,,,,,,,,,,,,,,,,,,,,,,,,,,,,,,,,,,,,,,,,,,,,,,,,,,,,,,,,,,,,,,,,,,,,,,,,,,,,,,,,,,,,,,,,,,,,,,,,,,,,,,,,
2012PN200302,OIL SANDS LONGTERM WQ MONITORING,ATHABASCA RIVER M4 ABOVE MUSKEG RIVER,AL07DD0004,57.12697222,-111.6024167,2013-02-12 18:10,WATER,EQUAL VOLUME TRANSECT COMPOSITE,,,157.251,,0,,3.347,,12.084,,141.084,,0,,0.166,,1.03,,29.913,,7.539,,224.681,,,,,,NA,,NA,,129,,38.2,,20.6,,0.1,,11.1,,7.87,,1.75,,9.17,,28.1,,37.3,,,,,,,,,,,,30,,395,,,,,,,,,,,,,,4.63,,,,,,,,,,,,,,,,,,,,,,,,,,,,,,,,,,,,,,,,,,,,,,,,,,,,,,,,,,,,,,,,,,,,,,,,,,,,,,,,,,,,,,,,,,,,,,,,,,,,,,,,,,,,,,,,,,,,,,,,,,,,,,,,
2012PN200303,OIL SANDS LONGTERM WQ MONITORING,ATHABASCA RIVER M4 ABOVE MUSKEG RIVER,AL07DD0004,57.12697222,-111.6024167,2013-02-12 18:15,WATER,EQUAL VOLUME TRANSECT COMPOSITE,,,158.47,,0,,3.788,,10.834,,140.834,,0,,0.117,,1.05,,30.315,,7.585,,225.667,,,,,,NA,,NA,,130,,38.1,,20.6,,0.1,,11.1,,7.82,,1.78,,9.13,,28.6,,37.3,,,,,,,,,,,,30,,390,,,,,,,,,,,,,,4.34,,,,,,,,,,,,,,,,,,,,,,,,,,,,,,,,,,,,,,,,,,,,,,,,,,,,,,,,,,,,,,,,,,,,,,,,,,,,,,,,,,,,,,,,,,,,,,,,,,,,,,,,,,,,,,,,,,,,,,,,,,,,,,,,
2012PN200304,OIL SANDS LONGTERM WQ MONITORING,ATHABASCA RIVER M4 ABOVE MUSKEG RIVER,AL07DD0004,57.12697222,-111.6024167,2013-02-12 18:20,WATER,EQUAL VOLUME TRANSECT COMPOSITE,,,157.251,,0,,3.506,,10.262,,139.262,,0,,0.141,,1.03,,30.033,,7.568,,223.334,,,,,,NA,,NA,,129,,37.8,,20.5,,0.1,,10.9,,7.85,,1.74,,9.05,,27.9,,37,,,,,,,,,,,,30,,392,,,,,,,,,,,,,,3.87,,,,,,,,,,,,,,,,,,,,,,,,,,,,,,,,,,,,,,,,,,,,,,,,,,,,,,,,,,,,,,,,,,,,,,,,,,,,,,,,,,,,,,,,,,,,,,,,,,,,,,,,,,,,,,,,,,,,,,,,,,,,,,,,
2012PN200305,OIL SANDS LONGTERM WQ MONITORING,M5 LTWQ PANEL 5 OF 10,AL07DD0005,57.15680556,-111.6275,2013-02-13 12:30,WATER,VERTICAL INTEGRATED,1.73,,153.594,,0,,3.194,,10.454,,136.454,,0,,-0.648,,0.95,,28.52,,9.176,,215.429,,,,,,NA,,NA,,126,,37.5,,20.4,,0.1,,10.4,,7.88,,1.66,,9.17,,25.4,,34.3,,,,,,,,,,,,30,,376,,,,12.43,,7.56,,382,,-0.06,,,,3.34,,,,,,,,,,,,,,,,,,,,,,,,,,,,,,,,,,,,,,,,,,,,,,,,,,,,,,,,,,,,,,,,,,,,,,,,,,,,,,,,,,,,,,,,,,,,,,,,,,,,,,,,,,,,,,,,,,,,,,,,,,,,,,,,
2012PN200306,OIL SANDS LONGTERM WQ MONITORING,M5 LTWQ PANEL 9 OF 10,AL07DD0005,57.15747222,-111.6246944,2013-02-13 13:25,WATER,VERTICAL INTEGRATED,0.63,,151.156,,0,,3.143,,7.973,,131.973,,0,,-0.671,,1.03,,30.731,,9.221,,214.109,,,,,,NA,,NA,,124,,36.2,,24.9,,0.1,,10.1,,7.88,,1.55,,10.2,,27.3,,28.5,,,,,,,,,,,,35,,379,,,,12.13,,7.52,,376,,-0.06,,,,3.19,,,,,,,,,,,,,,,,,,,,,,,,,,,,,,,,,,,,,,,,,,,,,,,,,,,,,,,,,,,,,,,,,,,,,,,,,,,,,,,,,,,,,,,,,,,,,,,,,,,,,,,,,,,,,,,,,,,,,,,,,,,,,,,,
2012PN200307,OIL SANDS LONGTERM WQ MONITORING,M5 LTWQ PANEL 10 OF 10,AL07DD0005,57.15758333,-111.6239444,2013-02-13 13:45,WATER,VERTICAL INTEGRATED,1.39,,159.689,,0,,3.999,,4.793,,135.793,,0,,-0.714,,1.03,,30.366,,9.228,,220.287,,,,,,NA,,NA,,131,,37.4,,25.9,,0.1,,10.3,,7.8,,1.55,,10.3,,27.6,,27.7,,,,,,,,,,,,35,,385,,,,12.12,,7.52,,384,,-0.06,,,,3.02,,,,,,,,,,,,,,,,,,,,,,,,,,,,,,,,,,,,,,,,,,,,,,,,,,,,,,,,,,,,,,,,,,,,,,,,,,,,,,,,,,,,,,,,,,,,,,,,,,,,,,,,,,,,,,,,,,,,,,,,,,,,,,,,
2012PN200308,OIL SANDS LONGTERM WQ MONITORING,ATHABASCA RIVER M5 ABOVE MACKAY RIVER,AL07DD0005,57.15680556,-111.6270528,2013-02-13 14:00,WATER,EQUAL VOLUME TRANSECT COMPOSITE,,,158.47,,0,,2.867,,11.597,,141.597,,0,,0.247,,0.95,,28.249,,7.445,,221.708,,,,,,NA,,NA,,130,,38.9,,20.7,,0.1,,10.8,,7.94,,1.69,,9.21,,26,,35.4,,,,,,,,,,,,30,,391,,,,,,,,,,,,,,3.17,,,,,,,,,,,,,,,,,,,,,,,,,,,,,,,,,,,,,,,,,,,,,,,,,,,,,,,,,,,,,,,,,,,,,,,,,,,,,,,,,,,,,,,,,,,,,,,,,,,,,,,,,,,,,,,,,,,,,,,,,,,,,,,,
2012PN200309,OIL SANDS LONGTERM WQ MONITORING,ATHABASCA RIVER M5 ABOVE MACKAY RIVER,AL07DD0005,57.15680556,-111.6270528,2013-02-13 14:05,WATER,EQUAL VOLUME TRANSECT COMPOSITE,,,158.47,,0,,2.612,,10.936,,140.936,,0,,PM,,0.95,,28.266,,PM,,221.388,,,,,,NA,,NA,,130,,38.8,,20.7,,0.1,,10.7,,7.98,,1.68,,9.2,,25.9,,35.4,,,,,,,,,,,,30,,393,,,,,,,,,,,,,,3.08,,,,,,,,,,,,,,,,,,,,,,,,,,,,,,,,,,,,,,,,,,,,,,,,,,,,,,,,,,,,,,,,,,,,,,,,,,,,,,,,,,,,,,,,,,,,,,,,,,,,,,,,,,,,,,,,,,,,,,,,,,,,,,,,
2012PN200310,OIL SANDS LONGTERM WQ MONITORING,ATHABASCA RIVER M5 ABOVE MACKAY RIVER,AL07DD0005,57.15680556,-111.6270528,2013-02-13 14:10,WATER,EQUAL VOLUME TRANSECT COMPOSITE,,,158.47,,0,,2.736,,11.597,,141.597,,0,,0.267,,0.95,,28.172,,7.425,,221.513,,,,,,NA,,NA,,130,,38.9,,20.7,,0.1,,10.8,,7.96,,1.68,,9.22,,25.9,,35.3,,,,,,,,,,,,30,,388,,,,,,,,,,,,,,3.11,,,,,,,,,,,,,,,,,,,,,,,,,,,,,,,,,,,,,,,,,,,,,,,,,,,,,,,,,,,,,,,,,,,,,,,,,,,,,,,,,,,,,,,,,,,,,,,,,,,,,,,,,,,,,,,,,,,,,,,,,,,,,,,,
2012PN200311,OIL SANDS LONGTERM WQ MONITORING,M3 LT WQ PANEL 1 OF 10,AL07DD0008,56.8383,-111.41835,2013-02-06 10:35,WATER,VERTICAL INTEGRATED,2.05,,210.887,,0,,4.091,,9.09,,182.09,,0,,-0.381,,0.8,,22.53,,8.672,,264.457,,,,,,NA,,NA,,173,,50.5,,5.69,,0.11,,13.6,,7.91,,2.18,,6.34,,24.7,,56.5,,,,,,,,,,,,20,,446,,,,12.17,,8.32,,463,,-0.6,,,,1.87,,,,,,,,,,,,,,,,,,,,,,,,,,,,,,,,,,,,,,,,,,,,,,,,,,,,,,,,,,,,,,,,,,,,,,,,,,,,,,,,,,,,,,,,,,,,,,,,,,,,,,,,,,,,,,,,,,,,,,,,,,,,,,,,
2012PN200312,OIL SANDS LONGTERM WQ MONITORING,M3 LT WQ PANEL 2 OF 10,AL07DD0008,56.83851,-111.41779,2013-02-06 11:30,WATER,VERTICAL INTEGRATED,1.54,,207.23,,0,,4.114,,9.518,,179.518,,0,,-0.408,,0.79,,22.497,,8.716,,260.69,,,,,,NA,,NA,,170,,49.8,,5.73,,0.11,,13.4,,7.9,,2.12,,6.4,,24.3,,55.9,,,,,,,,,,,,20,,442,,,,12.76,,8.03,,456,,-0.7,,,,1.97,,,,,,,,,,,,,,,,,,,,,,,,,,,,,,,,,,,,,,,,,,,,,,,,,,,,,,,,,,,,,,,,,,,,,,,,,,,,,,,,,,,,,,,,,,,,,,,,,,,,,,,,,,,,,,,,,,,,,,,,,,,,,,,,
2012PN200313,OIL SANDS LONGTERM WQ MONITORING,M3 LT WQ PANEL 3 OF 10,AL07DD0008,56.83849,-111.41702,2013-02-06 12:10,WATER,VERTICAL INTEGRATED,0.79,,208.449,,0,,4.335,,7.769,,178.769,,0,,-0.428,,0.8,,22.783,,8.736,,261.323,,,,,,NA,,NA,,171,,49.5,,6.25,,0.11,,13.4,,7.88,,2.13,,6.52,,24.6,,55.3,,,,,,,,,,,,25,,442,,,,12.71,,7.98,EVENTF,391,,-0.7,,,,6.86,,,,,,,,,,,,,,,,,,,,,,,,,,,,,,,,,,,,,,,,,,,,,,,,,,,,,,,,,,,,,,,,,,,,,,,,,,,,,,,,,,,,,,,,,,,,,,,,,,,,,,,,,,,,,,,,,,,,,,,,,,,,,,,,
2012PN200314,OIL SANDS LONGTERM WQ MONITORING,M3 LT WQ PANEL 4 OF 10,AL07DD0008,56.83861,-111.41628,2013-02-06 12:23,WATER,VERTICAL INTEGRATED,0.95,,203.573,,0,,4.042,,9.036,,176.036,,0,,-0.423,,0.81,,23.059,,8.746,,257.667,,,,,,NA,,NA,,167,,48.9,,6.92,,0.11,,13.1,,7.9,,2.07,,6.65,,24.6,,54.2,,,,,,,,,,,,25,,437,,,,12.7,,7.86,,NV,,-0.7,,,,4.2,,,,,,,,,,,,,,,,,,,,,,,,,,,,,,,,,,,,,,,,,,,,,,,,,,,,,,,,,,,,,,,,,,,,,,,,,,,,,,,,,,,,,,,,,,,,,,,,,,,,,,,,,,,,,,,,,,,,,,,,,,,,,,,,
2012PN200315,OIL SANDS LONGTERM WQ MONITORING,M3 LT WQ PANEL 5 OF 10,AL07DD0008,56.8388,-111.41548,2013-02-06 12:37,WATER,VERTICAL INTEGRATED,0.99,,184.069,,0,,3.828,,14.737,,165.737,,0,,-0.514,,0.84,,24.228,,8.908,,242.033,,,,,,NA,,NA,,151,,45.6,,12.5,,0.1,,12.6,,7.88,,1.89,,7.73,,24.7,,45.4,,,,,,,,,,,,25,,416,,,,12.72,,7.9,,NV,,-0.7,,,,2.47,,,,,,,,,,,,,,,,,,,,,,,,,,,,,,,,,,,,,,,,,,,,,,,,,,,,,,,,,,,,,,,,,,,,,,,,,,,,,,,,,,,,,,,,,,,,,,,,,,,,,,,,,,,,,,,,,,,,,,,,,,,,,,,,
2012PN200316,OIL SANDS LONGTERM WQ MONITORING,M3 LT WQ PANEL 6 OF 10,AL07DD0008,56.83862,-111.41478,2013-02-06 13:05,WATER,VERTICAL INTEGRATED,0.49,,192.602,,0,,3.824,,20.931,,178.931,,0,,-0.441,,0.78,,22.282,,8.782,,251.123,,,,,,NA,,NA,,158,,49.4,,9.66,,0.1,,13.5,,7.9,,1.98,,7.27,,23.9,,49.6,,,,,,,,,,,,25,,430,,,,12.69,,7.98,,NV,,-0.7,,,,2.31,,,,,,,,,,,,,,,,,,,,,,,,,,,,,,,,,,,,,,,,,,,,,,,,,,,,,,,,,,,,,,,,,,,,,,,,,,,,,,,,,,,,,,,,,,,,,,,,,,,,,,,,,,,,,,,,,,,,,,,,,,,,,,,,
2012PN200317,OIL SANDS LONGTERM WQ MONITORING,M3 LT WQ PANEL 7 OF 10,AL07DD0008,56.83919,-111.41404,2013-02-06 13:15,WATER,VERTICAL INTEGRATED,1.47,,170.66,,0,,4.08,,15.952,,155.952,,0,,-0.635,,0.89,,25.971,,9.089,,232.6,,,,,,NA,,NA,,140,,43,,16.1,,0.1,,11.8,,7.82,,1.78,,8.43,,25.5,,41,,,,,,,,,,,,30,,402,,,,12.7,,7.92,,NV,,-0.8,,,,2.96,,,,,,,,,,,,,,,,,,,,,,,,,,,,,,,,,,,,,,,,,,,,,,,,,,,,,,,,,,,,,,,,,,,,,,,,,,,,,,,,,,,,,,,,,,,,,,,,,,,,,,,,,,,,,,,,,,,,,,,,,,,,,,,,
2012PN200318,OIL SANDS LONGTERM WQ MONITORING,M3 LT WQ PANEL 8 OF 10,AL07DD0008,56.83888,-111.41328,2013-02-06 13:30,WATER,VERTICAL INTEGRATED,1.81,,140.185,,0,,4.034,,11.787,,126.787,,0,,-0.887,,1.04,,31.188,,9.515,,205.903,,,,,,NA,,NA,,115,,34.7,,23.3,,0.09,,9.75,,7.74,,1.51,,9.68,,26.8,,30.2,,,,,,,,,,,,35,,361,,,,12.73,,7.87,,NV,,-0.8,,,,3.57,,,,,,,,,,,,,,,,,,,,,,,,,,,,,,,,,,,,,,,,,,,,,,,,,,,,,,,,,,,,,,,,,,,,,,,,,,,,,,,,,,,,,,,,,,,,,,,,,,,,,,,,,,,,,,,,,,,,,,,,,,,,,,,,
2012PN200319,OIL SANDS LONGTERM WQ MONITORING,M3 LT WQ PANEL 9 OF 10,AL07DD0008,56.83991,-111.41234,2013-02-06 13:45,WATER,VERTICAL INTEGRATED,1.87,,112.026,,0,,4.063,,5.096,,96.996,,0,,-1.204,,1.3,,39.421,,10.047,,182.817,,,,,,NA,,NA,,91.9,,26.1,,31.7,,0.09,,7.73,,7.64,,1.32,,11.2,,29.5,,19.2,,,,,,,,,,,,35,,326,,,,12.72,,7.8,,NV,,-0.8,,,,4.32,,,,,,,,,,,,,,,,,,,,,,,,,,,,,,,,,,,,,,,,,,,,,,,,,,,,,,,,,,,,,,,,,,,,,,,,,,,,,,,,,,,,,,,,,,,,,,,,,,,,,,,,,,,,,,,,,,,,,,,,,,,,,,,,
2012PN200320,OIL SANDS LONGTERM WQ MONITORING,M3 LT WQ PANEL 10 OF 10,AL07DD0008,56.83878,-111.41164,2013-02-06 14:15,WATER,VERTICAL INTEGRATED,1.62,,97.642,,0,,4.463,,4.778,,84.878,,0,,-1.414,,1.49,,44.229,,10.369,,173.397,,,,,,NA,,NA,,80.1,,22.5,,35.7,,0.09,,6.97,,7.54,,1.24,,11.9,,31.5,,14.6,,,,,,,,,,,,35,,314,,,,12.52,,7.72,,324,,-0.5,,,,37.3,,,,,,,,,,,,,,,,,,,,,,,,,,,,,,,,,,,,,,,,,,,,,,,,,,,,,,,,,,,,,,,,,,,,,,,,,,,,,,,,,,,,,,,,,,,,,,,,,,,,,,,,,,,,,,,,,,,,,,,,,,,,,,,,
2012PN200321,OIL SANDS LONGTERM WQ MONITORING,"ATHABASCA RIVER M3, 6.5 KM BELOW WSC GAUGE 07DA001",AL07DD0008,56.8388,-111.41548,2013-02-06 16:30,WATER,EQUAL VOLUME TRANSECT COMPOSITE,,,184.069,,0,,2.896,,19.468,,170.468,,0,,0.45,,0.89,,25.083,,7.101,,249.607,,,,,,NA,,NA,,151,,47,,15.3,,0.11,,12.9,,8,,1.94,,8.6,,26.6,,45.6,,,,,,,,,,,,30,,431,,,,,,,,,,,,,,10.7,,,,,,,,,,,,,,,,,,,,,,,,,,,,,,,,,,,,,,,,,,,,,,,,,,,,,,,,,,,,,,,,,,,,,,,,,,,,,,,,,,,,,,,,,,,,,,,,,,,,,,,,,,,,,,,,,,,,,,,,,,,,,,,,
2012PN200322,OIL SANDS LONGTERM WQ MONITORING,"ATHABASCA RIVER M3, 6.5 KM BELOW WSC GAUGE 07DA001",AL07DD0008,56.8388,-111.41548,2013-02-06 16:35,WATER,EQUAL VOLUME TRANSECT COMPOSITE,,,185.288,,0,,2.984,,15.398,,167.398,,0,,0.434,,0.87,,24.926,,7.121,,246.924,,,,,,NA,,NA,,152,,46.1,,14.9,,0.1,,12.7,,7.99,,1.89,,8.39,,25.9,,44.8,,,,,,,,,,,,30,,426,,,,,,,,,,,,,,9.28,,,,,,,,,,,,,,,,,,,,,,,,,,,,,,,,,,,,,,,,,,,,,,,,,,,,,,,,,,,,,,,,,,,,,,,,,,,,,,,,,,,,,,,,,,,,,,,,,,,,,,,,,,,,,,,,,,,,,,,,,,,,,,,,
2012PN200323,OIL SANDS LONGTERM WQ MONITORING,"ATHABASCA RIVER M3, 6.5 KM BELOW WSC GAUGE 07DA001",AL07DD0008,56.8388,-111.41548,2013-02-06 16:40,WATER,EQUAL VOLUME TRANSECT COMPOSITE,,,186.507,,0,,3.374,,15.396,,168.396,,0,,0.39,,0.86,,24.744,,7.159,,248.098,,,,,,NA,,NA,,153,,46.5,,14.8,,0.1,,12.7,,7.94,,1.89,,8.36,,25.8,,45.2,,,,,,,,,,,,30,,426,,,,,,,,,,,,,,7.41,,,,,,,,,,,,,,,,,,,,,,,,,,,,,,,,,,,,,,,,,,,,,,,,,,,,,,,,,,,,,,,,,,,,,,,,,,,,,,,,,,,,,,,,,,,,,,,,,,,,,,,,,,,,,,,,,,,,,,,,,,,,,,,,
2012PN200324,OIL SANDS LONGTERM WQ MONITORING,M6 LTWQ PANEL 1 OF 10,AL07DD0009,57.21513,-111.61512,2013-03-05 11:10,WATER,VERTICAL INTEGRATED,2.09,,182.85,,0,,3.547,,15.899,,165.899,,0,,-0.464,,0.86,,24.654,,8.838,,243.916,,,,,,NA,,NA,,150,,45.5,,14.5,,0.11,,12.7,,7.91,,1.89,,7.88,,25.3,,44.8,,,,,,,,,,,,20,,423,,,,12.18,,7.43,,428,,-0.06,,47.7,,2.88,,,,,,,,,,,,,,,,,,,,,,,,,,,,,,,,,,,,,,,,,,,,,,,,,,,,,,,,,,,,,,,,,,,,,,,,,,,,,,,,,,,,,,,,,,,,,,,,,,,,,,,,,,,,,,,,,,,,,,,,,,,,,,,,
2012PN200325,OIL SANDS LONGTERM WQ MONITORING,M6 LTWQ PANEL 2 OF 10,AL07DD0009,57.2151,-111.61433,2013-03-05 12:26,WATER,VERTICAL INTEGRATED,1.74,,190.164,,0,,3.208,,0.613,,156.613,,0,,-0.41,,0.87,,25.433,,8.79,,241.584,,,,,,NA,,NA,,156,,43.1,,15.6,,0.11,,11.9,,7.97,,1.8,,8.1,,24.9,,41.3,,,,,,,,,,,,25,,406,,,,12.42,,7.47,,414,,-0.06,,50.4,,2.95,,,,,,,,,,,,,,,,,,,,,,,,,,,,,,,,,,,,,,,,,,,,,,,,,,,,,,,,,,,,,,,,,,,,,,,,,,,,,,,,,,,,,,,,,,,,,,,,,,,,,,,,,,,,,,,,,,,,,,,,,,,,,,,,
2012PN200326,OIL SANDS LONGTERM WQ MONITORING,M6 LTWQ PANEL 3 OF 10,AL07DD0009,57.21512,-111.61345,2013-03-05 13:00,WATER,VERTICAL INTEGRATED,1.17,,170.66,,0,,3.16,,12.132,,152.132,,0,,-0.508,,0.89,,26.369,,8.946,,229.73,,,,,,NA,,NA,,140,,41.8,,16.6,,0.11,,11.6,,7.93,,1.77,,8.42,,25.4,,38.9,,,,,,,,,,,,30,,401,,,,12.41,,7.46,,407,,-0.06,,50.6,,3.13,,,,,,,,,,,,,,,,,,,,,,,,,,,,,,,,,,,,,,,,,,,,,,,,,,,,,,,,,,,,,,,,,,,,,,,,,,,,,,,,,,,,,,,,,,,,,,,,,,,,,,,,,,,,,,,,,,,,,,,,,,,,,,,,
2012PN200327,OIL SANDS LONGTERM WQ MONITORING,M6 LTWQ PANEL 4 OF 10,AL07DD0009,57.21516,-111.61577,2013-03-05 13:25,WATER,VERTICAL INTEGRATED,0.78,,168.222,,0,,3.418,,11.561,,149.561,,0,,-0.562,,0.9,,26.703,,9.014,,227.688,,,,,,NA,,NA,,138,,41.1,,17.3,,0.13,,11.4,,7.89,,1.73,,8.52,,25.4,,38.2,,,,,,,,,,,,30,,399,,,,12.45,,7.47,,404,,-0.06,,52.6,,3.17,,,,,,,,,,,,,,,,,,,,,,,,,,,,,,,,,,,,,,,,,,,,,,,,,,,,,,,,,,,,,,,,,,,,,,,,,,,,,,,,,,,,,,,,,,,,,,,,,,,,,,,,,,,,,,,,,,,,,,,,,,,,,,,,
2012PN200328,OIL SANDS LONGTERM WQ MONITORING,M6 LTWQ PANEL 5 OF 10,AL07DD0009,57.21505,-111.6115,2013-03-05 13:50,WATER,TRIPLICATE SAMPLE,0.62,,167.003,,0,,3.315,,11.15,,148.15,,0,,-0.559,,0.91,,26.889,,9.017,,226.251,,,,,,NA,,NA,,137,,40.7,,17.7,,0.11,,11.3,,7.9,,1.71,,8.55,,25.4,,37.5,,,,,,,,,,,,35,,392,,,,13.11,,7.44,,400,,-0.06,EVENTF,12.3,,3.34,,,,,,,,,,,,,,,,,,,,,,,,,,,,,,,,,,,,,,,,,,,,,,,,,,,,,,,,,,,,,,,,,,,,,,,,,,,,,,,,,,,,,,,,,,,,,,,,,,,,,,,,,,,,,,,,,,,,,,,,,,,,,,,,
2012PN200329,OIL SANDS LONGTERM WQ MONITORING,M6 LTWQ PANEL 6 OF 10,AL07DD0009,57.21502,-111.61068,2013-03-05 15:00,WATER,VERTICAL INTEGRATED,0.95,,171.879,,0,,3.038,,6.489,,147.489,,0,,-0.498,,0.91,,26.974,,8.946,,228.187,,,,,,NA,,NA,,141,,40.6,,17.9,,0.11,,11.2,,7.95,,1.72,,8.62,,25.4,,37,,,,,,,,,,,,30,,393,,,,11.98,,7.49,,389,,-0.06,EVENTF,12,,3.11,,,,,,,,,,,,,,,,,,,,,,,,,,,,,,,,,,,,,,,,,,,,,,,,,,,,,,,,,,,,,,,,,,,,,,,,,,,,,,,,,,,,,,,,,,,,,,,,,,,,,,,,,,,,,,,,,,,,,,,,,,,,,,,,
2012PN200330,OIL SANDS LONGTERM WQ MONITORING,M6 LTWQ PANEL 7 OF 10,AL07DD0009,57.2152,-111.6098,2013-03-05 15:15,WATER,VERTICAL INTEGRATED,1.07,,162.127,,0,,2.735,,11.168,,144.168,,0,,-0.513,,0.92,,27.347,,8.995,,221.424,,,,,,NA,,NA,,133,,39.6,,18.4,,0.1,,11,,7.97,,1.68,,8.63,,25.3,,35.9,,,,,,,,,,,,30,,389,,,,12.05,,7.43,,398,,-0.06,EVENTF,12.3,,3.35,,,,,,,,,,,,,,,,,,,,,,,,,,,,,,,,,,,,,,,,,,,,,,,,,,,,,,,,,,,,,,,,,,,,,,,,,,,,,,,,,,,,,,,,,,,,,,,,,,,,,,,,,,,,,,,,,,,,,,,,,,,,,,,,
2012PN200331,OIL SANDS LONGTERM WQ MONITORING,M6 LTWQ PANEL 8 OF 10,AL07DD0009,57.2153,-111.60903,2013-03-05 15:30,WATER,VERTICAL INTEGRATED,1.21,,159.689,,0,,2.757,,10.847,,141.847,,0,,0.272,,0.94,,28.065,,7.415,,219.811,,,,,,NA,,NA,,131,,39,,19.4,,0.11,,10.8,,7.96,,1.65,,8.95,,25.8,,34.5,,,,,,,,,,,,30,,389,,,,12.01,,7.41,,393,,-0.06,EVENTF,12.7,,3.48,,,,,,,,,,,,,,,,,,,,,,,,,,,,,,,,,,,,,,,,,,,,,,,,,,,,,,,,,,,,,,,,,,,,,,,,,,,,,,,,,,,,,,,,,,,,,,,,,,,,,,,,,,,,,,,,,,,,,,,,,,,,,,,,
2012PN200332,OIL SANDS LONGTERM WQ MONITORING,M6 LTWQ PANEL 9 OF 10,AL07DD0009,57.21523,-111.60808,2013-03-05 15:50,WATER,VERTICAL INTEGRATED,1.76,,157.251,,0,,2.98,,9.115,,138.115,,0,,-0.593,,0.96,,28.684,,9.105,,216.862,,,,,,NA,,NA,,129,,38,,20.4,,0.1,,10.5,,7.92,,1.61,,9.16,,25.9,,32.8,,,,,,,,,,,,35,,383,,,,12.22,,7.42,,388,,-0.06,EVENTF,12.7,,3.31,,,,,,,,,,,,,,,,,,,,,,,,,,,,,,,,,,,,,,,,,,,,,,,,,,,,,,,,,,,,,,,,,,,,,,,,,,,,,,,,,,,,,,,,,,,,,,,,,,,,,,,,,,,,,,,,,,,,,,,,,,,,,,,,
2012PN200333,OIL SANDS LONGTERM WQ MONITORING,M6 LTWQ PANEL 10 OF 10,AL07DD0009,57.21518,-111.60727,2013-03-05 16:15,WATER,VERTICAL INTEGRATED,1.46,,149.937,,0,,2.908,,7.563,,130.563,,0,,-0.648,,1,,30.169,,9.206,,209.156,,,,,,NA,,NA,,123,,35.8,,22.4,,0.1,,10,,7.91,,1.53,,9.56,,26.3,,28.7,,,,,,,,,,,,30,,371,,,,12.22,,7.39,,381,,-0.06,EVENTF,13,,3.46,,,,,,,,,,,,,,,,,,,,,,,,,,,,,,,,,,,,,,,,,,,,,,,,,,,,,,,,,,,,,,,,,,,,,,,,,,,,,,,,,,,,,,,,,,,,,,,,,,,,,,,,,,,,,,,,,,,,,,,,,,,,,,,,
2012PN200334,OIL SANDS LONGTERM WQ MONITORING,"ATHABASCA RIVER M6, BELOW MACKAY RIVER",AL07DD0009,57.21505,-111.6115,2013-03-05 18:00,WATER,EQUAL VOLUME TRANSECT COMPOSITE,,,165.784,,0,,2.608,,11.651,,147.651,,0,,PM,,0.91,,27.029,,PM,,225.631,,,,,,NA,,NA,,136,,40.5,,18.1,,0.11,,11.3,,8,,1.73,,8.65,,25.5,,37.1,,,,,,,,,,,,30,,395,,,,,,,,,,,,,,3.21,,,,,,,,,,,,,,,,,,,,,,,,,,,,,,,,,,,,,,,,,,,,,,,,,,,,,,,,,,,,,,,,,,,,,,,,,,,,,,,,,,,,,,,,,,,,,,,,,,,,,,,,,,,,,,,,,,,,,,,,,,,,,,,,
2012PN200335,OIL SANDS LONGTERM WQ MONITORING,"ATHABASCA RIVER M6, BELOW MACKAY RIVER",AL07DD0009,57.21505,-111.6115,2013-03-05 18:05,WATER,EQUAL VOLUME TRANSECT COMPOSITE,,,165.784,,0,,2.797,,10.989,,146.989,,0,,PM,,0.91,,27.043,,PM,,224.862,,,,,,NA,,NA,,136,,40.4,,17.9,,0.11,,11.2,,7.97,,1.7,,8.62,,25.4,,36.9,,,,,,,,,,,,30,,391,,,,,,,,,,,,,,3.57,,,,,,,,,,,,,,,,,,,,,,,,,,,,,,,,,,,,,,,,,,,,,,,,,,,,,,,,,,,,,,,,,,,,,,,,,,,,,,,,,,,,,,,,,,,,,,,,,,,,,,,,,,,,,,,,,,,,,,,,,,,,,,,,
2012PN200336,OIL SANDS LONGTERM WQ MONITORING,"ATHABASCA RIVER M6, BELOW MACKAY RIVER",AL07DD0009,57.21505,-111.6115,2013-03-05 18:10,WATER,EQUAL VOLUME TRANSECT COMPOSITE,,,167.003,,0,,2.567,,11.4,,148.4,,0,,PM,,0.92,,27.086,,PM,,226.368,,,,,,NA,,NA,,137,,40.8,,17.9,,0.11,,11.3,,8.01,,1.72,,8.71,,25.7,,36.9,,,,,,,,,,,,30,,393,,,,,,,,,,,,,,3.19,,,,,,,,,,,,,,,,,,,,,,,,,,,,,,,,,,,,,,,,,,,,,,,,,,,,,,,,,,,,,,,,,,,,,,,,,,,,,,,,,,,,,,,,,,,,,,,,,,,,,,,,,,,,,,,,,,,,,,,,,,,,,,,,
2012PN200337,OIL SANDS LONGTERM WQ MONITORING,M6 LTWQ PANEL 5 OF 10,AL07DD0009,57.21505,-111.6115,2013-03-05 13:55,WATER,TRIPLICATE SAMPLE,1.32,,167.003,,0,,3.315,,11.15,,148.15,,0,,PM,,0.91,,26.886,,PM,,226.278,,,,,,NA,,NA,,137,,40.7,,17.6,,0.11,,11.3,,7.9,,1.73,,8.57,,25.4,,37.6,,,,,,,,,,,,35,,395,,,,,,,,,,,,,,3.2,,,,,,,,,,,,,,,,,,,,,,,,,,,,,,,,,,,,,,,,,,,,,,,,,,,,,,,,,,,,,,,,,,,,,,,,,,,,,,,,,,,,,,,,,,,,,,,,,,,,,,,,,,,,,,,,,,,,,,,,,,,,,,,,
2012PN200338,OIL SANDS LONGTERM WQ MONITORING,M6 LTWQ PANEL 5 OF 10,AL07DD0009,57.21505,-111.6115,2013-03-05 14:00,WATER,TRIPLICATE SAMPLE,1.32,,167.003,,0,,3.021,,11.4,,148.4,,0,,PM,,0.9,,26.776,,PM,,226.269,,,,,,NA,,NA,,137,,40.8,,17.6,,0.11,,11.3,,7.94,,1.73,,8.57,,25.3,,37.6,,,,,,,,,,,,30,,395,,,,,,,,,,,,,,3.16,,,,,,,,,,,,,,,,,,,,,,,,,,,,,,,,,,,,,,,,,,,,,,,,,,,,,,,,,,,,,,,,,,,,,,,,,,,,,,,,,,,,,,,,,,,,,,,,,,,,,,,,,,,,,,,,,,,,,,,,,,,,,,,,
2012PN200343,OIL SANDS LONGTERM WQ MONITORING,M7 LTWQ PANEL 1 OF 10,AL07DD0007,57.31332,-111.67533,2013-03-06 12:30,WATER,VERTICAL INTEGRATED,2.5,,179.193,,0,,3.167,,15.417,,162.417,,0,,-0.442,,0.88,,25.34,,8.833,,240.702,,,,,,NA,,NA,,147,,44.6,,15.3,,0.11,,12.4,,7.95,,1.89,,8.67,,25.7,,42.6,,,,,,,,,,,,25,,418,,,,12.36,,7.5,,NV,,-0.07,EVENTF,13.9,,2.72,,,,,,,,,,,,,,,,,,,,,,,,,,,,,,,,,,,,,,,,,,,,,,,,,,,,,,,,,,,,,,,,,,,,,,,,,,,,,,,,,,,,,,,,,,,,,,,,,,,,,,,,,,,,,,,,,,,,,,,,,,,,,,,,
2012PN200356,OIL SANDS LONGTERM WQ MONITORING,M4 LT WQ PANEL 1 OF 10,AL07DD0004,57.12622222,-111.6040278,2013-03-12 10:45,WATER,VERTICAL INTEGRATED,0.61,,195.04,,0,,3.872,,23.737,,183.737,,0,,-0.405,,0.86,,23.902,,8.71,,263.968,,,,,,NA,,NA,,160,,50.5,,13.8,,0.12,,14,,7.9,,2.11,,8.2,,26.9,,51,,,,,,,,,,,,25,,445,,,,12.36,,7.72,,429,,-0.07,EVENTF,14.1,,2.98,,,,,,,,,,,,,,,,,,,,,,,,,,,,,,,,,,,,,,,,,,,,,,,,,,,,,,,,,,,,,,,,,,,,,,,,,,,,,,,,,,,,,,,,,,,,,,,,,,,,,,,,,,,,,,,,,,,,,,,,,,,,,,,,
2012PN200357,OIL SANDS LONGTERM WQ MONITORING,M4 LT WQ PANEL 2 OF 10,AL07DD0004,57.12633333,-111.6036111,2013-03-12 10:56,WATER,VERTICAL INTEGRATED,1.75,,193.821,,0,,3.673,,22.577,,181.577,,0,,-0.393,,0.86,,24.049,,8.707,,260.107,,,,,,NA,,NA,,159,,49.8,,13.1,,0.12,,13.9,,7.92,,2.09,,7.99,,26.8,,49.6,,,,,,,,,,,,25,,438,,,,12.3,,7.67,,423,,-0.07,EVENTF,12.3,,3.29,,,,,,,,,,,,,,,,,,,,,,,,,,,,,,,,,,,,,,,,,,,,,,,,,,,,,,,,,,,,,,,,,,,,,,,,,,,,,,,,,,,,,,,,,,,,,,,,,,,,,,,,,,,,,,,,,,,,,,,,,,,,,,,,
2012PN200358,OIL SANDS LONGTERM WQ MONITORING,M4 LTWQ PANEL 3 OF 10,AL07DD0004,57.12669444,-111.6035278,2013-03-12 11:30,WATER,VERTICAL INTEGRATED,3.34,,176.755,,0,,3.592,,16.756,,161.756,,0,,-0.508,,0.91,,26.072,,8.906,,238.973,,,,,,NA,,NA,,145,,44.5,,16.3,,0.11,,12.3,,7.89,,1.9,,8.76,,26.6,,40.4,,,,,,,,,,,,25,,413,,,,12.21,,7.64,,394,,-0.07,EVENTF,100.8,,2.93,,,,,,,,,,,,,,,,,,,,,,,,,,,,,,,,,,,,,,,,,,,,,,,,,,,,,,,,,,,,,,,,,,,,,,,,,,,,,,,,,,,,,,,,,,,,,,,,,,,,,,,,,,,,,,,,,,,,,,,,,,,,,,,,
2012PN200359,OIL SANDS LONGTERM WQ MONITORING,M4 LTWQ PANEL 4 OF 10,AL07DD0004,57.12694444,-111.6030833,2013-03-12 12:15,WATER,VERTICAL INTEGRATED,1.4,,156.032,,0,,3.399,,11.687,,139.687,,0,,-0.654,,1.01,,29.602,,9.167,,218.591,,,,,,NA,,NA,,128,,38.3,,21.2,,0.1,,10.7,,7.86,,1.69,,9.8,,27.4,,31.6,,,,,,,,,,,,30,,380,,,,12.03,,7.57,,367,,-0.07,EVENTF,108.1,,3.58,,,,,,,,,,,,,,,,,,,,,,,,,,,,,,,,,,,,,,,,,,,,,,,,,,,,,,,,,,,,,,,,,,,,,,,,,,,,,,,,,,,,,,,,,,,,,,,,,,,,,,,,,,,,,,,,,,,,,,,,,,,,,,,,
2012PN200360,OIL SANDS LONGTERM WQ MONITORING,M4 LTWQ PANEL 5 OF 10,AL07DD0004,57.12697222,-111.6024167,2013-03-12 12:40,WATER,VERTICAL INTEGRATED,0.81,,149.937,,0,,3.343,,12.206,,135.206,,0,,-0.695,,1.02,,30.212,,9.24,,213.282,,,,,,NA,,NA,,123,,37,,22,,0.1,,10.4,,7.85,,1.62,,9.87,,27.3,,30.2,,,,,,,,,,,,30,,373,,,,12.05,,7.58,,362,,-0.07,EVENTF,106.6,,3.4,,,,,,,,,,,,,,,,,,,,,,,,,,,,,,,,,,,,,,,,,,,,,,,,,,,,,,,,,,,,,,,,,,,,,,,,,,,,,,,,,,,,,,,,,,,,,,,,,,,,,,,,,,,,,,,,,,,,,,,,,,,,,,,,
2012PN200361,OIL SANDS LONGTERM WQ MONITORING,M4 LTWQ PANEL 6 OF 10,AL07DD0004,57.12708333,-111.6020556,2013-03-12 12:50,WATER,VERTICAL INTEGRATED,0.14,,152.375,,0,,3.477,,11.616,,136.616,,0,,-0.693,,1.03,,30.299,,9.226,,215.815,,,,,,NA,,NA,,125,,37.4,,22.4,,0.1,,10.5,,7.84,,1.64,,10.1,,27.7,,30,,,,,,,,,,,,30,,376,,,,12.06,,7.57,,361,,-0.05,EVENTF,105.4,,3.92,,,,,,,,,,,,,,,,,,,,,,,,,,,,,,,,,,,,,,,,,,,,,,,,,,,,,,,,,,,,,,,,,,,,,,,,,,,,,,,,,,,,,,,,,,,,,,,,,,,,,,,,,,,,,,,,,,,,,,,,,,,,,,,,
2012PN200362,OIL SANDS LONGTERM WQ MONITORING,M4 LTWQ PANEL 7 OF 10,AL07DD0004,57.12725,-111.6014722,2013-03-12 13:05,WATER,VERTICAL INTEGRATED,0.06,,152.375,,0,,3.477,,9.956,,134.956,,0,,-0.698,,1.03,,30.406,,9.236,,215.316,,,,,,NA,,NA,,125,,36.9,,22.6,,0.1,,10.4,,7.84,,1.61,,10,,27.5,,30.2,,,,,,,,,,,,30,,379,,,,12.02,,7.59,,362,,-0.05,EVENTF,101.1,,7.19,,,,,,,,,,,,,,,,,,,,,,,,,,,,,,,,,,,,,,,,,,,,,,,,,,,,,,,,,,,,,,,,,,,,,,,,,,,,,,,,,,,,,,,,,,,,,,,,,,,,,,,,,,,,,,,,,,,,,,,,,,,,,,,,
2012PN200363,OIL SANDS LONGTERM WQ MONITORING,M4 LTWQ PANEL 8 OF 10,AL07DD0004,57.12733333,-111.6010556,2013-03-12 13:18,WATER,VERTICAL INTEGRATED,0.08,,151.156,,0,,3.37,,8.459,,132.459,,0,,-0.704,,1.03,,30.639,,9.258,,213.205,,,,,,NA,,NA,,124,,35.9,,22.6,,0.1,,10.4,,7.85,,1.62,,9.91,,27.3,,30,,,,,,,,,,,,30,,374,,,,12.04,,7.59,,361,,-0.05,EVENTF,103.2,,3.47,,,,,,,,,,,,,,,,,,,,,,,,,,,,,,,,,,,,,,,,,,,,,,,,,,,,,,,,,,,,,,,,,,,,,,,,,,,,,,,,,,,,,,,,,,,,,,,,,,,,,,,,,,,,,,,,,,,,,,,,,,,,,,,,
2012PN200364,OIL SANDS LONGTERM WQ MONITORING,M4 LTWQ PANEL 9 OF 10,AL07DD0004,57.12761111,-111.6001389,2013-03-12 14:05,WATER,VERTICAL INTEGRATED,0.52,,151.156,,0,,3.53,,4.639,,128.639,,0,,-0.738,,1.04,,31.103,,9.307,,211.226,,,,,,NA,,NA,,124,,34.7,,22.8,,0.1,,10.2,,7.83,,1.59,,9.77,,27.1,,29.6,,,,,,,,,,,,30,,372,,,,12.02,,7.57,,360,,-0.06,EVENTF,100.3,,3.37,,,,,,,,,,,,,,,,,,,,,,,,,,,,,,,,,,,,,,,,,,,,,,,,,,,,,,,,,,,,,,,,,,,,,,,,,,,,,,,,,,,,,,,,,,,,,,,,,,,,,,,,,,,,,,,,,,,,,,,,,,,,,,,,
2012PN200365,OIL SANDS LONGTERM WQ MONITORING,M4 LT WQ PANEL 10 OF 10,AL07DD0004,57.12763889,-111.6000278,2013-03-12 14:42,WATER,VERTICAL INTEGRATED,4.15,,148.718,,0,,3.638,,0.287,,122.287,,0,,-0.79,,1.08,,32.511,,9.39,,207.791,,,,,,NA,,NA,,122,,32.7,,24.2,,0.1,,9.87,,7.81,,1.55,,9.91,,27.5,,27.8,,,,,,,,,,,,30,,370,,,,11.91,,7.55,,357,,-0.06,EVENTF,101.5,,3.76,,,,,,,,,,,,,,,,,,,,,,,,,,,,,,,,,,,,,,,,,,,,,,,,,,,,,,,,,,,,,,,,,,,,,,,,,,,,,,,,,,,,,,,,,,,,,,,,,,,,,,,,,,,,,,,,,,,,,,,,,,,,,,,,
2012PN200366,OIL SANDS LONGTERM WQ MONITORING,ATHABASCA RIVER M4 ABOVE MUSKEG RIVER,AL07DD0004,57.12697222,-111.6024167,2013-03-12 15:00,WATER,EQUAL VOLUME TRANSECT COMPOSITE,,,160.908,,0,,2.591,,4.016,,136.016,,0,,PM,,0.99,,29.456,,PM,,219.484,,,,,,NA,,NA,,132,,36.5,,20.3,,0.11,,10.9,,7.99,,1.67,,9.09,,26.5,,34.2,,,,,,,,,,,,30,,388,,,,,,,,,,,,,,6.24,,,,,,,,,,,,,,,,,,,,,,,,,,,,,,,,,,,,,,,,,,,,,,,,,,,,,,,,,,,,,,,,,,,,,,,,,,,,,,,,,,,,,,,,,,,,,,,,,,,,,,,,,,,,,,,,,,,,,,,,,,,,,,,,
2012PN200367,OIL SANDS LONGTERM WQ MONITORING,ATHABASCA RIVER M4 ABOVE MUSKEG RIVER,AL07DD0004,57.12697222,-111.6024167,2013-03-12 15:05,WATER,EQUAL VOLUME TRANSECT COMPOSITE,,,162.127,,0,,2.378,,5.837,,138.837,,0,,PM,,0.99,,29.344,,PM,,221.965,,,,,,NA,,NA,,133,,37.3,,20.1,,0.1,,11.1,,8.03,,1.69,,9.13,,26.9,,34.8,,,,,,,,,,,,30,,391,,,,,,,,,,,,,,5.66,,,,,,,,,,,,,,,,,,,,,,,,,,,,,,,,,,,,,,,,,,,,,,,,,,,,,,,,,,,,,,,,,,,,,,,,,,,,,,,,,,,,,,,,,,,,,,,,,,,,,,,,,,,,,,,,,,,,,,,,,,,,,,,,
2012PN200368,OIL SANDS LONGTERM WQ MONITORING,ATHABASCA RIVER M4 ABOVE MUSKEG RIVER,AL07DD0004,57.12697222,-111.6024167,2013-03-12 15:10,WATER,EQUAL VOLUME TRANSECT COMPOSITE,,,164.565,,0,,2.471,,4.748,,139.748,,0,,PM,,0.99,,29.207,,PM,,223.558,,,,,,NA,,NA,,135,,37.5,,19.9,,0.1,,11.2,,8.02,,1.71,,9.12,,26.9,,35.1,,,,,,,,,,,,30,,394,,,,,,,,,,,,,,4.51,,,,,,,,,,,,,,,,,,,,,,,,,,,,,,,,,,,,,,,,,,,,,,,,,,,,,,,,,,,,,,,,,,,,,,,,,,,,,,,,,,,,,,,,,,,,,,,,,,,,,,,,,,,,,,,,,,,,,,,,,,,,,,,,
2012PN200369,OIL SANDS LONGTERM WQ MONITORING,M5 LTWQ PANEL 1 OF 10,AL07DD0005,57.15605556,-111.63,2013-03-13 10:55,WATER,VERTICAL INTEGRATED,1.85,,190.164,,0,,4.34,,20.185,,176.185,,0,,-0.493,,0.88,,24.53,,8.826,,254.714,,,,,,NA,,NA,,156,,48.3,,13.7,,0.12,,13.5,,7.84,,2.06,,8.08,,26.7,,47.4,,,,,,,,,,,,30,,435,,,,12.4,,7.61,,415,,-0.06,EVENTF,251,,2.68,,,,,,,,,,,,,,,,,,,,,,,,,,,,,,,,,,,,,,,,,,,,,,,,,,,,,,,,,,,,,,,,,,,,,,,,,,,,,,,,,,,,,,,,,,,,,,,,,,,,,,,,,,,,,,,,,,,,,,,,,,,,,,,,
2012PN200370,OIL SANDS LONGTERM WQ MONITORING,M5 LTWQ PANEL 2 OF 10,AL07DD0005,57.15633333,-111.6294167,2013-03-13 11:10,WATER,VERTICAL INTEGRATED,1.47,,182.85,,0,,3.984,,16.399,,166.399,,0,,-0.513,,0.9,,25.668,,8.886,,245.493,,,,,,NA,,NA,,150,,45.7,,15.2,,0.11,,12.7,,7.86,,1.99,,8.45,,26.8,,43.4,,,,,,,,,,,,30,,420,,,,12.4,,7.6,,404,,-0.06,EVENTF,275,,2.81,,,,,,,,,,,,,,,,,,,,,,,,,,,,,,,,,,,,,,,,,,,,,,,,,,,,,,,,,,,,,,,,,,,,,,,,,,,,,,,,,,,,,,,,,,,,,,,,,,,,,,,,,,,,,,,,,,,,,,,,,,,,,,,,
2012PN200371,OIL SANDS LONGTERM WQ MONITORING,M5 LTWQ PANEL 3 OF 10,AL07DD0005,57.15655556,-111.6286944,2013-03-13 11:25,WATER,VERTICAL INTEGRATED,1.32,,176.755,,0,,4.128,,15.095,,160.095,,0,,0.235,,0.92,,26.413,,7.36,,238.91,,,,,,NA,,NA,,145,,44,,16.4,,0.11,,12.2,,7.83,,1.91,,8.7,,26.8,,40.7,,,,,,,,,,,,30,,407,,,,12.56,,7.57,,396,,-0.06,EVENTF,276,,2.79,,,,,,,,,,,,,,,,,,,,,,,,,,,,,,,,,,,,,,,,,,,,,,,,,,,,,,,,,,,,,,,,,,,,,,,,,,,,,,,,,,,,,,,,,,,,,,,,,,,,,,,,,,,,,,,,,,,,,,,,,,,,,,,,
2012PN200372,OIL SANDS LONGTERM WQ MONITORING,M5 LTWQ PANEL 4 OF 10,AL07DD0005,57.15669444,-111.62825,2013-03-13 11:40,WATER,VERTICAL INTEGRATED,1.61,,169.441,,0,,4.243,,13.132,,152.132,,0,,-0.642,,0.96,,27.706,,9.083,,231.747,,,,,,NA,,NA,,139,,41.8,,18.4,,0.11,,11.6,,7.8,,1.85,,9.15,,27.2,,37.2,,,,,,,,,,,,30,,401,,,,12.5,,7.57,,383,,-0.06,EVENTF,276.7,,3,,,,,,,,,,,,,,,,,,,,,,,,,,,,,,,,,,,,,,,,,,,,,,,,,,,,,,,,,,,,,,,,,,,,,,,,,,,,,,,,,,,,,,,,,,,,,,,,,,,,,,,,,,,,,,,,,,,,,,,,,,,,,,,,
2012PN200373,OIL SANDS LONGTERM WQ MONITORING,M5 LTWQ PANEL 5 OF 10,AL07DD0005,57.15680556,-111.6275,2013-03-13 12:40,WATER,VERTICAL INTEGRATED,1.71,,159.689,,0,,4.188,,11.508,,142.508,,0,,-0.715,,1.01,,29.482,,9.21,,223.038,,,,,,NA,,NA,,131,,39.1,,21,,0.1,,10.9,,7.78,,1.75,,9.7,,27.8,,33.1,,,,,,,,,,,,30,,388,,,,12.39,,7.58,,372,,-0.06,EVENTF,276.8,,3.36,,,,,,,,,,,,,,,,,,,,,,,,,,,,,,,,,,,,,,,,,,,,,,,,,,,,,,,,,,,,,,,,,,,,,,,,,,,,,,,,,,,,,,,,,,,,,,,,,,,,,,,,,,,,,,,,,,,,,,,,,,,,,,,,
2012PN200374,OIL SANDS LONGTERM WQ MONITORING,M5 LTWQ PANEL 6 OF 10,AL07DD0005,57.15683333,-111.6265278,2013-03-13 13:00,WATER,VERTICAL INTEGRATED,1.32,,153.594,,0,,4.029,,9.705,,135.705,,0,,-0.752,,1.05,,30.659,,9.284,,216.746,,,,,,NA,,NA,,126,,37.2,,22.5,,0.1,,10.4,,7.78,,1.68,,10,,28,,30.3,,,,,,,,,,,,30,,379,,,,12.55,,7.59,,365,,-0.06,EVENTF,271.3,,3.51,,,,,,,,,,,,,,,,,,,,,,,,,,,,,,,,,,,,,,,,,,,,,,,,,,,,,,,,,,,,,,,,,,,,,,,,,,,,,,,,,,,,,,,,,,,,,,,,,,,,,,,,,,,,,,,,,,,,,,,,,,,,,,,,
2012PN200375,OIL SANDS LONGTERM WQ MONITORING,M5 LTWQ PANEL 7 OF 10,AL07DD0005,57.15686111,-111.6257222,2013-03-13 13:15,WATER,VERTICAL INTEGRATED,1.46,,153.594,,0,,3.936,,9.456,,135.456,,0,,0.064,,1.07,,31.077,,7.661,,217.322,,,,,,NA,,NA,,126,,37.1,,23.3,,0.1,,10.4,,7.79,,1.67,,10.2,,28.5,,29.5,,,,,,,,,,,,30,,377,,,,12.44,,7.57,,363,,-0.06,EVENTF,272.6,,3.24,,,,,,,,,,,,,,,,,,,,,,,,,,,,,,,,,,,,,,,,,,,,,,,,,,,,,,,,,,,,,,,,,,,,,,,,,,,,,,,,,,,,,,,,,,,,,,,,,,,,,,,,,,,,,,,,,,,,,,,,,,,,,,,,
2012PN200376,OIL SANDS LONGTERM WQ MONITORING,M5 LTWQ PANEL 8 OF 10,AL07DD0005,57.15705556,-111.6250278,2013-03-13 13:35,WATER,VERTICAL INTEGRATED,0.98,,153.594,,0,,3.846,,6.634,,132.634,,0,,-0.743,,1.08,,31.533,,9.287,,215.659,,,,,,NA,,NA,,126,,36.3,,24.1,,0.1,,10.2,,7.8,,1.62,,10.3,,28.5,,28,,,,,,,,,,,,35,,379,,,,12.53,,7.55,,346,,-0.07,EVENTF,212.5,,3.18,,,,,,,,,,,,,,,,,,,,,,,,,,,,,,,,,,,,,,,,,,,,,,,,,,,,,,,,,,,,,,,,,,,,,,,,,,,,,,,,,,,,,,,,,,,,,,,,,,,,,,,,,,,,,,,,,,,,,,,,,,,,,,,,
2012PN200377,OIL SANDS LONGTERM WQ MONITORING,M5 LTWQ PANEL 9 OF 10,AL07DD0005,57.15747222,-111.6246944,2013-03-13 13:50,WATER,VERTICAL INTEGRATED,0.75,,156.032,,0,,4.092,,6.956,,134.956,,0,,-0.749,,1.08,,31.317,,9.278,,217.345,,,,,,NA,,NA,,128,,36.9,,24.7,,0.1,,10.4,,7.78,,1.61,,10.7,,28.7,,26.5,,,,,,,,,,,,35,,381,,,,12.4,,7.62,,359,,-0.06,EVENTF,273.4,,3.31,,,,,,,,,,,,,,,,,,,,,,,,,,,,,,,,,,,,,,,,,,,,,,,,,,,,,,,,,,,,,,,,,,,,,,,,,,,,,,,,,,,,,,,,,,,,,,,,,,,,,,,,,,,,,,,,,,,,,,,,,,,,,,,,
2012PN200378,OIL SANDS LONGTERM WQ MONITORING,M5 LTWQ PANEL 10 OF 10,AL07DD0005,57.15758333,-111.6239444,2013-03-13 14:38,WATER,VERTICAL INTEGRATED,1.21,,159.689,,0,,4.287,,6.365,,137.365,,0,,-0.74,,1.06,,30.873,,9.25,,219.529,,,,,,NA,,NA,,131,,37.7,,24.9,,0.1,,10.5,,7.77,,1.59,,10.8,,28.6,,25.8,,,,,,,,,,,,35,,384,,,,12.3,,7.61,,363,,-0.06,EVENTF,254.6,,2.98,,,,,,,,,,,,,,,,,,,,,,,,,,,,,,,,,,,,,,,,,,,,,,,,,,,,,,,,,,,,,,,,,,,,,,,,,,,,,,,,,,,,,,,,,,,,,,,,,,,,,,,,,,,,,,,,,,,,,,,,,,,,,,,,
2012PN200379,OIL SANDS LONGTERM WQ MONITORING,ATHABASCA RIVER M5 ABOVE MACKAY RIVER,AL07DD0005,57.15680556,-111.6270528,2013-03-13 15:00,WATER,EQUAL VOLUME TRANSECT COMPOSITE,,,164.565,,0,,2.776,,10.99,,145.99,,0,,PM,,1,,28.915,,PM,,226.766,,,,,,NA,,NA,,135,,40,,20.5,,0.1,,11.2,,7.97,,1.76,,9.6,,27.7,,33.9,,,,,,,,,,,,30,,393,,,,,,,,,,,,,,3.21,,,,,,,,,,,,,,,,,,,,,,,,,,,,,,,,,,,,,,,,,,,,,,,,,,,,,,,,,,,,,,,,,,,,,,,,,,,,,,,,,,,,,,,,,,,,,,,,,,,,,,,,,,,,,,,,,,,,,,,,,,,,,,,,
2012PN200380,OIL SANDS LONGTERM WQ MONITORING,ATHABASCA RIVER M5 ABOVE MACKAY RIVER,AL07DD0005,57.15680556,-111.6270528,2013-03-13 15:05,WATER,EQUAL VOLUME TRANSECT COMPOSITE,,,165.784,,0,,2.797,,11.401,,147.401,,0,,PM,,0.99,,28.572,,PM,,227.427,,,,,,NA,,NA,,136,,40.4,,20.2,,0.11,,11.3,,7.97,,1.76,,9.56,,27.5,,34,,,,,,,,,,,,30,,393,,,,,,,,,,,,,,3.05,,,,,,,,,,,,,,,,,,,,,,,,,,,,,,,,,,,,,,,,,,,,,,,,,,,,,,,,,,,,,,,,,,,,,,,,,,,,,,,,,,,,,,,,,,,,,,,,,,,,,,,,,,,,,,,,,,,,,,,,,,,,,,,,
2012PN200381,OIL SANDS LONGTERM WQ MONITORING,ATHABASCA RIVER M5 ABOVE MACKAY RIVER,AL07DD0005,57.15680556,-111.6270528,2013-03-13 15:10,WATER,EQUAL VOLUME TRANSECT COMPOSITE,,,164.565,,0,,3.119,,11.49,,146.49,,0,,PM,,1,,28.993,,PM,,227.052,,,,,,NA,,NA,,135,,40.2,,20.6,,0.1,,11.2,,7.92,,1.76,,9.7,,27.9,,33.6,,,,,,,,,,,,30,,396,,,,,,,,,,,,,,3.22,,,,,,,,,,,,,,,,,,,,,,,,,,,,,,,,,,,,,,,,,,,,,,,,,,,,,,,,,,,,,,,,,,,,,,,,,,,,,,,,,,,,,,,,,,,,,,,,,,,,,,,,,,,,,,,,,,,,,,,,,,,,,,,,
2013PN200001,OIL SANDS LONGTERM WQ MONITORING,M3 LT WQ PANEL 2 OF 10,AL07DD0008,56.83851,-111.41779,2013-05-22 14:07,WATER,VERTICAL INTEGRATED,1.7,,98.008,,0,,1.404,,9.823,,90.223,,0,,-0.299,,0.36,,15.48,,8.637,,124.894,,,,,,NA,,NA,,80.4,,,,2.66,,0.09,,,,8.04,,,,,,,,18.7,,25.3,,6.57,,1.94,,13,,7.8,,80,,203,,190,,9.61,,7.83,,203,,15.6,EVENTF,264.7,,,,,,,,,,,,,,,,,,,,,,,,,,,,,,,,,,,,,,,,,,,,,,,,,,,,,,,,,,,,,,,,,,,,,,,,,,,,,,,,,,,,,,,,,,,,,,,,,,,,,,,,,,,,,,,,,,,,,,,,,,,,,,,,,,
2013PN200002,OIL SANDS LONGTERM WQ MONITORING,M3 LT WQ PANEL 6 OF 10,AL07DD0008,56.83862,-111.41478,2013-05-22 15:42,WATER,VERTICAL INTEGRATED,3.5,,96.301,,0,,1.287,,7.2,,86.2,,0,,-0.283,,0.3,,13.749,,8.635,,110.995,,,,,,NA,,NA,,79,,,,1.14,,0.09,,,,8.07,,,,,,,,18.4,,24.2,,6.26,,1.47,,5.27,,6.45,,80,,195,,190,,9.86,,7.98,,195,,15.87,EVENTF,260.3,,,,,,,,,,,,,,,,,,,,,,,,,,,,,,,,,,,,,,,,,,,,,,,,,,,,,,,,,,,,,,,,,,,,,,,,,,,,,,,,,,,,,,,,,,,,,,,,,,,,,,,,,,,,,,,,,,,,,,,,,,,,,,,,,,
2013PN200003,OIL SANDS LONGTERM WQ MONITORING,M3 LT WQ PANEL 9 OF 10,AL07DD0008,56.83991,-111.41234,2013-05-22 16:57,WATER,VERTICAL INTEGRATED,3.5,,68.264,,0,,1.178,,1.194,,57.194,,0,,-0.727,,0.47,,23.008,,9.415,,82.596,,,,,,NA,,NA,,56,,,,5.67,,0.08,,,,7.96,,,,,,,,7.07,,15.7,,4.37,,1.3,,6.62,,8.08,,80,,145,,110,,9.34,,7.75,,139,,15.6,EVENTF,182.9,,,,,,,,,,,,,,,,,,,,,,,,,,,,,,,,,,,,,,,,,,,,,,,,,,,,,,,,,,,,,,,,,,,,,,,,,,,,,,,,,,,,,,,,,,,,,,,,,,,,,,,,,,,,,,,,,,,,,,,,,,,,,,,,,,
2013PN200004,OIL SANDS LONGTERM WQ MONITORING,"ATHABASCA RIVER M3, 6.5 KM BELOW WSC GAUGE 07DA001",AL07DD0008,56.8388,-111.41548,2013-05-22 18:30,WATER,ISOKINETIC TRANSECT COMPOSITE - EWI,,,85.574,,0,,1.143,,5.336,,75.536,,0,,PM,,0.35,,16.634,,PM,,100.528,,,,,,NA,,NA,,70.2,,,,3.1,,0.09,,,,8.07,,,,,,,,14.2,,21.1,,5.55,,1.42,,5.57,,7.09,,80,,179,,160,,,,,,,,,,,,,,,,,,,,,,,,,,,,,,,,,,,,,,,,,,,,,,,,,,,,,,,,,,,,,,,,,,,,,,,,,,,,,,,,,,,,,,,,,,,,,,,,,,,,,,,,,,,,,,,,,,,,,,,,,,,,,,,,,,,,,,,,,,,,
2013PN200005,OIL SANDS LONGTERM WQ MONITORING,"ATHABASCA RIVER M3, 6.5 KM BELOW WSC GAUGE 07DA001",AL07DD0008,56.8388,-111.41548,2013-05-22 18:35,WATER,ISOKINETIC TRANSECT COMPOSITE - EWI,,,85.086,,0,,1.137,,5.322,,75.122,,0,,PM,,0.36,,16.789,,PM,,100.128,,,,,,NA,,NA,,69.8,,,,3.04,,0.09,,,,8.07,,,,,,,,14.1,,21,,5.51,,1.41,,5.68,,7.13,,80,,178,,160,,,,,,,,,,,,,,,,,,,,,,,,,,,,,,,,,,,,,,,,,,,,,,,,,,,,,,,,,,,,,,,,,,,,,,,,,,,,,,,,,,,,,,,,,,,,,,,,,,,,,,,,,,,,,,,,,,,,,,,,,,,,,,,,,,,,,,,,,,,,
2013PN200006,OIL SANDS LONGTERM WQ MONITORING,"ATHABASCA RIVER M3, 6.5 KM BELOW WSC GAUGE 07DA001",AL07DD0008,56.8388,-111.41548,2013-05-22 18:40,WATER,ISOKINETIC TRANSECT COMPOSITE - EWI,,,85.94,,0,,1.122,,6.073,,76.573,,0,,PM,,0.35,,16.486,,PM,,101.296,,,,,,NA,,NA,,70.5,,,,2.96,,0.09,,,,8.08,,,,,,,,14.5,,21.4,,5.62,,1.43,,5.62,,7.11,,80,,180,,160,,,,,,,,,,,,,,,,,,,,,,,,,,,,,,,,,,,,,,,,,,,,,,,,,,,,,,,,,,,,,,,,,,,,,,,,,,,,,,,,,,,,,,,,,,,,,,,,,,,,,,,,,,,,,,,,,,,,,,,,,,,,,,,,,,,,,,,,,,,,
2013PN200007,OIL SANDS LONGTERM WQ MONITORING,M4 LTWQ PANEL 5 OF 10,AL07DD0004,57.12697222,-111.6024167,2013-06-24 13:47,WATER,VERTICAL INTEGRATED,4.1,,100.933,,0,,1.446,,12.478,,95.278,,0,,-0.165,,0.29,,12.599,,8.37,,115.179,,,,,,NA,,NA,,82.8,,,,1.81,,0.1,,,,8.04,,,,,,,,16.6,,26.5,,7.07,,1.07,,5.86,,6.4,,90,,203,,100,,8.96,,7.9,,208,,18.8,EVENTF,134.9,,,,,,,,,,,,,,,,,,,,,,,,,,,,,,,,,,,,,,,,,,,,,,,,,,,,,,,,,,,,,,,,,,,,,,,,,,,,,,,,,,,,,,,,,,,,,,,,,,,,,,,,,,,,,,,,,,,,,,,,,,,,,,,,,,
2013PN200008,OIL SANDS LONGTERM WQ MONITORING,M4 LTWQ PANEL 9 OF 10,AL07DD0004,57.12761111,-111.6001389,2013-06-24 15:32,WATER,VERTICAL INTEGRATED,8.78,,88.865,,0,,1.398,,9.812,,82.712,,0,,-0.316,,0.32,,14.597,,8.631,,102.234,,,,,,NA,,NA,,72.9,,,,2.98,,0.09,,,,8,,,,,,,,11.8,,23.1,,6.08,,1.05,,6.71,,6.6,,105,,177,,120,,8.69,,7.83,,181,,18.79,EVENTF,139.2,,,,,,,,,,,,,,,,,,,,,,,,,,,,,,,,,,,,,,,,,,,,,,,,,,,,,,,,,,,,,,,,,,,,,,,,,,,,,,,,,,,,,,,,,,,,,,,,,,,,,,,,,,,,,,,,,,,,,,,,,,,,,,,,,,
2013PN200009,OIL SANDS LONGTERM WQ MONITORING,M4 LT WQ PANEL 10 OF 10,AL07DD0004,57.12763889,-111.6000278,2013-06-24 16:04,WATER,VERTICAL INTEGRATED,5.8,,87.524,,0,,1.345,,9.792,,81.592,,0,,-0.32,,0.34,,15.673,,8.65,,102.114,,,,,,NA,,NA,,71.8,,,,3.79,,0.09,,,,8.01,,,,,,,,11.4,,22.8,,5.99,,1.04,,6.76,,7.08,,105,,177,,110,,8.68,,7.84,,181,,18.72,EVENTF,148.3,,,,,,,,,,,,,,,,,,,,,,,,,,,,,,,,,,,,,,,,,,,,,,,,,,,,,,,,,,,,,,,,,,,,,,,,,,,,,,,,,,,,,,,,,,,,,,,,,,,,,,,,,,,,,,,,,,,,,,,,,,,,,,,,,,
2013PN200010,OIL SANDS LONGTERM WQ MONITORING,ATHABASCA RIVER M4 ABOVE MUSKEG RIVER,AL07DD0004,57.12697222,-111.6024167,2013-06-24 16:15,WATER,ISOKINETIC TRANSECT COMPOSITE - EWI,,,97.52,,0,,1.365,,10.676,,90.676,,0,,PM,,0.3,,13.329,,PM,,111.053,,,,,,NA,,NA,,80,,,,2.43,,0.09,,,,8.05,,,,,,,,14.7,,25.3,,6.68,,1.04,,6.22,,6.5,,90,,194,,110,,,,,,,,,,,,,,,,,,,,,,,,,,,,,,,,,,,,,,,,,,,,,,,,,,,,,,,,,,,,,,,,,,,,,,,,,,,,,,,,,,,,,,,,,,,,,,,,,,,,,,,,,,,,,,,,,,,,,,,,,,,,,,,,,,,,,,,,,,,,
2013PN200011,OIL SANDS LONGTERM WQ MONITORING,ATHABASCA RIVER M4 ABOVE MUSKEG RIVER,AL07DD0004,57.12697222,-111.6024167,2013-06-24 16:20,WATER,ISOKINETIC TRANSECT COMPOSITE - EWI,,,97.154,,0,,1.425,,9.851,,89.551,,0,,PM,,0.31,,13.719,,PM,,110.483,,,,,,NA,,NA,,79.7,,,,2.45,,0.09,,,,8.03,,,,,,,,14.7,,24.8,,6.71,,1.06,,6.12,,6.64,,90,,194,,110,,,,,,,,,,,,,,,,,,,,,,,,,,,,,,,,,,,,,,,,,,,,,,,,,,,,,,,,,,,,,,,,,,,,,,,,,,,,,,,,,,,,,,,,,,,,,,,,,,,,,,,,,,,,,,,,,,,,,,,,,,,,,,,,,,,,,,,,,,,,
2013PN200012,OIL SANDS LONGTERM WQ MONITORING,ATHABASCA RIVER M4 ABOVE MUSKEG RIVER,AL07DD0004,57.12697222,-111.6024167,2013-06-24 16:25,WATER,ISOKINETIC TRANSECT COMPOSITE - EWI,,,97.642,,0,,1.335,,2.11,,82.21,,0,,PM,,0.3,,13.86,,PM,,105.983,,,,,,NA,,NA,,80.1,,,,2.28,,0.09,,,,8.06,,,,,,,,13.7,,22.8,,6.14,,0.99,,5.66,,6.17,,90,,195,,110,,,,,,,,,,,,,,,,,,,,,,,,,,,,,,,,,,,,,,,,,,,,,,,,,,,,,,,,,,,,,,,,,,,,,,,,,,,,,,,,,,,,,,,,,,,,,,,,,,,,,,,,,,,,,,,,,,,,,,,,,,,,,,,,,,,,,,,,,,,,
2013PN200013,OIL SANDS LONGTERM WQ MONITORING,M5 LTWQ PANEL 5 OF 10,AL07DD0005,57.15680556,-111.6275,2013-06-25 13:57,WATER,VERTICAL INTEGRATED,6.4,,102.03,,0,,1.462,,2.615,,86.315,,0,,-0.225,,0.3,,13.619,,8.49,,110.788,,,,,,NA,,NA,,83.7,,,,1.96,,0.09,,,,8.04,,,,,,,,15.2,,23.9,,6.47,,1.06,,5.37,,6.35,,90,,204,,210,,8.47,,7.84,,209,,18.1,EVENTF,254,,,,,,,,,,,,,,,,,,,,,,,,,,,,,,,,,,,,,,,,,,,,,,,,,,,,,,,,,,,,,,,,,,,,,,,,,,,,,,,,,,,,,,,,,,,,,,,,,,,,,,,,,,,,,,,,,,,,,,,,,,,,,,,,,,
2013PN200014,OIL SANDS LONGTERM WQ MONITORING,M5 LTWQ PANEL 9 OF 10,AL07DD0005,57.15747222,-111.6246944,2013-06-25 15:00,WATER,VERTICAL INTEGRATED,5,,96.911,,0,,1.56,,0.509,,80.009,,0,,-0.324,,0.32,,15.012,,8.639,,104.502,,,,,,NA,,NA,,79.5,,,,2.66,,0.09,,,,7.99,,,,,,,,12.2,,22.1,,6.03,,1.04,,5.94,,6.6,,105,,193,,170,,8.27,,7.83,,194,,18.26,EVENTF,219.8,,,,,,,,,,,,,,,,,,,,,,,,,,,,,,,,,,,,,,,,,,,,,,,,,,,,,,,,,,,,,,,,,,,,,,,,,,,,,,,,,,,,,,,,,,,,,,,,,,,,,,,,,,,,,,,,,,,,,,,,,,,,,,,,,,
2013PN200015,OIL SANDS LONGTERM WQ MONITORING,M5 LTWQ PANEL 10 OF 10,AL07DD0005,57.15758333,-111.6239444,2013-06-25 15:38,WATER,VERTICAL INTEGRATED,5.4,,97.154,,0,,1.528,,4.705,,84.405,,0,,-0.291,,0.33,,15.006,,8.583,,107.537,,,,,,NA,,NA,,79.7,,,,2.83,,0.09,,,,8,,,,,,,,12.6,,23.3,,6.37,,1.1,,6.33,,6.96,,120,,193,,170,,8.23,,7.79,,195,,18.26,EVENTF,210.9,,,,,,,,,,,,,,,,,,,,,,,,,,,,,,,,,,,,,,,,,,,,,,,,,,,,,,,,,,,,,,,,,,,,,,,,,,,,,,,,,,,,,,,,,,,,,,,,,,,,,,,,,,,,,,,,,,,,,,,,,,,,,,,,,,
2013PN200016,OIL SANDS LONGTERM WQ MONITORING,ATHABASCA RIVER M5 ABOVE MACKAY RIVER,AL07DD0005,57.15680556,-111.6270528,2013-06-25 15:50,WATER,ISOKINETIC TRANSECT COMPOSITE - EWI,,,102.64,,0,,1.471,,1.49,,85.69,,0,,PM,,0.3,,13.944,,PM,,111.443,,,,,,NA,,NA,,84.2,,,,2.32,,0.1,,,,8.04,,,,,,,,15.2,,23.6,,6.5,,1.07,,5.48,,6.48,,90,,205,,200,,,,,,,,,,,,,,,,,,,,,,,,,,,,,,,,,,,,,,,,,,,,,,,,,,,,,,,,,,,,,,,,,,,,,,,,,,,,,,,,,,,,,,,,,,,,,,,,,,,,,,,,,,,,,,,,,,,,,,,,,,,,,,,,,,,,,,,,,,,,
2013PN200017,OIL SANDS LONGTERM WQ MONITORING,ATHABASCA RIVER M5 ABOVE MACKAY RIVER,AL07DD0005,57.15680556,-111.6270528,2013-06-25 15:55,WATER,ISOKINETIC TRANSECT COMPOSITE - EWI,,,102.03,,0,,1.568,,0.288,,83.988,,0,,PM,,0.3,,13.941,,PM,,109.733,,,,,,NA,,NA,,83.7,,,,2.08,,0.09,,,,8.01,,,,,,,,14.9,,23.1,,6.39,,1.05,,5.38,,6.35,,100,,202,,200,,,,,,,,,,,,,,,,,,,,,,,,,,,,,,,,,,,,,,,,,,,,,,,,,,,,,,,,,,,,,,,,,,,,,,,,,,,,,,,,,,,,,,,,,,,,,,,,,,,,,,,,,,,,,,,,,,,,,,,,,,,,,,,,,,,,,,,,,,,,
2013PN200018,OIL SANDS LONGTERM WQ MONITORING,ATHABASCA RIVER M5 ABOVE MACKAY RIVER,AL07DD0005,57.15680556,-111.6270528,2013-06-25 16:00,WATER,ISOKINETIC TRANSECT COMPOSITE - EWI,,,102.03,,0,,1.428,,1.784,,85.484,,0,,PM,,0.3,,13.735,,PM,,110.523,,,,,,NA,,NA,,83.7,,,,2.1,,0.09,,,,8.05,,,,,,,,15.1,,23.6,,6.45,,1.04,,5.4,,6.35,,90,,204,,200,,,,,,,,,,,,,,,,,,,,,,,,,,,,,,,,,,,,,,,,,,,,,,,,,,,,,,,,,,,,,,,,,,,,,,,,,,,,,,,,,,,,,,,,,,,,,,,,,,,,,,,,,,,,,,,,,,,,,,,,,,,,,,,,,,,,,,,,,,,,
2013PN200019,OIL SANDS LONGTERM WQ MONITORING,M6 LTWQ PANEL 1 OF 10,AL07DD0009,57.21513,-111.61512,2013-06-26 11:05,WATER,TRIPLICATE SAMPLE,6,,107.394,,0,,1.854,,11.489,,99.589,,0,,-0.214,,0.32,,13.693,,8.388,,120.759,,,,,,NA,,NA,,88.1,,,,1.39,,0.09,,,,7.96,,,,,,,,16.9,,27.6,,7.45,,1.2,,5.66,,7.37,,90,,212,,220,,8.43,,7.79,,213,,18.41,EVENTF,260.6,,,,,,,,,,,,,,,,,,,,,,,,,,,,,,,,,,,,,,,,,,,,,,,,,,,,,,,,,,,,,,,,,,,,,,,,,,,,,,,,,,,,,,,,,,,,,,,,,,,,,,,,,,,,,,,,,,,,,,,,,,,,,,,,,,
2013PN200020,OIL SANDS LONGTERM WQ MONITORING,M6 LTWQ PANEL 1 OF 10,AL07DD0009,57.21513,-111.61512,2013-06-26 11:10,WATER,TRIPLICATE SAMPLE,6,,106.541,,0,,1.756,,21.191,,108.591,,0,,PM,,0.36,,14.665,,PM,,133.439,,,,,,NA,,NA,,87.4,,,,1.52,,0.09,,,,7.98,,,,,,,,25.8,,28.6,,9.03,,1.36,,5.65,,8.71,,90,,212,,220,,,,,,,,,,,,,,,,,,,,,,,,,,,,,,,,,,,,,,,,,,,,,,,,,,,,,,,,,,,,,,,,,,,,,,,,,,,,,,,,,,,,,,,,,,,,,,,,,,,,,,,,,,,,,,,,,,,,,,,,,,,,,,,,,,,,,,,,,,,,
2013PN200021,OIL SANDS LONGTERM WQ MONITORING,M6 LTWQ PANEL 1 OF 10,AL07DD0009,57.21513,-111.61512,2013-06-26 11:15,WATER,TRIPLICATE SAMPLE,6,,107.272,,0,,1.809,,11.048,,99.048,,0,,PM,,0.33,,13.96,,PM,,120.495,,,,,,NA,,NA,,88,,,,1.39,,0.1,,,,7.97,,,,,,,,16.9,,27.4,,7.44,,1.13,,5.61,,7.49,,90,,212,,230,,,,,,,,,,,,,,,,,,,,,,,,,,,,,,,,,,,,,,,,,,,,,,,,,,,,,,,,,,,,,,,,,,,,,,,,,,,,,,,,,,,,,,,,,,,,,,,,,,,,,,,,,,,,,,,,,,,,,,,,,,,,,,,,,,,,,,,,,,,,
2013PN200022,OIL SANDS LONGTERM WQ MONITORING,M6 LTWQ PANEL 6 OF 10,AL07DD0009,57.21502,-111.61068,2013-06-26 13:32,WATER,VERTICAL INTEGRATED,5.1,,104.103,,0,,1.676,,9.548,,94.948,,0,,-0.211,,0.31,,13.547,,8.413,,117.155,,,,,,NA,,NA,,85.4,,,,2.58,,0.1,,,,7.99,,,,,,,,15.3,,26.5,,6.99,,1.14,,6.13,,6.94,,90,,208,,240,,8.24,,7.81,,208,,18.49,EVENTF,325.2,,,,,,,,,,,,,,,,,,,,,,,,,,,,,,,,,,,,,,,,,,,,,,,,,,,,,,,,,,,,,,,,,,,,,,,,,,,,,,,,,,,,,,,,,,,,,,,,,,,,,,,,,,,,,,,,,,,,,,,,,,,,,,,,,,
2013PN200023,OIL SANDS LONGTERM WQ MONITORING,M6 LTWQ PANEL 9 OF 10,AL07DD0009,57.21523,-111.60808,2013-06-26 14:21,WATER,VERTICAL INTEGRATED,4.6,,103.981,,0,,1.754,,6.951,,92.251,,0,,-0.242,,0.32,,14.05,,8.455,,115.323,,,,,,NA,,NA,,85.3,,,,2.85,,0.1,,,,7.97,,,,,,,,13.9,,25.7,,6.82,,1.17,,6.35,,7.04,,90,,202,,230,,8.14,,7.79,,204,,18.57,EVENTF,296.4,,,,,,,,,,,,,,,,,,,,,,,,,,,,,,,,,,,,,,,,,,,,,,,,,,,,,,,,,,,,,,,,,,,,,,,,,,,,,,,,,,,,,,,,,,,,,,,,,,,,,,,,,,,,,,,,,,,,,,,,,,,,,,,,,,
2013PN200024,OIL SANDS LONGTERM WQ MONITORING,"ATHABASCA RIVER M6, BELOW MACKAY RIVER",AL07DD0009,57.21505,-111.6115,2013-06-26 14:47,WATER,ISOKINETIC TRANSECT COMPOSITE - EWI,,,106.053,,0,,1.63,,0.394,,87.394,,0,,PM,,0.3,,13.546,,PM,,113.108,,,,,,NA,,NA,,87,,,,2.03,,0.1,,,,8.01,,,,,,,,14.9,,24.2,,6.55,,1.08,,5.41,,6.39,,90,,211,,250,,,,,,,,,,,,,,,,,,,,,,,,,,,,,,,,,,,,,,,,,,,,,,,,,,,,,,,,,,,,,,,,,,,,,,,,,,,,,,,,,,,,,,,,,,,,,,,,,,,,,,,,,,,,,,,,,,,,,,,,,,,,,,,,,,,,,,,,,,,,
2013PN200025,OIL SANDS LONGTERM WQ MONITORING,"ATHABASCA RIVER M6, BELOW MACKAY RIVER",AL07DD0009,57.21505,-111.6115,2013-06-26 14:52,WATER,ISOKINETIC TRANSECT COMPOSITE - EWI,,,107.272,,0,,1.687,,1.759,,89.759,,0,,PM,,0.3,,13.492,,PM,,115.107,,,,,,NA,,NA,,88,,,,2.09,,0.1,,,,8,,,,,,,,15.1,,24.9,,6.7,,1.08,,5.55,,6.53,,90,,211,,240,,,,,,,,,,,,,,,,,,,,,,,,,,,,,,,,,,,,,,,,,,,,,,,,,,,,,,,,,,,,,,,,,,,,,,,,,,,,,,,,,,,,,,,,,,,,,,,,,,,,,,,,,,,,,,,,,,,,,,,,,,,,,,,,,,,,,,,,,,,,
2013PN200026,OIL SANDS LONGTERM WQ MONITORING,"ATHABASCA RIVER M6, BELOW MACKAY RIVER",AL07DD0009,57.21505,-111.6115,2013-06-26 14:57,WATER,ISOKINETIC TRANSECT COMPOSITE - EWI,,,106.541,,0,,1.715,,1.739,,89.139,,0,,PM,,0.3,,13.338,,PM,,114.337,,,,,,NA,,NA,,87.4,,,,2.35,,0.09,,,,7.99,,,,,,,,14.8,,24.8,,6.61,,1.08,,5.51,,6.4,,90,,213,,250,,,,,,,,,,,,,,,,,,,,,,,,,,,,,,,,,,,,,,,,,,,,,,,,,,,,,,,,,,,,,,,,,,,,,,,,,,,,,,,,,,,,,,,,,,,,,,,,,,,,,,,,,,,,,,,,,,,,,,,,,,,,,,,,,,,,,,,,,,,,
2013PN200031,OIL SANDS LONGTERM WQ MONITORING,M7 LTWQ PANEL 1 OF 10,AL07DD0007,57.31332,-111.67533,2013-06-27 11:34,WATER,VERTICAL INTEGRATED,6.8,,106.053,,0,,1.592,,4.631,,91.631,,0,,-0.209,,0.29,,12.929,,8.438,,114.11,,,,,,NA,,NA,,87,,,,1.16,,0.1,,,,8.02,,,,,,,,15.6,,25.6,,6.73,,1.03,,5.08,,6.34,,110,,204,,370,,8.62,,7.84,,206,,17.79,,346.1,,,,,,,,,,,,,,,,,,,,,,,,,,,,,,,,,,,,,,,,,,,,,,,,,,,,,,,,,,,,,,,,,,,,,,,,,,,,,,,,,,,,,,,,,,,,,,,,,,,,,,,,,,,,,,,,,,,,,,,,,,,,,,,,,,
2013PN200032,OIL SANDS LONGTERM WQ MONITORING,M7 LTWQ PANEL 6 OF 10,AL07DD0007,57.31373,-111.67093,2013-06-27 12:35,WATER,VERTICAL INTEGRATED,5.3,,105.931,,0,,1.449,,1.586,,88.486,,0,,-0.182,,0.26,,12.147,,8.424,,111.932,,,,,,NA,,NA,,86.9,,,,2.18,,0.09,,,,8.06,,,,,,,,13.8,,25,,6.33,,0.98,,5.42,,5.7,,90,,205,,450,,8.53,,7.87,,207,,17.68,EVENTF,525.3,,,,,,,,,,,,,,,,,,,,,,,,,,,,,,,,,,,,,,,,,,,,,,,,,,,,,,,,,,,,,,,,,,,,,,,,,,,,,,,,,,,,,,,,,,,,,,,,,,,,,,,,,,,,,,,,,,,,,,,,,,,,,,,,,,
2013PN200033,OIL SANDS LONGTERM WQ MONITORING,M7 LTWQ PANEL 10 OF 10,AL07DD0007,57.31395,-111.66737,2013-06-27 13:19,WATER,VERTICAL INTEGRATED,4.9,,103.615,,0,,1.485,,0.744,,85.744,,0,,-0.22,,0.28,,13.069,,8.48,,109.533,,,,,,NA,,NA,,85,,,,2.55,,0.1,,,,8.04,,,,,,,,12.6,,24.1,,6.21,,1,,5.71,,6.01,,100,,200,,380,,8.36,,7.84,,202,,17.9,,418.2,,,,,,,,,,,,,,,,,,,,,,,,,,,,,,,,,,,,,,,,,,,,,,,,,,,,,,,,,,,,,,,,,,,,,,,,,,,,,,,,,,,,,,,,,,,,,,,,,,,,,,,,,,,,,,,,,,,,,,,,,,,,,,,,,,
2013PN200034,OIL SANDS LONGTERM WQ MONITORING,"ATHABASCA RIVER M7, BELOW ELLS RIVER",AL07DD0007,57.31373,-111.67183,2013-06-27 13:35,WATER,ISOKINETIC TRANSECT COMPOSITE - EWI,,,105.687,,0,,1.445,,0,,85.659,,0,,PM,,0.27,,12.681,,PM,,110.348,,,,,,NA,,NA,,86.7,,,,1.93,,0.09,,,,8.06,,,,,,,,13.8,,24,,6.25,,1,,5.17,,5.8,,100,,206,,450,,,,,,,,,,,,,,,,,,,,,,,,,,,,,,,,,,,,,,,,,,,,,,,,,,,,,,,,,,,,,,,,,,,,,,,,,,,,,,,,,,,,,,,,,,,,,,,,,,,,,,,,,,,,,,,,,,,,,,,,,,,,,,,,,,,,,,,,,,,,
2013PN200035,OIL SANDS LONGTERM WQ MONITORING,"ATHABASCA RIVER M7, BELOW ELLS RIVER",AL07DD0007,57.31373,-111.67183,2013-06-27 13:40,WATER,ISOKINETIC TRANSECT COMPOSITE - EWI,,,106.784,,0,,1.46,,0.299,,87.899,,0,,PM,,0.28,,12.753,,PM,,112.598,,,,,,NA,,NA,,87.6,,,,1.98,,0.09,,,,8.06,,,,,,,,14.3,,24.6,,6.43,,1.02,,5.34,,5.99,,100,,207,,450,,,,,,,,,,,,,,,,,,,,,,,,,,,,,,,,,,,,,,,,,,,,,,,,,,,,,,,,,,,,,,,,,,,,,,,,,,,,,,,,,,,,,,,,,,,,,,,,,,,,,,,,,,,,,,,,,,,,,,,,,,,,,,,,,,,,,,,,,,,,
2013PN200036,OIL SANDS LONGTERM WQ MONITORING,"ATHABASCA RIVER M7, BELOW ELLS RIVER",AL07DD0007,57.31373,-111.67183,2013-06-27 13:45,WATER,ISOKINETIC TRANSECT COMPOSITE - EWI,,,105.687,,0,,1.412,,0.285,,86.985,,0,,PM,,0.28,,12.797,,PM,,111.552,,,,,,NA,,NA,,86.7,,,,1.96,,0.09,,,,8.07,,,,,,,,14.3,,24.3,,6.39,,1,,5.25,,5.95,,100,,206,,450,,,,,,,,,,,,,,,,,,,,,,,,,,,,,,,,,,,,,,,,,,,,,,,,,,,,,,,,,,,,,,,,,,,,,,,,,,,,,,,,,,,,,,,,,,,,,,,,,,,,,,,,,,,,,,,,,,,,,,,,,,,,,,,,,,,,,,,,,,,,
2013PN200038,OIL SANDS LONGTERM WQ MONITORING,M4 LTWQ PANEL 3 OF 10,AL07DD0004,57.12669444,-111.6035278,2013-07-09 12:30,WATER,VERTICAL INTEGRATED,3.9,,115.561,,0,,1.281,,12.338,,107.138,,0,,0.111,,0.27,,11.511,,7.929,,129.843,,,,,,NA,,NA,,94.8,,,,1.97,,0.09,,,,8.15,,,,,,,,20.3,,29.7,,8.01,,1.02,,5.18,,6.48,,55,,229,,75,,8.28,,7.9,,NV,,20.91,EVENTF,98.4,,,,,,,,,,,,,,,,,,,,,,,,,,,,,,,,,,,,,,,,,,,,,,,,,,,,,,,,,,,,,,,,,,,,,,,,,,,,,,,,,,,,,,,,,,,,,,,,,,,,,,,,,,,,,,,,,,,,,,,,,,,,,,,,,,
2013PN200039,OIL SANDS LONGTERM WQ MONITORING,M4 LTWQ PANEL 8 OF 10,AL07DD0004,57.12733333,-111.6010556,2013-07-09 14:00,WATER,VERTICAL INTEGRATED,4.6,,105.444,,0,,1.313,,9.475,,95.975,,0,,-0.039,,0.33,,14.425,,8.178,,120.468,,,,,,NA,,NA,,86.5,,,,3.84,,0.08,,,,8.1,,,,,,,,16.1,,26.4,,7.3,,0.99,,6.16,,7.53,,75,,215,,70,,8.28,,7.84,,NV,,20.51,EVENTF,90.2,,,,,,,,,,,,,,,,,,,,,,,,,,,,,,,,,,,,,,,,,,,,,,,,,,,,,,,,,,,,,,,,,,,,,,,,,,,,,,,,,,,,,,,,,,,,,,,,,,,,,,,,,,,,,,,,,,,,,,,,,,,,,,,,,,
2013PN200040,OIL SANDS LONGTERM WQ MONITORING,M4 LTWQ PANEL 9 OF 10,AL07DD0004,57.12761111,-111.6001389,2013-07-09 14:15,WATER,VERTICAL INTEGRATED,7.3,,104.59,,0,,1.365,,8.726,,94.526,,0,,-0.066,,0.34,,14.881,,8.212,,119.548,,,,,,NA,,NA,,85.8,,,,4.3,,0.09,,,,8.08,,,,,,,,15.2,,26.1,,7.13,,0.96,,6.43,,7.69,,75,,213,,65,,8.27,,7.83,,NV,,20.58,EVENTF,78.2,,,,,,,,,,,,,,,,,,,,,,,,,,,,,,,,,,,,,,,,,,,,,,,,,,,,,,,,,,,,,,,,,,,,,,,,,,,,,,,,,,,,,,,,,,,,,,,,,,,,,,,,,,,,,,,,,,,,,,,,,,,,,,,,,,
2013PN200041,OIL SANDS LONGTERM WQ MONITORING,ATHABASCA RIVER M4 ABOVE MUSKEG RIVER,AL07DD0004,57.12697222,-111.6024167,2013-07-09 14:45,WATER,ISOKINETIC TRANSECT COMPOSITE - EWI,,,108.247,,0,,1.228,,11.996,,100.796,,0,,PM,,0.3,,13.042,,PM,,123.867,,,,,,NA,,NA,,88.8,,,,3.41,,0.08,,,,8.14,,,,,,,,17.5,,28.1,,7.44,,0.97,,5.88,,7.03,,70,,220,,70,,,,,,,,,,,,,,,,,,,,,,,,,,,,,,,,,,,,,,,,,,,,,,,,,,,,,,,,,,,,,,,,,,,,,,,,,,,,,,,,,,,,,,,,,,,,,,,,,,,,,,,,,,,,,,,,,,,,,,,,,,,,,,,,,,,,,,,,,,,,
2013PN200042,OIL SANDS LONGTERM WQ MONITORING,ATHABASCA RIVER M4 ABOVE MUSKEG RIVER,AL07DD0004,57.12697222,-111.6024167,2013-07-09 14:50,WATER,ISOKINETIC TRANSECT COMPOSITE - EWI,,,108.735,,0,,1.234,,10.932,,100.132,,0,,PM,,0.31,,13.101,,PM,,123.787,,,,,,NA,,NA,,89.2,,,,3.45,,0.08,,,,8.14,,,,,,,,17.4,,27.9,,7.4,,0.96,,5.88,,7.02,,70,,221,,70,,,,,,,,,,,,,,,,,,,,,,,,,,,,,,,,,,,,,,,,,,,,,,,,,,,,,,,,,,,,,,,,,,,,,,,,,,,,,,,,,,,,,,,,,,,,,,,,,,,,,,,,,,,,,,,,,,,,,,,,,,,,,,,,,,,,,,,,,,,,
2013PN200043,OIL SANDS LONGTERM WQ MONITORING,ATHABASCA RIVER M4 ABOVE MUSKEG RIVER,AL07DD0004,57.12697222,-111.6024167,2013-07-09 14:55,WATER,ISOKINETIC TRANSECT COMPOSITE - EWI,,,108.979,,0,,1.208,,10.899,,100.299,,0,,PM,,0.3,,13.001,,PM,,124.045,,,,,,NA,,NA,,89.4,,,,3.46,,0.08,,,,8.15,,,,,,,,17.5,,28,,7.38,,0.96,,5.86,,6.97,,65,,221,,70,,,,,,,,,,,,,,,,,,,,,,,,,,,,,,,,,,,,,,,,,,,,,,,,,,,,,,,,,,,,,,,,,,,,,,,,,,,,,,,,,,,,,,,,,,,,,,,,,,,,,,,,,,,,,,,,,,,,,,,,,,,,,,,,,,,,,,,,,,,,
2013PN200044,OIL SANDS LONGTERM WQ MONITORING,M5 LTWQ PANEL 5 OF 10,AL07DD0005,57.15680556,-111.6275,2013-07-10 11:10,WATER,VERTICAL INTEGRATED,5,,108.491,,0,,1.32,,1.711,,90.711,,0,,-0.012,,0.29,,13.248,,8.134,,116.639,,,,,,NA,,NA,,89,,,,2.81,,0.06,,,,8.11,,,,,,,,15.8,,25.1,,6.81,,0.85,,5.21,,6.44,,65,,217,,70,,8.14,,7.84,,NV,,21.4,EVENTF,88,,,,,,,,,,,,,,,,,,,,,,,,,,,,,,,,,,,,,,,,,,,,,,,,,,,,,,,,,,,,,,,,,,,,,,,,,,,,,,,,,,,,,,,,,,,,,,,,,,,,,,,,,,,,,,,,,,,,,,,,,,,,,,,,,,
2013PN200045,OIL SANDS LONGTERM WQ MONITORING,M5 LTWQ PANEL 9 OF 10,AL07DD0005,57.15747222,-111.6246944,2013-07-10 12:30,WATER,VERTICAL INTEGRATED,3,,104.468,,0,,1.497,,1.439,,87.139,,0,,-0.124,,0.36,,15.909,,8.288,,114.192,,,,,,NA,,NA,,85.7,,,,4.3,,0.06,,,,8.04,,,,,,,,13,,23.9,,6.67,,0.87,,6.16,,7.67,,90,,208,,60,,8.12,,7.81,,NV,,21.23,EVENTF,75.4,,,,,,,,,,,,,,,,,,,,,,,,,,,,,,,,,,,,,,,,,,,,,,,,,,,,,,,,,,,,,,,,,,,,,,,,,,,,,,,,,,,,,,,,,,,,,,,,,,,,,,,,,,,,,,,,,,,,,,,,,,,,,,,,,,
2013PN200046,OIL SANDS LONGTERM WQ MONITORING,M5 LTWQ PANEL 10 OF 10,AL07DD0005,57.15758333,-111.6239444,2013-07-10 12:50,WATER,VERTICAL INTEGRATED,2.9,,105.565,,0,,1.478,,1.532,,88.132,,0,,-0.105,,0.36,,16.105,,8.261,,115.342,,,,,,NA,,NA,,86.6,,,,4.36,,0.06,,,,8.05,,,,,,,,12.9,,24.1,,6.79,,0.87,,6.29,,7.87,,90,,211,,60,,8.13,,7.81,,NV,,21.24,EVENTF,74.2,,,,,,,,,,,,,,,,,,,,,,,,,,,,,,,,,,,,,,,,,,,,,,,,,,,,,,,,,,,,,,,,,,,,,,,,,,,,,,,,,,,,,,,,,,,,,,,,,,,,,,,,,,,,,,,,,,,,,,,,,,,,,,,,,,
2013PN200047,OIL SANDS LONGTERM WQ MONITORING,ATHABASCA RIVER M5 ABOVE MACKAY RIVER,AL07DD0005,57.15680556,-111.6270528,2013-07-10 13:05,WATER,ISOKINETIC TRANSECT COMPOSITE - EWI,,,110.076,,0,,1.278,,3.06,,93.36,,0,,PM,,0.31,,13.782,,PM,,119.689,,,,,,NA,,NA,,90.3,,,,3.12,,0.06,,,,8.13,,,,,,,,16.1,,25.6,,7.15,,0.9,,5.48,,6.94,,70,,218,,70,,,,,,,,,,,,,,,,,,,,,,,,,,,,,,,,,,,,,,,,,,,,,,,,,,,,,,,,,,,,,,,,,,,,,,,,,,,,,,,,,,,,,,,,,,,,,,,,,,,,,,,,,,,,,,,,,,,,,,,,,,,,,,,,,,,,,,,,,,,,
2013PN200048,OIL SANDS LONGTERM WQ MONITORING,ATHABASCA RIVER M5 ABOVE MACKAY RIVER,AL07DD0005,57.15680556,-111.6270528,2013-07-10 13:10,WATER,ISOKINETIC TRANSECT COMPOSITE - EWI,,,108.491,,0,,1.26,,3.781,,92.781,,0,,PM,,0.3,,13.529,,PM,,118.129,,,,,,NA,,NA,,89,,,,3.04,,0.06,,,,8.13,,,,,,,,15.9,,25.5,,7.07,,0.89,,5.36,,6.75,,70,,219,,70,,,,,,,,,,,,,,,,,,,,,,,,,,,,,,,,,,,,,,,,,,,,,,,,,,,,,,,,,,,,,,,,,,,,,,,,,,,,,,,,,,,,,,,,,,,,,,,,,,,,,,,,,,,,,,,,,,,,,,,,,,,,,,,,,,,,,,,,,,,,
2013PN200049,OIL SANDS LONGTERM WQ MONITORING,ATHABASCA RIVER M5 ABOVE MACKAY RIVER,AL07DD0005,57.15680556,-111.6270528,2013-07-10 13:15,WATER,ISOKINETIC TRANSECT COMPOSITE - EWI,,,109.344,,0,,1.27,,2.419,,92.119,,0,,PM,,0.3,,13.472,,PM,,118.049,,,,,,NA,,NA,,89.7,,,,3.03,,0.06,,,,8.13,,,,,,,,15.7,,25.4,,6.97,,0.89,,5.35,,6.67,,70,,217,,70,,,,,,,,,,,,,,,,,,,,,,,,,,,,,,,,,,,,,,,,,,,,,,,,,,,,,,,,,,,,,,,,,,,,,,,,,,,,,,,,,,,,,,,,,,,,,,,,,,,,,,,,,,,,,,,,,,,,,,,,,,,,,,,,,,,,,,,,,,,,
2013PN200050,OIL SANDS LONGTERM WQ MONITORING,M5 LTWQ PANEL 5 OF 10,AL07DD0005,57.15680556,-111.6275,2013-07-23 13:53,WATER,VERTICAL INTEGRATED,4.2,,111.539,,0,,1.265,,7.458,,98.958,,0,,-0.009,,0.4,,16.721,,8.158,,127.612,,,,,,NA,,NA,,91.5,,,,4.67,,0.08,,,,8.14,,,,,,,,17,,27.1,,7.6,,1.04,,5.91,,9.25,,65,,223,,36,,8.71,,7.99,,NV,,19.04,,46.2,,,,,,,,,,,,,,,,,,,,,,,,,,,,,,,,,,,,,,,,,,,,,,,,,,,,,,,,,,,,,,,,,,,,,,,,,,,,,,,,,,,,,,,,,,,,,,,,,,,,,,,,,,,,,,,,,,,,,,,,,,,,,,,,,,
2013PN200051,OIL SANDS LONGTERM WQ MONITORING,M5 LTWQ PANEL 9 OF 10,AL07DD0005,57.15747222,-111.6246944,2013-07-23 14:50,WATER,VERTICAL INTEGRATED,2.3,,107.028,,0,,1.397,,7.838,,95.638,,0,,-0.099,,0.44,,18.081,,8.278,,123.628,,,,,,NA,,NA,,87.8,,,,5.76,,0.08,,,,8.08,,,,,,,,14.2,,26.1,,7.4,,0.95,,6.58,,9.82,,80,,219,,34,,8.74,,7.96,,NV,,19.15,,40.4,,,,,,,,,,,,,,,,,,,,,,,,,,,,,,,,,,,,,,,,,,,,,,,,,,,,,,,,,,,,,,,,,,,,,,,,,,,,,,,,,,,,,,,,,,,,,,,,,,,,,,,,,,,,,,,,,,,,,,,,,,,,,,,,,,
2013PN200052,OIL SANDS LONGTERM WQ MONITORING,M5 LTWQ PANEL 10 OF 10,AL07DD0005,57.15758333,-111.6239444,2013-07-23 15:20,WATER,VERTICAL INTEGRATED,2,,111.417,,0,,1.356,,5.604,,97.004,,0,,-0.044,,0.44,,18.053,,8.199,,125.998,,,,,,NA,,NA,,91.4,,,,5.74,,0.08,,,,8.11,,,,,,,,13.7,,26.4,,7.55,,0.95,,6.74,,9.94,,95,,221,,33,,8.76,,7.97,,NV,,19.24,,38.5,,,,,,,,,,,,,,,,,,,,,,,,,,,,,,,,,,,,,,,,,,,,,,,,,,,,,,,,,,,,,,,,,,,,,,,,,,,,,,,,,,,,,,,,,,,,,,,,,,,,,,,,,,,,,,,,,,,,,,,,,,,,,,,,,,
2013PN200053,OIL SANDS LONGTERM WQ MONITORING,ATHABASCA RIVER M5 ABOVE MACKAY RIVER,AL07DD0005,57.15680556,-111.6270528,2013-07-23 15:30,WATER,ISOKINETIC TRANSECT COMPOSITE - EWI,,,112.758,,0,,1.25,,8.157,,100.657,,0,,PM,,0.4,,16.577,,PM,,128.996,,,,,,NA,,NA,,92.5,,,,4.7,,0.08,,,,8.15,,,,,,,,17.1,,27.5,,7.77,,1.04,,5.93,,9.31,,65,,225,,37,,,,,,,,,,,,,,,,,,,,,,,,,,,,,,,,,,,,,,,,,,,,,,,,,,,,,,,,,,,,,,,,,,,,,,,,,,,,,,,,,,,,,,,,,,,,,,,,,,,,,,,,,,,,,,,,,,,,,,,,,,,,,,,,,,,,,,,,,,,,
2013PN200054,OIL SANDS LONGTERM WQ MONITORING,ATHABASCA RIVER M5 ABOVE MACKAY RIVER,AL07DD0005,57.15680556,-111.6270528,2013-07-23 15:35,WATER,ISOKINETIC TRANSECT COMPOSITE - EWI,,,111.66,,0,,1.267,,7.934,,99.534,,0,,PM,,0.41,,16.759,,PM,,128.046,,,,,,NA,,NA,,91.6,,,,4.77,,0.08,,,,8.14,,,,,,,,17,,27.1,,7.74,,1.05,,5.95,,9.33,,65,,225,,39,,,,,,,,,,,,,,,,,,,,,,,,,,,,,,,,,,,,,,,,,,,,,,,,,,,,,,,,,,,,,,,,,,,,,,,,,,,,,,,,,,,,,,,,,,,,,,,,,,,,,,,,,,,,,,,,,,,,,,,,,,,,,,,,,,,,,,,,,,,,
2013PN200055,OIL SANDS LONGTERM WQ MONITORING,ATHABASCA RIVER M5 ABOVE MACKAY RIVER,AL07DD0005,57.15680556,-111.6270528,2013-07-23 15:40,WATER,ISOKINETIC TRANSECT COMPOSITE - EWI,,,113.611,,0,,1.202,,7.207,,100.407,,0,,PM,,0.41,,16.717,,PM,,129.336,,,,,,NA,,NA,,93.2,,,,4.73,,0.08,,,,8.17,,,,,,,,17.1,,27.4,,7.77,,1.03,,5.86,,9.38,,65,,227,,36,,,,,,,,,,,,,,,,,,,,,,,,,,,,,,,,,,,,,,,,,,,,,,,,,,,,,,,,,,,,,,,,,,,,,,,,,,,,,,,,,,,,,,,,,,,,,,,,,,,,,,,,,,,,,,,,,,,,,,,,,,,,,,,,,,,,,,,,,,,,
2013PN200056,OIL SANDS LONGTERM WQ MONITORING,M4 LTWQ PANEL 3 OF 10,AL07DD0004,57.12669444,-111.6035278,2013-07-24 12:07,WATER,TRIPLICATE SAMPLE,3.2,,120.925,,0,,1.192,,3.418,,102.618,,0,,0.121,,0.36,,14.855,,7.958,,132.728,,,,,,NA,,NA,,99.2,,,,3.3,,0.07,,,,8.2,,,,,,,,19.3,,28.5,,7.64,,1.03,,4.98,,8.33,,55,,241,,31,,8.82,,8.05,,NV,,19.54,,37.7,,,,,,,,,,,,,,,,,,,,,,,,,,,,,,,,,,,,,,,,,,,,,,,,,,,,,,,,,,,,,,,,,,,,,,,,,,,,,,,,,,,,,,,,,,,,,,,,,,,,,,,,,,,,,,,,,,,,,,,,,,,,,,,,,,
2013PN200057,OIL SANDS LONGTERM WQ MONITORING,M4 LTWQ PANEL 3 OF 10,AL07DD0004,57.12669444,-111.6035278,2013-07-24 12:12,WATER,TRIPLICATE SAMPLE,3.2,,121.047,,0,,1.166,,6.057,,105.357,,0,,PM,,0.36,,14.799,,PM,,134.612,,,,,,NA,,NA,,99.3,,,,3.41,,0.07,,,,8.21,,,,,,,,19.7,,29.3,,7.82,,1.01,,5.15,,8.51,,55,,239,,32,,,,,,,,,,,,,,,,,,,,,,,,,,,,,,,,,,,,,,,,,,,,,,,,,,,,,,,,,,,,,,,,,,,,,,,,,,,,,,,,,,,,,,,,,,,,,,,,,,,,,,,,,,,,,,,,,,,,,,,,,,,,,,,,,,,,,,,,,,,,
2013PN200058,OIL SANDS LONGTERM WQ MONITORING,M4 LTWQ PANEL 3 OF 10,AL07DD0004,57.12669444,-111.6035278,2013-07-24 12:17,WATER,TRIPLICATE SAMPLE,3.2,,120.681,,0,,1.162,,4.573,,103.573,,0,,PM,,0.36,,14.743,,PM,,133.305,,,,,,NA,,NA,,99,,,,3.36,,0.07,,,,8.21,,,,,,,,19.5,,28.8,,7.69,,1.01,,5.07,,8.33,,55,,242,,31,,,,,,,,,,,,,,,,,,,,,,,,,,,,,,,,,,,,,,,,,,,,,,,,,,,,,,,,,,,,,,,,,,,,,,,,,,,,,,,,,,,,,,,,,,,,,,,,,,,,,,,,,,,,,,,,,,,,,,,,,,,,,,,,,,,,,,,,,,,,
2013PN200059,OIL SANDS LONGTERM WQ MONITORING,M4 LTWQ PANEL 8 OF 10,AL07DD0004,57.12733333,-111.6010556,2013-07-24 14:03,WATER,VERTICAL INTEGRATED,3.4,,112.514,,0,,1.247,,0.437,,92.737,,0,,-0.017,,0.42,,17.857,,8.184,,125.24,,,,,,NA,,NA,,92.3,,,,5.17,,0.07,,,,8.15,,,,,,,,15.9,,25.4,,7.12,,0.93,,5.81,,9.38,,75,,229,,33,,8.72,,7.97,,NV,,19.24,,42.3,,,,,,,,,,,,,,,,,,,,,,,,,,,,,,,,,,,,,,,,,,,,,,,,,,,,,,,,,,,,,,,,,,,,,,,,,,,,,,,,,,,,,,,,,,,,,,,,,,,,,,,,,,,,,,,,,,,,,,,,,,,,,,,,,,
2013PN200060,OIL SANDS LONGTERM WQ MONITORING,M4 LTWQ PANEL 9 OF 10,AL07DD0004,57.12761111,-111.6001389,2013-07-24 14:30,WATER,VERTICAL INTEGRATED,3.4,,110.441,,0,,1.168,,3.462,,94.062,,0,,0.002,,0.44,,18.262,,8.166,,125.741,,,,,,NA,,NA,,90.6,,,,5.75,,0.07,,,,8.17,,,,,,,,15.6,,25.7,,7.26,,0.96,,6.19,,9.78,,90,,226,,33,,8.75,,7.96,,NV,,19.3,,38.9,,,,,,,,,,,,,,,,,,,,,,,,,,,,,,,,,,,,,,,,,,,,,,,,,,,,,,,,,,,,,,,,,,,,,,,,,,,,,,,,,,,,,,,,,,,,,,,,,,,,,,,,,,,,,,,,,,,,,,,,,,,,,,,,,,
2013PN200061,OIL SANDS LONGTERM WQ MONITORING,ATHABASCA RIVER M4 ABOVE MUSKEG RIVER,AL07DD0004,57.12697222,-111.6024167,2013-07-24 15:05,WATER,ISOKINETIC TRANSECT COMPOSITE - EWI,,,113.855,,0,,1.122,,1.324,,94.724,,0,,PM,,0.41,,17.309,,PM,,126.702,,,,,,NA,,NA,,93.4,,,,4.73,,0.07,,,,8.2,,,,,,,,16.9,,25.8,,7.36,,0.99,,5.52,,9.23,,65,,232,,31,,,,,,,,,,,,,,,,,,,,,,,,,,,,,,,,,,,,,,,,,,,,,,,,,,,,,,,,,,,,,,,,,,,,,,,,,,,,,,,,,,,,,,,,,,,,,,,,,,,,,,,,,,,,,,,,,,,,,,,,,,,,,,,,,,,,,,,,,,,,
2013PN200062,OIL SANDS LONGTERM WQ MONITORING,ATHABASCA RIVER M4 ABOVE MUSKEG RIVER,AL07DD0004,57.12697222,-111.6024167,2013-07-24 15:10,WATER,ISOKINETIC TRANSECT COMPOSITE - EWI,,,114.342,,0,,1.101,,1.379,,95.179,,0,,PM,,0.42,,17.424,,PM,,127.276,,,,,,NA,,NA,,93.8,,,,4.67,,0.07,,,,8.21,,,,,,,,17,,25.9,,7.41,,1,,5.53,,9.35,,65,,232,,33,,,,,,,,,,,,,,,,,,,,,,,,,,,,,,,,,,,,,,,,,,,,,,,,,,,,,,,,,,,,,,,,,,,,,,,,,,,,,,,,,,,,,,,,,,,,,,,,,,,,,,,,,,,,,,,,,,,,,,,,,,,,,,,,,,,,,,,,,,,,
2013PN200063,OIL SANDS LONGTERM WQ MONITORING,ATHABASCA RIVER M4 ABOVE MUSKEG RIVER,AL07DD0004,57.12697222,-111.6024167,2013-07-24 15:15,WATER,ISOKINETIC TRANSECT COMPOSITE - EWI,,,115.317,,0,,1.137,,1.205,,95.805,,0,,PM,,0.4,,16.906,,PM,,127.706,,,,,,NA,,NA,,94.6,,,,4.65,,0.07,,,,8.2,,,,,,,,17,,26.2,,7.38,,0.97,,5.54,,9.07,,65,,231,,33,,,,,,,,,,,,,,,,,,,,,,,,,,,,,,,,,,,,,,,,,,,,,,,,,,,,,,,,,,,,,,,,,,,,,,,,,,,,,,,,,,,,,,,,,,,,,,,,,,,,,,,,,,,,,,,,,,,,,,,,,,,,,,,,,,,,,,,,,,,,
2013PN200069,OIL SANDS LONGTERM WQ MONITORING,M7 LTWQ PANEL 1 OF 10,AL07DD0007,57.31332,-111.67533,2013-07-25 10:15,WATER,VERTICAL INTEGRATED,4.3,,121.9,,0,,1.289,,10.45,,110.45,,0,,0.109,,0.41,,16.2,,7.953,,140.12,,,,,,NA,,NA,,100,,,,3.73,,0.08,,,,8.17,,,,,,,,20.7,,30.4,,8.39,,1.07,,5.74,,9.93,,65,,243,,33,,8.68,,7.96,,NV,,19.14,,36.1,,,,,,,,,,,,,,,,,,,,,,,,,,,,,,,,,,,,,,,,,,,,,,,,,,,,,,,,,,,,,,,,,,,,,,,,,,,,,,,,,,,,,,,,,,,,,,,,,,,,,,,,,,,,,,,,,,,,,,,,,,,,,,,,,,
2013PN200070,OIL SANDS LONGTERM WQ MONITORING,M7 LTWQ PANEL 6 OF 10,AL07DD0007,57.31373,-111.67093,2013-07-25 11:20,WATER,VERTICAL INTEGRATED,3,,116.049,,0,,1.227,,9.446,,104.646,,0,,0.072,,0.42,,16.961,,8.025,,134.802,,,,,,NA,,NA,,95.2,,,,5.31,,0.08,,,,8.17,,,,,,,,18.3,,28.9,,7.89,,1.01,,6.19,,9.94,,70,,234,,37,,8.6,,7.92,,NV,,19.32,,43.8,,,,,,,,,,,,,,,,,,,,,,,,,,,,,,,,,,,,,,,,,,,,,,,,,,,,,,,,,,,,,,,,,,,,,,,,,,,,,,,,,,,,,,,,,,,,,,,,,,,,,,,,,,,,,,,,,,,,,,,,,,,,,,,,,,
2013PN200071,OIL SANDS LONGTERM WQ MONITORING,M7 LTWQ PANEL 10 OF 10,AL07DD0007,57.31395,-111.66737,2013-07-25 12:32,WATER,VERTICAL INTEGRATED,3,,113.855,,0,,1.233,,8.464,,101.864,,0,,0.045,,0.45,,17.855,,8.071,,132.696,,,,,,NA,,NA,,93.4,,,,5.73,,0.08,,,,8.16,,,,,,,,17.3,,28,,7.76,,1.01,,6.41,,10.3,,75,,231,,36,,8.59,,7.95,,NV,,19.45,,39.7,,,,,,,,,,,,,,,,,,,,,,,,,,,,,,,,,,,,,,,,,,,,,,,,,,,,,,,,,,,,,,,,,,,,,,,,,,,,,,,,,,,,,,,,,,,,,,,,,,,,,,,,,,,,,,,,,,,,,,,,,,,,,,,,,,
2013PN200072,OIL SANDS LONGTERM WQ MONITORING,"ATHABASCA RIVER M7, BELOW ELLS RIVER",AL07DD0007,57.31373,-111.67183,2013-07-25 13:05,WATER,ISOKINETIC TRANSECT COMPOSITE - EWI,,,117.512,,0,,1.186,,8.99,,105.39,,0,,PM,,0.43,,17.082,,PM,,135.975,,,,,,NA,,NA,,96.4,,,,4.89,,0.08,,,,8.19,,,,,,,,18.9,,29,,8.01,,1.04,,6.04,,10.1,,65,,236,,36,,,,,,,,,,,,,,,,,,,,,,,,,,,,,,,,,,,,,,,,,,,,,,,,,,,,,,,,,,,,,,,,,,,,,,,,,,,,,,,,,,,,,,,,,,,,,,,,,,,,,,,,,,,,,,,,,,,,,,,,,,,,,,,,,,,,,,,,,,,,
2013PN200073,OIL SANDS LONGTERM WQ MONITORING,"ATHABASCA RIVER M7, BELOW ELLS RIVER",AL07DD0007,57.31373,-111.67183,2013-07-25 13:10,WATER,ISOKINETIC TRANSECT COMPOSITE - EWI,,,116.536,,0,,1.176,,10.498,,106.098,,0,,PM,,0.42,,16.739,,PM,,135.781,,,,,,NA,,NA,,95.6,,,,4.94,,0.08,,,,8.19,,,,,,,,19,,29.3,,8,,1.03,,6.08,,9.92,,70,,237,,36,,,,,,,,,,,,,,,,,,,,,,,,,,,,,,,,,,,,,,,,,,,,,,,,,,,,,,,,,,,,,,,,,,,,,,,,,,,,,,,,,,,,,,,,,,,,,,,,,,,,,,,,,,,,,,,,,,,,,,,,,,,,,,,,,,,,,,,,,,,,
2013PN200074,OIL SANDS LONGTERM WQ MONITORING,"ATHABASCA RIVER M7, BELOW ELLS RIVER",AL07DD0007,57.31373,-111.67183,2013-07-25 13:15,WATER,ISOKINETIC TRANSECT COMPOSITE - EWI,,,117.024,,0,,1.154,,9.807,,105.807,,0,,PM,,0.42,,16.889,,PM,,136.016,,,,,,NA,,NA,,96,,,,4.97,,0.08,,,,8.2,,,,,,,,19,,29.2,,7.99,,1.03,,6.08,,10,,70,,238,,37,,,,,,,,,,,,,,,,,,,,,,,,,,,,,,,,,,,,,,,,,,,,,,,,,,,,,,,,,,,,,,,,,,,,,,,,,,,,,,,,,,,,,,,,,,,,,,,,,,,,,,,,,,,,,,,,,,,,,,,,,,,,,,,,,,,,,,,,,,,,
2013PN200075,OIL SANDS LONGTERM WQ MONITORING,M3 LT WQ PANEL 3 OF 10,AL07DD0008,56.83849,-111.41702,2013-08-07 11:34,WATER,VERTICAL INTEGRATED,2.7,,125.557,,0,,1.209,,8.83,,111.83,,0,,0.182,,0.34,,13.66,,7.846,,136.884,,,,,,NA,,NA,,103,,,,1.54,,0.08,,,,8.21,,,,,,,,19.4,,31.2,,8.24,,1.1,,5.25,,8.23,,60,,233,,35,,8.95,,8.13,,240,,19.41,,45.8,,,,,,,,,,,,,,,,,,,,,,,,,,,,,,,,,,,,,,,,,,,,,,,,,,,,,,,,,,,,,,,,,,,,,,,,,,,,,,,,,,,,,,,,,,,,,,,,,,,,,,,,,,,,,,,,,,,,,,,,,,,,,,,,,,
2013PN200076,OIL SANDS LONGTERM WQ MONITORING,M3 LT WQ PANEL 8 OF 10,AL07DD0008,56.83888,-111.41328,2013-08-07 13:02,WATER,VERTICAL INTEGRATED,2.5,,110.929,,0,,1.229,,6.679,,97.679,,0,,0,,0.46,,18.762,,8.151,,127.794,,,,,,NA,,NA,,91,,,,5.91,,0.09,,,,8.15,,,,,,,,14.8,,27,,7.35,,1.01,,6.49,,10.5,,90,,218,,34,,8.97,,8.04,,223,,19.12,,43.6,,,,,,,,,,,,,,,,,,,,,,,,,,,,,,,,,,,,,,,,,,,,,,,,,,,,,,,,,,,,,,,,,,,,,,,,,,,,,,,,,,,,,,,,,,,,,,,,,,,,,,,,,,,,,,,,,,,,,,,,,,,,,,,,,,
2013PN200077,OIL SANDS LONGTERM WQ MONITORING,M3 LT WQ PANEL 10 OF 10,AL07DD0008,56.83878,-111.41164,2013-08-07 13:49,WATER,VERTICAL INTEGRATED,2.7,,85.696,,0,,1.38,,2.512,,72.812,,0,,-0.419,,0.82,,32.177,,8.828,,115.966,,,,,,NA,,NA,,70.3,,,,16.3,,0.09,,,,7.99,,,,,,,,6.42,,19.3,,5.98,,0.83,,8.66,,16.1,,100,,203,,27,,8.62,,7.79,,206,,18.98,,35.5,,,,,,,,,,,,,,,,,,,,,,,,,,,,,,,,,,,,,,,,,,,,,,,,,,,,,,,,,,,,,,,,,,,,,,,,,,,,,,,,,,,,,,,,,,,,,,,,,,,,,,,,,,,,,,,,,,,,,,,,,,,,,,,,,,
2013PN200078,OIL SANDS LONGTERM WQ MONITORING,"ATHABASCA RIVER M3, 6.5 KM BELOW WSC GAUGE 07DA001",AL07DD0008,56.8388,-111.41548,2013-08-07 14:00,WATER,ISOKINETIC TRANSECT COMPOSITE - EWI,,,114.342,,0,,1.181,,6.741,,100.541,,0,,PM,,0.45,,18.183,,PM,,130.664,,,,,,NA,,NA,,93.8,,,,5.58,,0.09,,,,8.18,,,,,,,,15.6,,27.8,,7.56,,1.04,,6.27,,10.4,,80,,224,,36,,,,,,,,,,,,,,,,,,,,,,,,,,,,,,,,,,,,,,,,,,,,,,,,,,,,,,,,,,,,,,,,,,,,,,,,,,,,,,,,,,,,,,,,,,,,,,,,,,,,,,,,,,,,,,,,,,,,,,,,,,,,,,,,,,,,,,,,,,,,
2013PN200079,OIL SANDS LONGTERM WQ MONITORING,"ATHABASCA RIVER M3, 6.5 KM BELOW WSC GAUGE 07DA001",AL07DD0008,56.8388,-111.41548,2013-08-07 14:05,WATER,ISOKINETIC TRANSECT COMPOSITE - EWI,,,115.196,,0,,1.109,,6.497,,100.997,,0,,PM,,0.44,,17.972,,PM,,131.114,,,,,,NA,,NA,,94.5,,,,5.34,,0.09,,,,8.21,,,,,,,,15.9,,27.9,,7.61,,1.05,,6.18,,10.3,,90,,224,,36,,,,,,,,,,,,,,,,,,,,,,,,,,,,,,,,,,,,,,,,,,,,,,,,,,,,,,,,,,,,,,,,,,,,,,,,,,,,,,,,,,,,,,,,,,,,,,,,,,,,,,,,,,,,,,,,,,,,,,,,,,,,,,,,,,,,,,,,,,,,
2013PN200080,OIL SANDS LONGTERM WQ MONITORING,"ATHABASCA RIVER M3, 6.5 KM BELOW WSC GAUGE 07DA001",AL07DD0008,56.8388,-111.41548,2013-08-07 14:10,WATER,ISOKINETIC TRANSECT COMPOSITE - EWI,,,114.342,,0,,1.238,,4.17,,97.97,,0,,PM,,0.44,,17.925,,PM,,128.504,,,,,,NA,,NA,,93.8,,,,5.23,,0.09,,,,8.16,,,,,,,,15.4,,27.1,,7.36,,1.02,,6.02,,9.96,,75,,226,,36,,,,,,,,,,,,,,,,,,,,,,,,,,,,,,,,,,,,,,,,,,,,,,,,,,,,,,,,,,,,,,,,,,,,,,,,,,,,,,,,,,,,,,,,,,,,,,,,,,,,,,,,,,,,,,,,,,,,,,,,,,,,,,,,,,,,,,,,,,,,
2013PN200081,OIL SANDS LONGTERM WQ MONITORING,M6 LTWQ PANEL 1 OF 10,AL07DD0009,57.21513,-111.61512,2013-08-08 9:49,WATER,VERTICAL INTEGRATED,3.6,,118.853,,0,,1.588,,6.439,,103.939,,0,,-0.039,,0.45,,17.845,,8.149,,132.429,,,,,,NA,,NA,,97.5,,,,3.68,,0.08,,,,8.07,,,,,,,,16,,28.6,,7.9,,1.01,,6.11,,10.5,,90,,227,,65,,8.63,,7.95,,231,,18.71,EVENTF,75.2,,,,,,,,,,,,,,,,,,,,,,,,,,,,,,,,,,,,,,,,,,,,,,,,,,,,,,,,,,,,,,,,,,,,,,,,,,,,,,,,,,,,,,,,,,,,,,,,,,,,,,,,,,,,,,,,,,,,,,,,,,,,,,,,,,
2013PN200082,OIL SANDS LONGTERM WQ MONITORING,M6 LTWQ PANEL 5 OF 10,AL07DD0009,57.21505,-111.6115,2013-08-08 10:55,WATER,VERTICAL INTEGRATED,3,,114.342,,0,,1.359,,0.77,,94.57,,0,,-0.029,,0.43,,17.996,,8.178,,126.084,,,,,,NA,,NA,,93.8,,,,5.05,,0.07,,,,8.12,,,,,,,,15,,26.2,,7.08,,0.98,,5.72,,9.66,,80,,226,,50,,8.57,,7.95,,232,,19.14,EVENTF,66,,,,,,,,,,,,,,,,,,,,,,,,,,,,,,,,,,,,,,,,,,,,,,,,,,,,,,,,,,,,,,,,,,,,,,,,,,,,,,,,,,,,,,,,,,,,,,,,,,,,,,,,,,,,,,,,,,,,,,,,,,,,,,,,,,
2013PN200083,OIL SANDS LONGTERM WQ MONITORING,M6 LTWQ PANEL 9 OF 10,AL07DD0009,57.21523,-111.60808,2013-08-08 12:05,WATER,VERTICAL INTEGRATED,1.2,,113.001,,0,,1.375,,0,,92.66,,0,,-0.055,,0.45,,18.717,,8.221,,124.584,,,,,,NA,,NA,,92.7,,,,5.64,,0.07,,,,8.11,,,,,,,,13.8,,25.6,,6.98,,0.95,,5.95,,9.93,,90,,222,,50,,8.58,,7.93,,232,,19.11,EVENTF,64.5,,,,,,,,,,,,,,,,,,,,,,,,,,,,,,,,,,,,,,,,,,,,,,,,,,,,,,,,,,,,,,,,,,,,,,,,,,,,,,,,,,,,,,,,,,,,,,,,,,,,,,,,,,,,,,,,,,,,,,,,,,,,,,,,,,
2013PN200084,OIL SANDS LONGTERM WQ MONITORING,"ATHABASCA RIVER M6, BELOW MACKAY RIVER",AL07DD0009,57.21505,-111.6115,2013-08-08 12:40,WATER,ISOKINETIC TRANSECT COMPOSITE - EWI,,,115.683,,0,,1.475,,0.414,,95.314,,0,,PM,,0.44,,18.107,,PM,,126.714,,,,,,NA,,NA,,94.9,,,,4.73,,0.08,,,,8.09,,,,,,,,14.9,,26.3,,7.2,,0.99,,5.72,,9.81,,90,,228,,55,,,,,,,,,,,,,,,,,,,,,,,,,,,,,,,,,,,,,,,,,,,,,,,,,,,,,,,,,,,,,,,,,,,,,,,,,,,,,,,,,,,,,,,,,,,,,,,,,,,,,,,,,,,,,,,,,,,,,,,,,,,,,,,,,,,,,,,,,,,,
2013PN200085,OIL SANDS LONGTERM WQ MONITORING,"ATHABASCA RIVER M6, BELOW MACKAY RIVER",AL07DD0009,57.21505,-111.6115,2013-08-08 12:45,WATER,ISOKINETIC TRANSECT COMPOSITE - EWI,,,116.658,,0,,1.324,,0,,95.231,,0,,PM,,0.43,,17.988,,PM,,127.334,,,,,,NA,,NA,,95.7,,,,4.77,,0.08,,,,8.14,,,,,,,,15.1,,26.3,,7.18,,0.97,,5.75,,9.72,,90,,227,,55,,,,,,,,,,,,,,,,,,,,,,,,,,,,,,,,,,,,,,,,,,,,,,,,,,,,,,,,,,,,,,,,,,,,,,,,,,,,,,,,,,,,,,,,,,,,,,,,,,,,,,,,,,,,,,,,,,,,,,,,,,,,,,,,,,,,,,,,,,,,
2013PN200086,OIL SANDS LONGTERM WQ MONITORING,"ATHABASCA RIVER M6, BELOW MACKAY RIVER",AL07DD0009,57.21505,-111.6115,2013-08-08 12:50,WATER,ISOKINETIC TRANSECT COMPOSITE - EWI,,,116.293,,0,,1.319,,0,,95.399,,0,,PM,,0.43,,17.751,,PM,,126.734,,,,,,NA,,NA,,95.4,,,,4.74,,0.08,,,,8.14,,,,,,,,14.8,,26.4,,7.16,,0.96,,5.73,,9.58,,80,,228,,55,,,,,,,,,,,,,,,,,,,,,,,,,,,,,,,,,,,,,,,,,,,,,,,,,,,,,,,,,,,,,,,,,,,,,,,,,,,,,,,,,,,,,,,,,,,,,,,,,,,,,,,,,,,,,,,,,,,,,,,,,,,,,,,,,,,,,,,,,,,,
2013PN200090,OIL SANDS LONGTERM WQ MONITORING,M5 LTWQ PANEL 5 OF 10,AL07DD0005,57.15680556,-111.6275,2013-08-20 11:36,WATER,TRIPLICATE SAMPLE,3.9,,123.119,,0,,1.158,,8.871,,109.871,,0,,0.186,,0.43,,17.035,,7.848,,142.614,,,,,,NA,,NA,,101,,,,5.01,,0.09,,,,8.22,,,,,,,,21.2,,30.3,,8.31,,1.13,,5.43,,10.5,,40,,244,,26,,8.45,,8.05,,254,,19.99,,34.3,,,,,,,,,,,,,,,,,,,,,,,,,,,,,,,,,,,,,,,,,,,,,,,,,,,,,,,,,,,,,,,,,,,,,,,,,,,,,,,,,,,,,,,,,,,,,,,,,,,,,,,,,,,,,,,,,,,,,,,,,,,,,,,,,,
2013PN200091,OIL SANDS LONGTERM WQ MONITORING,M5 LTWQ PANEL 5 OF 10,AL07DD0005,57.15680556,-111.6275,2013-08-20 11:41,WATER,TRIPLICATE SAMPLE,3.9,,123.119,,0,,1.131,,9.121,,110.121,,0,,PM,,0.43,,16.871,,PM,,142.664,,,,,,NA,,NA,,101,,,,5.04,,0.08,,,,8.23,,,,,,,,21.2,,30.4,,8.31,,1.12,,5.47,,10.4,,40,,244,,27,,,,,,,,,,,,,,,,,,,,,,,,,,,,,,,,,,,,,,,,,,,,,,,,,,,,,,,,,,,,,,,,,,,,,,,,,,,,,,,,,,,,,,,,,,,,,,,,,,,,,,,,,,,,,,,,,,,,,,,,,,,,,,,,,,,,,,,,,,,,
2013PN200092,OIL SANDS LONGTERM WQ MONITORING,M5 LTWQ PANEL 5 OF 10,AL07DD0005,57.15680556,-111.6275,2013-08-20 11:46,WATER,TRIPLICATE SAMPLE,3.9,,124.338,,0,,1.142,,2.605,,104.605,,0,,PM,,0.42,,16.729,,PM,,138.854,,,,,,NA,,NA,,102,,,,4.67,,0.08,,,,8.23,,,,,,,,20.1,,28.9,,7.88,,1.07,,5.13,,9.78,,40,,246,,27,,,,,,,,,,,,,,,,,,,,,,,,,,,,,,,,,,,,,,,,,,,,,,,,,,,,,,,,,,,,,,,,,,,,,,,,,,,,,,,,,,,,,,,,,,,,,,,,,,,,,,,,,,,,,,,,,,,,,,,,,,,,,,,,,,,,,,,,,,,,
2013PN200093,OIL SANDS LONGTERM WQ MONITORING,M5 LTWQ PANEL 9 OF 10,AL07DD0005,57.15747222,-111.6246944,2013-08-20 13:13,WATER,VERTICAL INTEGRATED,2.1,,120.925,,0,,1.137,,0,,99.084,,0,,0.136,,0.49,,19.539,,7.949,,136.634,,,,,,NA,,NA,,99.2,,,,6.69,,0.08,,,,8.22,,,,,,,,17.6,,27.2,,7.57,,1.03,,5.7,,11.2,,45,,243,,23,,8.55,,8.05,,253,,20.08,,28.5,,,,,,,,,,,,,,,,,,,,,,,,,,,,,,,,,,,,,,,,,,,,,,,,,,,,,,,,,,,,,,,,,,,,,,,,,,,,,,,,,,,,,,,,,,,,,,,,,,,,,,,,,,,,,,,,,,,,,,,,,,,,,,,,,,
2013PN200094,OIL SANDS LONGTERM WQ MONITORING,M5 LTWQ PANEL 10 OF 10,AL07DD0005,57.15758333,-111.6239444,2013-08-20 13:34,WATER,VERTICAL INTEGRATED,2.1,,121.656,,0,,1.144,,3.557,,103.357,,0,,0.156,,0.5,,19.562,,7.907,,140.044,,,,,,NA,,NA,,99.8,,,,6.99,,0.09,,,,8.22,,,,,,,,18,,28.4,,7.88,,1.07,,5.99,,11.7,,55,,246,,22,,8.58,,8.05,,254,,20.1,,28.3,,,,,,,,,,,,,,,,,,,,,,,,,,,,,,,,,,,,,,,,,,,,,,,,,,,,,,,,,,,,,,,,,,,,,,,,,,,,,,,,,,,,,,,,,,,,,,,,,,,,,,,,,,,,,,,,,,,,,,,,,,,,,,,,,,
2013PN200095,OIL SANDS LONGTERM WQ MONITORING,ATHABASCA RIVER M5 ABOVE MACKAY RIVER,AL07DD0005,57.15680556,-111.6270528,2013-08-20 13:45,WATER,ISOKINETIC TRANSECT COMPOSITE - EWI,,,123.119,,0,,1.054,,6.259,,107.259,,0,,PM,,0.44,,17.24,,PM,,140.974,,,,,,NA,,NA,,101,,,,5.2,,0.09,,,,8.26,,,,,,,,20.4,,29.6,,8.1,,1.11,,5.43,,10.4,,35,,246,,25,,,,,,,,,,,,,,,,,,,,,,,,,,,,,,,,,,,,,,,,,,,,,,,,,,,,,,,,,,,,,,,,,,,,,,,,,,,,,,,,,,,,,,,,,,,,,,,,,,,,,,,,,,,,,,,,,,,,,,,,,,,,,,,,,,,,,,,,,,,,
2013PN200096,OIL SANDS LONGTERM WQ MONITORING,ATHABASCA RIVER M5 ABOVE MACKAY RIVER,AL07DD0005,57.15680556,-111.6270528,2013-08-20 13:50,WATER,ISOKINETIC TRANSECT COMPOSITE - EWI,,,123.119,,0,,1.105,,6.879,,107.879,,0,,PM,,0.45,,17.428,,PM,,141.734,,,,,,NA,,NA,,101,,,,5.32,,0.09,,,,8.24,,,,,,,,20.6,,29.7,,8.19,,1.13,,5.46,,10.6,,40,,244,,25,,,,,,,,,,,,,,,,,,,,,,,,,,,,,,,,,,,,,,,,,,,,,,,,,,,,,,,,,,,,,,,,,,,,,,,,,,,,,,,,,,,,,,,,,,,,,,,,,,,,,,,,,,,,,,,,,,,,,,,,,,,,,,,,,,,,,,,,,,,,
2013PN200097,OIL SANDS LONGTERM WQ MONITORING,ATHABASCA RIVER M5 ABOVE MACKAY RIVER,AL07DD0005,57.15680556,-111.6270528,2013-08-20 13:55,WATER,ISOKINETIC TRANSECT COMPOSITE - EWI,,,123.119,,0,,1.158,,7.255,,108.255,,0,,PM,,0.44,,17.112,,PM,,141.574,,,,,,NA,,NA,,101,,,,5.23,,0.09,,,,8.22,,,,,,,,20.6,,29.9,,8.16,,1.1,,5.45,,10.4,,40,,249,,25,,,,,,,,,,,,,,,,,,,,,,,,,,,,,,,,,,,,,,,,,,,,,,,,,,,,,,,,,,,,,,,,,,,,,,,,,,,,,,,,,,,,,,,,,,,,,,,,,,,,,,,,,,,,,,,,,,,,,,,,,,,,,,,,,,,,,,,,,,,,
2013PN200103,OIL SANDS LONGTERM WQ MONITORING,M4 LTWQ PANEL 3 OF 10,AL07DD0004,57.12669444,-111.6035278,2013-08-21 11:27,WATER,VERTICAL INTEGRATED,3.1,,125.557,,0,,1.238,,4.305,,107.305,,0,,0.148,,0.36,,14.559,,7.905,,137.639,,,,,,NA,,NA,,103,,,,3.46,,0.07,,,,8.2,,,,,,,,20.1,,29.8,,7.99,,1.1,,4.76,,8.51,,35,,245,,36,,8.62,,8.09,,254,,19.29,,47.3,,,,,,,,,,,,,,,,,,,,,,,,,,,,,,,,,,,,,,,,,,,,,,,,,,,,,,,,,,,,,,,,,,,,,,,,,,,,,,,,,,,,,,,,,,,,,,,,,,,,,,,,,,,,,,,,,,,,,,,,,,,,,,,,,,
2013PN200104,OIL SANDS LONGTERM WQ MONITORING,M4 LTWQ PANEL 9 OF 10,AL07DD0004,57.12761111,-111.6001389,2013-08-21 12:42,WATER,VERTICAL INTEGRATED,4.8,,118.974,,0,,1.229,,2.815,,100.415,,0,,0.069,,0.45,,18.197,,8.042,,134.424,,,,,,NA,,NA,,97.6,,,,6.26,,0.09,,,,8.18,,,,,,,,17.3,,27.7,,7.59,,1.06,,5.42,,10.4,,50,,242,,34,,8.66,,8.05,,248,,19.13,,44.3,,,,,,,,,,,,,,,,,,,,,,,,,,,,,,,,,,,,,,,,,,,,,,,,,,,,,,,,,,,,,,,,,,,,,,,,,,,,,,,,,,,,,,,,,,,,,,,,,,,,,,,,,,,,,,,,,,,,,,,,,,,,,,,,,,
2013PN200105,OIL SANDS LONGTERM WQ MONITORING,M4 LT WQ PANEL 10 OF 10,AL07DD0004,57.12763889,-111.6000278,2013-08-21 13:18,WATER,VERTICAL INTEGRATED,4.3,,117.999,,0,,1.308,,7.097,,103.897,,0,,0.053,,0.49,,19.073,,8.044,,138.004,,,,,,NA,,NA,,96.8,,,,7.36,,0.08,,,,8.15,,,,,,,,17.6,,28.6,,7.89,,1.09,,5.86,,11.4,,55,,242,,31,,8.7,,8.05,,248,,19.29,,39,,,,,,,,,,,,,,,,,,,,,,,,,,,,,,,,,,,,,,,,,,,,,,,,,,,,,,,,,,,,,,,,,,,,,,,,,,,,,,,,,,,,,,,,,,,,,,,,,,,,,,,,,,,,,,,,,,,,,,,,,,,,,,,,,,
2013PN200106,OIL SANDS LONGTERM WQ MONITORING,ATHABASCA RIVER M4 ABOVE MUSKEG RIVER,AL07DD0004,57.12697222,-111.6024167,2013-08-21 13:30,WATER,ISOKINETIC TRANSECT COMPOSITE - EWI,,,121.778,,0,,1.258,,11.385,,111.285,,0,,PM,,0.42,,16.457,,PM,,141.484,,,,,,NA,,NA,,99.9,,,,5.44,,0.08,,,,8.18,,,,,,,,20,,30.8,,8.35,,1.12,,5.51,,10.2,,45,,243,,36,,,,,,,,,,,,,,,,,,,,,,,,,,,,,,,,,,,,,,,,,,,,,,,,,,,,,,,,,,,,,,,,,,,,,,,,,,,,,,,,,,,,,,,,,,,,,,,,,,,,,,,,,,,,,,,,,,,,,,,,,,,,,,,,,,,,,,,,,,,,
2013PN200107,OIL SANDS LONGTERM WQ MONITORING,ATHABASCA RIVER M4 ABOVE MUSKEG RIVER,AL07DD0004,57.12697222,-111.6024167,2013-08-21 13:40,WATER,ISOKINETIC TRANSECT COMPOSITE - EWI,,,123.119,,0,,1.214,,9.242,,110.242,,0,,PM,,0.43,,16.849,,PM,,141.814,,,,,,NA,,NA,,101,,,,5.38,,0.08,,,,8.2,,,,,,,,20,,30.3,,8.4,,1.16,,5.45,,10.4,,50,,244,,35,,,,,,,,,,,,,,,,,,,,,,,,,,,,,,,,,,,,,,,,,,,,,,,,,,,,,,,,,,,,,,,,,,,,,,,,,,,,,,,,,,,,,,,,,,,,,,,,,,,,,,,,,,,,,,,,,,,,,,,,,,,,,,,,,,,,,,,,,,,,
2013PN200108,OIL SANDS LONGTERM WQ MONITORING,ATHABASCA RIVER M4 ABOVE MUSKEG RIVER,AL07DD0004,57.12697222,-111.6024167,2013-08-21 13:50,WATER,ISOKINETIC TRANSECT COMPOSITE - EWI,,,121.9,,0,,1.259,,9.575,,109.575,,0,,PM,,0.45,,17.471,,PM,,141.844,,,,,,NA,,NA,,100,,,,5.76,,0.09,,,,8.18,,,,,,,,20.1,,30,,8.42,,1.16,,5.47,,10.8,,45,,244,,34,,,,,,,,,,,,,,,,,,,,,,,,,,,,,,,,,,,,,,,,,,,,,,,,,,,,,,,,,,,,,,,,,,,,,,,,,,,,,,,,,,,,,,,,,,,,,,,,,,,,,,,,,,,,,,,,,,,,,,,,,,,,,,,,,,,,,,,,,,,,
2013PN200109,OIL SANDS LONGTERM WQ MONITORING,M7 LTWQ PANEL 4 OF 10,AL07DD0007,57.31365,-111.67278,2013-08-22 9:25,WATER,VERTICAL INTEGRATED,3,,124.338,,0,,1.197,,11.323,,113.323,,0,,0.155,,0.41,,15.893,,7.901,,143.192,,,,,,NA,,NA,,102,,,,5.11,,0.09,,,,8.21,,,,,,,,20.1,,31.6,,8.36,,1.11,,5.56,,9.96,,50,,249,,40,,8.88,,8.08,,252,,18.53,,52.2,,,,,,,,,,,,,,,,,,,,,,,,,,,,,,,,,,,,,,,,,,,,,,,,,,,,,,,,,,,,,,,,,,,,,,,,,,,,,,,,,,,,,,,,,,,,,,,,,,,,,,,,,,,,,,,,,,,,,,,,,,,,,,,,,,
2013PN200110,OIL SANDS LONGTERM WQ MONITORING,M5 LTWQ PANEL 5 OF 10,AL07DD0005,57.15680556,-111.6275,2013-09-17 11:57,WATER,VERTICAL INTEGRATED,2.6,,120.681,,1.2,,0.873,,6.506,,107.506,,0,,0.223,,0.45,,17.742,,7.894,,143.024,,,,,,NA,,1,,101,,,,6.67,,0.09,,,,8.34,,,,,,,,21.9,,29.6,,8.16,,1.17,,3.99,,10.8,,15,,269,,11,,8.92,,8.21,,268,,17.53,,12.7,,,,,,,,,,,,,,,,,,,,,,,,,,,,,,,,,,,,,,,,,,,,,,,,,,,,,,,,,,,,,,,,,,,,,,,,,,,,,,,,,,,,,,,,,,,,,,,,,,,,,,,,,,,,,,,,,,,,,,,,,,,,,,,,,,
2013PN200111,OIL SANDS LONGTERM WQ MONITORING,M5 LTWQ PANEL 9 OF 10,AL07DD0005,57.15747222,-111.6246944,2013-09-17 13:22,WATER,VERTICAL INTEGRATED,0.7,,118.731,,2.16,,0.813,,5.186,,106.186,,0,,0.246,,0.47,,18.336,,7.877,,142.744,,,,,,NA,,1.8,,101,,,,7.57,,0.09,,,,8.37,,,,,,,,20.6,,29.5,,7.9,,1.12,,4.22,,11.1,,20,,269,,11,,8.9,,8.19,,269,,17.37,,16.2,,,,,,,,,,,,,,,,,,,,,,,,,,,,,,,,,,,,,,,,,,,,,,,,,,,,,,,,,,,,,,,,,,,,,,,,,,,,,,,,,,,,,,,,,,,,,,,,,,,,,,,,,,,,,,,,,,,,,,,,,,,,,,,,,,
2013PN200112,OIL SANDS LONGTERM WQ MONITORING,M5 LTWQ PANEL 10 OF 10,AL07DD0005,57.15758333,-111.6239444,2013-09-17 13:46,WATER,VERTICAL INTEGRATED,0.7,,122.144,,1.08,,0.882,,4.811,,106.811,,0,,0.222,,0.46,,17.983,,7.897,,143.364,,,,,,NA,,0.9,,102,,,,7.6,,0.09,,,,8.34,,,,,,,,20.5,,29.8,,7.87,,1.1,,4.26,,10.9,,25,,269,,10,,8.93,,8.18,,270,,17.28,,13.5,,,,,,,,,,,,,,,,,,,,,,,,,,,,,,,,,,,,,,,,,,,,,,,,,,,,,,,,,,,,,,,,,,,,,,,,,,,,,,,,,,,,,,,,,,,,,,,,,,,,,,,,,,,,,,,,,,,,,,,,,,,,,,,,,,
2013PN200113,OIL SANDS LONGTERM WQ MONITORING,ATHABASCA RIVER M5 ABOVE MACKAY RIVER,AL07DD0005,57.15680556,-111.6270528,2013-09-17 14:00,WATER,ISOKINETIC TRANSECT COMPOSITE - EWI,,,121.412,,0.84,,0.915,,8.589,,109.589,,0,,PM,,0.44,,17.338,,PM,,143.864,,,,,,NA,,0.7,,101,,,,6.87,,0.09,,,,8.32,,,,,,,,21.7,,30.5,,8.12,,1.14,,4.1,,10.7,,15,,266,,10,,,,,,,,,,,,,,,,,,,,,,,,,,,,,,,,,,,,,,,,,,,,,,,,,,,,,,,,,,,,,,,,,,,,,,,,,,,,,,,,,,,,,,,,,,,,,,,,,,,,,,,,,,,,,,,,,,,,,,,,,,,,,,,,,,,,,,,,,,,,
2013PN200114,OIL SANDS LONGTERM WQ MONITORING,ATHABASCA RIVER M5 ABOVE MACKAY RIVER,AL07DD0005,57.15680556,-111.6270528,2013-09-17 14:05,WATER,ISOKINETIC TRANSECT COMPOSITE - EWI,,,121.169,,0.96,,0.894,,7.672,,108.672,,0,,PM,,0.46,,17.719,,PM,,143.734,,,,,,NA,,0.8,,101,,,,6.9,,0.09,,,,8.33,,,,,,,,21.7,,30.1,,8.14,,1.18,,4.08,,10.9,,15,,268,,9.9,,,,,,,,,,,,,,,,,,,,,,,,,,,,,,,,,,,,,,,,,,,,,,,,,,,,,,,,,,,,,,,,,,,,,,,,,,,,,,,,,,,,,,,,,,,,,,,,,,,,,,,,,,,,,,,,,,,,,,,,,,,,,,,,,,,,,,,,,,,,
2013PN200115,OIL SANDS LONGTERM WQ MONITORING,ATHABASCA RIVER M5 ABOVE MACKAY RIVER,AL07DD0005,57.15680556,-111.6270528,2013-09-17 14:10,WATER,ISOKINETIC TRANSECT COMPOSITE - EWI,,,122.144,,1.08,,0.903,,8.083,,110.083,,0,,PM,,0.46,,17.667,,PM,,145.574,,,,,,NA,,0.9,,102,,,,7,,0.09,,,,8.33,,,,,,,,22.2,,30.5,,8.24,,1.18,,4.12,,11,,20,,267,,9.9,,,,,,,,,,,,,,,,,,,,,,,,,,,,,,,,,,,,,,,,,,,,,,,,,,,,,,,,,,,,,,,,,,,,,,,,,,,,,,,,,,,,,,,,,,,,,,,,,,,,,,,,,,,,,,,,,,,,,,,,,,,,,,,,,,,,,,,,,,,,
2013PN200116,OIL SANDS LONGTERM WQ MONITORING,M4 LTWQ PANEL 3 OF 10,AL07DD0004,57.12669444,-111.6035278,2013-09-18 11:16,WATER,VERTICAL INTEGRATED,2.1,,124.338,,0,,1.255,,4.721,,106.721,,0,,0.007,,0.46,,17.842,,8.176,,143.004,,,,,,NA,,NA,,102,,,,6.46,,0.09,,,,8.19,,,,,,,,21.9,,29.5,,8.03,,1.2,,3.78,,10.8,,15,,269,,8.3,,9.26,,8.21,,270,,15.29,,10.3,,,,,,,,,,,,,,,,,,,,,,,,,,,,,,,,,,,,,,,,,,,,,,,,,,,,,,,,,,,,,,,,,,,,,,,,,,,,,,,,,,,,,,,,,,,,,,,,,,,,,,,,,,,,,,,,,,,,,,,,,,,,,,,,,,
2013PN200117,OIL SANDS LONGTERM WQ MONITORING,M4 LTWQ PANEL 9 OF 10,AL07DD0004,57.12761111,-111.6001389,2013-09-18 12:55,WATER,VERTICAL INTEGRATED,2.5,,121.9,,0,,1.094,,8.502,,108.502,,0,,0.046,,0.51,,19.56,,8.148,,145.614,,,,,,NA,,NA,,100,,,,7.99,,0.1,,,,8.24,,,,,,,,21.6,,29.9,,8.22,,1.26,,4.2,,12.3,,20,,266,,9.4,,9.49,,8.19,,267,,15.06,,8,,,,,,,,,,,,,,,,,,,,,,,,,,,,,,,,,,,,,,,,,,,,,,,,,,,,,,,,,,,,,,,,,,,,,,,,,,,,,,,,,,,,,,,,,,,,,,,,,,,,,,,,,,,,,,,,,,,,,,,,,,,,,,,,,,
2013PN200118,OIL SANDS LONGTERM WQ MONITORING,M4 LT WQ PANEL 10 OF 10,AL07DD0004,57.12763889,-111.6000278,2013-09-18 13:32,WATER,VERTICAL INTEGRATED,4.2,,121.9,,0,,1.12,,2.693,,102.693,,0,,0.008,,0.53,,20.567,,8.215,,142.394,,,,,,NA,,NA,,100,,,,8.27,,0.09,,,,8.23,,,,,,,,20.2,,28.2,,7.84,,1.22,,4.13,,12.4,,20,,268,,8.3,,9.46,,8.2,,268,,14.93,,9,,,,,,,,,,,,,,,,,,,,,,,,,,,,,,,,,,,,,,,,,,,,,,,,,,,,,,,,,,,,,,,,,,,,,,,,,,,,,,,,,,,,,,,,,,,,,,,,,,,,,,,,,,,,,,,,,,,,,,,,,,,,,,,,,,
2013PN200119,OIL SANDS LONGTERM WQ MONITORING,ATHABASCA RIVER M4 ABOVE MUSKEG RIVER,AL07DD0004,57.12697222,-111.6024167,2013-09-18 13:50,WATER,ISOKINETIC TRANSECT COMPOSITE - EWI,,,123.119,,0,,1.131,,4.184,,105.184,,0,,PM,,0.49,,18.999,,PM,,142.994,,,,,,NA,,NA,,101,,,,7.35,,0.09,,,,8.23,,,,,,,,21.3,,29,,7.96,,1.21,,3.94,,11.5,,20,,267,,10,,,,,,,,,,,,,,,,,,,,,,,,,,,,,,,,,,,,,,,,,,,,,,,,,,,,,,,,,,,,,,,,,,,,,,,,,,,,,,,,,,,,,,,,,,,,,,,,,,,,,,,,,,,,,,,,,,,,,,,,,,,,,,,,,,,,,,,,,,,,
2013PN200120,OIL SANDS LONGTERM WQ MONITORING,ATHABASCA RIVER M4 ABOVE MUSKEG RIVER,AL07DD0004,57.12697222,-111.6024167,2013-09-18 13:55,WATER,ISOKINETIC TRANSECT COMPOSITE - EWI,,,121.9,,0,,1.147,,4.77,,104.77,,0,,PM,,0.49,,18.928,,PM,,142.074,,,,,,NA,,NA,,100,,,,7.38,,0.09,,,,8.22,,,,,,,,21.2,,28.9,,7.92,,1.19,,3.95,,11.4,,20,,267,,9.9,,,,,,,,,,,,,,,,,,,,,,,,,,,,,,,,,,,,,,,,,,,,,,,,,,,,,,,,,,,,,,,,,,,,,,,,,,,,,,,,,,,,,,,,,,,,,,,,,,,,,,,,,,,,,,,,,,,,,,,,,,,,,,,,,,,,,,,,,,,,
2013PN200121,OIL SANDS LONGTERM WQ MONITORING,ATHABASCA RIVER M4 ABOVE MUSKEG RIVER,AL07DD0004,57.12697222,-111.6024167,2013-09-18 14:00,WATER,ISOKINETIC TRANSECT COMPOSITE - EWI,,,123.119,,0,,1.079,,5.674,,106.674,,0,,PM,,0.5,,19.442,,PM,,144.574,,,,,,NA,,NA,,101,,,,7.45,,0.09,,,,8.25,,,,,,,,21.7,,29.3,,8.14,,1.22,,4.03,,12,,15,,267,,9.5,,,,,,,,,,,,,,,,,,,,,,,,,,,,,,,,,,,,,,,,,,,,,,,,,,,,,,,,,,,,,,,,,,,,,,,,,,,,,,,,,,,,,,,,,,,,,,,,,,,,,,,,,,,,,,,,,,,,,,,,,,,,,,,,,,,,,,,,,,,,
2013PN200122,OIL SANDS LONGTERM WQ MONITORING,M7 LTWQ PANEL 1 OF 10,AL07DD0007,57.31332,-111.67533,2013-09-19 11:52,WATER,TRIPLICATE SAMPLE,3.3,,124.338,,0,,1.09,,12.849,,114.849,,0,,0.028,,0.51,,18.933,,8.193,,150.724,,,,,,NA,,NA,,102,,,,7.83,,0.09,,,,8.25,,,,,,,,23.1,,31.7,,8.67,,1.3,,4.29,,12.5,,20,,270,,9.5,,9.92,,8.3,,271,,13.14,,10.5,,,,,,,,,,,,,,,,,,,,,,,,,,,,,,,,,,,,,,,,,,,,,,,,,,,,,,,,,,,,,,,,,,,,,,,,,,,,,,,,,,,,,,,,,,,,,,,,,,,,,,,,,,,,,,,,,,,,,,,,,,,,,,,,,,
2013PN200123,OIL SANDS LONGTERM WQ MONITORING,M7 LTWQ PANEL 1 OF 10,AL07DD0007,57.31332,-111.67533,2013-09-19 11:57,WATER,TRIPLICATE SAMPLE,3.3,,124.338,,0,,1.04,,11.809,,113.809,,0,,PM,,0.52,,19.317,,PM,,150.434,,,,,,NA,,NA,,102,,,,7.84,,0.09,,,,8.27,,,,,,,,23,,31.3,,8.66,,1.3,,4.3,,12.7,,20,,271,,8.6,,,,,,,,,,,,,,,,,,,,,,,,,,,,,,,,,,,,,,,,,,,,,,,,,,,,,,,,,,,,,,,,,,,,,,,,,,,,,,,,,,,,,,,,,,,,,,,,,,,,,,,,,,,,,,,,,,,,,,,,,,,,,,,,,,,,,,,,,,,,
2013PN200124,OIL SANDS LONGTERM WQ MONITORING,M7 LTWQ PANEL 1 OF 10,AL07DD0007,57.31332,-111.67533,2013-09-19 12:02,WATER,TRIPLICATE SAMPLE,3.3,,124.338,,0,,1.065,,13.058,,115.058,,0,,PM,,0.51,,18.912,,PM,,150.694,,,,,,NA,,NA,,102,,,,7.85,,0.09,,,,8.26,,,,,,,,23,,31.8,,8.66,,1.26,,4.29,,12.5,,20,,271,,8,,,,,,,,,,,,,,,,,,,,,,,,,,,,,,,,,,,,,,,,,,,,,,,,,,,,,,,,,,,,,,,,,,,,,,,,,,,,,,,,,,,,,,,,,,,,,,,,,,,,,,,,,,,,,,,,,,,,,,,,,,,,,,,,,,,,,,,,,,,,
2013PN200125,OIL SANDS LONGTERM WQ MONITORING,M7 LTWQ PANEL 6 OF 10,AL07DD0007,57.31373,-111.67093,2013-09-19 14:16,WATER,VERTICAL INTEGRATED,2.1,,121.9,,0,,1.02,,14.901,,114.901,,0,,0.058,,0.49,,18.566,,8.154,,149.114,,,,,,NA,,NA,,100,,,,8.28,,0.09,,,,8.27,,,,,,,,22.3,,32.1,,8.44,,1.24,,4.42,,12.2,,20,,268,,8.2,,9.93,,8.21,,268,,13.55,,11.6,,,,,,,,,,,,,,,,,,,,,,,,,,,,,,,,,,,,,,,,,,,,,,,,,,,,,,,,,,,,,,,,,,,,,,,,,,,,,,,,,,,,,,,,,,,,,,,,,,,,,,,,,,,,,,,,,,,,,,,,,,,,,,,,,,
2013PN200126,OIL SANDS LONGTERM WQ MONITORING,M7 LTWQ PANEL 10 OF 10,AL07DD0007,57.31395,-111.66737,2013-09-19 15:05,WATER,VERTICAL INTEGRATED,2.1,,123.119,,0,,0.982,,13.566,,114.566,,0,,0.085,,0.51,,18.977,,8.12,,150.034,,,,,,NA,,NA,,101,,,,8.42,,0.09,,,,8.29,,,,,,,,22.3,,31.9,,8.48,,1.26,,4.44,,12.5,,20,,268,,7.7,,10,,8.22,,268,,13.71,,10.6,,,,,,,,,,,,,,,,,,,,,,,,,,,,,,,,,,,,,,,,,,,,,,,,,,,,,,,,,,,,,,,,,,,,,,,,,,,,,,,,,,,,,,,,,,,,,,,,,,,,,,,,,,,,,,,,,,,,,,,,,,,,,,,,,,
2013PN200127,OIL SANDS LONGTERM WQ MONITORING,"ATHABASCA RIVER M7, BELOW ELLS RIVER",AL07DD0007,57.31373,-111.67183,2013-09-19 15:25,WATER,ISOKINETIC TRANSECT COMPOSITE - EWI,,,123.119,,0,,1.03,,13.229,,114.229,,0,,PM,,0.51,,19.018,,PM,,149.884,,,,,,NA,,NA,,101,,,,8.22,,0.09,,,,8.27,,,,,,,,22.6,,31.6,,8.58,,1.28,,4.37,,12.5,,20,,268,,8.7,,,,,,,,,,,,,,,,,,,,,,,,,,,,,,,,,,,,,,,,,,,,,,,,,,,,,,,,,,,,,,,,,,,,,,,,,,,,,,,,,,,,,,,,,,,,,,,,,,,,,,,,,,,,,,,,,,,,,,,,,,,,,,,,,,,,,,,,,,,,
2013PN200128,OIL SANDS LONGTERM WQ MONITORING,"ATHABASCA RIVER M7, BELOW ELLS RIVER",AL07DD0007,57.31373,-111.67183,2013-09-19 15:30,WATER,ISOKINETIC TRANSECT COMPOSITE - EWI,,,123.119,,0,,1.006,,12.938,,113.938,,0,,PM,,0.51,,19.059,,PM,,149.604,,,,,,NA,,NA,,101,,,,8.16,,0.09,,,,8.28,,,,,,,,22.5,,31.5,,8.57,,1.27,,4.37,,12.5,,20,,269,,8.1,,,,,,,,,,,,,,,,,,,,,,,,,,,,,,,,,,,,,,,,,,,,,,,,,,,,,,,,,,,,,,,,,,,,,,,,,,,,,,,,,,,,,,,,,,,,,,,,,,,,,,,,,,,,,,,,,,,,,,,,,,,,,,,,,,,,,,,,,,,,
2013PN200129,OIL SANDS LONGTERM WQ MONITORING,"ATHABASCA RIVER M7, BELOW ELLS RIVER",AL07DD0007,57.31373,-111.67183,2013-09-19 15:35,WATER,ISOKINETIC TRANSECT COMPOSITE - EWI,,,123.119,,0,,1.03,,12.48,,113.48,,0,,PM,,0.52,,19.36,,PM,,149.764,,,,,,NA,,NA,,101,,,,8.19,,0.09,,,,8.27,,,,,,,,22.6,,31.3,,8.58,,1.31,,4.35,,12.7,,20,,268,,8.9,,,,,,,,,,,,,,,,,,,,,,,,,,,,,,,,,,,,,,,,,,,,,,,,,,,,,,,,,,,,,,,,,,,,,,,,,,,,,,,,,,,,,,,,,,,,,,,,,,,,,,,,,,,,,,,,,,,,,,,,,,,,,,,,,,,,,,,,,,,,
2013PN200135,OIL SANDS LONGTERM WQ MONITORING,M5 LTWQ PANEL 3 OF 10,AL07DD0005,57.15655556,-111.6286944,2013-10-16 10:52,WATER,VERTICAL INTEGRATED,1.41,,137.747,,0,,1.358,,1.746,,114.746,,0,,-0.209,,0.64,,22.677,,8.618,,164.713,,,,,,NA,,NA,,113,,,,8.65,,0.1,,,,8.2,,,,,,,,26,,30.9,,9.13,,1.4,,4.98,,15.7,,35,,292,,9.4,,11.63,,7.81,,292,,6.59,,23.2,,,,,,,,,,,,,,,,,,,,,,,,,,,,,,,,,,,,,,,,,,,,,,,,,,,,,,,,,,,,,,,,,,,,,,,,,,,,,,,,,,,,,,,,,,,,,,,,,,,,,,,,,,,,,,,,,,,,,,,,,,,,,,,,,,
2013PN200136,OIL SANDS LONGTERM WQ MONITORING,M5 LTWQ PANEL 6 OF 10,AL07DD0005,57.15683333,-111.6265278,2013-10-16 12:23,WATER,VERTICAL INTEGRATED,2.23,,134.09,,0,,1.322,,0.934,,110.934,,0,,-0.23,,0.64,,23.163,,8.659,,159.934,,,,,,NA,,NA,,110,,,,9.01,,0.09,,,,8.2,,,,,,,,23.9,,30,,8.75,,1.34,,5.2,,15.6,,35,,287,,8.6,,11.68,,8,,286,,6.68,,22.5,,,,,,,,,,,,,,,,,,,,,,,,,,,,,,,,,,,,,,,,,,,,,,,,,,,,,,,,,,,,,,,,,,,,,,,,,,,,,,,,,,,,,,,,,,,,,,,,,,,,,,,,,,,,,,,,,,,,,,,,,,,,,,,,,,
2013PN200137,OIL SANDS LONGTERM WQ MONITORING,M5 LTWQ PANEL 9 OF 10,AL07DD0005,57.15747222,-111.6246944,2013-10-16 13:12,WATER,VERTICAL INTEGRATED,0.84,,135.309,,0,,1.334,,0,,108.069,,0,,-0.24,,0.64,,23.278,,8.681,,156.664,,,,,,NA,,NA,,111,,,,8.77,,0.09,,,,8.2,,,,,,,,21.2,,29.1,,8.6,,1.33,,5.63,,15.3,,35,,285,,7.9,,11.77,,7.96,,282,,6.6,,29,,,,,,,,,,,,,,,,,,,,,,,,,,,,,,,,,,,,,,,,,,,,,,,,,,,,,,,,,,,,,,,,,,,,,,,,,,,,,,,,,,,,,,,,,,,,,,,,,,,,,,,,,,,,,,,,,,,,,,,,,,,,,,,,,,
2013PN200138,OIL SANDS LONGTERM WQ MONITORING,ATHABASCA RIVER M5 ABOVE MACKAY RIVER,AL07DD0005,57.15680556,-111.6270528,2013-10-16 13:40,WATER,ISOKINETIC TRANSECT COMPOSITE - EWI,,,136.528,,0,,1.284,,0,,109.77,,0,,PM,,0.64,,23.118,,PM,,159.754,,,,,,NA,,NA,,112,,,,8.71,,0.09,,,,8.22,,,,,,,,23.5,,29.6,,8.71,,1.34,,5.16,,15.4,,35,,289,,8.9,,,,,,,,,,,,,,,,,,,,,,,,,,,,,,,,,,,,,,,,,,,,,,,,,,,,,,,,,,,,,,,,,,,,,,,,,,,,,,,,,,,,,,,,,,,,,,,,,,,,,,,,,,,,,,,,,,,,,,,,,,,,,,,,,,,,,,,,,,,,
2013PN200139,OIL SANDS LONGTERM WQ MONITORING,ATHABASCA RIVER M5 ABOVE MACKAY RIVER,AL07DD0005,57.15680556,-111.6270528,2013-10-16 13:45,WATER,ISOKINETIC TRANSECT COMPOSITE - EWI,,,135.309,,0,,1.273,,0,,109.814,,0,,PM,,0.62,,22.655,,PM,,158.594,,,,,,NA,,NA,,111,,,,8.64,,0.09,,,,8.22,,,,,,,,23.5,,29.7,,8.66,,1.3,,5.06,,15,,35,,291,,9,,,,,,,,,,,,,,,,,,,,,,,,,,,,,,,,,,,,,,,,,,,,,,,,,,,,,,,,,,,,,,,,,,,,,,,,,,,,,,,,,,,,,,,,,,,,,,,,,,,,,,,,,,,,,,,,,,,,,,,,,,,,,,,,,,,,,,,,,,,,
2013PN200140,OIL SANDS LONGTERM WQ MONITORING,ATHABASCA RIVER M5 ABOVE MACKAY RIVER,AL07DD0005,57.15680556,-111.6270528,2013-10-16 13:50,WATER,ISOKINETIC TRANSECT COMPOSITE - EWI,,,135.309,,0,,1.243,,2.639,,113.639,,0,,PM,,0.61,,21.956,,PM,,160.694,,,,,,NA,,NA,,111,,,,8.86,,0.09,,,,8.23,,,,,,,,23.9,,31.1,,8.74,,1.29,,5.17,,14.9,,35,,292,,8.6,,,,,,,,,,,,,,,,,,,,,,,,,,,,,,,,,,,,,,,,,,,,,,,,,,,,,,,,,,,,,,,,,,,,,,,,,,,,,,,,,,,,,,,,,,,,,,,,,,,,,,,,,,,,,,,,,,,,,,,,,,,,,,,,,,,,,,,,,,,,
2013PN200141,OIL SANDS LONGTERM WQ MONITORING,M4 LTWQ PANEL 4 OF 10,AL07DD0004,57.12694444,-111.6030833,2013-10-17 11:36,WATER,VERTICAL INTEGRATED,2.44,,137.747,,0,,1.358,,7.094,,120.094,,0,,-0.197,,0.66,,22.942,,8.594,,169.114,,,,,,NA,,NA,,113,,,,9.15,,0.1,,,,8.2,,,,,,,,26.8,,32.3,,9.58,,1.57,,5.07,,16.7,,30,,292,,7,,11.68,,8.08,,292,,6.43,,21.7,,,,,,,,,,,,,,,,,,,,,,,,,,,,,,,,,,,,,,,,,,,,,,,,,,,,,,,,,,,,,,,,,,,,,,,,,,,,,,,,,,,,,,,,,,,,,,,,,,,,,,,,,,,,,,,,,,,,,,,,,,,,,,,,,,
2013PN200142,OIL SANDS LONGTERM WQ MONITORING,M4 LTWQ PANEL 9 OF 10,AL07DD0004,57.12761111,-111.6001389,2013-10-17 12:53,WATER,VERTICAL INTEGRATED,0.9,,132.871,,0,,1.31,,2.088,,111.088,,0,,-0.248,,0.7,,24.559,,8.696,,161.684,,,,,,NA,,NA,,109,,,,9.93,,0.1,,,,8.2,,,,,,,,24,,29.6,,9.03,,1.5,,5.18,,16.9,,30,,286,,8.3,,11.72,,8.04,,285,,6.44,,22,,,,,,,,,,,,,,,,,,,,,,,,,,,,,,,,,,,,,,,,,,,,,,,,,,,,,,,,,,,,,,,,,,,,,,,,,,,,,,,,,,,,,,,,,,,,,,,,,,,,,,,,,,,,,,,,,,,,,,,,,,,,,,,,,,
2013PN200143,OIL SANDS LONGTERM WQ MONITORING,M4 LT WQ PANEL 10 OF 10,AL07DD0004,57.12763889,-111.6000278,2013-10-17 13:24,WATER,VERTICAL INTEGRATED,4.5,,131.652,,0,,1.36,,0,,106.867,,0,,-0.282,,0.67,,24.167,,8.744,,156.844,,,,,,NA,,NA,,108,,,,10.2,,0.09,,,,8.18,,,,,,,,22.1,,28.8,,8.49,,1.36,,5.06,,15.9,,30,,284,,7.9,,11.74,,8.04,,283,,6.47,,21.8,,,,,,,,,,,,,,,,,,,,,,,,,,,,,,,,,,,,,,,,,,,,,,,,,,,,,,,,,,,,,,,,,,,,,,,,,,,,,,,,,,,,,,,,,,,,,,,,,,,,,,,,,,,,,,,,,,,,,,,,,,,,,,,,,,
2013PN200144,OIL SANDS LONGTERM WQ MONITORING,ATHABASCA RIVER M4 ABOVE MUSKEG RIVER,AL07DD0004,57.12697222,-111.6024167,2013-10-17 13:30,WATER,ISOKINETIC TRANSECT COMPOSITE - EWI,,,135.309,,0,,1.303,,0.186,,111.186,,0,,PM,,0.62,,22.313,,PM,,159.444,,,,,,NA,,NA,,111,,,,9.1,,0.09,,,,8.21,,,,,,,,23.7,,30.2,,8.69,,1.36,,4.76,,14.9,,30,,290,,8,,,,,,,,,,,,,,,,,,,,,,,,,,,,,,,,,,,,,,,,,,,,,,,,,,,,,,,,,,,,,,,,,,,,,,,,,,,,,,,,,,,,,,,,,,,,,,,,,,,,,,,,,,,,,,,,,,,,,,,,,,,,,,,,,,,,,,,,,,,,
2013PN200145,OIL SANDS LONGTERM WQ MONITORING,ATHABASCA RIVER M4 ABOVE MUSKEG RIVER,AL07DD0004,57.12697222,-111.6024167,2013-10-17 13:40,WATER,ISOKINETIC TRANSECT COMPOSITE - EWI,,,135.309,,0,,1.303,,0,,110.599,,0,,PM,,0.64,,22.977,,PM,,159.864,,,,,,NA,,NA,,111,,,,9.17,,0.09,,,,8.21,,,,,,,,23.8,,29.8,,8.79,,1.39,,4.78,,15.4,,30,,291,,8.4,,,,,,,,,,,,,,,,,,,,,,,,,,,,,,,,,,,,,,,,,,,,,,,,,,,,,,,,,,,,,,,,,,,,,,,,,,,,,,,,,,,,,,,,,,,,,,,,,,,,,,,,,,,,,,,,,,,,,,,,,,,,,,,,,,,,,,,,,,,,
2013PN200146,OIL SANDS LONGTERM WQ MONITORING,ATHABASCA RIVER M4 ABOVE MUSKEG RIVER,AL07DD0004,57.12697222,-111.6024167,2013-10-17 13:50,WATER,ISOKINETIC TRANSECT COMPOSITE - EWI,,,135.309,,0,,1.303,,0,,108.566,,0,,PM,,0.64,,23.302,,PM,,158.814,,,,,,NA,,NA,,111,,,,9.06,,0.09,,,,8.21,,,,,,,,23.6,,29.2,,8.66,,1.39,,4.77,,15.4,,30,,292,,8.1,,,,,,,,,,,,,,,,,,,,,,,,,,,,,,,,,,,,,,,,,,,,,,,,,,,,,,,,,,,,,,,,,,,,,,,,,,,,,,,,,,,,,,,,,,,,,,,,,,,,,,,,,,,,,,,,,,,,,,,,,,,,,,,,,,,,,,,,,,,,
2013PN200150,OIL SANDS LONGTERM WQ MONITORING,M7 LTWQ PANEL 4 OF 10,AL07DD0007,57.31365,-111.67278,2013-10-24 11:59,WATER,VERTICAL INTEGRATED,2.3,,138.966,,0,,1.162,,9.669,,123.669,,0,,-0.176,,0.69,,23.494,,8.623,,173.372,,,,,,NA,,NA,,114,,,,10.1,,0.1,,,,8.27,,,,,,,,26.4,,33.6,,9.66,,1.41,,5.94,,17.7,,50,,298,,7.2,,12.24,,8.14,,291,,4.45,,7.8,,,,,,,,,,,,,,,,,,,,,,,,,,,,,,,,,,,,,,,,,,,,,,,,,,,,,,,,,,,,,,,,,,,,,,,,,,,,,,,,,,,,,,,,,,,,,,,,,,,,,,,,,,,,,,,,,,,,,,,,,,,,,,,,,,
2013PN200151,OIL SANDS LONGTERM WQ MONITORING,M3 LT WQ PANEL 2 OF 10,AL07DD0008,56.83851,-111.41779,2013-10-22 10:19,WATER,VERTICAL INTEGRATED,1.82,,160.908,,1.2,,1.215,,10.567,,144.567,,0,,0.042,,0.54,,18.092,,8.235,,189.754,,,,,,NA,,1,,134,,,,3.08,,0.11,,,,8.32,,,,,,,,35.1,,39.1,,11.4,,1.78,,3.84,,14.9,,25,,327,,5.3,,11.97,,8.37,,321,,5.48,,5.4,,,,,,,,,,,,,,,,,,,,,,,,,,,,,,,,,,,,,,,,,,,,,,,,,,,,,,,,,,,,,,,,,,,,,,,,,,,,,,,,,,,,,,,,,,,,,,,,,,,,,,,,,,,,,,,,,,,,,,,,,,,,,,,,,,
2013PN200152,OIL SANDS LONGTERM WQ MONITORING,M3 LT WQ PANEL 8 OF 10,AL07DD0008,56.83888,-111.41328,2013-10-22 11:46,WATER,VERTICAL INTEGRATED,1.72,,126.776,,0,,1.138,,3.268,,107.268,,0,,-0.304,,0.81,,27.796,,8.848,,162.044,,,,,,NA,,NA,,104,,,,12.8,,0.1,,,,8.24,,,,,,,,22.5,,28.4,,8.83,,1.46,,6.21,,19.3,,35,,284,,7.7,,12.2,,8.28,,279,,4.79,,9.3,,,,,,,,,,,,,,,,,,,,,,,,,,,,,,,,,,,,,,,,,,,,,,,,,,,,,,,,,,,,,,,,,,,,,,,,,,,,,,,,,,,,,,,,,,,,,,,,,,,,,,,,,,,,,,,,,,,,,,,,,,,,,,,,,,
2013PN200153,OIL SANDS LONGTERM WQ MONITORING,M3 LT WQ PANEL 10 OF 10,AL07DD0008,56.83878,-111.41164,2013-10-22 12:16,WATER,VERTICAL INTEGRATED,1.69,,93.741,,0,,1.141,,0,,74.621,,0,,-0.75,,1.19,,40.214,,9.609,,138.304,,,,,,NA,,NA,,76.9,,,,22.8,,0.09,,,,8.11,,,,,,,,10.6,,19.2,,6.48,,1.12,,8.33,,23.5,,50,,245,,9.7,,12.35,,8.12,,241,,4.2,,12.1,,,,,,,,,,,,,,,,,,,,,,,,,,,,,,,,,,,,,,,,,,,,,,,,,,,,,,,,,,,,,,,,,,,,,,,,,,,,,,,,,,,,,,,,,,,,,,,,,,,,,,,,,,,,,,,,,,,,,,,,,,,,,,,,,,
2013PN200154,OIL SANDS LONGTERM WQ MONITORING,"ATHABASCA RIVER M3, 6.5 KM BELOW WSC GAUGE 07DA001",AL07DD0008,56.8388,-111.41548,2013-10-22 12:30,WATER,ISOKINETIC TRANSECT COMPOSITE - EWI,,,137.747,,0,,1.18,,5.385,,118.385,,0,,PM,,0.72,,24.659,,PM,,170.734,,,,,,NA,,NA,,113,,,,10.2,,0.1,,,,8.26,,,,,,,,26.3,,31.5,,9.65,,1.56,,5.48,,18.1,,30,,299,,6.9,,,,,,,,,,,,,,,,,,,,,,,,,,,,,,,,,,,,,,,,,,,,,,,,,,,,,,,,,,,,,,,,,,,,,,,,,,,,,,,,,,,,,,,,,,,,,,,,,,,,,,,,,,,,,,,,,,,,,,,,,,,,,,,,,,,,,,,,,,,,
2013PN200155,OIL SANDS LONGTERM WQ MONITORING,"ATHABASCA RIVER M3, 6.5 KM BELOW WSC GAUGE 07DA001",AL07DD0008,56.8388,-111.41548,2013-10-22 12:40,WATER,ISOKINETIC TRANSECT COMPOSITE - EWI,,,137.747,,0,,1.152,,5.98,,118.98,,0,,PM,,0.67,,23.127,,PM,,168.364,,,,,,NA,,NA,,113,,,,9.92,,0.1,,,,8.27,,,,,,,,25.4,,32.2,,9.37,,1.45,,5.38,,16.7,,30,,298,,7.3,,,,,,,,,,,,,,,,,,,,,,,,,,,,,,,,,,,,,,,,,,,,,,,,,,,,,,,,,,,,,,,,,,,,,,,,,,,,,,,,,,,,,,,,,,,,,,,,,,,,,,,,,,,,,,,,,,,,,,,,,,,,,,,,,,,,,,,,,,,,
2013PN200156,OIL SANDS LONGTERM WQ MONITORING,"ATHABASCA RIVER M3, 6.5 KM BELOW WSC GAUGE 07DA001",AL07DD0008,56.8388,-111.41548,2013-10-22 12:50,WATER,ISOKINETIC TRANSECT COMPOSITE - EWI,,,138.966,,0,,1.162,,2.329,,116.329,,0,,PM,,0.65,,22.774,,PM,,166.214,,,,,,NA,,NA,,114,,,,9.53,,0.1,,,,8.27,,,,,,,,24.9,,31.6,,9.09,,1.39,,5.16,,16,,35,,300,,7.6,,,,,,,,,,,,,,,,,,,,,,,,,,,,,,,,,,,,,,,,,,,,,,,,,,,,,,,,,,,,,,,,,,,,,,,,,,,,,,,,,,,,,,,,,,,,,,,,,,,,,,,,,,,,,,,,,,,,,,,,,,,,,,,,,,,,,,,,,,,,
2013PN200157,OIL SANDS LONGTERM WQ MONITORING,M6 LTWQ PANEL 2 OF 10,AL07DD0009,57.2151,-111.61433,2013-10-23 10:15,WATER,VERTICAL INTEGRATED,2.9,,138.966,,0,,1.277,,8.017,,122.017,,0,,-0.22,,0.63,,22.077,,8.669,,170.768,,,,,,NA,,NA,,114,,,,9.83,,0.1,,,,8.23,,,,,,,,26.5,,33.4,,9.38,,1.32,,5.68,,16.1,,35,,297,,7.8,,12.1,,8.28,,291,,4.4,,8.7,,,,,,,,,,,,,,,,,,,,,,,,,,,,,,,,,,,,,,,,,,,,,,,,,,,,,,,,,,,,,,,,,,,,,,,,,,,,,,,,,,,,,,,,,,,,,,,,,,,,,,,,,,,,,,,,,,,,,,,,,,,,,,,,,,
2013PN200158,OIL SANDS LONGTERM WQ MONITORING,M6 LTWQ PANEL 8 OF 10,AL07DD0009,57.2153,-111.60903,2013-10-23 11:57,WATER,VERTICAL INTEGRATED,1.21,,138.966,,0,,1.277,,8.517,,122.517,,0,,-0.216,,0.64,,22.114,,8.662,,171.284,,,,,,NA,,NA,,114,,,,10.7,,0.1,,,,8.23,,,,,,,,25.7,,33.6,,9.38,,1.32,,5.84,,16.2,,35,,297,,7.3,,12.11,,8.3,,292,,4.45,,7.6,,,,,,,,,,,,,,,,,,,,,,,,,,,,,,,,,,,,,,,,,,,,,,,,,,,,,,,,,,,,,,,,,,,,,,,,,,,,,,,,,,,,,,,,,,,,,,,,,,,,,,,,,,,,,,,,,,,,,,,,,,,,,,,,,,
2013PN200159,OIL SANDS LONGTERM WQ MONITORING,M6 LTWQ PANEL 9 OF 10,AL07DD0009,57.21523,-111.60808,2013-10-23 12:21,WATER,VERTICAL INTEGRATED,1.21,,137.747,,0,,1.266,,9.434,,122.434,,0,,-0.219,,0.64,,22.123,,8.668,,170.614,,,,,,NA,,NA,,113,,,,10.7,,0.1,,,,8.23,,,,,,,,25.6,,33.6,,9.36,,1.33,,5.88,,16.2,,35,,297,,7.5,,12.12,,8.28,,292,,4.46,,7.7,,,,,,,,,,,,,,,,,,,,,,,,,,,,,,,,,,,,,,,,,,,,,,,,,,,,,,,,,,,,,,,,,,,,,,,,,,,,,,,,,,,,,,,,,,,,,,,,,,,,,,,,,,,,,,,,,,,,,,,,,,,,,,,,,,
2013PN200160,OIL SANDS LONGTERM WQ MONITORING,"ATHABASCA RIVER M6, BELOW MACKAY RIVER",AL07DD0009,57.21505,-111.6115,2013-10-23 13:00,WATER,ISOKINETIC TRANSECT COMPOSITE - EWI,,,137.747,,0,,1.236,,9.39,,122.39,,0,,PM,,0.64,,22.234,,PM,,170.723,,,,,,NA,,NA,,113,,,,10.2,,0.1,,,,8.24,,,,,,,,26.2,,33.5,,9.41,,1.34,,5.82,,16.3,,35,,299,,7.6,,,,,,,,,,,,,,,,,,,,,,,,,,,,,,,,,,,,,,,,,,,,,,,,,,,,,,,,,,,,,,,,,,,,,,,,,,,,,,,,,,,,,,,,,,,,,,,,,,,,,,,,,,,,,,,,,,,,,,,,,,,,,,,,,,,,,,,,,,,,
2013PN200161,OIL SANDS LONGTERM WQ MONITORING,"ATHABASCA RIVER M6, BELOW MACKAY RIVER",AL07DD0009,57.21505,-111.6115,2013-10-23 13:05,WATER,ISOKINETIC TRANSECT COMPOSITE - EWI,,,138.966,,0,,1.247,,8.434,,122.434,,0,,PM,,0.63,,22.017,,PM,,171.258,,,,,,NA,,NA,,114,,,,10.2,,0.1,,,,8.24,,,,,,,,26.3,,33.6,,9.36,,1.33,,5.81,,16.1,,35,,299,,7.6,,,,,,,,,,,,,,,,,,,,,,,,,,,,,,,,,,,,,,,,,,,,,,,,,,,,,,,,,,,,,,,,,,,,,,,,,,,,,,,,,,,,,,,,,,,,,,,,,,,,,,,,,,,,,,,,,,,,,,,,,,,,,,,,,,,,,,,,,,,,
2013PN200162,OIL SANDS LONGTERM WQ MONITORING,"ATHABASCA RIVER M6, BELOW MACKAY RIVER",AL07DD0009,57.21505,-111.6115,2013-10-23 13:10,WATER,ISOKINETIC TRANSECT COMPOSITE - EWI,,,137.747,,0,,1.236,,10.14,,123.14,,0,,PM,,0.64,,22.132,,PM,,171.023,,,,,,NA,,NA,,113,,,,10.2,,0.1,,,,8.24,,,,,,,,26.2,,33.8,,9.41,,1.33,,5.83,,16.3,,35,,298,,7.3,,,,,,,,,,,,,,,,,,,,,,,,,,,,,,,,,,,,,,,,,,,,,,,,,,,,,,,,,,,,,,,,,,,,,,,,,,,,,,,,,,,,,,,,,,,,,,,,,,,,,,,,,,,,,,,,,,,,,,,,,,,,,,,,,,,,,,,,,,,,
2013PN200163,OIL SANDS LONGTERM WQ MONITORING,M5 LTWQ PANEL 2 OF 10,AL07DD0005,57.15633333,-111.6294167,2014-01-21 11:00,WATER,TRIPLICATE SAMPLE,0.05,,173.098,,0,,1.629,,9.396,,151.396,,0,,-0.209,,0.77,,23.571,,8.639,,221.328,,,,,,NA,,NA,,142,,,,12.4,,0.1,,,,8.22,,,,,,,,37.7,,42,,11.3,,1.94,,7.9,,21.8,,10,,382,,3.6,,12.72,,7.96,,282,,-0.08,,3.2,,,,,,,,,,,,,,,,,,,,,,,,,,,,,,,,,,,,,,,,,,,,,,,,,,,,,,,,,,,,,,,,,,,,,,,,,,,,,,,,,,,,,,,,,,,,,,,,,,,,,,,,,,,,,,,,,,,,,,,,,,,,,,,,,,
2013PN200164,OIL SANDS LONGTERM WQ MONITORING,M5 LTWQ PANEL 2 OF 10,AL07DD0005,57.15633333,-111.6294167,2014-01-21 11:05,WATER,TRIPLICATE SAMPLE,,,174.317,,0,,1.978,,0,,142.184,,0,,0.495,,0.74,,23.419,,7.151,,213.653,,,,,,NA,,NA,,143,,,,11.7,,0.1,,,,8.14,,,,,,,,35.6,,39.3,,10.7,,1.81,,7.36,,20.3,,10,,390,,3.6,,,,,,,,,,,,,,,,,,,,,,,,,,,,,,,,,,,,,,,,,,,,,,,,,,,,,,,,,,,,,,,,,,,,,,,,,,,,,,,,,,,,,,,,,,,,,,,,,,,,,,,,,,,,,,,,,,,,,,,,,,,,,,,,,,,,,,,,,,,,
2013PN200165,OIL SANDS LONGTERM WQ MONITORING,M5 LTWQ PANEL 2 OF 10,AL07DD0005,57.15633333,-111.6294167,2014-01-21 11:10,WATER,TRIPLICATE SAMPLE,,,171.879,,0,,1.997,,0.772,,141.772,,0,,0.479,,0.74,,23.467,,7.172,,212.713,,,,,,NA,,NA,,141,,,,11.8,,0.1,,,,8.13,,,,,,,,35.8,,39.3,,10.6,,1.83,,7.4,,20.3,,10,,386,,3.6,,,,,,,,,,,,,,,,,,,,,,,,,,,,,,,,,,,,,,,,,,,,,,,,,,,,,,,,,,,,,,,,,,,,,,,,,,,,,,,,,,,,,,,,,,,,,,,,,,,,,,,,,,,,,,,,,,,,,,,,,,,,,,,,,,,,,,,,,,,,
2013PN200166,OIL SANDS LONGTERM WQ MONITORING,M5 LTWQ PANEL 8 OF 10,AL07DD0005,57.15705556,-111.6250278,2014-01-21 15:10,WATER,VERTICAL INTEGRATED,0.7,,151.156,,0,,1.637,,0,,123.266,,0,,-0.416,,0.89,,28.381,,8.993,,198.721,,,,,,NA,,NA,,124,,,,19.5,,0.1,,,,8.16,,,,,,,,27.2,,33.9,,9.38,,1.55,,9.04,,22.8,,15,,359,,4.1,,13.69,,7.81,,218,,-0.08,,4.2,,,,,,,,,,,,,,,,,,,,,,,,,,,,,,,,,,,,,,,,,,,,,,,,,,,,,,,,,,,,,,,,,,,,,,,,,,,,,,,,,,,,,,,,,,,,,,,,,,,,,,,,,,,,,,,,,,,,,,,,,,,,,,,,,,
2013PN200167,OIL SANDS LONGTERM WQ MONITORING,M5 LTWQ PANEL 6 OF 10,AL07DD0005,57.15683333,-111.6265278,2014-01-21 14:00,WATER,VERTICAL INTEGRATED,2.53,,157.251,,0,,1.55,,3.473,,132.473,,0,,-0.33,,0.83,,26.238,,8.86,,204.628,,,,,,NA,,NA,,129,,,,16.3,,0.1,,,,8.2,,,,,,,,31.3,,36.4,,10.1,,1.69,,8.47,,22,,15,,368,,4,,12.78,,7.95,,249,,-0.08,,3.7,,,,,,,,,,,,,,,,,,,,,,,,,,,,,,,,,,,,,,,,,,,,,,,,,,,,,,,,,,,,,,,,,,,,,,,,,,,,,,,,,,,,,,,,,,,,,,,,,,,,,,,,,,,,,,,,,,,,,,,,,,,,,,,,,,
2013PN200168,OIL SANDS LONGTERM WQ MONITORING,ATHABASCA RIVER M5 ABOVE MACKAY RIVER,AL07DD0005,57.15680556,-111.6270528,2014-01-21 19:30,WATER,EQUAL VOLUME TRANSECT COMPOSITE,,,160.908,,0,,1.444,,2.882,,134.882,,0,,PM,,0.84,,26.321,,PM,,208.781,,,,,,NA,,NA,,132,,,,16.4,,0.1,,,,8.24,,,,,,,,32,,37.2,,10.2,,1.74,,8.52,,22.5,,15,,373,,8.5,,,,,,,,,,,,,,,,,,,,,,,,,,,,,,,,,,,,,,,,,,,,,,,,,,,,,,,,,,,,,,,,,,,,,,,,,,,,,,,,,,,,,,,,,,,,,,,,,,,,,,,,,,,,,,,,,,,,,,,,,,,,,,,,,,,,,,,,,,,,
2013PN200169,OIL SANDS LONGTERM WQ MONITORING,ATHABASCA RIVER M5 ABOVE MACKAY RIVER,AL07DD0005,57.15680556,-111.6270528,2014-01-21 19:40,WATER,EQUAL VOLUME TRANSECT COMPOSITE,,,160.908,,0,,1.742,,5.453,,137.453,,0,,PM,,0.85,,26.295,,PM,,210.288,,,,,,NA,,NA,,132,,,,16.4,,0.1,,,,8.16,,,,,,,,32,,37.9,,10.4,,1.78,,8.7,,22.9,,10,,374,,7.3,,,,,,,,,,,,,,,,,,,,,,,,,,,,,,,,,,,,,,,,,,,,,,,,,,,,,,,,,,,,,,,,,,,,,,,,,,,,,,,,,,,,,,,,,,,,,,,,,,,,,,,,,,,,,,,,,,,,,,,,,,,,,,,,,,,,,,,,,,,,
2013PN200170,OIL SANDS LONGTERM WQ MONITORING,ATHABASCA RIVER M5 ABOVE MACKAY RIVER,AL07DD0005,57.15680556,-111.6270528,2014-01-21 19:50,WATER,EQUAL VOLUME TRANSECT COMPOSITE,,,159.689,,0,,1.434,,2.721,,133.721,,0,,PM,,0.85,,26.48,,PM,,205.838,,,,,,NA,,NA,,131,,,,15.7,,0.1,,,,8.24,,,,,,,,30.8,,36.9,,10.1,,1.77,,8.46,,22.5,,15,,372,,6.2,,,,,,,,,,,,,,,,,,,,,,,,,,,,,,,,,,,,,,,,,,,,,,,,,,,,,,,,,,,,,,,,,,,,,,,,,,,,,,,,,,,,,,,,,,,,,,,,,,,,,,,,,,,,,,,,,,,,,,,,,,,,,,,,,,,,,,,,,,,,
2013PN200176,OIL SANDS LONGTERM WQ MONITORING,M4 LTWQ PANEL 4 OF 10,AL07DD0004,57.12694444,-111.6030833,2014-01-22 10:00,WATER,VERTICAL INTEGRATED,1.71,,168.222,,0,,1.78,,1.113,,139.113,,0,,-0.308,,0.76,,24.169,,8.786,,209.251,,,,,,NA,,NA,,138,,,,12.3,,0.1,,,,8.17,,,,,,,,34.1,,38.4,,10.5,,1.77,,7.66,,20.7,,10,,376,,4.3,,12.69,,7.6,,380,,-0.07,,3.4,,,,,,,,,,,,,,,,,,,,,,,,,,,,,,,,,,,,,,,,,,,,,,,,,,,,,,,,,,,,,,,,,,,,,,,,,,,,,,,,,,,,,,,,,,,,,,,,,,,,,,,,,,,,,,,,,,,,,,,,,,,,,,,,,,
2013PN200177,OIL SANDS LONGTERM WQ MONITORING,M4 LTWQ PANEL 9 OF 10,AL07DD0004,57.12761111,-111.6001389,2014-01-22 11:30,WATER,VERTICAL INTEGRATED,1.72,,156.032,,0,,1.69,,0,,123.93,,0,,-0.399,,0.83,,26.904,,8.958,,197.022,,,,,,NA,,NA,,128,,,,15.8,,0.09,,,,8.16,,,,,,,,28.8,,34.1,,9.42,,1.6,,8.23,,21.3,,10,,365,,4.1,,12.6,,7.54,,365,,-0.07,,3.8,,,,,,,,,,,,,,,,,,,,,,,,,,,,,,,,,,,,,,,,,,,,,,,,,,,,,,,,,,,,,,,,,,,,,,,,,,,,,,,,,,,,,,,,,,,,,,,,,,,,,,,,,,,,,,,,,,,,,,,,,,,,,,,,,,
2013PN200178,OIL SANDS LONGTERM WQ MONITORING,M4 LT WQ PANEL 10 OF 10,AL07DD0004,57.12763889,-111.6000278,2014-01-22 12:30,WATER,VERTICAL INTEGRATED,2.41,,148.718,,0,,1.941,,0,,118.244,,0,,-0.522,,0.89,,28.678,,9.123,,192.922,,,,,,NA,,NA,,122,,,,18.4,,0.09,,,,8.08,,,,,,,,26.5,,32.4,,9.07,,1.52,,8.66,,22.2,,15,,360,,4.2,,12.65,,7.5,,359,,-0.07,,3.7,,,,,,,,,,,,,,,,,,,,,,,,,,,,,,,,,,,,,,,,,,,,,,,,,,,,,,,,,,,,,,,,,,,,,,,,,,,,,,,,,,,,,,,,,,,,,,,,,,,,,,,,,,,,,,,,,,,,,,,,,,,,,,,,,,
2013PN200182,OIL SANDS LONGTERM WQ MONITORING,M7 LTWQ PANEL 4 OF 10,AL07DD0007,57.31365,-111.67278,2014-01-23 10:29,WATER,VERTICAL INTEGRATED,2.3,,162.127,,0,,1.797,,0,,132.722,,0,,-0.365,,0.81,,25.671,,8.88,,204.803,,,,,,NA,,NA,,133,,,,14.7,,0.1,,,,8.15,,,,,,,,31.5,,36.5,,10.1,,1.69,,8.1,,21.4,,15,,375,,3.9,,11.35,EVENTF,7,,373,,-0.07,,3.5,,,,,,,,,,,,,,,,,,,,,,,,,,,,,,,,,,,,,,,,,,,,,,,,,,,,,,,,,,,,,,,,,,,,,,,,,,,,,,,,,,,,,,,,,,,,,,,,,,,,,,,,,,,,,,,,,,,,,,,,,,,,,,,,,,
2013PN200183,OIL SANDS LONGTERM WQ MONITORING,M5 LTWQ PANEL 2 OF 10,AL07DD0005,57.15633333,-111.6294167,2014-02-17 10:15,WATER,VERTICAL INTEGRATED,0.55,,185.288,,0,,3.765,,17.233,,169.233,,0,,-0.466,,0.89,,25.17,,8.821,,245.086,,,,,,NA,,NA,,152,,,,15.6,,0.11,,,,7.89,,,,,,,,39.1,,47,,12.6,,2.28,,9.28,,26.6,,10,,415,,3.3,,12.42,,7.49,,418,,-0.08,,0.4,,,,,,,,,,,,,,,,,,,,,,,,,,,,,,,,,,,,,,,,,,,,,,,,,,,,,,,,,,,,,,,,,,,,,,,,,,,,,,,,,,,,,,,,,,,,,,,,,,,,,,,,,,,,,,,,,,,,,,,,,,,,,,,,,,
2013PN200184,OIL SANDS LONGTERM WQ MONITORING,M5 LTWQ PANEL 6 OF 10,AL07DD0005,57.15683333,-111.6265278,2014-02-17 10:47,WATER,VERTICAL INTEGRATED,1.87,,169.441,,0,,3.867,,15.379,,154.379,,0,,-0.594,,1,,28.385,,9.027,,233.236,,,,,,NA,,NA,,139,,,,20.1,,0.11,,,,7.84,,,,,,,,33.2,,42.7,,11.6,,2.11,,10.3,,28.6,,10,,400,,3.7,,12.43,,7.47,,384,,-0.08,,0.9,,,,,,,,,,,,,,,,,,,,,,,,,,,,,,,,,,,,,,,,,,,,,,,,,,,,,,,,,,,,,,,,,,,,,,,,,,,,,,,,,,,,,,,,,,,,,,,,,,,,,,,,,,,,,,,,,,,,,,,,,,,,,,,,,,
2013PN200185,OIL SANDS LONGTERM WQ MONITORING,M5 LTWQ PANEL 8 OF 10,AL07DD0005,57.15705556,-111.6250278,2014-02-17 11:17,WATER,VERTICAL INTEGRATED,0.62,,164.565,,0,,3.934,,3.715,,138.715,,0,,-0.665,,1,,29.42,,9.15,,222.909,,,,,,NA,,NA,,135,,,,22.5,,0.11,,,,7.82,,,,,,,,30.5,,38.9,,10.1,,1.79,,9.95,,27,,15,,397,,4,,12.39,,7.44,,370,,-0.08,,0.9,,,,,,,,,,,,,,,,,,,,,,,,,,,,,,,,,,,,,,,,,,,,,,,,,,,,,,,,,,,,,,,,,,,,,,,,,,,,,,,,,,,,,,,,,,,,,,,,,,,,,,,,,,,,,,,,,,,,,,,,,,,,,,,,,,
2013PN200186,OIL SANDS LONGTERM WQ MONITORING,ATHABASCA RIVER M5 ABOVE MACKAY RIVER,AL07DD0005,57.15680556,-111.6270528,2014-02-17 15:00,WATER,EQUAL VOLUME TRANSECT COMPOSITE,,,179.193,,0,,2.509,,5.159,,152.159,,0,,PM,,0.91,,26.631,,PM,,235.024,,,,,,NA,,NA,,147,,,,18.5,,0.11,,,,8.05,,,,,,,,36.1,,42.8,,11,,2.01,,9.33,,25.8,,15,,415,,4.1,,,,,,,,,,,,,,,,,,,,,,,,,,,,,,,,,,,,,,,,,,,,,,,,,,,,,,,,,,,,,,,,,,,,,,,,,,,,,,,,,,,,,,,,,,,,,,,,,,,,,,,,,,,,,,,,,,,,,,,,,,,,,,,,,,,,,,,,,,,,
2013PN200187,OIL SANDS LONGTERM WQ MONITORING,ATHABASCA RIVER M5 ABOVE MACKAY RIVER,AL07DD0005,57.15680556,-111.6270528,2014-02-17 15:10,WATER,EQUAL VOLUME TRANSECT COMPOSITE,,,180.412,,0,,2.355,,3.909,,151.909,,0,,PM,,0.91,,26.74,,PM,,235.941,,,,,,NA,,NA,,148,,,,18.7,,0.11,,,,8.08,,,,,,,,36.2,,42.7,,11,,2,,9.37,,25.9,,15,,418,,4,,,,,,,,,,,,,,,,,,,,,,,,,,,,,,,,,,,,,,,,,,,,,,,,,,,,,,,,,,,,,,,,,,,,,,,,,,,,,,,,,,,,,,,,,,,,,,,,,,,,,,,,,,,,,,,,,,,,,,,,,,,,,,,,,,,,,,,,,,,,
2013PN200188,OIL SANDS LONGTERM WQ MONITORING,ATHABASCA RIVER M5 ABOVE MACKAY RIVER,AL07DD0005,57.15680556,-111.6270528,2014-02-17 15:20,WATER,EQUAL VOLUME TRANSECT COMPOSITE,,,180.412,,0,,2.248,,0,,139.969,,0,,PM,,0.87,,26.609,,PM,,224.137,,,,,,NA,,NA,,148,,,,17,,0.1,,,,8.1,,,,,,,,33.5,,39.6,,9.98,,1.82,,8.45,,23.7,,15,,418,,3.9,,,,,,,,,,,,,,,,,,,,,,,,,,,,,,,,,,,,,,,,,,,,,,,,,,,,,,,,,,,,,,,,,,,,,,,,,,,,,,,,,,,,,,,,,,,,,,,,,,,,,,,,,,,,,,,,,,,,,,,,,,,,,,,,,,,,,,,,,,,,
2013PN200189,OIL SANDS LONGTERM WQ MONITORING,M4 LTWQ PANEL 4 OF 10,AL07DD0004,57.12694444,-111.6030833,2014-02-18 9:45,WATER,VERTICAL INTEGRATED,1.29,,179.193,,0,,3.318,,12.771,,159.771,,0,,-0.465,,0.88,,25.541,,8.86,,235.394,,,,,,NA,,NA,,147,,,,17,,0.11,,,,7.93,,,,,,,,36.3,,44.2,,12,,2.1,,8.75,,25.6,,20,,408,,3.5,,12.63,,7.49,,408,,-0.08,,0.8,,,,,,,,,,,,,,,,,,,,,,,,,,,,,,,,,,,,,,,,,,,,,,,,,,,,,,,,,,,,,,,,,,,,,,,,,,,,,,,,,,,,,,,,,,,,,,,,,,,,,,,,,,,,,,,,,,,,,,,,,,,,,,,,,,
2013PN200190,OIL SANDS LONGTERM WQ MONITORING,M4 LTWQ PANEL 9 OF 10,AL07DD0004,57.12761111,-111.6001389,2014-02-18 10:14,WATER,VERTICAL INTEGRATED,1.32,,167.003,,0,,3.239,,26.416,,163.416,,0,,-0.508,,1,,27.737,,8.926,,236.036,,,,,,NA,,NA,,137,,,,20.2,,0.11,,,,7.91,,,,,,,,33.4,,45,,12.4,,2.15,,10.2,,29.3,,20,,397,,3.7,,12.71,,7.45,,398,,-0.08,,0.7,,,,,,,,,,,,,,,,,,,,,,,,,,,,,,,,,,,,,,,,,,,,,,,,,,,,,,,,,,,,,,,,,,,,,,,,,,,,,,,,,,,,,,,,,,,,,,,,,,,,,,,,,,,,,,,,,,,,,,,,,,,,,,,,,,
2013PN200191,OIL SANDS LONGTERM WQ MONITORING,M4 LT WQ PANEL 10 OF 10,AL07DD0004,57.12763889,-111.6000278,2014-02-18 10:38,WATER,VERTICAL INTEGRATED,2.77,,162.127,,0,,3.7,,29.754,,162.754,,0,,-0.592,,1.05,,28.901,,9.023,,235.099,,,,,,NA,,NA,,133,,,,22.2,,0.11,,,,7.84,,,,,,,,30.8,,44.9,,12.3,,2.13,,10.9,,30.9,,20,,392,,4,,12.45,,7.32,,393,,-0.08,,1.1,,,,,,,,,,,,,,,,,,,,,,,,,,,,,,,,,,,,,,,,,,,,,,,,,,,,,,,,,,,,,,,,,,,,,,,,,,,,,,,,,,,,,,,,,,,,,,,,,,,,,,,,,,,,,,,,,,,,,,,,,,,,,,,,,,
2013PN200192,OIL SANDS LONGTERM WQ MONITORING,ATHABASCA RIVER M4 ABOVE MUSKEG RIVER,AL07DD0004,57.12697222,-111.6024167,2014-02-18 17:00,WATER,EQUAL VOLUME TRANSECT COMPOSITE,,,176.755,,0,,2.533,,32.858,,177.858,,0,,PM,,0.97,,26.451,,PM,,249.162,,,,,,NA,,NA,,145,,,,18.6,,0.11,,,,8.04,,,,,,,,36.6,,49.3,,13.3,,2.44,,10.8,,29.9,,20,,411,,3.8,,,,,,,,,,,,,,,,,,,,,,,,,,,,,,,,,,,,,,,,,,,,,,,,,,,,,,,,,,,,,,,,,,,,,,,,,,,,,,,,,,,,,,,,,,,,,,,,,,,,,,,,,,,,,,,,,,,,,,,,,,,,,,,,,,,,,,,,,,,,
2013PN200193,OIL SANDS LONGTERM WQ MONITORING,ATHABASCA RIVER M4 ABOVE MUSKEG RIVER,AL07DD0004,57.12697222,-111.6024167,2014-02-18 17:10,WATER,EQUAL VOLUME TRANSECT COMPOSITE,,,177.974,,0,,2.27,,32.358,,178.358,,0,,PM,,0.97,,26.341,,PM,,249.211,,,,,,NA,,NA,,146,,,,18.5,,0.11,,,,8.09,,,,,,,,36,,49.5,,13.3,,2.38,,10.9,,29.8,,20,,412,,3.9,,,,,,,,,,,,,,,,,,,,,,,,,,,,,,,,,,,,,,,,,,,,,,,,,,,,,,,,,,,,,,,,,,,,,,,,,,,,,,,,,,,,,,,,,,,,,,,,,,,,,,,,,,,,,,,,,,,,,,,,,,,,,,,,,,,,,,,,,,,,
2013PN200194,OIL SANDS LONGTERM WQ MONITORING,ATHABASCA RIVER M4 ABOVE MUSKEG RIVER,AL07DD0004,57.12697222,-111.6024167,2014-02-18 17:20,WATER,EQUAL VOLUME TRANSECT COMPOSITE,,,175.536,,0,,2.239,,24.322,,168.322,,0,,PM,,0.96,,26.595,,PM,,240.384,,,,,,NA,,NA,,144,,,,18,,0.11,,,,8.09,,,,,,,,34.3,,46.8,,12.5,,2.28,,10.4,,28.5,,20,,406,,3.8,,,,,,,,,,,,,,,,,,,,,,,,,,,,,,,,,,,,,,,,,,,,,,,,,,,,,,,,,,,,,,,,,,,,,,,,,,,,,,,,,,,,,,,,,,,,,,,,,,,,,,,,,,,,,,,,,,,,,,,,,,,,,,,,,,,,,,,,,,,,
2013PN200195,OIL SANDS LONGTERM WQ MONITORING,M7 LTWQ PANEL 1 OF 10,AL07DD0007,57.31332,-111.67533,2014-02-19 10:30,WATER,TRIPLICATE SAMPLE,2.57,,180.412,,0,,3.115,,14.505,,162.505,,0,,-0.428,,0.93,,26.386,,8.815,,239.784,,,,,,NA,,NA,,148,,,,18.3,,0.11,,,,7.96,,,,,,,,35.3,,44.8,,12.3,,2.1,,9.7,,27.2,,15,,410,,3.9,,12.44,,7.65,,NV,,-0.09,,0.8,,,,,,,,,,,,,,,,,,,,,,,,,,,,,,,,,,,,,,,,,,,,,,,,,,,,,,,,,,,,,,,,,,,,,,,,,,,,,,,,,,,,,,,,,,,,,,,,,,,,,,,,,,,,,,,,,,,,,,,,,,,,,,,,,,
2013PN200196,OIL SANDS LONGTERM WQ MONITORING,M7 LTWQ PANEL 1 OF 10,AL07DD0007,57.31332,-111.67533,2014-02-19 10:35,WATER,TRIPLICATE SAMPLE,,,177.974,,0,,3.073,,12.023,,158.023,,0,,PM,,0.91,,26.351,,PM,,235.724,,,,,,NA,,NA,,146,,,,18.2,,0.11,,,,7.96,,,,,,,,35.3,,43.5,,12,,2.03,,9.41,,26.4,,15,,411,,3.7,,,,,,,,,,,,,,,,,,,,,,,,,,,,,,,,,,,,,,,,,,,,,,,,,,,,,,,,,,,,,,,,,,,,,,,,,,,,,,,,,,,,,,,,,,,,,,,,,,,,,,,,,,,,,,,,,,,,,,,,,,,,,,,,,,,,,,,,,,,,
2013PN200197,OIL SANDS LONGTERM WQ MONITORING,M7 LTWQ PANEL 1 OF 10,AL07DD0007,57.31332,-111.67533,2014-02-19 10:40,WATER,TRIPLICATE SAMPLE,,,177.974,,0,,3.003,,10.201,,156.201,,0,,PM,,0.91,,26.496,,PM,,234.835,,,,,,NA,,NA,,146,,,,18.1,,0.11,,,,7.97,,,,,,,,35.2,,43.1,,11.8,,2.05,,9.41,,26.3,,15,,410,,3.6,,,,,,,,,,,,,,,,,,,,,,,,,,,,,,,,,,,,,,,,,,,,,,,,,,,,,,,,,,,,,,,,,,,,,,,,,,,,,,,,,,,,,,,,,,,,,,,,,,,,,,,,,,,,,,,,,,,,,,,,,,,,,,,,,,,,,,,,,,,,
2013PN200198,OIL SANDS LONGTERM WQ MONITORING,M7 LTWQ PANEL 2 OF 10,AL07DD0007,57.31337,-111.67458,2014-02-19 11:15,WATER,VERTICAL INTEGRATED,0.7,,175.536,,0,,3.102,,3.077,,147.077,,0,,-0.489,,0.9,,26.761,,8.929,,225.006,,,,,,NA,,NA,,144,,,,17.4,,0.1,,,,7.95,,,,,,,,32.2,,40.6,,11.1,,1.92,,9.03,,25.1,,15,,406,,3.7,,12.39,,7.4,,,,-0.09,,0.8,,,,,,,,,,,,,,,,,,,,,,,,,,,,,,,,,,,,,,,,,,,,,,,,,,,,,,,,,,,,,,,,,,,,,,,,,,,,,,,,,,,,,,,,,,,,,,,,,,,,,,,,,,,,,,,,,,,,,,,,,,,,,,,,,,
2013PN200199,OIL SANDS LONGTERM WQ MONITORING,M7 LTWQ PANEL 3 OF 10,AL07DD0007,57.31335,-111.6735,2014-02-19 11:27,WATER,VERTICAL INTEGRATED,1.41,,175.536,,0,,2.827,,1.504,,145.504,,0,,-0.452,,0.92,,27.204,,8.894,,224.763,,,,,,NA,,NA,,144,,,,17.7,,0.1,,,,7.99,,,,,,,,31.7,,40.3,,10.9,,1.92,,9.2,,25.4,,20,,405,,3.6,,12.56,,7.49,,NV,,-0.09,,0.9,,,,,,,,,,,,,,,,,,,,,,,,,,,,,,,,,,,,,,,,,,,,,,,,,,,,,,,,,,,,,,,,,,,,,,,,,,,,,,,,,,,,,,,,,,,,,,,,,,,,,,,,,,,,,,,,,,,,,,,,,,,,,,,,,,
2013PN200200,OIL SANDS LONGTERM WQ MONITORING,M7 LTWQ PANEL 5 OF 10,AL07DD0007,57.31373,-111.67183,2014-02-19 12:15,WATER,VERTICAL INTEGRATED,1.21,,171.879,,0,,2.768,,3.593,,144.593,,0,,-0.463,,0.94,,27.713,,8.917,,223.163,,,,,,NA,,NA,,141,,,,18.6,,0.1,,,,7.99,,,,,,,,30.5,,40.1,,10.8,,1.93,,9.53,,25.9,,20,,402,,3.8,,12.51,,7.54,,NV,,-0.09,,1,,,,,,,,,,,,,,,,,,,,,,,,,,,,,,,,,,,,,,,,,,,,,,,,,,,,,,,,,,,,,,,,,,,,,,,,,,,,,,,,,,,,,,,,,,,,,,,,,,,,,,,,,,,,,,,,,,,,,,,,,,,,,,,,,,
2013PN200201,OIL SANDS LONGTERM WQ MONITORING,M7 LTWQ PANEL 6 OF 10,AL07DD0007,57.31373,-111.67093,2014-02-19 12:26,WATER,VERTICAL INTEGRATED,0.84,,170.66,,0,,2.813,,7.414,,147.414,,0,,-0.469,,0.96,,28.079,,8.918,,227.426,,,,,,NA,,NA,,140,,,,19.9,,0.1,,,,7.98,,,,,,,,31.5,,40.9,,11,,2.01,,10,,26.9,,20,,401,,3.7,,12.41,,7.55,,NV,,-0.09,,0.7,,,,,,,,,,,,,,,,,,,,,,,,,,,,,,,,,,,,,,,,,,,,,,,,,,,,,,,,,,,,,,,,,,,,,,,,,,,,,,,,,,,,,,,,,,,,,,,,,,,,,,,,,,,,,,,,,,,,,,,,,,,,,,,,,,
2013PN200202,OIL SANDS LONGTERM WQ MONITORING,M7 LTWQ PANEL 4 OF 10,AL07DD0007,57.31365,-111.67278,2014-02-19 11:42,WATER,VERTICAL INTEGRATED,1.21,,171.879,,0,,1.372,,7.737,,148.737,,0,,-0.153,,0.94,,27.463,,8.596,,227.111,,,,,,NA,,NA,,141,,,,19,,0.1,,,,8.29,,,,,,,,32.2,,41.1,,11.2,,1.94,,9.55,,26.3,,15,,398,,3.9,,12.56,,7.53,,NV,,-0.09,,0.9,,,,,,,,,,,,,,,,,,,,,,,,,,,,,,,,,,,,,,,,,,,,,,,,,,,,,,,,,,,,,,,,,,,,,,,,,,,,,,,,,,,,,,,,,,,,,,,,,,,,,,,,,,,,,,,,,,,,,,,,,,,,,,,,,,
2013PN200203,OIL SANDS LONGTERM WQ MONITORING,M7 LTWQ PANEL 7 OF 10,AL07DD0007,57.3138,-111.66997,2014-02-19 12:33,WATER,VERTICAL INTEGRATED,0.83,,170.66,,0,,2.947,,3.432,,143.432,,0,,-0.5,,0.96,,28.181,,8.96,,225.041,,,,,,NA,,NA,,140,,,,20,,0.1,,,,7.96,,,,,,,,31.2,,39.8,,10.7,,1.93,,9.93,,26.3,,15,,402,,3.5,,12.43,,7.57,,NV,,-0.09,,0.8,,,,,,,,,,,,,,,,,,,,,,,,,,,,,,,,,,,,,,,,,,,,,,,,,,,,,,,,,,,,,,,,,,,,,,,,,,,,,,,,,,,,,,,,,,,,,,,,,,,,,,,,,,,,,,,,,,,,,,,,,,,,,,,,,,
2013PN200204,OIL SANDS LONGTERM WQ MONITORING,M7 LTWQ PANEL 8 OF 10,AL07DD0007,57.31392,-111.66925,2014-02-19 12:43,WATER,VERTICAL INTEGRATED,0.43,,171.879,,0,,2.768,,0,,135.631,,0,,-0.491,,0.94,,28.285,,8.973,,218.363,,,,,,NA,,NA,,141,,,,19.1,,0.1,,,,7.99,,,,,,,,29.6,,37.5,,10.2,,1.84,,9.32,,25,,20,,405,,3.6,,12.39,,7.62,,NV,,-0.09,,0.7,,,,,,,,,,,,,,,,,,,,,,,,,,,,,,,,,,,,,,,,,,,,,,,,,,,,,,,,,,,,,,,,,,,,,,,,,,,,,,,,,,,,,,,,,,,,,,,,,,,,,,,,,,,,,,,,,,,,,,,,,,,,,,,,,,
2013PN200205,OIL SANDS LONGTERM WQ MONITORING,M7 LTWQ PANEL 9 OF 10,AL07DD0007,57.3139,-111.66835,2014-02-19 12:51,WATER,VERTICAL INTEGRATED,0.31,,170.66,,0,,2.748,,0,,138.614,,0,,-0.486,,0.93,,28.102,,8.963,,219.524,,,,,,NA,,NA,,140,,,,19.4,,0.1,,,,7.99,,,,,,,,29.9,,38.2,,10.5,,1.79,,9.24,,25.3,,15,,404,,3.8,,12.4,,7.63,,NV,,-0.09,,0.6,,,,,,,,,,,,,,,,,,,,,,,,,,,,,,,,,,,,,,,,,,,,,,,,,,,,,,,,,,,,,,,,,,,,,,,,,,,,,,,,,,,,,,,,,,,,,,,,,,,,,,,,,,,,,,,,,,,,,,,,,,,,,,,,,,
2013PN200206,OIL SANDS LONGTERM WQ MONITORING,M7 LTWQ PANEL 10 OF 10,AL07DD0007,57.31395,-111.66737,2014-02-19 13:02,WATER,VERTICAL INTEGRATED,0.45,,171.879,,0,,3.109,,0,,138.364,,0,,-0.535,,0.92,,27.901,,9.01,,220.33,,,,,,NA,,NA,,141,,,,19.7,,0.1,,,,7.94,,,,,,,,30.4,,38.1,,10.5,,1.77,,9.07,,25,,15,,403,,3.6,,12.36,,7.67,,NV,,-0.09,,0.6,,,,,,,,,,,,,,,,,,,,,,,,,,,,,,,,,,,,,,,,,,,,,,,,,,,,,,,,,,,,,,,,,,,,,,,,,,,,,,,,,,,,,,,,,,,,,,,,,,,,,,,,,,,,,,,,,,,,,,,,,,,,,,,,,,
2013PN200207,OIL SANDS LONGTERM WQ MONITORING,"ATHABASCA RIVER M7, BELOW ELLS RIVER",AL07DD0007,57.31373,-111.67183,2014-02-19 17:00,WATER,EQUAL VOLUME TRANSECT COMPOSITE,,,173.098,,0,,2.011,,1.007,,143.007,,0,,PM,,0.92,,27.402,,PM,,222.89,,,,,,NA,,NA,,142,,,,18.9,,0.1,,,,8.13,,,,,,,,31.3,,39.3,,10.9,,1.82,,9.04,,25.2,,20,,405,,3.7,,,,,,,,,,,,,,,,,,,,,,,,,,,,,,,,,,,,,,,,,,,,,,,,,,,,,,,,,,,,,,,,,,,,,,,,,,,,,,,,,,,,,,,,,,,,,,,,,,,,,,,,,,,,,,,,,,,,,,,,,,,,,,,,,,,,,,,,,,,,
2013PN200208,OIL SANDS LONGTERM WQ MONITORING,"ATHABASCA RIVER M7, BELOW ELLS RIVER",AL07DD0007,57.31373,-111.67183,2014-02-19 17:10,WATER,EQUAL VOLUME TRANSECT COMPOSITE,,,173.098,,0,,2.058,,0,,141.685,,0,,PM,,0.91,,27.427,,PM,,221.636,,,,,,NA,,NA,,142,,,,18.6,,0.1,,,,8.12,,,,,,,,31,,39.1,,10.7,,1.81,,9.01,,25,,20,,403,,3.7,,,,,,,,,,,,,,,,,,,,,,,,,,,,,,,,,,,,,,,,,,,,,,,,,,,,,,,,,,,,,,,,,,,,,,,,,,,,,,,,,,,,,,,,,,,,,,,,,,,,,,,,,,,,,,,,,,,,,,,,,,,,,,,,,,,,,,,,,,,,
2013PN200209,OIL SANDS LONGTERM WQ MONITORING,"ATHABASCA RIVER M7, BELOW ELLS RIVER",AL07DD0007,57.31373,-111.67183,2014-02-19 17:20,WATER,EQUAL VOLUME TRANSECT COMPOSITE,,,173.098,,0,,2.011,,1.095,,143.095,,0,,PM,,0.92,,27.542,,PM,,223.126,,,,,,NA,,NA,,142,,,,18.8,,0.1,,,,8.13,,,,,,,,31.2,,39.5,,10.8,,1.85,,9.16,,25.4,,20,,403,,3.8,,,,,,,,,,,,,,,,,,,,,,,,,,,,,,,,,,,,,,,,,,,,,,,,,,,,,,,,,,,,,,,,,,,,,,,,,,,,,,,,,,,,,,,,,,,,,,,,,,,,,,,,,,,,,,,,,,,,,,,,,,,,,,,,,,,,,,,,,,,,
2013PN200215,OIL SANDS LONGTERM WQ MONITORING,M3 LT WQ PANEL 2 OF 10,AL07DD0008,56.83851,-111.41779,2014-02-05 10:00,WATER,VERTICAL INTEGRATED,1.61,,202.354,,0,,3.11,,0,,164.752,,0,,-0.317,,0.63,,19.403,,8.644,,233.532,,,,,,NA,,NA,,166,,,,4.43,,0.11,,,,8.01,,,,,,,,43.6,,45.7,,12.3,,1.98,,6.43,,18.5,,8,,416,,2.7,,12.98,,7.64,EVENTF,341,,-0.08,,0.7,,,,,,,,,,,,,,,,,,,,,,,,,,,,,,,,,,,,,,,,,,,,,,,,,,,,,,,,,,,,,,,,,,,,,,,,,,,,,,,,,,,,,,,,,,,,,,,,,,,,,,,,,,,,,,,,,,,,,,,,,,,,,,,,,,
2013PN200216,OIL SANDS LONGTERM WQ MONITORING,M3 LT WQ PANEL 8 OF 10,AL07DD0008,56.83888,-111.41328,2014-02-05 11:15,WATER,VERTICAL INTEGRATED,1.59,,159.689,,0,,3.026,,0,,125.211,,0,,-0.628,,0.83,,26.801,,9.176,,199.495,,,,,,NA,,NA,,131,,,,15.5,,0.1,,,,7.92,,,,,,,,29.1,,34.3,,9.61,,1.58,,8.41,,21.4,,10,,373,,3.9,,12.91,,7.49,EVENTF,281,,-0.08,,2.5,,,,,,,,,,,,,,,,,,,,,,,,,,,,,,,,,,,,,,,,,,,,,,,,,,,,,,,,,,,,,,,,,,,,,,,,,,,,,,,,,,,,,,,,,,,,,,,,,,,,,,,,,,,,,,,,,,,,,,,,,,,,,,,,,,
2013PN200217,OIL SANDS LONGTERM WQ MONITORING,M3 LT WQ PANEL 9 OF 10,AL07DD0008,56.83991,-111.41234,2014-02-05 13:45,WATER,VERTICAL INTEGRATED,1.91,,125.557,,0,,3.072,,0,,95.753,,0,,-0.96,,1.08,,35.194,,9.73,,175.28,,,,,,NA,,NA,,103,,,,24.9,,0.09,,,,7.81,,,,,,,,18.5,,25.8,,7.61,,1.29,,10.1,,24.3,,20,,332,,5.1,,12.78,,7.36,EVENTF,266,,-0.08,,3.7,,,,,,,,,,,,,,,,,,,,,,,,,,,,,,,,,,,,,,,,,,,,,,,,,,,,,,,,,,,,,,,,,,,,,,,,,,,,,,,,,,,,,,,,,,,,,,,,,,,,,,,,,,,,,,,,,,,,,,,,,,,,,,,,,,
2013PN200221,OIL SANDS LONGTERM WQ MONITORING,M6 LTWQ PANEL 1 OF 10,AL07DD0009,57.21513,-111.61512,2014-02-06 10:45,WATER,VERTICAL INTEGRATED,2.35,,186.507,,0,,2.673,,2.203,,155.203,,0,,-0.352,,0.78,,23.54,,8.743,,230.828,,,,,,NA,,NA,,153,,,,11.6,,0.12,,,,8.04,,,,,,,,39.6,,42.7,,11.8,,1.93,,7.87,,22.3,,15,,409,,3.8,,12.54,,7.52,,414,,-0.08,,1.9,,,,,,,,,,,,,,,,,,,,,,,,,,,,,,,,,,,,,,,,,,,,,,,,,,,,,,,,,,,,,,,,,,,,,,,,,,,,,,,,,,,,,,,,,,,,,,,,,,,,,,,,,,,,,,,,,,,,,,,,,,,,,,,,,,
2013PN200222,OIL SANDS LONGTERM WQ MONITORING,M6 LTWQ PANEL 5 OF 10,AL07DD0009,57.21505,-111.6115,2014-02-06 11:05,WATER,VERTICAL INTEGRATED,1.51,,164.565,,0,,2.099,,0.955,,135.955,,0,,-0.411,,0.86,,26.687,,8.912,,212.42,,,,,,NA,,NA,,135,,,,16.8,,0.1,,,,8.09,,,,,,,,32.3,,37.3,,10.4,,1.71,,8.78,,23.1,,20,,382,,4,,12.55,,7.48,,387,,-0.08,,2.6,,,,,,,,,,,,,,,,,,,,,,,,,,,,,,,,,,,,,,,,,,,,,,,,,,,,,,,,,,,,,,,,,,,,,,,,,,,,,,,,,,,,,,,,,,,,,,,,,,,,,,,,,,,,,,,,,,,,,,,,,,,,,,,,,,
2013PN200223,OIL SANDS LONGTERM WQ MONITORING,M6 LTWQ PANEL 9 OF 10,AL07DD0009,57.21523,-111.60808,2014-02-06 11:25,WATER,VERTICAL INTEGRATED,1.11,,163.346,,0,,2.756,,2.117,,136.117,,0,,-0.536,,0.89,,27.333,,9.042,,213.16,,,,,,NA,,NA,,134,,,,17.8,,0.11,,,,7.97,,,,,,,,31.5,,37.2,,10.5,,1.72,,9.1,,23.9,,20,,379,,4.1,,12.55,,7.46,,384,,-0.08,,2.3,,,,,,,,,,,,,,,,,,,,,,,,,,,,,,,,,,,,,,,,,,,,,,,,,,,,,,,,,,,,,,,,,,,,,,,,,,,,,,,,,,,,,,,,,,,,,,,,,,,,,,,,,,,,,,,,,,,,,,,,,,,,,,,,,,
2013PN200224,OIL SANDS LONGTERM WQ MONITORING,"ATHABASCA RIVER M6, BELOW MACKAY RIVER",AL07DD0009,57.21505,-111.6115,2014-02-06 15:00,WATER,EQUAL VOLUME TRANSECT COMPOSITE,,,168.222,,0,,1.909,,0,,133.883,,0,,PM,,0.84,,26.298,,PM,,209.097,,,,,,NA,,NA,,138,,,,14.8,,0.11,,,,8.14,,,,,,,,31.1,,36.8,,10.2,,1.69,,8.34,,22.3,,20,,382,,4.3,,,,,,,,,,,,,,,,,,,,,,,,,,,,,,,,,,,,,,,,,,,,,,,,,,,,,,,,,,,,,,,,,,,,,,,,,,,,,,,,,,,,,,,,,,,,,,,,,,,,,,,,,,,,,,,,,,,,,,,,,,,,,,,,,,,,,,,,,,,,
2013PN200225,OIL SANDS LONGTERM WQ MONITORING,"ATHABASCA RIVER M6, BELOW MACKAY RIVER",AL07DD0009,57.21505,-111.6115,2014-02-06 15:10,WATER,EQUAL VOLUME TRANSECT COMPOSITE,,,168.222,,0,,1.822,,0,,133.134,,0,,PM,,0.84,,26.493,,PM,,208.599,,,,,,NA,,NA,,138,,,,14.8,,0.11,,,,8.16,,,,,,,,30.8,,36.5,,10.2,,1.69,,8.36,,22.4,,20,,382,,4.2,,,,,,,,,,,,,,,,,,,,,,,,,,,,,,,,,,,,,,,,,,,,,,,,,,,,,,,,,,,,,,,,,,,,,,,,,,,,,,,,,,,,,,,,,,,,,,,,,,,,,,,,,,,,,,,,,,,,,,,,,,,,,,,,,,,,,,,,,,,,
2013PN200226,OIL SANDS LONGTERM WQ MONITORING,"ATHABASCA RIVER M6, BELOW MACKAY RIVER",AL07DD0009,57.21505,-111.6115,2014-02-06 15:20,WATER,EQUAL VOLUME TRANSECT COMPOSITE,,,168.222,,0,,2.196,,1.937,,139.937,,0,,PM,,0.87,,26.538,,PM,,215.314,,,,,,NA,,NA,,138,,,,15.6,,0.1,,,,8.08,,,,,,,,32.6,,38.4,,10.7,,1.78,,8.79,,23.6,,20,,382,,4.3,,,,,,,,,,,,,,,,,,,,,,,,,,,,,,,,,,,,,,,,,,,,,,,,,,,,,,,,,,,,,,,,,,,,,,,,,,,,,,,,,,,,,,,,,,,,,,,,,,,,,,,,,,,,,,,,,,,,,,,,,,,,,,,,,,,,,,,,,,,,
2013PN200227,OIL SANDS LONGTERM WQ MONITORING,M5 LTWQ PANEL 3 OF 10,AL07DD0005,57.15655556,-111.6286944,2014-03-18 11:21,WATER,VERTICAL INTEGRATED,0.53,,176.755,,0,,2.913,,16.007,,161.007,,0,,-0.425,,1.11,,30.111,,8.83,,258.593,,,,,,NA,,NA,,145,,,,26.5,,0.11,,,,7.98,,,,,,,,43.5,,44.2,,12.3,,2.5,,8.45,,32.5,,20,,452,,6,,12.21,,7.52,,432,,-0.08,,2.7,,,,,,,,,,,,,,,,,,,,,,,,,,,,,,,,,,,,,,,,,,,,,,,,,,,,,,,,,,,,,,,,,,,,,,,,,,,,,,,,,,,,,,,,,,,,,,,,,,,,,,,,,,,,,,,,,,,,,,,,,,,,,,,,,,
2013PN200228,OIL SANDS LONGTERM WQ MONITORING,M5 LTWQ PANEL 6 OF 10,AL07DD0005,57.15683333,-111.6265278,2014-03-18 12:10,WATER,VERTICAL INTEGRATED,1.83,,171.879,,0,,3.334,,11.631,,152.631,,0,,-0.528,,1.11,,30.649,,8.965,,247.746,,,,,,NA,,NA,,141,,,,26,,0.11,,,,7.91,,,,,,,,39.1,,42,,11.6,,2.36,,9.02,,31.6,,20,,433,,6,,12.26,,7.5,,410,,-0.08,,2.6,,,,,,,,,,,,,,,,,,,,,,,,,,,,,,,,,,,,,,,,,,,,,,,,,,,,,,,,,,,,,,,,,,,,,,,,,,,,,,,,,,,,,,,,,,,,,,,,,,,,,,,,,,,,,,,,,,,,,,,,,,,,,,,,,,
2013PN200229,OIL SANDS LONGTERM WQ MONITORING,M5 LTWQ PANEL 8 OF 10,AL07DD0005,57.15705556,-111.6250278,2014-03-18 12:50,WATER,VERTICAL INTEGRATED,1.84,,159.689,,0,,3.321,,4.955,,135.955,,0,,-0.637,,1.14,,32.322,,9.154,,229.097,,,,,,NA,,NA,,131,,,,27.3,,0.1,,,,7.88,,,,,,,,32.3,,37.3,,10.4,,2.04,,9.39,,30.4,,20,,411,,5.9,,12.12,,7.47,,393,,-0.08,,2.4,,,,,,,,,,,,,,,,,,,,,,,,,,,,,,,,,,,,,,,,,,,,,,,,,,,,,,,,,,,,,,,,,,,,,,,,,,,,,,,,,,,,,,,,,,,,,,,,,,,,,,,,,,,,,,,,,,,,,,,,,,,,,,,,,,
2013PN200230,OIL SANDS LONGTERM WQ MONITORING,ATHABASCA RIVER M5 ABOVE MACKAY RIVER,AL07DD0005,57.15680556,-111.6270528,2014-03-18 16:00,WATER,EQUAL VOLUME TRANSECT COMPOSITE,,,160.908,,0,,2.15,,8.76,,140.76,,0,,PM,,1.07,,30.698,,PM,,230.409,,,,,,NA,,NA,,132,,,,24.2,,0.1,,,,8.07,,,,,,,,36.5,,38.4,,10.9,,2.14,,8.21,,29.2,,15,,410,,6.5,,,,,,,,,,,,,,,,,,,,,,,,,,,,,,,,,,,,,,,,,,,,,,,,,,,,,,,,,,,,,,,,,,,,,,,,,,,,,,,,,,,,,,,,,,,,,,,,,,,,,,,,,,,,,,,,,,,,,,,,,,,,,,,,,,,,,,,,,,,,
2013PN200231,OIL SANDS LONGTERM WQ MONITORING,ATHABASCA RIVER M5 ABOVE MACKAY RIVER,AL07DD0005,57.15680556,-111.6270528,2014-03-18 16:05,WATER,EQUAL VOLUME TRANSECT COMPOSITE,,,164.565,,0,,2.199,,7.67,,142.67,,0,,PM,,1.08,,30.632,,PM,,234.069,,,,,,NA,,NA,,135,,,,24.5,,0.1,,,,8.07,,,,,,,,37,,39,,11,,2.15,,8.3,,29.5,,15,,418,,6.5,,,,,,,,,,,,,,,,,,,,,,,,,,,,,,,,,,,,,,,,,,,,,,,,,,,,,,,,,,,,,,,,,,,,,,,,,,,,,,,,,,,,,,,,,,,,,,,,,,,,,,,,,,,,,,,,,,,,,,,,,,,,,,,,,,,,,,,,,,,,
2013PN200232,OIL SANDS LONGTERM WQ MONITORING,ATHABASCA RIVER M5 ABOVE MACKAY RIVER,AL07DD0005,57.15680556,-111.6270528,2014-03-18 16:10,WATER,EQUAL VOLUME TRANSECT COMPOSITE,,,164.565,,0,,2.003,,9.081,,144.081,,0,,PM,,1.08,,30.633,,PM,,235.714,,,,,,NA,,NA,,135,,,,24.8,,0.1,,,,8.11,,,,,,,,37.4,,39.4,,11.1,,2.2,,8.39,,29.8,,20,,419,,6.3,,,,,,,,,,,,,,,,,,,,,,,,,,,,,,,,,,,,,,,,,,,,,,,,,,,,,,,,,,,,,,,,,,,,,,,,,,,,,,,,,,,,,,,,,,,,,,,,,,,,,,,,,,,,,,,,,,,,,,,,,,,,,,,,,,,,,,,,,,,,
2013PN200233,OIL SANDS LONGTERM WQ MONITORING,M4 LT WQ PANEL 10 OF 10,AL07DD0004,57.12763889,-111.6000278,2014-03-19 10:40,WATER,VERTICAL INTEGRATED,2.99,,156.032,,0,,3.321,,7.867,,135.867,,0,,-0.659,,1.13,,32.334,,9.188,,227.403,,,,,,NA,,NA,,128,,,,26.3,,0.11,,,,7.87,,,,,,,,33.4,,37.1,,10.5,,2.05,,9.52,,30.4,,20,,406,,6.1,,12.23,,7.51,,385,,-0.08,,3,,,,,,,,,,,,,,,,,,,,,,,,,,,,,,,,,,,,,,,,,,,,,,,,,,,,,,,,,,,,,,,,,,,,,,,,,,,,,,,,,,,,,,,,,,,,,,,,,,,,,,,,,,,,,,,,,,,,,,,,,,,,,,,,,,
2013PN200234,OIL SANDS LONGTERM WQ MONITORING,M4 LTWQ PANEL 9 OF 10,AL07DD0004,57.12761111,-111.6001389,2014-03-19 10:00,WATER,VERTICAL INTEGRATED,0.7,,164.565,,0,,2.251,,8.169,,143.169,,0,,-0.423,,1.09,,30.906,,8.907,,234.66,,,,,,NA,,NA,,135,,,,23.8,,0.11,,,,8.06,,,,,,,,36.9,,39.2,,11,,2.21,,9.2,,30,,15,,410,,6.1,,12.31,,7.53,,390,,-0.08,,3.4,,,,,,,,,,,,,,,,,,,,,,,,,,,,,,,,,,,,,,,,,,,,,,,,,,,,,,,,,,,,,,,,,,,,,,,,,,,,,,,,,,,,,,,,,,,,,,,,,,,,,,,,,,,,,,,,,,,,,,,,,,,,,,,,,,
2013PN200235,OIL SANDS LONGTERM WQ MONITORING,M4 LTWQ PANEL 4 OF 10,AL07DD0004,57.12694444,-111.6030833,2014-03-19 9:45,WATER,VERTICAL INTEGRATED,1.02,,174.317,,0,,3.542,,13.026,,156.026,,0,,-0.535,,1.05,,29.231,,8.959,,247.773,,,,,,NA,,NA,,143,,,,21.6,,0.11,,,,7.89,,,,,,,,43,,42.7,,12,,2.45,,8.58,,30.2,,10,,429,,6.2,,12.38,,7.55,,411,,-0.09,,3.1,,,,,,,,,,,,,,,,,,,,,,,,,,,,,,,,,,,,,,,,,,,,,,,,,,,,,,,,,,,,,,,,,,,,,,,,,,,,,,,,,,,,,,,,,,,,,,,,,,,,,,,,,,,,,,,,,,,,,,,,,,,,,,,,,,
2013PN200236,OIL SANDS LONGTERM WQ MONITORING,ATHABASCA RIVER M4 ABOVE MUSKEG RIVER,AL07DD0004,57.12697222,-111.6024167,2014-03-19 12:20,WATER,EQUAL VOLUME TRANSECT COMPOSITE,,,167.003,,0,,2.508,,11.312,,148.312,,0,,PM,,1.05,,29.807,,PM,,238.73,,,,,,NA,,NA,,137,,,,22.5,,0.11,,,,8.02,,,,,,,,40.3,,40.6,,11.4,,2.28,,8.44,,29.5,,15,,416,,6.4,,,,,,,,,,,,,,,,,,,,,,,,,,,,,,,,,,,,,,,,,,,,,,,,,,,,,,,,,,,,,,,,,,,,,,,,,,,,,,,,,,,,,,,,,,,,,,,,,,,,,,,,,,,,,,,,,,,,,,,,,,,,,,,,,,,,,,,,,,,,
2013PN200237,OIL SANDS LONGTERM WQ MONITORING,ATHABASCA RIVER M4 ABOVE MUSKEG RIVER,AL07DD0004,57.12697222,-111.6024167,2014-03-19 12:25,WATER,EQUAL VOLUME TRANSECT COMPOSITE,,,167.003,,0,,2.567,,12.723,,149.723,,0,,PM,,1.07,,29.957,,PM,,240.14,,,,,,NA,,NA,,137,,,,22.6,,0.11,,,,8.01,,,,,,,,40.4,,41,,11.5,,2.32,,8.61,,30,,15,,423,,6.5,,,,,,,,,,,,,,,,,,,,,,,,,,,,,,,,,,,,,,,,,,,,,,,,,,,,,,,,,,,,,,,,,,,,,,,,,,,,,,,,,,,,,,,,,,,,,,,,,,,,,,,,,,,,,,,,,,,,,,,,,,,,,,,,,,,,,,,,,,,,
2013PN200238,OIL SANDS LONGTERM WQ MONITORING,ATHABASCA RIVER M4 ABOVE MUSKEG RIVER,AL07DD0004,57.12697222,-111.6024167,2014-03-19 12:30,WATER,EQUAL VOLUME TRANSECT COMPOSITE,,,169.441,,0,,2.544,,0,,138.526,,0,,PM,,1.03,,30.059,,PM,,230.086,,,,,,NA,,NA,,139,,,,21,,0.1,,,,8.02,,,,,,,,37.5,,38,,10.6,,2.18,,8.05,,27.9,,15,,425,,6.5,,,,,,,,,,,,,,,,,,,,,,,,,,,,,,,,,,,,,,,,,,,,,,,,,,,,,,,,,,,,,,,,,,,,,,,,,,,,,,,,,,,,,,,,,,,,,,,,,,,,,,,,,,,,,,,,,,,,,,,,,,,,,,,,,,,,,,,,,,,,
2013PN200239,OIL SANDS LONGTERM WQ MONITORING,M7 LTWQ PANEL 4 OF 10,AL07DD0007,57.31365,-111.67278,2014-03-20 10:14,WATER,VERTICAL INTEGRATED,1.51,,168.222,,0,,3.188,,0.938,,138.938,,0,,-0.567,,1.05,,30.302,,9.054,,230.56,,,,,,NA,,NA,,138,,,,21.7,,0.11,,,,7.92,,,,,,,,37,,38,,10.7,,2.16,,8.51,,28.3,,20,,421,,5.7,,12.14,,7.36,,399,,-0.08,,2.7,,,,,,,,,,,,,,,,,,,,,,,,,,,,,,,,,,,,,,,,,,,,,,,,,,,,,,,,,,,,,,,,,,,,,,,,,,,,,,,,,,,,,,,,,,,,,,,,,,,,,,,,,,,,,,,,,,,,,,,,,,,,,,,,,,
2013PN200240,OIL SANDS LONGTERM WQ MONITORING,M3 LT WQ PANEL 2 OF 10,AL07DD0008,56.83851,-111.41779,2014-03-04 14:30,WATER,VERTICAL INTEGRATED,1.28,,220.639,,0,,3.392,,0,,175.887,,0,,-0.249,,0.74,,21.568,,8.508,,254.382,,,,,,NA,,NA,,181,,,,5.38,,0.1,,,,8.01,,,,,,,,45.2,,49.5,,12.7,,2.36,,6.83,,22.6,,10,,448,,2.3,,13.09,,7.68,,NV,,-0.09,,2.1,,,,,,,,,,,,,,,,,,,,,,,,,,,,,,,,,,,,,,,,,,,,,,,,,,,,,,,,,,,,,,,,,,,,,,,,,,,,,,,,,,,,,,,,,,,,,,,,,,,,,,,,,,,,,,,,,,,,,,,,,,,,,,,,,,
2013PN200241,OIL SANDS LONGTERM WQ MONITORING,M3 LT WQ PANEL 8 OF 10,AL07DD0008,56.83888,-111.41328,2014-03-04 15:35,WATER,VERTICAL INTEGRATED,1.19,,170.66,,0,,3.234,,0,,133.232,,0,,-0.569,,0.96,,28.973,,9.057,,217.732,,,,,,NA,,NA,,140,,,,18.4,,0.1,,,,7.92,,,,,,,,30.7,,37.1,,9.86,,1.81,,9.29,,25.4,,15,,400,,3.8,,12.91,,8,,NV,,-0.09,,3.7,,,,,,,,,,,,,,,,,,,,,,,,,,,,,,,,,,,,,,,,,,,,,,,,,,,,,,,,,,,,,,,,,,,,,,,,,,,,,,,,,,,,,,,,,,,,,,,,,,,,,,,,,,,,,,,,,,,,,,,,,,,,,,,,,,
2013PN640001,OIL SANDS LONGTERM WQ MONITORING,M3 LT WQ PANEL 2 OF 10,AL07DD0008,56.83851,-111.41779,2013-05-22 14:07,WATER,VERTICAL INTEGRATED,1.7,,,,,,,,,,,,,,,,,,,,,,,,,,,,,,,,,,,,,,,,,,,,,,,,,,,,,,,,,,,,,,,,,,,,,,,,,,,,,,,,,,,,,,,,,,,,,,,,,,,,,,,,,,,,,,,,,,,,,,,,,,,,,,,,,,,,,,,,,,,,,,,,,,,,,,,,,,,,,,,,,,,,,,,,,,,,,,,,,,,,,,,,,,,,,,,,,,,,,,,,,,,,,,
2013PN640002,OIL SANDS LONGTERM WQ MONITORING,"ATHABASCA RIVER M3, 6.5 KM BELOW WSC GAUGE 07DA001",AL07DD0008,56.8388,-111.41548,2013-05-22 14:07,WATER,ISOKINETIC TRANSECT COMPOSITE - EWI,,,,,,,,,,,,,,,,,,,,,,,,,,,,,,,,,,,,,,,,,,,,,,,,,,,,,,,,,,,,,,,,,,,,,,,,,,,,,,,,,,,,,,,,,,,,,,,,,,,,,,,,,,,,,,,,,,,,,,,,,,,,,,,,,,,,,,,,,,,,,,,,,,,,,,,,,,,,,,,,,,,,,,,,,,,,,,,,,,,,,,,,,,,,,,,,,,,,,,,,,,,,,,,
2014PN200001,OIL SANDS LONGTERM WQ MONITORING,M3 LT WQ PANEL 2 OF 10,AL07DD0008,56.83851,-111.41779,2014-05-13 10:42,WATER,TRIPLICATE SAMPLE,1,,108.247,,0,,1.784,,3.351,,92.151,,0,,-0.529,,0.39,,16.351,,9.038,,122.785,,,,,,NA,,NA,,88.8,,,,2.15,,0.08,,,,7.98,,,,,,,,16.8,,26.6,,6.25,,2.31,,6.46,,8.54,,80,,208,,80,,11.27,,7.93,,209,,8.3,EVENTF,103.2,,,,,,,,,,,,,,,,,,,,,,,,,,,,,,,,,,,,,,,,,,,,,,,,,,,,,,,,,,,,,,,,,,,,,,,,,,,,,,,,,,,,,,,,,,,,,,,,,,,,,,,,,,,,,,,,,,,,,,,,,,,,,,,,,,
2014PN200002,OIL SANDS LONGTERM WQ MONITORING,M3 LT WQ PANEL 2 OF 10,AL07DD0008,56.83851,-111.41779,2014-05-13 10:47,WATER,TRIPLICATE SAMPLE,,,106.053,,0,,1.63,,4.611,,91.611,,0,,PM,,0.38,,16.27,,PM,,121.347,,,,,,NA,,NA,,87,,,,2.13,,0.08,,,,8.01,,,,,,,,16.8,,26.4,,6.24,,2.3,,6.42,,8.44,,80,,209,,85,,,,,,,,,,,,,,,,,,,,,,,,,,,,,,,,,,,,,,,,,,,,,,,,,,,,,,,,,,,,,,,,,,,,,,,,,,,,,,,,,,,,,,,,,,,,,,,,,,,,,,,,,,,,,,,,,,,,,,,,,,,,,,,,,,,,,,,,,,,,
2014PN200003,OIL SANDS LONGTERM WQ MONITORING,M3 LT WQ PANEL 2 OF 10,AL07DD0008,56.83851,-111.41779,2014-05-13 10:52,WATER,TRIPLICATE SAMPLE,,,106.175,,0,,1.709,,0.444,,87.544,,0,,PM,,0.37,,16.254,,PM,,118.561,,,,,,NA,,NA,,87.1,,,,2.05,,0.07,,,,7.99,,,,,,,,16.2,,25.2,,5.98,,2.23,,6.17,,8.06,,80,,209,,85,,,,,,,,,,,,,,,,,,,,,,,,,,,,,,,,,,,,,,,,,,,,,,,,,,,,,,,,,,,,,,,,,,,,,,,,,,,,,,,,,,,,,,,,,,,,,,,,,,,,,,,,,,,,,,,,,,,,,,,,,,,,,,,,,,,,,,,,,,,,
2014PN200004,OIL SANDS LONGTERM WQ MONITORING,M3 LT WQ PANEL 6 OF 10,AL07DD0008,56.83862,-111.41478,2014-05-13 13:07,WATER,VERTICAL INTEGRATED,2.34,,103.737,,0,,1.632,,1.116,,86.216,,0,,-0.541,,0.38,,16.552,,9.083,,116.22,,,,,,NA,,NA,,85.1,,,,2.2,,0.07,,,,8,,,,,,,,15.5,,24.8,,5.9,,2.18,,6.09,,8.11,,80,,205,,80,,11.46,,7.98,,205,,8.72,EVENTF,98.6,,,,,,,,,,,,,,,,,,,,,,,,,,,,,,,,,,,,,,,,,,,,,,,,,,,,,,,,,,,,,,,,,,,,,,,,,,,,,,,,,,,,,,,,,,,,,,,,,,,,,,,,,,,,,,,,,,,,,,,,,,,,,,,,,,
2014PN200005,OIL SANDS LONGTERM WQ MONITORING,M3 LT WQ PANEL 9 OF 10,AL07DD0008,56.83991,-111.41234,2014-05-13 13:58,WATER,VERTICAL INTEGRATED,3.2,,70.58,,0,,1.767,,0,,57.115,,0,,-1.157,,0.53,,25.319,,10.114,,88.687,,,,,,NA,,NA,,57.9,,,,7.57,,0.07,,,,7.8,,,,,,,,7.54,,15.8,,4.29,,1.68,,7.55,,9.23,,80,,156,,55,,11.81,,7.73,,151,,6.87,EVENTF,87,,,,,,,,,,,,,,,,,,,,,,,,,,,,,,,,,,,,,,,,,,,,,,,,,,,,,,,,,,,,,,,,,,,,,,,,,,,,,,,,,,,,,,,,,,,,,,,,,,,,,,,,,,,,,,,,,,,,,,,,,,,,,,,,,,
2014PN200006,OIL SANDS LONGTERM WQ MONITORING,"ATHABASCA RIVER M3, 6.5 KM BELOW WSC GAUGE 07DA001",AL07DD0008,56.8388,-111.41548,2014-05-13 14:35,WATER,ISOKINETIC TRANSECT COMPOSITE - EWI,,,91.059,,0,,1.572,,1.969,,76.669,,0,,PM,,0.43,,19.346,,PM,,106.934,,,,,,NA,,NA,,74.7,,,,4.38,,0.07,,,,7.96,,,,,,,,12.6,,21.9,,5.34,,2,,6.81,,8.73,,80,,188,,70,,,,,,,,,,,,,,,,,,,,,,,,,,,,,,,,,,,,,,,,,,,,,,,,,,,,,,,,,,,,,,,,,,,,,,,,,,,,,,,,,,,,,,,,,,,,,,,,,,,,,,,,,,,,,,,,,,,,,,,,,,,,,,,,,,,,,,,,,,,,
2014PN200007,OIL SANDS LONGTERM WQ MONITORING,"ATHABASCA RIVER M3, 6.5 KM BELOW WSC GAUGE 07DA001",AL07DD0008,56.8388,-111.41548,2014-05-13 14:40,WATER,ISOKINETIC TRANSECT COMPOSITE - EWI,,,93.132,,0,,1.646,,0,,75.467,,0,,PM,,0.43,,19.288,,PM,,106.993,,,,,,NA,,NA,,76.4,,,,4.24,,0.07,,,,7.95,,,,,,,,12.4,,21.6,,5.23,,1.96,,6.77,,8.56,,80,,189,,70,,,,,,,,,,,,,,,,,,,,,,,,,,,,,,,,,,,,,,,,,,,,,,,,,,,,,,,,,,,,,,,,,,,,,,,,,,,,,,,,,,,,,,,,,,,,,,,,,,,,,,,,,,,,,,,,,,,,,,,,,,,,,,,,,,,,,,,,,,,,
2014PN200008,OIL SANDS LONGTERM WQ MONITORING,"ATHABASCA RIVER M3, 6.5 KM BELOW WSC GAUGE 07DA001",AL07DD0008,56.8388,-111.41548,2014-05-13 14:45,WATER,ISOKINETIC TRANSECT COMPOSITE - EWI,,,92.522,,0,,1.597,,0.355,,76.255,,0,,PM,,0.43,,19.315,,PM,,107.461,,,,,,NA,,NA,,75.9,,,,4.36,,0.07,,,,7.96,,,,,,,,12.6,,21.8,,5.3,,2.02,,6.8,,8.67,,80,,189,,70,,,,,,,,,,,,,,,,,,,,,,,,,,,,,,,,,,,,,,,,,,,,,,,,,,,,,,,,,,,,,,,,,,,,,,,,,,,,,,,,,,,,,,,,,,,,,,,,,,,,,,,,,,,,,,,,,,,,,,,,,,,,,,,,,,,,,,,,,,,,
2014PN200014,OIL SANDS LONGTERM WQ MONITORING,M4 LTWQ PANEL 4 OF 10,AL07DD0004,57.12694444,-111.6030833,2014-05-14 11:14,WATER,VERTICAL INTEGRATED,3.41,,99.349,,0,,2.018,,0.399,,81.899,,0,,-0.66,,0.42,,18.227,,9.21,,113.583,,,,,,NA,,NA,,81.5,,,,3.63,,0.07,,,,7.89,,,,,,,,14.3,,23.5,,5.64,,2.09,,6.47,,8.66,,75,,196,,75,,11.16,,7.89,,198,,9.69,EVENTF,94.4,,,,,,,,,,,,,,,,,,,,,,,,,,,,,,,,,,,,,,,,,,,,,,,,,,,,,,,,,,,,,,,,,,,,,,,,,,,,,,,,,,,,,,,,,,,,,,,,,,,,,,,,,,,,,,,,,,,,,,,,,,,,,,,,,,
2014PN200015,OIL SANDS LONGTERM WQ MONITORING,M4 LTWQ PANEL 9 OF 10,AL07DD0004,57.12761111,-111.6001389,2014-05-14 13:13,WATER,VERTICAL INTEGRATED,2.63,,86.427,,0,,1.297,,0,,70.111,,0,,-0.674,,0.46,,20.934,,9.368,,101.584,,,,,,NA,,NA,,70.9,,,,5.42,,0.07,,,,8.02,,,,,,,,10.8,,19.9,,4.96,,1.88,,6.95,,8.82,,80,,180,,60,,11.41,,7.9,,177,,9.23,EVENTF,81.6,,,,,,,,,,,,,,,,,,,,,,,,,,,,,,,,,,,,,,,,,,,,,,,,,,,,,,,,,,,,,,,,,,,,,,,,,,,,,,,,,,,,,,,,,,,,,,,,,,,,,,,,,,,,,,,,,,,,,,,,,,,,,,,,,,
2014PN200016,OIL SANDS LONGTERM WQ MONITORING,M4 LT WQ PANEL 10 OF 10,AL07DD0004,57.12763889,-111.6000278,2014-05-14 13:38,WATER,VERTICAL INTEGRATED,4.2,,83.258,,0,,2.133,,0,,66.291,,0,,-0.943,,0.46,,21.434,,9.677,,97.646,,,,,,NA,,NA,,68.3,,,,5.71,,0.07,,,,7.79,,,,,,,,9.91,,18.7,,4.76,,1.82,,6.87,,8.6,,80,,173,,60,,11.47,,7.89,,172,,9.31,EVENTF,70.3,,,,,,,,,,,,,,,,,,,,,,,,,,,,,,,,,,,,,,,,,,,,,,,,,,,,,,,,,,,,,,,,,,,,,,,,,,,,,,,,,,,,,,,,,,,,,,,,,,,,,,,,,,,,,,,,,,,,,,,,,,,,,,,,,,
2014PN200017,OIL SANDS LONGTERM WQ MONITORING,ATHABASCA RIVER M4 ABOVE MUSKEG RIVER,AL07DD0004,57.12697222,-111.6024167,2014-05-14 14:00,WATER,ISOKINETIC TRANSECT COMPOSITE - EWI,,,94.229,,0,,1.827,,0,,75.961,,0,,PM,,0.43,,19.169,,PM,,107.934,,,,,,NA,,NA,,77.3,,,,4.39,,0.07,,,,7.91,,,,,,,,12.9,,21.6,,5.35,,1.97,,6.44,,8.55,,75,,191,,70,,,,,,,,,,,,,,,,,,,,,,,,,,,,,,,,,,,,,,,,,,,,,,,,,,,,,,,,,,,,,,,,,,,,,,,,,,,,,,,,,,,,,,,,,,,,,,,,,,,,,,,,,,,,,,,,,,,,,,,,,,,,,,,,,,,,,,,,,,,,
2014PN200018,OIL SANDS LONGTERM WQ MONITORING,ATHABASCA RIVER M4 ABOVE MUSKEG RIVER,AL07DD0004,57.12697222,-111.6024167,2014-05-14 14:05,WATER,ISOKINETIC TRANSECT COMPOSITE - EWI,,,93.985,,0,,1.781,,0,,74.8,,0,,PM,,0.43,,19.22,,PM,,106.855,,,,,,NA,,NA,,77.1,,,,4.28,,0.07,,,,7.92,,,,,,,,12.6,,21.3,,5.25,,1.96,,6.41,,8.45,,75,,192,,70,,,,,,,,,,,,,,,,,,,,,,,,,,,,,,,,,,,,,,,,,,,,,,,,,,,,,,,,,,,,,,,,,,,,,,,,,,,,,,,,,,,,,,,,,,,,,,,,,,,,,,,,,,,,,,,,,,,,,,,,,,,,,,,,,,,,,,,,,,,,
2014PN200019,OIL SANDS LONGTERM WQ MONITORING,ATHABASCA RIVER M4 ABOVE MUSKEG RIVER,AL07DD0004,57.12697222,-111.6024167,2014-05-14 14:10,WATER,ISOKINETIC TRANSECT COMPOSITE - EWI,,,94.716,,0,,1.837,,0,,73.349,,0,,PM,,0.42,,19.29,,PM,,106.135,,,,,,NA,,NA,,77.7,,,,4.19,,0.07,,,,7.91,,,,,,,,12.4,,20.9,,5.14,,1.9,,6.28,,8.32,,80,,192,,70,,,,,,,,,,,,,,,,,,,,,,,,,,,,,,,,,,,,,,,,,,,,,,,,,,,,,,,,,,,,,,,,,,,,,,,,,,,,,,,,,,,,,,,,,,,,,,,,,,,,,,,,,,,,,,,,,,,,,,,,,,,,,,,,,,,,,,,,,,,,
2014PN200020,OIL SANDS LONGTERM WQ MONITORING,M5 LTWQ PANEL 4 OF 10,AL07DD0005,57.15669444,-111.62825,2014-05-27 12:36,WATER,VERTICAL INTEGRATED,1.52,,115.561,,0,,1.222,,9.116,,103.916,,0,,-0.08,,0.43,,17.032,,8.33,,139.445,,,,,,NA,,NA,,94.8,,,,3.36,,0.09,,,,8.17,,,,,,,,23.7,,29.3,,7.47,,1.66,,6.83,,10,,55,,241,,64,,9.48,,8.08,,241,,14.24,EVENTF,81.2,,,,,,,,,,,,,,,,,,,,,,,,,,,,,,,,,,,,,,,,,,,,,,,,,,,,,,,,,,,,,,,,,,,,,,,,,,,,,,,,,,,,,,,,,,,,,,,,,,,,,,,,,,,,,,,,,,,,,,,,,,,,,,,,,,
2014PN200021,OIL SANDS LONGTERM WQ MONITORING,M5 LTWQ PANEL 6 OF 10,AL07DD0005,57.15683333,-111.6265278,2014-05-27 13:39,WATER,VERTICAL INTEGRATED,5.18,,109.832,,0,,1.275,,5.765,,95.865,,0,,-0.183,,0.45,,18.483,,8.497,,132.576,,,,,,NA,,NA,,90.1,,,,4.45,,0.09,,,,8.13,,,,,,,,20.7,,26.9,,6.97,,1.61,,7.49,,10.2,,60,,226,,69,,9.53,,8.04,,227,,14.04,EVENTF,89.3,,,,,,,,,,,,,,,,,,,,,,,,,,,,,,,,,,,,,,,,,,,,,,,,,,,,,,,,,,,,,,,,,,,,,,,,,,,,,,,,,,,,,,,,,,,,,,,,,,,,,,,,,,,,,,,,,,,,,,,,,,,,,,,,,,
2014PN200022,OIL SANDS LONGTERM WQ MONITORING,M5 LTWQ PANEL 8 OF 10,AL07DD0005,57.15705556,-111.6250278,2014-05-27 14:19,WATER,VERTICAL INTEGRATED,3.35,,99.349,,0,,1.327,,1.915,,83.415,,0,,-0.36,,0.49,,20.65,,8.79,,119.944,,,,,,NA,,NA,,81.5,,,,6.1,,0.08,,,,8.07,,,,,,,,16.3,,23.2,,6.19,,1.49,,7.4,,10.2,,60,,207,,63,,9.62,,8,,207,,13.64,EVENTF,77.6,,,,,,,,,,,,,,,,,,,,,,,,,,,,,,,,,,,,,,,,,,,,,,,,,,,,,,,,,,,,,,,,,,,,,,,,,,,,,,,,,,,,,,,,,,,,,,,,,,,,,,,,,,,,,,,,,,,,,,,,,,,,,,,,,,
2014PN200023,OIL SANDS LONGTERM WQ MONITORING,ATHABASCA RIVER M5 ABOVE MACKAY RIVER,AL07DD0005,57.15680556,-111.6270528,2014-05-27 14:57,WATER,ISOKINETIC TRANSECT COMPOSITE - EWI,,,110.198,,0,,1.28,,4.01,,94.41,,0,,PM,,0.45,,18.569,,PM,,131.231,,,,,,NA,,NA,,90.4,,,,4.64,,0.08,,,,8.13,,,,,,,,20.4,,26.4,,6.92,,1.57,,6.77,,10.1,,60,,227,,66,,,,,,,,,,,,,,,,,,,,,,,,,,,,,,,,,,,,,,,,,,,,,,,,,,,,,,,,,,,,,,,,,,,,,,,,,,,,,,,,,,,,,,,,,,,,,,,,,,,,,,,,,,,,,,,,,,,,,,,,,,,,,,,,,,,,,,,,,,,,
2014PN200024,OIL SANDS LONGTERM WQ MONITORING,ATHABASCA RIVER M5 ABOVE MACKAY RIVER,AL07DD0005,57.15680556,-111.6270528,2014-05-27 15:02,WATER,ISOKINETIC TRANSECT COMPOSITE - EWI,,,109.954,,0,,1.219,,4.792,,94.992,,0,,PM,,0.45,,18.621,,PM,,131.87,,,,,,NA,,NA,,90.2,,,,4.63,,0.09,,,,8.15,,,,,,,,20.4,,26.6,,6.94,,1.6,,7.17,,10.2,,60,,226,,65,,,,,,,,,,,,,,,,,,,,,,,,,,,,,,,,,,,,,,,,,,,,,,,,,,,,,,,,,,,,,,,,,,,,,,,,,,,,,,,,,,,,,,,,,,,,,,,,,,,,,,,,,,,,,,,,,,,,,,,,,,,,,,,,,,,,,,,,,,,,
2014PN200025,OIL SANDS LONGTERM WQ MONITORING,ATHABASCA RIVER M5 ABOVE MACKAY RIVER,AL07DD0005,57.15680556,-111.6270528,2014-05-27 15:07,WATER,ISOKINETIC TRANSECT COMPOSITE - EWI,,,109.222,,0,,1.239,,6.015,,95.615,,0,,PM,,0.46,,18.672,,PM,,131.595,,,,,,NA,,NA,,89.6,,,,4.66,,0.09,,,,8.14,,,,,,,,20.3,,26.8,,6.97,,1.6,,7,,10.3,,60,,226,,64,,,,,,,,,,,,,,,,,,,,,,,,,,,,,,,,,,,,,,,,,,,,,,,,,,,,,,,,,,,,,,,,,,,,,,,,,,,,,,,,,,,,,,,,,,,,,,,,,,,,,,,,,,,,,,,,,,,,,,,,,,,,,,,,,,,,,,,,,,,,
2014PN200026,OIL SANDS LONGTERM WQ MONITORING,M6 LTWQ PANEL 1 OF 10,AL07DD0009,57.21513,-111.61512,2014-05-28 12:30,WATER,VERTICAL INTEGRATED,4.1,,112.026,,0,,1.332,,5.779,,97.679,,0,,-0.206,,0.48,,19.33,,8.532,,135.82,,,,,,NA,,NA,,91.9,,,,2.89,,0.09,,,,8.12,,,,,,,,22.6,,27,,7.35,,1.76,,7.72,,11,,80,,229,,80,,9.87,,8.02,,230,,13.36,EVENTF,102.8,,,,,,,,,,,,,,,,,,,,,,,,,,,,,,,,,,,,,,,,,,,,,,,,,,,,,,,,,,,,,,,,,,,,,,,,,,,,,,,,,,,,,,,,,,,,,,,,,,,,,,,,,,,,,,,,,,,,,,,,,,,,,,,,,,
2014PN200027,OIL SANDS LONGTERM WQ MONITORING,M6 LTWQ PANEL 4 OF 10,AL07DD0009,57.21516,-111.61577,2014-05-28 13:09,WATER,VERTICAL INTEGRATED,3.2,,112.879,,0,,1.251,,6.124,,98.724,,0,,-0.147,,0.45,,18.335,,8.445,,136.633,,,,,,NA,,NA,,92.6,,,,4.17,,0.09,,,,8.15,,,,,,,,21.5,,27.6,,7.24,,1.65,,8.17,,10.4,,60,,232,,75,,9.73,,8.04,,232,,13.85,EVENTF,97.8,,,,,,,,,,,,,,,,,,,,,,,,,,,,,,,,,,,,,,,,,,,,,,,,,,,,,,,,,,,,,,,,,,,,,,,,,,,,,,,,,,,,,,,,,,,,,,,,,,,,,,,,,,,,,,,,,,,,,,,,,,,,,,,,,,
2014PN200028,OIL SANDS LONGTERM WQ MONITORING,M6 LTWQ PANEL 9 OF 10,AL07DD0009,57.21523,-111.60808,2014-05-28 13:38,WATER,VERTICAL INTEGRATED,2.6,,100.324,,0,,1.279,,4.806,,87.106,,0,,-0.333,,0.51,,21.035,,8.756,,124.653,,,,,,NA,,NA,,82.3,,,,6.23,,0.08,,,,8.09,,,,,,,,17.1,,24.2,,6.48,,1.54,,8.53,,10.9,,70,,213,,75,,9.83,,7.99,,212,,13.2,EVENTF,92,,,,,,,,,,,,,,,,,,,,,,,,,,,,,,,,,,,,,,,,,,,,,,,,,,,,,,,,,,,,,,,,,,,,,,,,,,,,,,,,,,,,,,,,,,,,,,,,,,,,,,,,,,,,,,,,,,,,,,,,,,,,,,,,,,
2014PN200032,OIL SANDS LONGTERM WQ MONITORING,M7 LTWQ PANEL 1 OF 10,AL07DD0007,57.31332,-111.67533,2014-05-29 11:00,WATER,TRIPLICATE SAMPLE,5.002,,99.592,,0,,1.53,,8.883,,90.583,,0,,-0.476,,0.45,,18.864,,8.962,,128.963,,,,,,NA,,NA,,81.7,,,,2.19,,0.1,,,,8.01,,,,,,,,23,,24.9,,6.9,,1.87,,10.8,,9.93,,80,,211,,190,,10.18,,7.85,,198,,11,EVENTF,270.01,,,,,,,,,,,,,,,,,,,,,,,,,,,,,,,,,,,,,,,,,,,,,,,,,,,,,,,,,,,,,,,,,,,,,,,,,,,,,,,,,,,,,,,,,,,,,,,,,,,,,,,,,,,,,,,,,,,,,,,,,,,,,,,,,,
2014PN200033,OIL SANDS LONGTERM WQ MONITORING,M7 LTWQ PANEL 1 OF 10,AL07DD0007,57.31332,-111.67533,2014-05-29 11:05,WATER,TRIPLICATE SAMPLE,,,98.251,,0,,1.582,,10.271,,90.871,,0,,PM,,0.46,,18.905,,PM,,129.833,,,,,,NA,,NA,,80.6,,,,2.09,,0.1,,,,7.99,,,,,,,,23.1,,24.9,,6.97,,1.96,,12.1,,10,,80,,210,,130,,,,,,,,,,,,,,,,,,,,,,,,,,,,,,,,,,,,,,,,,,,,,,,,,,,,,,,,,,,,,,,,,,,,,,,,,,,,,,,,,,,,,,,,,,,,,,,,,,,,,,,,,,,,,,,,,,,,,,,,,,,,,,,,,,,,,,,,,,,,
2014PN200034,OIL SANDS LONGTERM WQ MONITORING,M7 LTWQ PANEL 1 OF 10,AL07DD0007,57.31332,-111.67533,2014-05-29 11:10,WATER,TRIPLICATE SAMPLE,,,106.175,,0,,1.486,,8.713,,95.813,,0,,PM,,0.45,,18.46,,PM,,132.141,,,,,,NA,,NA,,87.1,,,,2.48,,0.09,,,,8.05,,,,,,,,22.5,,26.5,,7.2,,1.77,,8.88,,10.2,,80,,220,,120,,,,,,,,,,,,,,,,,,,,,,,,,,,,,,,,,,,,,,,,,,,,,,,,,,,,,,,,,,,,,,,,,,,,,,,,,,,,,,,,,,,,,,,,,,,,,,,,,,,,,,,,,,,,,,,,,,,,,,,,,,,,,,,,,,,,,,,,,,,,
2014PN200035,OIL SANDS LONGTERM WQ MONITORING,M7 LTWQ PANEL 4 OF 10,AL07DD0007,57.31365,-111.67278,2014-05-29 12:34,WATER,VERTICAL INTEGRATED,3.55,,108.003,,0,,1.314,,6.763,,95.363,,0,,-0.242,,0.44,,18.129,,8.595,,131.766,,,,,,NA,,NA,,88.6,,,,4.27,,0.09,,,,8.11,,,,,,,,19.8,,26.6,,7.03,,1.61,,9.03,,9.91,,60,,222,,75,,9.74,,8.01,,222,,13.17,EVENTF,104,,,,,,,,,,,,,,,,,,,,,,,,,,,,,,,,,,,,,,,,,,,,,,,,,,,,,,,,,,,,,,,,,,,,,,,,,,,,,,,,,,,,,,,,,,,,,,,,,,,,,,,,,,,,,,,,,,,,,,,,,,,,,,,,,,
2014PN200036,OIL SANDS LONGTERM WQ MONITORING,M7 LTWQ PANEL 9 OF 10,AL07DD0007,57.3139,-111.66835,2014-05-29 13:56,WATER,VERTICAL INTEGRATED,2.7,,100.08,,0,,1.369,,4.923,,87.023,,0,,-0.384,,0.48,,19.968,,8.827,,123.37,,,,,,NA,,NA,,82.1,,,,5.65,,0.08,,,,8.06,,,,,,,,16.6,,24.2,,6.46,,1.54,,9.15,,10.2,,65,,208,,75,,9.85,,7.99,,208,,12.57,EVENTF,99.8,,,,,,,,,,,,,,,,,,,,,,,,,,,,,,,,,,,,,,,,,,,,,,,,,,,,,,,,,,,,,,,,,,,,,,,,,,,,,,,,,,,,,,,,,,,,,,,,,,,,,,,,,,,,,,,,,,,,,,,,,,,,,,,,,,
2014PN200037,OIL SANDS LONGTERM WQ MONITORING,"ATHABASCA RIVER M7, BELOW ELLS RIVER",AL07DD0007,57.31373,-111.67183,2014-05-29 14:45,WATER,ISOKINETIC TRANSECT COMPOSITE - EWI,,,103.981,,0,,1.236,,6.41,,91.71,,0,,PM,,0.46,,18.985,,PM,,128.98,,,,,,NA,,NA,,85.3,,,,4.27,,0.09,,,,8.12,,,,,,,,19.5,,25.5,,6.81,,1.65,,9.61,,10.1,,80,,214,,100,,,,,,,,,,,,,,,,,,,,,,,,,,,,,,,,,,,,,,,,,,,,,,,,,,,,,,,,,,,,,,,,,,,,,,,,,,,,,,,,,,,,,,,,,,,,,,,,,,,,,,,,,,,,,,,,,,,,,,,,,,,,,,,,,,,,,,,,,,,,
2014PN200038,OIL SANDS LONGTERM WQ MONITORING,"ATHABASCA RIVER M7, BELOW ELLS RIVER",AL07DD0007,57.31373,-111.67183,2014-05-29 14:50,WATER,ISOKINETIC TRANSECT COMPOSITE - EWI,,,104.346,,0,,1.27,,6.483,,92.083,,0,,PM,,0.46,,19.078,,PM,,128.968,,,,,,NA,,NA,,85.6,,,,4.29,,0.09,,,,8.11,,,,,,,,19.5,,25.6,,6.84,,1.64,,9.2,,10.2,,70,,217,,95,,,,,,,,,,,,,,,,,,,,,,,,,,,,,,,,,,,,,,,,,,,,,,,,,,,,,,,,,,,,,,,,,,,,,,,,,,,,,,,,,,,,,,,,,,,,,,,,,,,,,,,,,,,,,,,,,,,,,,,,,,,,,,,,,,,,,,,,,,,,
2014PN200039,OIL SANDS LONGTERM WQ MONITORING,"ATHABASCA RIVER M7, BELOW ELLS RIVER",AL07DD0007,57.31373,-111.67183,2014-05-29 14:55,WATER,ISOKINETIC TRANSECT COMPOSITE - EWI,,,104.468,,0,,1.242,,6.342,,92.042,,0,,PM,,0.46,,18.931,,PM,,128.814,,,,,,NA,,NA,,85.7,,,,4.31,,0.09,,,,8.12,,,,,,,,19.4,,25.6,,6.83,,1.65,,9.17,,10.1,,70,,217,,85,,,,,,,,,,,,,,,,,,,,,,,,,,,,,,,,,,,,,,,,,,,,,,,,,,,,,,,,,,,,,,,,,,,,,,,,,,,,,,,,,,,,,,,,,,,,,,,,,,,,,,,,,,,,,,,,,,,,,,,,,,,,,,,,,,,,,,,,,,,,
2014PN200045,OIL SANDS LONGTERM WQ MONITORING,M3 LT WQ PANEL 2 OF 10,AL07DD0008,56.83851,-111.41779,2014-06-10 11:27,WATER,VERTICAL INTEGRATED,3.461,,117.146,,0,,1.426,,14.353,,110.453,,0,,-0.086,,0.35,,14.05,,8.283,,139.158,,,,,,NA,,NA,,96.1,,,,2.32,,0.09,,,,8.11,,,,,,,,21.9,,30.5,,8.33,,1.62,,7.88,,8.45,,40,,233,,85,,9.58,,8.05,,235,,15.19,EVENTF,114,,,,,,,,,,,,,,,,,,,,,,,,,,,,,,,,,,,,,,,,,,,,,,,,,,,,,,,,,,,,,,,,,,,,,,,,,,,,,,,,,,,,,,,,,,,,,,,,,,,,,,,,,,,,,,,,,,,,,,,,,,,,,,,,,,
2014PN200046,OIL SANDS LONGTERM WQ MONITORING,M3 LT WQ PANEL 6 OF 10,AL07DD0008,56.83862,-111.41478,2014-06-10 12:27,WATER,VERTICAL INTEGRATED,3.5,,117.024,,0,,1.267,,15.328,,111.328,,0,,-0.022,,0.31,,12.712,,8.205,,137.663,,,,,,NA,,NA,,96,,,,1.58,,0.09,,,,8.16,,,,,,,,21.7,,30.9,,8.3,,1.54,,8.16,,7.58,,40,,229,,85,,9.76,,8.11,,231,,15.48,EVENTF,108.7,,,,,,,,,,,,,,,,,,,,,,,,,,,,,,,,,,,,,,,,,,,,,,,,,,,,,,,,,,,,,,,,,,,,,,,,,,,,,,,,,,,,,,,,,,,,,,,,,,,,,,,,,,,,,,,,,,,,,,,,,,,,,,,,,,
2014PN200047,OIL SANDS LONGTERM WQ MONITORING,M3 LT WQ PANEL 9 OF 10,AL07DD0008,56.83991,-111.41234,2014-06-10 14:31,WATER,VERTICAL INTEGRATED,4.3,,66.557,,0,,1.554,,4.614,,59.214,,0,,-0.977,,0.55,,25.738,,9.783,,89.675,,,,,,NA,,NA,,54.6,,,,7.76,,0.07,,,,7.83,,,,,,,,6.61,,15.8,,4.8,,1.19,,10.9,,9.67,,90,,146,,85,,10.06,,7.74,,144,,12.16,EVENTF,115.6,,,,,,,,,,,,,,,,,,,,,,,,,,,,,,,,,,,,,,,,,,,,,,,,,,,,,,,,,,,,,,,,,,,,,,,,,,,,,,,,,,,,,,,,,,,,,,,,,,,,,,,,,,,,,,,,,,,,,,,,,,,,,,,,,,
2014PN200048,OIL SANDS LONGTERM WQ MONITORING,"ATHABASCA RIVER M3, 6.5 KM BELOW WSC GAUGE 07DA001",AL07DD0008,56.8388,-111.41548,2014-06-10 17:00,WATER,ISOKINETIC TRANSECT COMPOSITE - EWI,,,98.13,,0,,1.281,,13.735,,94.235,,0,,PM,,0.38,,16.147,,PM,,120.745,,,,,,NA,,NA,,80.5,,,,3.6,,0.08,,,,8.08,,,,,,,,16.9,,26,,7.12,,1.45,,8.6,,8.5,,60,,204,,85,,,,,,,,,,,,,,,,,,,,,,,,,,,,,,,,,,,,,,,,,,,,,,,,,,,,,,,,,,,,,,,,,,,,,,,,,,,,,,,,,,,,,,,,,,,,,,,,,,,,,,,,,,,,,,,,,,,,,,,,,,,,,,,,,,,,,,,,,,,,
2014PN200049,OIL SANDS LONGTERM WQ MONITORING,"ATHABASCA RIVER M3, 6.5 KM BELOW WSC GAUGE 07DA001",AL07DD0008,56.8388,-111.41548,2014-06-10 17:05,WATER,ISOKINETIC TRANSECT COMPOSITE - EWI,,,102.03,,0,,1.395,,12.278,,95.978,,0,,PM,,0.38,,15.919,,PM,,123.489,,,,,,NA,,NA,,83.7,,,,3.49,,0.08,,,,8.06,,,,,,,,17.3,,26.5,,7.24,,1.46,,8.49,,8.51,,60,,207,,85,,,,,,,,,,,,,,,,,,,,,,,,,,,,,,,,,,,,,,,,,,,,,,,,,,,,,,,,,,,,,,,,,,,,,,,,,,,,,,,,,,,,,,,,,,,,,,,,,,,,,,,,,,,,,,,,,,,,,,,,,,,,,,,,,,,,,,,,,,,,
2014PN200050,OIL SANDS LONGTERM WQ MONITORING,"ATHABASCA RIVER M3, 6.5 KM BELOW WSC GAUGE 07DA001",AL07DD0008,56.8388,-111.41548,2014-06-10 17:10,WATER,ISOKINETIC TRANSECT COMPOSITE - EWI,,,102.03,,0,,1.395,,12.319,,96.019,,0,,PM,,0.37,,15.808,,PM,,123.035,,,,,,NA,,NA,,83.7,,,,3.44,,0.08,,,,8.06,,,,,,,,17.3,,26.5,,7.25,,1.43,,8.18,,8.44,,55,,205,,85,,,,,,,,,,,,,,,,,,,,,,,,,,,,,,,,,,,,,,,,,,,,,,,,,,,,,,,,,,,,,,,,,,,,,,,,,,,,,,,,,,,,,,,,,,,,,,,,,,,,,,,,,,,,,,,,,,,,,,,,,,,,,,,,,,,,,,,,,,,,
2014PN200051,OIL SANDS LONGTERM WQ MONITORING,M4 LTWQ PANEL 4 OF 10,AL07DD0004,57.12694444,-111.6030833,2014-06-11 11:56,WATER,VERTICAL INTEGRATED,4.6,,105.078,,0,,1.34,,12.269,,98.469,,0,,-0.207,,0.37,,15.549,,8.504,,127.905,,,,,,NA,,NA,,86.2,,,,2.8,,0.09,,,,8.09,,,,,,,,19.9,,27.3,,7.36,,1.4,,8.62,,8.48,,60,,212,,100,,9.4,,7.96,,212,,14.91,EVENTF,131.5,,,,,,,,,,,,,,,,,,,,,,,,,,,,,,,,,,,,,,,,,,,,,,,,,,,,,,,,,,,,,,,,,,,,,,,,,,,,,,,,,,,,,,,,,,,,,,,,,,,,,,,,,,,,,,,,,,,,,,,,,,,,,,,,,,
2014PN200052,OIL SANDS LONGTERM WQ MONITORING,M4 LTWQ PANEL 9 OF 10,AL07DD0004,57.12761111,-111.6001389,2014-06-11 13:38,WATER,VERTICAL INTEGRATED,2.8,,84.964,,0,,1.433,,9.73,,79.43,,0,,-0.55,,0.44,,19.52,,9.07,,108.445,,,,,,NA,,NA,,69.7,,,,5.17,,0.08,,,,7.97,,,,,,,,13.1,,22,,5.95,,1.26,,9.92,,9.03,,80,,180,,100,,9.61,,7.89,,178,,13.54,EVENTF,132.2,,,,,,,,,,,,,,,,,,,,,,,,,,,,,,,,,,,,,,,,,,,,,,,,,,,,,,,,,,,,,,,,,,,,,,,,,,,,,,,,,,,,,,,,,,,,,,,,,,,,,,,,,,,,,,,,,,,,,,,,,,,,,,,,,,
2014PN200053,OIL SANDS LONGTERM WQ MONITORING,M4 LT WQ PANEL 10 OF 10,AL07DD0004,57.12763889,-111.6000278,2014-06-11 14:04,WATER,VERTICAL INTEGRATED,3.85,,84.355,,0,,1.423,,8.82,,78.02,,0,,-0.568,,0.51,,22.137,,9.106,,111.121,,,,,,NA,,NA,,69.2,,,,7.3,,0.08,,,,7.97,,,,,,,,12.7,,21.6,,5.85,,1.26,,10.3,,10.4,,90,,184,,100,,9.65,,7.89,,183,,13.36,EVENTF,129.5,,,,,,,,,,,,,,,,,,,,,,,,,,,,,,,,,,,,,,,,,,,,,,,,,,,,,,,,,,,,,,,,,,,,,,,,,,,,,,,,,,,,,,,,,,,,,,,,,,,,,,,,,,,,,,,,,,,,,,,,,,,,,,,,,,
2014PN200054,OIL SANDS LONGTERM WQ MONITORING,ATHABASCA RIVER M4 ABOVE MUSKEG RIVER,AL07DD0004,57.12697222,-111.6024167,2014-06-11 16:30,WATER,ISOKINETIC TRANSECT COMPOSITE - EWI,,,98.373,,0,,1.314,,11.216,,91.916,,0,,PM,,0.41,,17.47,,PM,,122.685,,,,,,NA,,NA,,80.7,,,,3.83,,0.09,,,,8.07,,,,,,,,17.9,,25.5,,6.86,,1.38,,9.36,,9.11,,65,,205,,100,,,,,,,,,,,,,,,,,,,,,,,,,,,,,,,,,,,,,,,,,,,,,,,,,,,,,,,,,,,,,,,,,,,,,,,,,,,,,,,,,,,,,,,,,,,,,,,,,,,,,,,,,,,,,,,,,,,,,,,,,,,,,,,,,,,,,,,,,,,,
2014PN200055,OIL SANDS LONGTERM WQ MONITORING,ATHABASCA RIVER M4 ABOVE MUSKEG RIVER,AL07DD0004,57.12697222,-111.6024167,2014-06-11 16:35,WATER,ISOKINETIC TRANSECT COMPOSITE - EWI,,,98.739,,0,,1.415,,11.539,,92.539,,0,,PM,,0.4,,16.963,,PM,,122.517,,,,,,NA,,NA,,81,,,,3.83,,0.09,,,,8.04,,,,,,,,17.9,,25.7,,6.89,,1.38,,9.1,,8.85,,70,,205,,100,,,,,,,,,,,,,,,,,,,,,,,,,,,,,,,,,,,,,,,,,,,,,,,,,,,,,,,,,,,,,,,,,,,,,,,,,,,,,,,,,,,,,,,,,,,,,,,,,,,,,,,,,,,,,,,,,,,,,,,,,,,,,,,,,,,,,,,,,,,,
2014PN200056,OIL SANDS LONGTERM WQ MONITORING,ATHABASCA RIVER M4 ABOVE MUSKEG RIVER,AL07DD0004,57.12697222,-111.6024167,2014-06-11 16:40,WATER,ISOKINETIC TRANSECT COMPOSITE - EWI,,,98.495,,0,,1.347,,10.161,,90.961,,0,,PM,,0.4,,16.934,,PM,,121.586,,,,,,NA,,NA,,80.8,,,,3.83,,0.09,,,,8.06,,,,,,,,17.8,,25.2,,6.81,,1.35,,9.16,,8.68,,65,,204,,100,,,,,,,,,,,,,,,,,,,,,,,,,,,,,,,,,,,,,,,,,,,,,,,,,,,,,,,,,,,,,,,,,,,,,,,,,,,,,,,,,,,,,,,,,,,,,,,,,,,,,,,,,,,,,,,,,,,,,,,,,,,,,,,,,,,,,,,,,,,,
2014PN200057,OIL SANDS LONGTERM WQ MONITORING,M7 LTWQ PANEL 1 OF 10,AL07DD0007,57.31332,-111.67533,2014-06-24 10:15,WATER,VERTICAL INTEGRATED,4.8,,106.663,,0,,1.528,,13.412,,100.912,,0,,-0.118,,0.37,,15.209,,8.277,,127.539,,,,,,NA,,NA,,87.5,,,,1.92,,0.09,,,,8.04,,,,,,,,21.8,,27.8,,7.65,,1.09,,6.17,,8.43,,70,,211,,70,,9.01,,7.87,,223,,19,EVENTF,88.7,,,,,,,,,,,,,,,,,,,,,,,,,,,,,,,,,,,,,,,,,,,,,,,,,,,,,,,,,,,,,,,,,,,,,,,,,,,,,,,,,,,,,,,,,,,,,,,,,,,,,,,,,,,,,,,,,,,,,,,,,,,,,,,,,,
2014PN200058,OIL SANDS LONGTERM WQ MONITORING,M7 LTWQ PANEL 6 OF 10,AL07DD0007,57.31373,-111.67093,2014-06-24 11:30,WATER,VERTICAL INTEGRATED,2.63,,98.983,,0,,1.521,,10.258,,91.458,,0,,-0.229,,0.4,,16.999,,8.468,,119.666,,,,,,NA,,NA,,81.2,,,,4.6,,0.08,,,,8.01,,,,,,,,17.1,,25.3,,6.87,,1.04,,7.16,,8.73,,65,,201,,75,,8.97,,7.85,,208,,18.69,EVENTF,100.7,,,,,,,,,,,,,,,,,,,,,,,,,,,,,,,,,,,,,,,,,,,,,,,,,,,,,,,,,,,,,,,,,,,,,,,,,,,,,,,,,,,,,,,,,,,,,,,,,,,,,,,,,,,,,,,,,,,,,,,,,,,,,,,,,,
2014PN200059,OIL SANDS LONGTERM WQ MONITORING,M7 LTWQ PANEL 10 OF 10,AL07DD0007,57.31395,-111.66737,2014-06-24 12:35,WATER,VERTICAL INTEGRATED,2.8,,97.032,,0,,1.491,,9.742,,89.342,,0,,-0.246,,0.42,,17.888,,8.502,,117.921,,,,,,NA,,NA,,79.6,,,,5.2,,0.09,,,,8.01,,,,,,,,15.9,,24.7,,6.72,,1.01,,7.36,,9.07,,75,,198,,75,,8.97,,7.85,,204,,18.74,EVENTF,90.5,,,,,,,,,,,,,,,,,,,,,,,,,,,,,,,,,,,,,,,,,,,,,,,,,,,,,,,,,,,,,,,,,,,,,,,,,,,,,,,,,,,,,,,,,,,,,,,,,,,,,,,,,,,,,,,,,,,,,,,,,,,,,,,,,,
2014PN200060,OIL SANDS LONGTERM WQ MONITORING,"ATHABASCA RIVER M7, BELOW ELLS RIVER",AL07DD0007,57.31373,-111.67183,2014-06-24 13:00,WATER,ISOKINETIC TRANSECT COMPOSITE - EWI,,,101.421,,0,,1.387,,12.572,,95.772,,0,,PM,,0.38,,15.97,,PM,,123.061,,,,,,NA,,NA,,83.2,,,,3.64,,0.09,,,,8.06,,,,,,,,19.3,,26.5,,7.19,,1.06,,6.81,,8.48,,65,,208,,75,,,,,,,,,,,,,,,,,,,,,,,,,,,,,,,,,,,,,,,,,,,,,,,,,,,,,,,,,,,,,,,,,,,,,,,,,,,,,,,,,,,,,,,,,,,,,,,,,,,,,,,,,,,,,,,,,,,,,,,,,,,,,,,,,,,,,,,,,,,,
2014PN200061,OIL SANDS LONGTERM WQ MONITORING,"ATHABASCA RIVER M7, BELOW ELLS RIVER",AL07DD0007,57.31373,-111.67183,2014-06-24 13:05,WATER,ISOKINETIC TRANSECT COMPOSITE - EWI,,,102.762,,0,,1.405,,11.595,,95.895,,0,,PM,,0.38,,15.92,,PM,,123.832,,,,,,NA,,NA,,84.3,,,,3.61,,0.09,,,,8.06,,,,,,,,19.3,,26.5,,7.22,,1.07,,6.94,,8.46,,55,,208,,75,,,,,,,,,,,,,,,,,,,,,,,,,,,,,,,,,,,,,,,,,,,,,,,,,,,,,,,,,,,,,,,,,,,,,,,,,,,,,,,,,,,,,,,,,,,,,,,,,,,,,,,,,,,,,,,,,,,,,,,,,,,,,,,,,,,,,,,,,,,,
2014PN200062,OIL SANDS LONGTERM WQ MONITORING,"ATHABASCA RIVER M7, BELOW ELLS RIVER",AL07DD0007,57.31373,-111.67183,2014-06-24 13:10,WATER,ISOKINETIC TRANSECT COMPOSITE - EWI,,,102.274,,0,,1.366,,11.414,,95.314,,0,,PM,,0.37,,15.875,,PM,,123.18,,,,,,NA,,NA,,83.9,,,,3.62,,0.09,,,,8.07,,,,,,,,19.3,,26.3,,7.2,,1.06,,6.81,,8.38,,55,,209,,75,,,,,,,,,,,,,,,,,,,,,,,,,,,,,,,,,,,,,,,,,,,,,,,,,,,,,,,,,,,,,,,,,,,,,,,,,,,,,,,,,,,,,,,,,,,,,,,,,,,,,,,,,,,,,,,,,,,,,,,,,,,,,,,,,,,,,,,,,,,,
2014PN200063,OIL SANDS LONGTERM WQ MONITORING,M5 LTWQ PANEL 2 OF 10,AL07DD0005,57.15633333,-111.6294167,2014-06-25 10:50,WATER,TRIPLICATE SAMPLE,2.03,,114.708,,0,,1.364,,14.032,,108.132,,0,,0.028,,0.32,,13.252,,8.064,,135.233,,,,,,NA,,NA,,94.1,,,,1.96,,0.09,,,,8.12,,,,,,,,23.1,,29.9,,8.13,,1.13,,6.56,,7.69,,35,,227,,80,,8.61,,7.96,,235,,19.19,EVENTF,105.2,,,,,,,,,,,,,,,,,,,,,,,,,,,,,,,,,,,,,,,,,,,,,,,,,,,,,,,,,,,,,,,,,,,,,,,,,,,,,,,,,,,,,,,,,,,,,,,,,,,,,,,,,,,,,,,,,,,,,,,,,,,,,,,,,,
2014PN200064,OIL SANDS LONGTERM WQ MONITORING,M5 LTWQ PANEL 2 OF 10,AL07DD0005,57.15633333,-111.6294167,2014-06-25 10:55,WATER,TRIPLICATE SAMPLE,,,114.83,,0,,1.397,,14.722,,108.922,,0,,PM,,0.32,,13.258,,PM,,135.717,,,,,,NA,,NA,,94.2,,,,1.95,,0.09,,,,8.11,,,,,,,,23,,30.2,,8.14,,1.14,,6.71,,7.75,,35,,227,,80,,,,,,,,,,,,,,,,,,,,,,,,,,,,,,,,,,,,,,,,,,,,,,,,,,,,,,,,,,,,,,,,,,,,,,,,,,,,,,,,,,,,,,,,,,,,,,,,,,,,,,,,,,,,,,,,,,,,,,,,,,,,,,,,,,,,,,,,,,,,
2014PN200065,OIL SANDS LONGTERM WQ MONITORING,M5 LTWQ PANEL 2 OF 10,AL07DD0005,57.15633333,-111.6294167,2014-06-25 11:00,WATER,TRIPLICATE SAMPLE,,,114.952,,0,,1.399,,14.83,,109.13,,0,,PM,,0.33,,13.341,,PM,,136.095,,,,,,NA,,NA,,94.3,,,,1.95,,0.09,,,,8.11,,,,,,,,23,,30.3,,8.13,,1.13,,6.82,,7.82,,35,,228,,80,,,,,,,,,,,,,,,,,,,,,,,,,,,,,,,,,,,,,,,,,,,,,,,,,,,,,,,,,,,,,,,,,,,,,,,,,,,,,,,,,,,,,,,,,,,,,,,,,,,,,,,,,,,,,,,,,,,,,,,,,,,,,,,,,,,,,,,,,,,,
2014PN200066,OIL SANDS LONGTERM WQ MONITORING,M5 LTWQ PANEL 6 OF 10,AL07DD0005,57.15683333,-111.6265278,2014-06-25 12:30,WATER,VERTICAL INTEGRATED,5.6,,106.297,,0,,1.387,,11.974,,99.174,,0,,-0.076,,0.36,,15.278,,8.232,,126.526,,,,,,NA,,NA,,87.2,,,,3.22,,0.09,,,,8.08,,,,,,,,19.1,,27.5,,7.41,,1.08,,7.29,,8.33,,55,,212,,75,,8.61,,7.95,,219,,19.29,EVENTF,94.7,,,,,,,,,,,,,,,,,,,,,,,,,,,,,,,,,,,,,,,,,,,,,,,,,,,,,,,,,,,,,,,,,,,,,,,,,,,,,,,,,,,,,,,,,,,,,,,,,,,,,,,,,,,,,,,,,,,,,,,,,,,,,,,,,,
2014PN200067,OIL SANDS LONGTERM WQ MONITORING,M5 LTWQ PANEL 8 OF 10,AL07DD0005,57.15705556,-111.6250278,2014-06-25 13:00,WATER,VERTICAL INTEGRATED,4.05,,97.032,,0,,1.457,,7.503,,87.103,,0,,-0.228,,0.43,,18.604,,8.477,,116.156,,,,,,NA,,NA,,79.6,,,,5.34,,0.09,,,,8.02,,,,,,,,14.2,,24.1,,6.54,,1,,7.7,,9.28,,65,,195,,65,,8.54,,7.89,,200,,19.33,EVENTF,85.6,,,,,,,,,,,,,,,,,,,,,,,,,,,,,,,,,,,,,,,,,,,,,,,,,,,,,,,,,,,,,,,,,,,,,,,,,,,,,,,,,,,,,,,,,,,,,,,,,,,,,,,,,,,,,,,,,,,,,,,,,,,,,,,,,,
2014PN200068,OIL SANDS LONGTERM WQ MONITORING,ATHABASCA RIVER M5 ABOVE MACKAY RIVER,AL07DD0005,57.15680556,-111.6270528,2014-06-25 13:40,WATER,ISOKINETIC TRANSECT COMPOSITE - EWI,,,105.444,,0,,1.283,,10.6,,97.1,,0,,PM,,0.38,,16.07,,PM,,125.231,,,,,,NA,,NA,,86.5,,,,3.75,,0.09,,,,8.11,,,,,,,,18.2,,26.9,,7.27,,1.06,,7.25,,8.66,,55,,209,,75,,,,,,,,,,,,,,,,,,,,,,,,,,,,,,,,,,,,,,,,,,,,,,,,,,,,,,,,,,,,,,,,,,,,,,,,,,,,,,,,,,,,,,,,,,,,,,,,,,,,,,,,,,,,,,,,,,,,,,,,,,,,,,,,,,,,,,,,,,,,
2014PN200069,OIL SANDS LONGTERM WQ MONITORING,ATHABASCA RIVER M5 ABOVE MACKAY RIVER,AL07DD0005,57.15680556,-111.6270528,2014-06-25 13:45,WATER,ISOKINETIC TRANSECT COMPOSITE - EWI,,,105.322,,0,,1.282,,9.495,,95.895,,0,,PM,,0.38,,15.937,,PM,,124.423,,,,,,NA,,NA,,86.4,,,,3.71,,0.09,,,,8.11,,,,,,,,18.2,,26.5,,7.22,,1.06,,7.16,,8.47,,55,,210,,75,,,,,,,,,,,,,,,,,,,,,,,,,,,,,,,,,,,,,,,,,,,,,,,,,,,,,,,,,,,,,,,,,,,,,,,,,,,,,,,,,,,,,,,,,,,,,,,,,,,,,,,,,,,,,,,,,,,,,,,,,,,,,,,,,,,,,,,,,,,,
2014PN200070,OIL SANDS LONGTERM WQ MONITORING,ATHABASCA RIVER M5 ABOVE MACKAY RIVER,AL07DD0005,57.15680556,-111.6270528,2014-06-25 13:50,WATER,ISOKINETIC TRANSECT COMPOSITE - EWI,,,104.346,,0,,1.24,,9.34,,94.94,,0,,PM,,0.38,,15.964,,PM,,123.106,,,,,,NA,,NA,,85.6,,,,3.84,,0.09,,,,8.12,,,,,,,,18,,26.2,,7.17,,1.03,,6.83,,8.4,,60,,209,,75,,,,,,,,,,,,,,,,,,,,,,,,,,,,,,,,,,,,,,,,,,,,,,,,,,,,,,,,,,,,,,,,,,,,,,,,,,,,,,,,,,,,,,,,,,,,,,,,,,,,,,,,,,,,,,,,,,,,,,,,,,,,,,,,,,,,,,,,,,,,
2014PN200076,OIL SANDS LONGTERM WQ MONITORING,M3 LT WQ PANEL 2 OF 10,AL07DD0008,56.83851,-111.41779,2014-07-08 11:10,WATER,VERTICAL INTEGRATED,3.2,,115.561,,0,,0.922,,13.998,,108.798,,0,,0.243,,0.27,,11.431,,7.803,,132.604,,,,,,NA,,NA,,94.8,,,,1.23,,0.09,,,,8.29,,,,,,,,21.8,,30.2,,8.11,,1.05,,6.67,,6.53,,25,,224,,55,,8.55,,8.1,,229,,20.46,,56.6,,,,,,,,,,,,,,,,,,,,,,,,,,,,,,,,,,,,,,,,,,,,,,,,,,,,,,,,,,,,,,,,,,,,,,,,,,,,,,,,,,,,,,,,,,,,,,,,,,,,,,,,,,,,,,,,,,,,,,,,,,,,,,,,,,
2014PN200077,OIL SANDS LONGTERM WQ MONITORING,M3 LT WQ PANEL 6 OF 10,AL07DD0008,56.83862,-111.41478,2014-07-08 12:21,WATER,VERTICAL INTEGRATED,3.1,,115.074,,0,,0.94,,13.35,,107.75,,0,,0.224,,0.29,,12.117,,7.833,,135.814,,,,,,NA,,NA,,94.4,,,,1.4,,0.09,,,,8.28,,,,,,,,22,,29.5,,8.28,,1.18,,9.76,,6.92,,25,,224,,100,,8.62,,8.11,,228,,20.57,EVENTF,131.6,,,,,,,,,,,,,,,,,,,,,,,,,,,,,,,,,,,,,,,,,,,,,,,,,,,,,,,,,,,,,,,,,,,,,,,,,,,,,,,,,,,,,,,,,,,,,,,,,,,,,,,,,,,,,,,,,,,,,,,,,,,,,,,,,,
2014PN200078,OIL SANDS LONGTERM WQ MONITORING,M3 LT WQ PANEL 9 OF 10,AL07DD0008,56.83991,-111.41234,2014-07-08 13:27,WATER,VERTICAL INTEGRATED,3.3,,87.037,,0,,1.247,,1.088,,72.488,,0,,-0.311,,0.66,,27.785,,8.663,,111.205,,,,,,NA,,NA,,71.4,,,,12.9,,0.09,,,,8.04,,,,,,,,7.35,,19.5,,5.78,,0.83,,8.84,,13,,65,,192,,36,,8.23,,7.65,,194,,20.51,,50.8,,,,,,,,,,,,,,,,,,,,,,,,,,,,,,,,,,,,,,,,,,,,,,,,,,,,,,,,,,,,,,,,,,,,,,,,,,,,,,,,,,,,,,,,,,,,,,,,,,,,,,,,,,,,,,,,,,,,,,,,,,,,,,,,,,
2014PN200079,OIL SANDS LONGTERM WQ MONITORING,"ATHABASCA RIVER M3, 6.5 KM BELOW WSC GAUGE 07DA001",AL07DD0008,56.8388,-111.41548,2014-07-08 14:00,WATER,ISOKINETIC TRANSECT COMPOSITE - EWI,,,106.541,,0,,1.002,,9.939,,97.339,,0,,PM,,0.37,,15.729,,PM,,127.323,,,,,,NA,,NA,,87.4,,,,4.65,,0.09,,,,8.22,,,,,,,,17.9,,26.6,,7.51,,1.04,,8.54,,8.46,,40,,216,,70,,,,,,,,,,,,,,,,,,,,,,,,,,,,,,,,,,,,,,,,,,,,,,,,,,,,,,,,,,,,,,,,,,,,,,,,,,,,,,,,,,,,,,,,,,,,,,,,,,,,,,,,,,,,,,,,,,,,,,,,,,,,,,,,,,,,,,,,,,,,
2014PN200080,OIL SANDS LONGTERM WQ MONITORING,"ATHABASCA RIVER M3, 6.5 KM BELOW WSC GAUGE 07DA001",AL07DD0008,56.8388,-111.41548,2014-07-08 14:05,WATER,ISOKINETIC TRANSECT COMPOSITE - EWI,,,107.272,,0,,0.986,,9.753,,97.753,,0,,PM,,0.37,,NC,,PM,,NC,,,,,,NA,,NA,,88,,,,4.58,,0.09,,,,8.23,,,,,,,,18,,26.7,,7.55,,,,8.62,,8.49,,40,,217,,70,,,,,,,,,,,,,,,,,,,,,,,,,,,,,,,,,,,,,,,,,,,,,,,,,,,,,,,,,,,,,,,,,,,,,,,,,,,,,,,,,,,,,,,,,,,,,,,,,,,,,,,,,,,,,,,,,,,,,,,,,,,,,,,,,,,,,,,,,,,,
2014PN200081,OIL SANDS LONGTERM WQ MONITORING,"ATHABASCA RIVER M3, 6.5 KM BELOW WSC GAUGE 07DA001",AL07DD0008,56.8388,-111.41548,2014-07-08 14:10,WATER,ISOKINETIC TRANSECT COMPOSITE - EWI,,,107.516,,0,,0.965,,10.758,,98.958,,0,,PM,,0.37,,15.623,,PM,,128.633,,,,,,NA,,NA,,88.2,,,,4.5,,0.09,,,,8.24,,,,,,,,18.1,,27.1,,7.6,,1.04,,8.7,,8.53,,40,,216,,70,,,,,,,,,,,,,,,,,,,,,,,,,,,,,,,,,,,,,,,,,,,,,,,,,,,,,,,,,,,,,,,,,,,,,,,,,,,,,,,,,,,,,,,,,,,,,,,,,,,,,,,,,,,,,,,,,,,,,,,,,,,,,,,,,,,,,,,,,,,,
2014PN200082,OIL SANDS LONGTERM WQ MONITORING,M4 LT WQ PANEL 2 OF 10,AL07DD0004,57.12633333,-111.6036111,2014-07-09 10:30,WATER,VERTICAL INTEGRATED,3.6,,114.464,,0,,1.102,,14.193,,108.093,,0,,0.214,,0.31,,12.758,,7.782,,132.464,,,,,,NA,,NA,,93.9,,,,2.3,,0.08,,,,8.21,,,,,,,,21.4,,30,,8.06,,1.03,,5.86,,7.35,,25,,228,,40,,8.19,,7.97,,232,,22.47,,54.7,,,,,,,,,,,,,,,,,,,,,,,,,,,,,,,,,,,,,,,,,,,,,,,,,,,,,,,,,,,,,,,,,,,,,,,,,,,,,,,,,,,,,,,,,,,,,,,,,,,,,,,,,,,,,,,,,,,,,,,,,,,,,,,,,,
2014PN200083,OIL SANDS LONGTERM WQ MONITORING,M4 LTWQ PANEL 5 OF 10,AL07DD0004,57.12697222,-111.6024167,2014-07-09 11:22,WATER,VERTICAL INTEGRATED,3.7,,108.979,,0,,1.049,,10.354,,99.754,,0,,0.149,,0.37,,15.5,,7.912,,127.044,,,,,,NA,,NA,,89.4,,,,4.52,,0.09,,,,8.21,,,,,,,,17.7,,27.6,,7.49,,0.97,,6.48,,8.51,,35,,216,,37,,8.21,,7.95,,221,,22.14,,50.2,,,,,,,,,,,,,,,,,,,,,,,,,,,,,,,,,,,,,,,,,,,,,,,,,,,,,,,,,,,,,,,,,,,,,,,,,,,,,,,,,,,,,,,,,,,,,,,,,,,,,,,,,,,,,,,,,,,,,,,,,,,,,,,,,,
2014PN200084,OIL SANDS LONGTERM WQ MONITORING,M4 LT WQ PANEL 10 OF 10,AL07DD0004,57.12763889,-111.6000278,2014-07-09 12:36,WATER,VERTICAL INTEGRATED,2.2,,103.371,,0,,1.093,,7.857,,92.657,,0,,0.048,,0.44,,18.464,,8.074,,122.504,,,,,,NA,,NA,,84.8,,,,6.58,,0.09,,,,8.17,,,,,,,,14.8,,25.5,,7.04,,0.91,,6.9,,9.76,,50,,210,,32,,8.27,,7.92,,214,,21.94,,43.1,,,,,,,,,,,,,,,,,,,,,,,,,,,,,,,,,,,,,,,,,,,,,,,,,,,,,,,,,,,,,,,,,,,,,,,,,,,,,,,,,,,,,,,,,,,,,,,,,,,,,,,,,,,,,,,,,,,,,,,,,,,,,,,,,,
2014PN200085,OIL SANDS LONGTERM WQ MONITORING,ATHABASCA RIVER M4 ABOVE MUSKEG RIVER,AL07DD0004,57.12697222,-111.6024167,2014-07-09 12:45,WATER,ISOKINETIC TRANSECT COMPOSITE - EWI,,,110.076,,0,,0.988,,10.282,,100.582,,0,,PM,,0.36,,15.221,,PM,,127.994,,,,,,NA,,NA,,90.3,,,,4.25,,0.09,,,,8.24,,,,,,,,18.3,,27.8,,7.57,,0.99,,6.37,,8.4,,35,,218,,38,,,,,,,,,,,,,,,,,,,,,,,,,,,,,,,,,,,,,,,,,,,,,,,,,,,,,,,,,,,,,,,,,,,,,,,,,,,,,,,,,,,,,,,,,,,,,,,,,,,,,,,,,,,,,,,,,,,,,,,,,,,,,,,,,,,,,,,,,,,,
2014PN200086,OIL SANDS LONGTERM WQ MONITORING,ATHABASCA RIVER M4 ABOVE MUSKEG RIVER,AL07DD0004,57.12697222,-111.6024167,2014-07-09 12:50,WATER,ISOKINETIC TRANSECT COMPOSITE - EWI,,,110.32,,0,,0.99,,9.418,,99.918,,0,,PM,,0.36,,15.154,,PM,,127.463,,,,,,NA,,NA,,90.5,,,,4.23,,0.09,,,,8.24,,,,,,,,18.2,,27.6,,7.53,,0.97,,6.11,,8.3,,35,,219,,37,,,,,,,,,,,,,,,,,,,,,,,,,,,,,,,,,,,,,,,,,,,,,,,,,,,,,,,,,,,,,,,,,,,,,,,,,,,,,,,,,,,,,,,,,,,,,,,,,,,,,,,,,,,,,,,,,,,,,,,,,,,,,,,,,,,,,,,,,,,,
2014PN200087,OIL SANDS LONGTERM WQ MONITORING,ATHABASCA RIVER M4 ABOVE MUSKEG RIVER,AL07DD0004,57.12697222,-111.6024167,2014-07-09 12:55,WATER,ISOKINETIC TRANSECT COMPOSITE - EWI,,,109.832,,0,,0.963,,9.818,,99.918,,0,,PM,,0.36,,14.968,,PM,,126.945,,,,,,NA,,NA,,90.1,,,,4.18,,0.09,,,,8.25,,,,,,,,18.2,,27.6,,7.53,,0.97,,6.06,,8.18,,40,,219,,37,,,,,,,,,,,,,,,,,,,,,,,,,,,,,,,,,,,,,,,,,,,,,,,,,,,,,,,,,,,,,,,,,,,,,,,,,,,,,,,,,,,,,,,,,,,,,,,,,,,,,,,,,,,,,,,,,,,,,,,,,,,,,,,,,,,,,,,,,,,,
2014PN200088,OIL SANDS LONGTERM WQ MONITORING,M5 LTWQ PANEL 2 OF 10,AL07DD0005,57.15633333,-111.6294167,2014-07-22 12:12,WATER,VERTICAL INTEGRATED,1,,115.439,,0,,0.965,,17.378,,112.078,,0,,0.26,,0.34,,13.77,,7.75,,138.697,,,,,,NA,,NA,,94.7,,,,3.65,,0.09,,,,8.27,,,,,,,,24.7,,31.2,,8.3,,1.05,,4.47,,8.32,,8,,244,,23,,8.62,,8.14,,246,,21.3,,27.7,,,,,,,,,,,,,,,,,,,,,,,,,,,,,,,,,,,,,,,,,,,,,,,,,,,,,,,,,,,,,,,,,,,,,,,,,,,,,,,,,,,,,,,,,,,,,,,,,,,,,,,,,,,,,,,,,,,,,,,,,,,,,,,,,,
2014PN200089,OIL SANDS LONGTERM WQ MONITORING,M5 LTWQ PANEL 6 OF 10,AL07DD0005,57.15683333,-111.6265278,2014-07-22 13:33,WATER,VERTICAL INTEGRATED,3.4,,104.468,,5.28,,0.877,,13.843,,108.343,,0,,0.284,,0.37,,15.018,,7.742,,137.354,,,,,,NA,,4.4,,94.5,,,,4.86,,0.09,,,,8.31,,,,,,,,22.9,,30.1,,8.06,,1.01,,4.69,,8.9,,8,,240,,22,,8.57,,8.15,,243,,21.29,,30.3,,,,,,,,,,,,,,,,,,,,,,,,,,,,,,,,,,,,,,,,,,,,,,,,,,,,,,,,,,,,,,,,,,,,,,,,,,,,,,,,,,,,,,,,,,,,,,,,,,,,,,,,,,,,,,,,,,,,,,,,,,,,,,,,,,
2014PN200090,OIL SANDS LONGTERM WQ MONITORING,M5 LTWQ PANEL 8 OF 10,AL07DD0005,57.15705556,-111.6250278,2014-07-22 14:06,WATER,VERTICAL INTEGRATED,3.6,,100.202,,5.64,,0.83,,12.841,,104.441,,0,,0.263,,0.44,,17.505,,7.794,,135.424,,,,,,NA,,4.7,,91.6,,,,6.96,,0.09,,,,8.32,,,,,,,,20.2,,28.9,,7.84,,0.96,,5.17,,10.3,,15,,238,,18,,8.66,,8.14,,241,,21.28,,26.1,,,,,,,,,,,,,,,,,,,,,,,,,,,,,,,,,,,,,,,,,,,,,,,,,,,,,,,,,,,,,,,,,,,,,,,,,,,,,,,,,,,,,,,,,,,,,,,,,,,,,,,,,,,,,,,,,,,,,,,,,,,,,,,,,,
2014PN200091,OIL SANDS LONGTERM WQ MONITORING,ATHABASCA RIVER M5 ABOVE MACKAY RIVER,AL07DD0005,57.15680556,-111.6270528,2014-07-22 14:55,WATER,ISOKINETIC TRANSECT COMPOSITE - EWI,,,101.421,,5.76,,0.821,,15.211,,108.011,,0,,PM,,0.4,,15.827,,PM,,136.794,,,,,,NA,,4.8,,92.8,,,,5.44,,0.09,,,,8.33,,,,,,,,22.3,,30,,8.04,,1,,4.76,,9.44,,15,,240,,21,,,,,,,,,,,,,,,,,,,,,,,,,,,,,,,,,,,,,,,,,,,,,,,,,,,,,,,,,,,,,,,,,,,,,,,,,,,,,,,,,,,,,,,,,,,,,,,,,,,,,,,,,,,,,,,,,,,,,,,,,,,,,,,,,,,,,,,,,,,,
2014PN200092,OIL SANDS LONGTERM WQ MONITORING,ATHABASCA RIVER M5 ABOVE MACKAY RIVER,AL07DD0005,57.15680556,-111.6270528,2014-07-22 15:00,WATER,ISOKINETIC TRANSECT COMPOSITE - EWI,,,101.177,,5.76,,0.82,,15.12,,107.72,,0,,PM,,0.4,,15.961,,PM,,136.724,,,,,,NA,,4.8,,92.6,,,,5.46,,0.09,,,,8.33,,,,,,,,22.3,,29.9,,8.03,,1,,4.83,,9.51,,15,,240,,21,,,,,,,,,,,,,,,,,,,,,,,,,,,,,,,,,,,,,,,,,,,,,,,,,,,,,,,,,,,,,,,,,,,,,,,,,,,,,,,,,,,,,,,,,,,,,,,,,,,,,,,,,,,,,,,,,,,,,,,,,,,,,,,,,,,,,,,,,,,,
2014PN200093,OIL SANDS LONGTERM WQ MONITORING,ATHABASCA RIVER M5 ABOVE MACKAY RIVER,AL07DD0005,57.15680556,-111.6270528,2014-07-22 15:05,WATER,ISOKINETIC TRANSECT COMPOSITE - EWI,,,101.055,,6.12,,0.805,,14.702,,107.802,,0,,PM,,0.41,,16.44,,PM,,137.774,,,,,,NA,,5.1,,93.1,,,,5.57,,0.09,,,,8.34,,,,,,,,22.6,,29.9,,8.05,,1.01,,4.79,,9.86,,10,,241,,21,,,,,,,,,,,,,,,,,,,,,,,,,,,,,,,,,,,,,,,,,,,,,,,,,,,,,,,,,,,,,,,,,,,,,,,,,,,,,,,,,,,,,,,,,,,,,,,,,,,,,,,,,,,,,,,,,,,,,,,,,,,,,,,,,,,,,,,,,,,,
2014PN200094,OIL SANDS LONGTERM WQ MONITORING,M6 LTWQ PANEL 1 OF 10,AL07DD0009,57.21513,-111.61512,2014-07-23 10:10,WATER,TRIPLICATE SAMPLE,3.7,,116.902,,0,,0.911,,15.925,,111.825,,0,,0.293,,0.37,,14.809,,7.714,,138.904,,,,,,NA,,NA,,95.9,,,,3.64,,0.09,,,,8.3,,,,,,,,23.6,,31,,8.36,,0.98,,4.62,,9.03,,25,,243,,20,,8.54,,8.11,,246,,21.31,,24,,,,,,,,,,,,,,,,,,,,,,,,,,,,,,,,,,,,,,,,,,,,,,,,,,,,,,,,,,,,,,,,,,,,,,,,,,,,,,,,,,,,,,,,,,,,,,,,,,,,,,,,,,,,,,,,,,,,,,,,,,,,,,,,,,
2014PN200095,OIL SANDS LONGTERM WQ MONITORING,M6 LTWQ PANEL 1 OF 10,AL07DD0009,57.21513,-111.61512,2014-07-23 10:15,WATER,TRIPLICATE SAMPLE,3.7,,116.415,,0.24,,0.911,,15.802,,111.702,,0,,PM,,0.37,,14.81,,PM,,139.024,,,,,,NA,,0.2,,95.9,,,,3.68,,0.09,,,,8.3,,,,,,,,23.7,,31,,8.33,,0.97,,4.65,,9.02,,20,,243,,20,,,,,,,,,,,,,,,,,,,,,,,,,,,,,,,,,,,,,,,,,,,,,,,,,,,,,,,,,,,,,,,,,,,,,,,,,,,,,,,,,,,,,,,,,,,,,,,,,,,,,,,,,,,,,,,,,,,,,,,,,,,,,,,,,,,,,,,,,,,,
2014PN200096,OIL SANDS LONGTERM WQ MONITORING,M6 LTWQ PANEL 1 OF 10,AL07DD0009,57.21513,-111.61512,2014-07-23 10:20,WATER,TRIPLICATE SAMPLE,3.7,,106.175,,5.28,,0.89,,15.884,,111.784,,0,,PM,,0.37,,14.772,,PM,,139.004,,,,,,NA,,4.4,,95.9,,,,3.68,,0.09,,,,8.31,,,,,,,,23.7,,31,,8.35,,0.98,,4.62,,9,,20,,243,,20,,,,,,,,,,,,,,,,,,,,,,,,,,,,,,,,,,,,,,,,,,,,,,,,,,,,,,,,,,,,,,,,,,,,,,,,,,,,,,,,,,,,,,,,,,,,,,,,,,,,,,,,,,,,,,,,,,,,,,,,,,,,,,,,,,,,,,,,,,,,
2014PN200097,OIL SANDS LONGTERM WQ MONITORING,M6 LTWQ PANEL 4 OF 10,AL07DD0009,57.21516,-111.61577,2014-07-23 11:55,WATER,VERTICAL INTEGRATED,2.3,,114.098,,0,,0.954,,15.571,,109.171,,0,,0.254,,0.39,,15.591,,7.763,,138.154,,,,,,NA,,NA,,93.6,,,,5.42,,0.09,,,,8.27,,,,,,,,22.7,,30.3,,8.14,,0.98,,4.95,,9.37,,10,,242,,21,,8.49,,8.11,,245,,21.7,,26.5,,,,,,,,,,,,,,,,,,,,,,,,,,,,,,,,,,,,,,,,,,,,,,,,,,,,,,,,,,,,,,,,,,,,,,,,,,,,,,,,,,,,,,,,,,,,,,,,,,,,,,,,,,,,,,,,,,,,,,,,,,,,,,,,,,
2014PN200098,OIL SANDS LONGTERM WQ MONITORING,M6 LTWQ PANEL 9 OF 10,AL07DD0009,57.21523,-111.60808,2014-07-23 13:08,WATER,VERTICAL INTEGRATED,2.4,,112.636,,0,,0.899,,13.701,,106.101,,0,,0.255,,0.43,,17.145,,7.78,,136.984,,,,,,NA,,NA,,92.4,,,,6.64,,0.09,,,,8.29,,,,,,,,21.1,,29.4,,7.94,,0.94,,5.19,,10.2,,20,,240,,20,,8.52,,8.11,,244,,21.69,,24.3,,,,,,,,,,,,,,,,,,,,,,,,,,,,,,,,,,,,,,,,,,,,,,,,,,,,,,,,,,,,,,,,,,,,,,,,,,,,,,,,,,,,,,,,,,,,,,,,,,,,,,,,,,,,,,,,,,,,,,,,,,,,,,,,,,
2014PN200099,OIL SANDS LONGTERM WQ MONITORING,"ATHABASCA RIVER M6, BELOW MACKAY RIVER",AL07DD0009,57.21505,-111.6115,2014-07-23 13:36,WATER,ISOKINETIC TRANSECT COMPOSITE - EWI,,,103.249,,5.4,,0.869,,15.139,,108.839,,0,,PM,,0.39,,15.705,,PM,,137.814,,,,,,NA,,4.5,,93.7,,,,5.29,,0.09,,,,8.31,,,,,,,,22.6,,30.2,,8.12,,0.96,,4.87,,9.42,,20,,241,,20,,,,,,,,,,,,,,,,,,,,,,,,,,,,,,,,,,,,,,,,,,,,,,,,,,,,,,,,,,,,,,,,,,,,,,,,,,,,,,,,,,,,,,,,,,,,,,,,,,,,,,,,,,,,,,,,,,,,,,,,,,,,,,,,,,,,,,,,,,,,
2014PN200100,OIL SANDS LONGTERM WQ MONITORING,"ATHABASCA RIVER M6, BELOW MACKAY RIVER",AL07DD0009,57.21505,-111.6115,2014-07-23 13:41,WATER,ISOKINETIC TRANSECT COMPOSITE - EWI,,,103.006,,5.64,,0.851,,14.939,,108.839,,0,,PM,,0.39,,15.734,,PM,,138.084,,,,,,NA,,4.7,,93.9,,,,5.31,,0.09,,,,8.32,,,,,,,,22.7,,30.2,,8.12,,0.95,,4.89,,9.44,,20,,242,,21,,,,,,,,,,,,,,,,,,,,,,,,,,,,,,,,,,,,,,,,,,,,,,,,,,,,,,,,,,,,,,,,,,,,,,,,,,,,,,,,,,,,,,,,,,,,,,,,,,,,,,,,,,,,,,,,,,,,,,,,,,,,,,,,,,,,,,,,,,,,
2014PN200101,OIL SANDS LONGTERM WQ MONITORING,"ATHABASCA RIVER M6, BELOW MACKAY RIVER",AL07DD0009,57.21505,-111.6115,2014-07-23 13:46,WATER,ISOKINETIC TRANSECT COMPOSITE - EWI,,,103.127,,5.76,,0.854,,14.307,,108.507,,0,,PM,,0.39,,15.476,,PM,,137.824,,,,,,NA,,4.8,,94.2,,,,5.28,,0.09,,,,8.32,,,,,,,,22.7,,30.1,,8.1,,0.96,,4.8,,9.23,,20,,243,,21,,,,,,,,,,,,,,,,,,,,,,,,,,,,,,,,,,,,,,,,,,,,,,,,,,,,,,,,,,,,,,,,,,,,,,,,,,,,,,,,,,,,,,,,,,,,,,,,,,,,,,,,,,,,,,,,,,,,,,,,,,,,,,,,,,,,,,,,,,,,
2014PN200107,OIL SANDS LONGTERM WQ MONITORING,M7 LTWQ PANEL 1 OF 10,AL07DD0007,57.31332,-111.67533,2014-07-24 10:14,WATER,VERTICAL INTEGRATED,3.9,,114.464,,0,,1.077,,16.515,,110.415,,0,,0.194,,0.36,,14.402,,7.833,,136.064,,,,,,NA,,NA,,93.9,,,,3.53,,0.09,,,,8.22,,,,,,,,23.3,,30.6,,8.26,,0.97,,4.3,,8.63,,30,,240,,16,,8.32,,8.07,,247,,21.14,,25.9,,,,,,,,,,,,,,,,,,,,,,,,,,,,,,,,,,,,,,,,,,,,,,,,,,,,,,,,,,,,,,,,,,,,,,,,,,,,,,,,,,,,,,,,,,,,,,,,,,,,,,,,,,,,,,,,,,,,,,,,,,,,,,,,,,
2014PN200108,OIL SANDS LONGTERM WQ MONITORING,M7 LTWQ PANEL 6 OF 10,AL07DD0007,57.31373,-111.67093,2014-07-24 11:28,WATER,VERTICAL INTEGRATED,1.3,,111.782,,0,,1.003,,14.11,,105.81,,0,,0.187,,0.4,,16.184,,7.866,,135.554,,,,,,NA,,NA,,91.7,,,,6.11,,0.09,,,,8.24,,,,,,,,21.8,,29.3,,7.93,,0.92,,4.85,,9.49,,10,,240,,18,,8.34,,8.08,,243,,21.23,,24.5,,,,,,,,,,,,,,,,,,,,,,,,,,,,,,,,,,,,,,,,,,,,,,,,,,,,,,,,,,,,,,,,,,,,,,,,,,,,,,,,,,,,,,,,,,,,,,,,,,,,,,,,,,,,,,,,,,,,,,,,,,,,,,,,,,
2014PN200109,OIL SANDS LONGTERM WQ MONITORING,M7 LTWQ PANEL 10 OF 10,AL07DD0007,57.31395,-111.66737,2014-07-24 12:38,WATER,VERTICAL INTEGRATED,1.6,,111.782,,0,,1.027,,14.442,,106.142,,0,,0.181,,0.41,,16.345,,7.868,,135.764,,,,,,NA,,NA,,91.7,,,,6.34,,0.09,,,,8.23,,,,,,,,21.5,,29.4,,7.95,,0.9,,4.89,,9.63,,10,,240,,17,,8.36,,8.08,,243,,21.31,,22.6,,,,,,,,,,,,,,,,,,,,,,,,,,,,,,,,,,,,,,,,,,,,,,,,,,,,,,,,,,,,,,,,,,,,,,,,,,,,,,,,,,,,,,,,,,,,,,,,,,,,,,,,,,,,,,,,,,,,,,,,,,,,,,,,,,
2014PN200110,OIL SANDS LONGTERM WQ MONITORING,"ATHABASCA RIVER M7, BELOW ELLS RIVER",AL07DD0007,57.31373,-111.67183,2014-07-24 12:50,WATER,ISOKINETIC TRANSECT COMPOSITE - EWI,,,113.611,,0,,0.973,,15.763,,108.963,,0,,PM,,0.38,,15.282,,PM,,137.354,,,,,,NA,,NA,,93.2,,,,5.18,,0.09,,,,8.26,,,,,,,,22.9,,30.2,,8.15,,0.95,,4.79,,9.13,,10,,241,,18,,,,,,,,,,,,,,,,,,,,,,,,,,,,,,,,,,,,,,,,,,,,,,,,,,,,,,,,,,,,,,,,,,,,,,,,,,,,,,,,,,,,,,,,,,,,,,,,,,,,,,,,,,,,,,,,,,,,,,,,,,,,,,,,,,,,,,,,,,,,
2014PN200111,OIL SANDS LONGTERM WQ MONITORING,"ATHABASCA RIVER M7, BELOW ELLS RIVER",AL07DD0007,57.31373,-111.67183,2014-07-24 12:55,WATER,ISOKINETIC TRANSECT COMPOSITE - EWI,,,113.367,,0,,0.971,,15.631,,108.631,,0,,PM,,0.39,,15.466,,PM,,136.984,,,,,,NA,,NA,,93,,,,5.17,,0.09,,,,8.26,,,,,,,,22.8,,30.1,,8.13,,0.93,,4.69,,9.23,,10,,241,,17,,,,,,,,,,,,,,,,,,,,,,,,,,,,,,,,,,,,,,,,,,,,,,,,,,,,,,,,,,,,,,,,,,,,,,,,,,,,,,,,,,,,,,,,,,,,,,,,,,,,,,,,,,,,,,,,,,,,,,,,,,,,,,,,,,,,,,,,,,,,
2014PN200112,OIL SANDS LONGTERM WQ MONITORING,"ATHABASCA RIVER M7, BELOW ELLS RIVER",AL07DD0007,57.31373,-111.67183,2014-07-24 13:00,WATER,ISOKINETIC TRANSECT COMPOSITE - EWI,,,113.733,,0,,1.07,,15.331,,108.631,,0,,PM,,0.38,,15.435,,PM,,137.314,,,,,,NA,,NA,,93.3,,,,5.2,,0.09,,,,8.22,,,,,,,,22.9,,30.1,,8.13,,0.95,,4.71,,9.21,,10,,242,,17,,,,,,,,,,,,,,,,,,,,,,,,,,,,,,,,,,,,,,,,,,,,,,,,,,,,,,,,,,,,,,,,,,,,,,,,,,,,,,,,,,,,,,,,,,,,,,,,,,,,,,,,,,,,,,,,,,,,,,,,,,,,,,,,,,,,,,,,,,,,
2014PN200113,OIL SANDS LONGTERM WQ MONITORING,M3 LT WQ PANEL 2 OF 10,AL07DD0008,56.83851,-111.41779,2014-08-06 11:05,WATER,VERTICAL INTEGRATED,2.5,,106.053,,7.68,,0.767,,15.642,,115.442,,0,,0.471,,0.29,,11.885,,7.448,,140.043,,,,,,NA,,6.4,,99.8,,,,1.45,,0.09,,,,8.39,,,,,,,,24.8,,32.3,,8.45,,1.1,,4.68,,7.24,,8,,245,,21,,8.11,,8.22,,247,,23.2,,12.3,,,,,,,,,,,,,,,,,,,,,,,,,,,,,,,,,,,,,,,,,,,,,,,,,,,,,,,,,,,,,,,,,,,,,,,,,,,,,,,,,,,,,,,,,,,,,,,,,,,,,,,,,,,,,,,,,,,,,,,,,,,,,,,,,,
2014PN200114,OIL SANDS LONGTERM WQ MONITORING,M3 LT WQ PANEL 6 OF 10,AL07DD0008,56.83862,-111.41478,2014-08-06 12:06,WATER,VERTICAL INTEGRATED,2,,103.737,,7.68,,0.752,,16.795,,114.695,,0,,0.463,,0.31,,12.561,,7.464,,139.324,,,,,,NA,,6.4,,97.9,,,,2.07,,0.09,,,,8.39,,,,,,,,24.4,,32.1,,8.39,,1.08,,4.75,,7.66,,8,,246,,18,,8.21,,8.23,,247,,23.3,,12.2,,,,,,,,,,,,,,,,,,,,,,,,,,,,,,,,,,,,,,,,,,,,,,,,,,,,,,,,,,,,,,,,,,,,,,,,,,,,,,,,,,,,,,,,,,,,,,,,,,,,,,,,,,,,,,,,,,,,,,,,,,,,,,,,,,
2014PN200115,OIL SANDS LONGTERM WQ MONITORING,M3 LT WQ PANEL 9 OF 10,AL07DD0008,56.83991,-111.41234,2014-08-06 13:13,WATER,VERTICAL INTEGRATED,2.4,,95.326,,5.64,,0.794,,8.666,,96.266,,0,,0.268,,0.66,,24.83,,7.785,,138.764,,,,,,NA,,4.7,,87.6,,,,13.2,,0.1,,,,8.32,,,,,,,,16.6,,26.5,,7.31,,0.99,,6.66,,14.8,,10,,249,,18,,8.09,,8.15,,249,,23.5,,12.3,,,,,,,,,,,,,,,,,,,,,,,,,,,,,,,,,,,,,,,,,,,,,,,,,,,,,,,,,,,,,,,,,,,,,,,,,,,,,,,,,,,,,,,,,,,,,,,,,,,,,,,,,,,,,,,,,,,,,,,,,,,,,,,,,,
2014PN200116,OIL SANDS LONGTERM WQ MONITORING,"ATHABASCA RIVER M3, 6.5 KM BELOW WSC GAUGE 07DA001",AL07DD0008,56.8388,-111.41548,2014-08-06 16:00,WATER,ISOKINETIC TRANSECT COMPOSITE - EWI,,,99.836,,7.2,,0.739,,12.203,,106.103,,0,,PM,,0.44,,17.405,,PM,,138.77,,,,,,NA,,6,,93.9,,,,6.55,,0.09,,,,8.38,,,,,,,,21.4,,29.5,,7.88,,1.04,,5.49,,10.4,,10,,247,,23,,,,,,,,,,,,,,,,,,,,,,,,,,,,,,,,,,,,,,,,,,,,,,,,,,,,,,,,,,,,,,,,,,,,,,,,,,,,,,,,,,,,,,,,,,,,,,,,,,,,,,,,,,,,,,,,,,,,,,,,,,,,,,,,,,,,,,,,,,,,
2014PN200117,OIL SANDS LONGTERM WQ MONITORING,"ATHABASCA RIVER M3, 6.5 KM BELOW WSC GAUGE 07DA001",AL07DD0008,56.8388,-111.41548,2014-08-06 16:05,WATER,ISOKINETIC TRANSECT COMPOSITE - EWI,,,100.08,,7.32,,0.742,,11.554,,105.854,,0,,PM,,0.44,,17.44,,PM,,138.764,,,,,,NA,,6.1,,94.3,,,,6.5,,0.09,,,,8.38,,,,,,,,21.5,,29.4,,7.88,,1.03,,5.34,,10.4,,8,,248,,22,,,,,,,,,,,,,,,,,,,,,,,,,,,,,,,,,,,,,,,,,,,,,,,,,,,,,,,,,,,,,,,,,,,,,,,,,,,,,,,,,,,,,,,,,,,,,,,,,,,,,,,,,,,,,,,,,,,,,,,,,,,,,,,,,,,,,,,,,,,,
2014PN200118,OIL SANDS LONGTERM WQ MONITORING,"ATHABASCA RIVER M3, 6.5 KM BELOW WSC GAUGE 07DA001",AL07DD0008,56.8388,-111.41548,2014-08-06 16:10,WATER,ISOKINETIC TRANSECT COMPOSITE - EWI,,,99.958,,7.2,,0.739,,11.022,,105.022,,0,,PM,,0.43,,17.273,,PM,,137.834,,,,,,NA,,6,,94,,,,6.38,,0.09,,,,8.38,,,,,,,,21.5,,29.1,,7.86,,1.03,,5.23,,10.2,,8,,248,,21,,,,,,,,,,,,,,,,,,,,,,,,,,,,,,,,,,,,,,,,,,,,,,,,,,,,,,,,,,,,,,,,,,,,,,,,,,,,,,,,,,,,,,,,,,,,,,,,,,,,,,,,,,,,,,,,,,,,,,,,,,,,,,,,,,,,,,,,,,,,
2014PN200119,OIL SANDS LONGTERM WQ MONITORING,M4 LT WQ PANEL 2 OF 10,AL07DD0004,57.12633333,-111.6036111,2014-08-07 10:42,WATER,VERTICAL INTEGRATED,2.8,,103.006,,7.2,,0.759,,18.11,,114.61,,0,,0.462,,0.39,,15.4,,7.456,,142.764,,,,,,NA,,6,,96.5,,,,4.53,,0.09,,,,8.38,,,,,,,,23.9,,32,,8.43,,1.18,,4.98,,9.71,,8,,252,,21,,7.75,,8.18,,254,,23.9,,22.4,,,,,,,,,,,,,,,,,,,,,,,,,,,,,,,,,,,,,,,,,,,,,,,,,,,,,,,,,,,,,,,,,,,,,,,,,,,,,,,,,,,,,,,,,,,,,,,,,,,,,,,,,,,,,,,,,,,,,,,,,,,,,,,,,,
2014PN200120,OIL SANDS LONGTERM WQ MONITORING,M4 LTWQ PANEL 5 OF 10,AL07DD0004,57.12697222,-111.6024167,2014-08-07 12:01,WATER,VERTICAL INTEGRATED,2.6,,101.787,,6.36,,0.795,,15.571,,109.671,,0,,0.397,,0.47,,18.13,,7.556,,141.634,,,,,,NA,,5.3,,94.1,,,,7.1,,0.09,,,,8.35,,,,,,,,21.4,,30.5,,8.14,,1.1,,5.5,,11.3,,8,,248,,20,,7.75,,8.18,,253,,23.8,,20.9,,,,,,,,,,,,,,,,,,,,,,,,,,,,,,,,,,,,,,,,,,,,,,,,,,,,,,,,,,,,,,,,,,,,,,,,,,,,,,,,,,,,,,,,,,,,,,,,,,,,,,,,,,,,,,,,,,,,,,,,,,,,,,,,,,
2014PN200121,OIL SANDS LONGTERM WQ MONITORING,M4 LT WQ PANEL 10 OF 10,AL07DD0004,57.12763889,-111.6000278,2014-08-07 14:18,WATER,VERTICAL INTEGRATED,1.2,,100.689,,6.48,,0.789,,15.275,,108.675,,0,,0.395,,0.5,,19.182,,7.56,,142.124,,,,,,NA,,5.4,,93.4,,,,8.15,,0.09,,,,8.35,,,,,,,,20.8,,30.2,,8.08,,1.08,,5.64,,12,,8,,249,,18,,7.78,,8.2,,253,,24,,17.8,,,,,,,,,,,,,,,,,,,,,,,,,,,,,,,,,,,,,,,,,,,,,,,,,,,,,,,,,,,,,,,,,,,,,,,,,,,,,,,,,,,,,,,,,,,,,,,,,,,,,,,,,,,,,,,,,,,,,,,,,,,,,,,,,,
2014PN200122,OIL SANDS LONGTERM WQ MONITORING,ATHABASCA RIVER M4 ABOVE MUSKEG RIVER,AL07DD0004,57.12697222,-111.6024167,2014-08-07 15:00,WATER,ISOKINETIC TRANSECT COMPOSITE - EWI,,,100.933,,7.56,,0.75,,16.554,,111.954,,0,,PM,,0.43,,16.78,,PM,,142.364,,,,,,NA,,6.3,,95.4,,,,6,,0.09,,,,8.38,,,,,,,,22.7,,31.2,,8.27,,1.1,,5.22,,10.5,,8,,252,,19,,,,,,,,,,,,,,,,,,,,,,,,,,,,,,,,,,,,,,,,,,,,,,,,,,,,,,,,,,,,,,,,,,,,,,,,,,,,,,,,,,,,,,,,,,,,,,,,,,,,,,,,,,,,,,,,,,,,,,,,,,,,,,,,,,,,,,,,,,,,
2014PN200123,OIL SANDS LONGTERM WQ MONITORING,ATHABASCA RIVER M4 ABOVE MUSKEG RIVER,AL07DD0004,57.12697222,-111.6024167,2014-08-07 15:05,WATER,ISOKINETIC TRANSECT COMPOSITE - EWI,,,100.689,,7.44,,0.747,,17.659,,112.659,,0,,PM,,0.43,,16.692,,PM,,142.286,,,,,,NA,,6.2,,95,,,,5.99,,0.09,,,,8.38,,,,,,,,22.6,,31.4,,8.32,,1.11,,5.21,,10.5,,8,,251,,19,,,,,,,,,,,,,,,,,,,,,,,,,,,,,,,,,,,,,,,,,,,,,,,,,,,,,,,,,,,,,,,,,,,,,,,,,,,,,,,,,,,,,,,,,,,,,,,,,,,,,,,,,,,,,,,,,,,,,,,,,,,,,,,,,,,,,,,,,,,,
2014PN200124,OIL SANDS LONGTERM WQ MONITORING,ATHABASCA RIVER M4 ABOVE MUSKEG RIVER,AL07DD0004,57.12697222,-111.6024167,2014-08-07 15:10,WATER,ISOKINETIC TRANSECT COMPOSITE - EWI,,,101.055,,7.32,,0.748,,15.567,,110.667,,0,,PM,,0.43,,16.671,,PM,,141.434,,,,,,NA,,6.1,,95.1,,,,5.97,,0.09,,,,8.38,,,,,,,,22.7,,30.8,,8.2,,1.1,,5.17,,10.3,,8,,252,,19,,,,,,,,,,,,,,,,,,,,,,,,,,,,,,,,,,,,,,,,,,,,,,,,,,,,,,,,,,,,,,,,,,,,,,,,,,,,,,,,,,,,,,,,,,,,,,,,,,,,,,,,,,,,,,,,,,,,,,,,,,,,,,,,,,,,,,,,,,,,
2014PN200125,OIL SANDS LONGTERM WQ MONITORING,M5 LTWQ PANEL 2 OF 10,AL07DD0005,57.15633333,-111.6294167,2014-08-19 11:50,WATER,VERTICAL INTEGRATED,0.4,,111.295,,3.96,,0.93,,15.75,,113.65,,0,,0.34,,0.41,,16.17,,7.619,,145.225,,,,,,NA,,3.3,,97.9,,,,6.23,,0.09,,,,8.3,,,,,,,,24.6,,31.5,,8.5,,1.14,,4.11,,10.2,,5,,254,,13,,8.21,,8.23,,260,,22.5,,11.5,,,,,,,,,,,,,,,,,,,,,,,,,,,,,,,,,,,,,,,,,,,,,,,,,,,,,,,,,,,,,,,,,,,,,,,,,,,,,,,,,,,,,,,,,,,,,,,,,,,,,,,,,,,,,,,,,,,,,,,,,,,,,,,,,,
2014PN200126,OIL SANDS LONGTERM WQ MONITORING,M5 LTWQ PANEL 6 OF 10,AL07DD0005,57.15683333,-111.6265278,2014-08-19 13:41,WATER,VERTICAL INTEGRATED,2.3,,118.609,,0,,0.924,,14.857,,112.157,,0,,0.337,,0.42,,16.483,,7.625,,143.954,,,,,,NA,,NA,,97.3,,,,6.63,,0.09,,,,8.3,,,,,,,,23.7,,31.1,,8.38,,1.13,,4.2,,10.3,,5,,253,,15,,8.1,,8.24,,258,,22.66,,14.5,,,,,,,,,,,,,,,,,,,,,,,,,,,,,,,,,,,,,,,,,,,,,,,,,,,,,,,,,,,,,,,,,,,,,,,,,,,,,,,,,,,,,,,,,,,,,,,,,,,,,,,,,,,,,,,,,,,,,,,,,,,,,,,,,,
2014PN200127,OIL SANDS LONGTERM WQ MONITORING,M5 LTWQ PANEL 8 OF 10,AL07DD0005,57.15705556,-111.6250278,2014-08-19 14:39,WATER,VERTICAL INTEGRATED,3.2,,117.512,,0,,0.938,,13.724,,110.124,,0,,0.309,,0.46,,17.675,,7.671,,143.404,,,,,,NA,,NA,,96.4,,,,7.66,,0.09,,,,8.29,,,,,,,,22.6,,30.5,,8.25,,1.1,,4.32,,11,,8,,252,,15,,8.08,,8.24,,257,,22.47,,15.8,,,,,,,,,,,,,,,,,,,,,,,,,,,,,,,,,,,,,,,,,,,,,,,,,,,,,,,,,,,,,,,,,,,,,,,,,,,,,,,,,,,,,,,,,,,,,,,,,,,,,,,,,,,,,,,,,,,,,,,,,,,,,,,,,,
2014PN200128,OIL SANDS LONGTERM WQ MONITORING,ATHABASCA RIVER M5 ABOVE MACKAY RIVER,AL07DD0005,57.15680556,-111.6270528,2014-08-19 15:09,WATER,ISOKINETIC TRANSECT COMPOSITE - EWI,,,117.877,,0,,0.986,,13.797,,110.497,,0,,PM,,0.45,,17.36,,PM,,143.734,,,,,,NA,,NA,,96.7,,,,7.48,,0.09,,,,8.27,,,,,,,,23,,30.6,,8.28,,1.11,,4.31,,10.8,,8,,256,,15,,,,,,,,,,,,,,,,,,,,,,,,,,,,,,,,,,,,,,,,,,,,,,,,,,,,,,,,,,,,,,,,,,,,,,,,,,,,,,,,,,,,,,,,,,,,,,,,,,,,,,,,,,,,,,,,,,,,,,,,,,,,,,,,,,,,,,,,,,,,
2014PN200129,OIL SANDS LONGTERM WQ MONITORING,ATHABASCA RIVER M5 ABOVE MACKAY RIVER,AL07DD0005,57.15680556,-111.6270528,2014-08-19 15:14,WATER,ISOKINETIC TRANSECT COMPOSITE - EWI,,,117.634,,0,,0.984,,14.826,,111.326,,0,,PM,,0.45,,17.383,,PM,,144.024,,,,,,NA,,NA,,96.5,,,,7.46,,0.09,,,,8.27,,,,,,,,23,,30.8,,8.36,,1.13,,4.34,,10.9,,10,,253,,14,,,,,,,,,,,,,,,,,,,,,,,,,,,,,,,,,,,,,,,,,,,,,,,,,,,,,,,,,,,,,,,,,,,,,,,,,,,,,,,,,,,,,,,,,,,,,,,,,,,,,,,,,,,,,,,,,,,,,,,,,,,,,,,,,,,,,,,,,,,,
2014PN200130,OIL SANDS LONGTERM WQ MONITORING,ATHABASCA RIVER M5 ABOVE MACKAY RIVER,AL07DD0005,57.15680556,-111.6270528,2014-08-19 15:19,WATER,ISOKINETIC TRANSECT COMPOSITE - EWI,,,104.59,,6.84,,0.84,,13.629,,110.829,,0,,PM,,0.46,,17.712,,PM,,144.534,,,,,,NA,,5.7,,97.2,,,,7.47,,0.09,,,,8.34,,,,,,,,23,,30.7,,8.3,,1.12,,4.39,,11.1,,8,,257,,14,,,,,,,,,,,,,,,,,,,,,,,,,,,,,,,,,,,,,,,,,,,,,,,,,,,,,,,,,,,,,,,,,,,,,,,,,,,,,,,,,,,,,,,,,,,,,,,,,,,,,,,,,,,,,,,,,,,,,,,,,,,,,,,,,,,,,,,,,,,,
2014PN200131,OIL SANDS LONGTERM WQ MONITORING,M7 LTWQ PANEL 3 OF 10,AL07DD0007,57.31335,-111.6735,2014-08-20 11:20,WATER,TRIPLICATE SAMPLE,2.9,,119.462,,0,,0.976,,15.241,,113.241,,0,,0.274,,0.46,,17.664,,7.733,,146.173,,,,,,NA,,NA,,98,,,,7.91,,0.09,,,,8.28,,,,,,,,22.5,,31.6,,8.34,,1.11,,4.47,,11.3,,8,,257,,16,,8.12,,8.22,,261,,20.8,,14.9,,,,,,,,,,,,,,,,,,,,,,,,,,,,,,,,,,,,,,,,,,,,,,,,,,,,,,,,,,,,,,,,,,,,,,,,,,,,,,,,,,,,,,,,,,,,,,,,,,,,,,,,,,,,,,,,,,,,,,,,,,,,,,,,,,
2014PN200132,OIL SANDS LONGTERM WQ MONITORING,M7 LTWQ PANEL 3 OF 10,AL07DD0007,57.31335,-111.6735,2014-08-20 11:25,WATER,TRIPLICATE SAMPLE,,,119.096,,0,,0.973,,15.914,,113.614,,0,,PM,,0.46,,17.617,,PM,,146.129,,,,,,NA,,NA,,97.7,,,,7.92,,0.09,,,,8.28,,,,,,,,22.5,,31.7,,8.37,,1.11,,4.47,,11.3,,8,,255,,15,,,,,,,,,,,,,,,,,,,,,,,,,,,,,,,,,,,,,,,,,,,,,,,,,,,,,,,,,,,,,,,,,,,,,,,,,,,,,,,,,,,,,,,,,,,,,,,,,,,,,,,,,,,,,,,,,,,,,,,,,,,,,,,,,,,,,,,,,,,,
2014PN200133,OIL SANDS LONGTERM WQ MONITORING,M7 LTWQ PANEL 3 OF 10,AL07DD0007,57.31335,-111.6735,2014-08-20 11:30,WATER,TRIPLICATE SAMPLE,,,119.95,,0,,1.077,,15.505,,113.905,,0,,PM,,0.46,,17.448,,PM,,146.564,,,,,,NA,,NA,,98.4,,,,7.93,,0.09,,,,8.24,,,,,,,,22.5,,31.8,,8.38,,1.13,,4.45,,11.2,,8,,257,,15,,,,,,,,,,,,,,,,,,,,,,,,,,,,,,,,,,,,,,,,,,,,,,,,,,,,,,,,,,,,,,,,,,,,,,,,,,,,,,,,,,,,,,,,,,,,,,,,,,,,,,,,,,,,,,,,,,,,,,,,,,,,,,,,,,,,,,,,,,,,
2014PN200134,OIL SANDS LONGTERM WQ MONITORING,M7 LTWQ PANEL 6 OF 10,AL07DD0007,57.31373,-111.67093,2014-08-20 13:48,WATER,VERTICAL INTEGRATED,0.7,,119.218,,0,,0.974,,15.732,,113.532,,0,,0.271,,0.46,,17.625,,7.737,,146.329,,,,,,NA,,NA,,97.8,,,,8.21,,0.09,,,,8.28,,,,,,,,22.3,,31.7,,8.35,,1.12,,4.53,,11.3,,8,,257,,14,,8.22,,8.21,,261,,20.7,,14.6,,,,,,,,,,,,,,,,,,,,,,,,,,,,,,,,,,,,,,,,,,,,,,,,,,,,,,,,,,,,,,,,,,,,,,,,,,,,,,,,,,,,,,,,,,,,,,,,,,,,,,,,,,,,,,,,,,,,,,,,,,,,,,,,,,
2014PN200135,OIL SANDS LONGTERM WQ MONITORING,M7 LTWQ PANEL 10 OF 10,AL07DD0007,57.31395,-111.66737,2014-08-20 14:47,WATER,VERTICAL INTEGRATED,1,,119.462,,0,,0.976,,15.45,,113.45,,0,,0.269,,0.46,,17.636,,7.742,,146.424,,,,,,NA,,NA,,98,,,,8.27,,0.09,,,,8.28,,,,,,,,22.3,,31.7,,8.33,,1.12,,4.47,,11.3,,8,,257,,13,,8.27,,8.23,,261,,20.6,,12.7,,,,,,,,,,,,,,,,,,,,,,,,,,,,,,,,,,,,,,,,,,,,,,,,,,,,,,,,,,,,,,,,,,,,,,,,,,,,,,,,,,,,,,,,,,,,,,,,,,,,,,,,,,,,,,,,,,,,,,,,,,,,,,,,,,
2014PN200136,OIL SANDS LONGTERM WQ MONITORING,"ATHABASCA RIVER M7, BELOW ELLS RIVER",AL07DD0007,57.31373,-111.67183,2014-08-20 15:15,WATER,ISOKINETIC TRANSECT COMPOSITE - EWI,,,119.828,,0,,0.956,,15.564,,113.864,,0,,PM,,0.45,,17.066,,PM,,146.174,,,,,,NA,,NA,,98.3,,,,7.77,,0.09,,,,8.29,,,,,,,,22.7,,31.8,,8.37,,1.13,,4.35,,10.9,,8,,257,,17,,,,,,,,,,,,,,,,,,,,,,,,,,,,,,,,,,,,,,,,,,,,,,,,,,,,,,,,,,,,,,,,,,,,,,,,,,,,,,,,,,,,,,,,,,,,,,,,,,,,,,,,,,,,,,,,,,,,,,,,,,,,,,,,,,,,,,,,,,,,
2014PN200137,OIL SANDS LONGTERM WQ MONITORING,"ATHABASCA RIVER M7, BELOW ELLS RIVER",AL07DD0007,57.31373,-111.67183,2014-08-20 15:20,WATER,ISOKINETIC TRANSECT COMPOSITE - EWI,,,119.828,,0,,0.956,,16.019,,114.319,,0,,PM,,0.45,,17.138,,PM,,146.259,,,,,,NA,,NA,,98.3,,,,7.73,,0.09,,,,8.29,,,,,,,,22.6,,31.9,,8.42,,1.14,,4.35,,11,,8,,257,,14,,,,,,,,,,,,,,,,,,,,,,,,,,,,,,,,,,,,,,,,,,,,,,,,,,,,,,,,,,,,,,,,,,,,,,,,,,,,,,,,,,,,,,,,,,,,,,,,,,,,,,,,,,,,,,,,,,,,,,,,,,,,,,,,,,,,,,,,,,,,
2014PN200138,OIL SANDS LONGTERM WQ MONITORING,"ATHABASCA RIVER M7, BELOW ELLS RIVER",AL07DD0007,57.31373,-111.67183,2014-08-20 15:25,WATER,ISOKINETIC TRANSECT COMPOSITE - EWI,,,119.706,,0,,0.978,,16.202,,114.402,,0,,PM,,0.45,,17.258,,PM,,146.344,,,,,,NA,,NA,,98.2,,,,7.74,,0.09,,,,8.28,,,,,,,,22.6,,31.9,,8.44,,1.13,,4.38,,11.1,,8,,257,,14,,,,,,,,,,,,,,,,,,,,,,,,,,,,,,,,,,,,,,,,,,,,,,,,,,,,,,,,,,,,,,,,,,,,,,,,,,,,,,,,,,,,,,,,,,,,,,,,,,,,,,,,,,,,,,,,,,,,,,,,,,,,,,,,,,,,,,,,,,,,
2014PN200144,OIL SANDS LONGTERM WQ MONITORING,M3 LT WQ PANEL 2 OF 10,AL07DD0008,56.83851,-111.41779,2014-09-03 11:16,WATER,VERTICAL INTEGRATED,2.023,,115.317,,7.44,,0.862,,10.097,,117.097,,0,,0.263,,0.35,,13.824,,7.844,,149.614,,,,,,NA,,6.2,,107,,,,1.92,,0.09,,,,8.37,,,,,,,,29,,32.6,,8.67,,1.28,,3.06,,8.75,,8,,266,,15,,9.81,,8.51,,268,,15.74,,16,,,,,,,,,,,,,,,,,,,,,,,,,,,,,,,,,,,,,,,,,,,,,,,,,,,,,,,,,,,,,,,,,,,,,,,,,,,,,,,,,,,,,,,,,,,,,,,,,,,,,,,,,,,,,,,,,,,,,,,,,,,,,,,,,,
2014PN200145,OIL SANDS LONGTERM WQ MONITORING,M3 LT WQ PANEL 6 OF 10,AL07DD0008,56.83862,-111.41478,2014-09-03 12:15,WATER,VERTICAL INTEGRATED,1.452,,107.15,,0,,0.984,,26.746,,114.646,,0,,0.04,,0.41,,16.035,,8.149,,140.354,,,,,,NA,,NA,,87.9,,,,4.42,,0.09,,,,8.23,,,,,,,,27.8,,31.8,,8.56,,1.27,,3.43,,10.2,,8,,284,,16,,9.83,,8.51,,271,,16.1,,16.1,,,,,,,,,,,,,,,,,,,,,,,,,,,,,,,,,,,,,,,,,,,,,,,,,,,,,,,,,,,,,,,,,,,,,,,,,,,,,,,,,,,,,,,,,,,,,,,,,,,,,,,,,,,,,,,,,,,,,,,,,,,,,,,,,,
2014PN200146,OIL SANDS LONGTERM WQ MONITORING,M3 LT WQ PANEL 10 OF 10,AL07DD0008,56.83878,-111.41164,2014-09-03 13:22,WATER,VERTICAL INTEGRATED,1.793,,109.954,,6.48,,0.873,,0,,87.334,,0,,0.062,,1.05,,35.771,,8.216,,162.244,,,,,,NA,,5.4,,101,,,,25.6,,0.09,,,,8.34,,,,,,,,15.5,,23.5,,6.96,,1.09,,6.16,,22.7,,25,,274,,11,,9.78,,8.36,,286,,15.72,,11.6,,,,,,,,,,,,,,,,,,,,,,,,,,,,,,,,,,,,,,,,,,,,,,,,,,,,,,,,,,,,,,,,,,,,,,,,,,,,,,,,,,,,,,,,,,,,,,,,,,,,,,,,,,,,,,,,,,,,,,,,,,,,,,,,,,
2014PN200147,OIL SANDS LONGTERM WQ MONITORING,"ATHABASCA RIVER M3, 6.5 KM BELOW WSC GAUGE 07DA001",AL07DD0008,56.8388,-111.41548,2014-09-03 14:00,WATER,ISOKINETIC TRANSECT COMPOSITE - EWI,,,110.685,,6.12,,0.873,,8.125,,109.125,,0,,PM,,0.55,,20.606,,PM,,151.914,,,,,,NA,,5.1,,101,,,,9.36,,0.09,,,,8.34,,,,,,,,25,,30.1,,8.25,,1.24,,4.03,,13.2,,10,,274,,14,,,,,,,,,,,,,,,,,,,,,,,,,,,,,,,,,,,,,,,,,,,,,,,,,,,,,,,,,,,,,,,,,,,,,,,,,,,,,,,,,,,,,,,,,,,,,,,,,,,,,,,,,,,,,,,,,,,,,,,,,,,,,,,,,,,,,,,,,,,,
2014PN200148,OIL SANDS LONGTERM WQ MONITORING,"ATHABASCA RIVER M3, 6.5 KM BELOW WSC GAUGE 07DA001",AL07DD0008,56.8388,-111.41548,2014-09-03 14:05,WATER,ISOKINETIC TRANSECT COMPOSITE - EWI,,,110.198,,6.36,,0.873,,7.669,,108.669,,0,,PM,,0.56,,20.925,,PM,,152.314,,,,,,NA,,5.3,,101,,,,9.67,,0.09,,,,8.34,,,,,,,,25,,30,,8.2,,1.22,,4.09,,13.4,,8,,275,,14,,,,,,,,,,,,,,,,,,,,,,,,,,,,,,,,,,,,,,,,,,,,,,,,,,,,,,,,,,,,,,,,,,,,,,,,,,,,,,,,,,,,,,,,,,,,,,,,,,,,,,,,,,,,,,,,,,,,,,,,,,,,,,,,,,,,,,,,,,,,
2014PN200149,OIL SANDS LONGTERM WQ MONITORING,"ATHABASCA RIVER M3, 6.5 KM BELOW WSC GAUGE 07DA001",AL07DD0008,56.8388,-111.41548,2014-09-03 14:10,WATER,ISOKINETIC TRANSECT COMPOSITE - EWI,,,NC,,NC,,NC,,NC,,108.711,,NC,,PM,,0.56,,20.794,,PM,,NC,,,,,,0.69,,NA,,NA,,,,9.35,,0.09,,,,6.16,,,,,,,,24.9,,30,,8.21,,1.23,,4.02,,13.3,,10,RANGEL,7.1,,14,,,,,,,,,,,,,,,,,,,,,,,,,,,,,,,,,,,,,,,,,,,,,,,,,,,,,,,,,,,,,,,,,,,,,,,,,,,,,,,,,,,,,,,,,,,,,,,,,,,,,,,,,,,,,,,,,,,,,,,,,,,,,,,,,,,,,,,,,,,,
2014PN200156,OIL SANDS LONGTERM WQ MONITORING,M5 LTWQ PANEL 5 OF 10,AL07DD0005,57.15680556,-111.6275,2014-09-16 10:57,WATER,VERTICAL INTEGRATED,1.86,,119.462,,5.4,,1.017,,14.562,,121.562,,0,,0.086,,0.55,,19.718,,8.127,,163.184,,,,,,NA,,4.5,,107,,,,8.68,,0.12,,,,8.3,,,,,,,,29,,33.3,,9.33,,1.28,,3.33,,13.9,,10,,291,,6.6,,10.39,,8.33,,291,,12.19,,7.2,,,,,,,,,,,,,,,,,,,,,,,,,,,,,,,,,,,,,,,,,,,,,,,,,,,,,,,,,,,,,,,,,,,,,,,,,,,,,,,,,,,,,,,,,,,,,,,,,,,,,,,,,,,,,,,,,,,,,,,,,,,,,,,,,,
2014PN200157,OIL SANDS LONGTERM WQ MONITORING,M5 LTWQ PANEL 8 OF 10,AL07DD0005,57.15705556,-111.6250278,2014-09-16 12:24,WATER,VERTICAL INTEGRATED,3.38,,130.433,,0,,1.017,,10.58,,117.58,,0,,0.075,,0.57,,20.602,,8.149,,161.564,,,,,,NA,,NA,,107,,,,9.57,,0.11,,,,8.3,,,,,,,,27.5,,32.2,,9.03,,1.21,,3.5,,14.2,,7.5,,293,,6.6,,10.38,,8.33,,290,,12.29,,7.6,,,,,,,,,,,,,,,,,,,,,,,,,,,,,,,,,,,,,,,,,,,,,,,,,,,,,,,,,,,,,,,,,,,,,,,,,,,,,,,,,,,,,,,,,,,,,,,,,,,,,,,,,,,,,,,,,,,,,,,,,,,,,,,,,,
2014PN200158,OIL SANDS LONGTERM WQ MONITORING,M5 LTWQ PANEL 9 OF 10,AL07DD0005,57.15747222,-111.6246944,2014-09-16 12:53,WATER,VERTICAL INTEGRATED,2.64,,117.512,,5.76,,0.984,,8.345,,114.345,,0,,0.07,,0.57,,20.829,,8.17,,158.474,,,,,,NA,,4.8,,106,,,,9.52,,0.1,,,,8.31,,,,,,,,26.5,,31.3,,8.79,,1.17,,3.45,,14,,10,,292,,6.3,,10.4,,8.35,,291,,12.28,,6.4,,,,,,,,,,,,,,,,,,,,,,,,,,,,,,,,,,,,,,,,,,,,,,,,,,,,,,,,,,,,,,,,,,,,,,,,,,,,,,,,,,,,,,,,,,,,,,,,,,,,,,,,,,,,,,,,,,,,,,,,,,,,,,,,,,
2014PN200159,OIL SANDS LONGTERM WQ MONITORING,ATHABASCA RIVER M5 ABOVE MACKAY RIVER,AL07DD0005,57.15680556,-111.6270528,2014-09-16 13:30,WATER,ISOKINETIC TRANSECT COMPOSITE - EWI,,,118.731,,5.76,,0.993,,11.203,,118.203,,0,,PM,,0.55,,20.053,,PM,,161.324,,,,,,NA,,4.8,,107,,,,9.22,,0.11,,,,8.31,,,,,,,,27.9,,32.4,,9.06,,1.22,,3.37,,13.8,,15,,292,,6.8,,,,,,,,,,,,,,,,,,,,,,,,,,,,,,,,,,,,,,,,,,,,,,,,,,,,,,,,,,,,,,,,,,,,,,,,,,,,,,,,,,,,,,,,,,,,,,,,,,,,,,,,,,,,,,,,,,,,,,,,,,,,,,,,,,,,,,,,,,,,
2014PN200160,OIL SANDS LONGTERM WQ MONITORING,ATHABASCA RIVER M5 ABOVE MACKAY RIVER,AL07DD0005,57.15680556,-111.6270528,2014-09-16 13:35,WATER,ISOKINETIC TRANSECT COMPOSITE - EWI,,,118.487,,5.88,,0.993,,8.009,,115.009,,0,,PM,,0.54,,20.022,,PM,,158.844,,,,,,NA,,4.9,,107,,,,9,,0.1,,,,8.31,,,,,,,,27.3,,31.5,,8.83,,1.18,,3.29,,13.4,,7.5,,293,,6.6,,,,,,,,,,,,,,,,,,,,,,,,,,,,,,,,,,,,,,,,,,,,,,,,,,,,,,,,,,,,,,,,,,,,,,,,,,,,,,,,,,,,,,,,,,,,,,,,,,,,,,,,,,,,,,,,,,,,,,,,,,,,,,,,,,,,,,,,,,,,
2014PN200161,OIL SANDS LONGTERM WQ MONITORING,ATHABASCA RIVER M5 ABOVE MACKAY RIVER,AL07DD0005,57.15680556,-111.6270528,2014-09-16 13:40,WATER,ISOKINETIC TRANSECT COMPOSITE - EWI,,,118.487,,5.88,,0.993,,14.853,,121.853,,0,,PM,,0.56,,20.025,,PM,,164.294,,,,,,NA,,4.9,,107,,,,9.48,,0.11,,,,8.31,,,,,,,,28.8,,33.4,,9.34,,1.25,,3.47,,14.2,,7.5,,292,,6.6,,,,,,,,,,,,,,,,,,,,,,,,,,,,,,,,,,,,,,,,,,,,,,,,,,,,,,,,,,,,,,,,,,,,,,,,,,,,,,,,,,,,,,,,,,,,,,,,,,,,,,,,,,,,,,,,,,,,,,,,,,,,,,,,,,,,,,,,,,,,
2014PN200168,OIL SANDS LONGTERM WQ MONITORING,M4 LT WQ PANEL 2 OF 10,AL07DD0004,57.12633333,-111.6036111,2014-09-30 12:25,WATER,TRIPLICATE SAMPLE,2.6,,134.09,,7.2,,1.055,,18.099,,140.099,,0,,0.204,,0.54,,18.503,,7.932,,184.092,,,,,,NA,,6,,122,,,,7.28,,0.1,,,,8.34,,,,,,,,35.3,,38.3,,10.8,,1.41,,2.84,,14.8,,8,,323,,8.2,,10.35,,8.4,,321,,11.11,,6.8,,,,,,,,,,,,,,,,,,,,,,,,,,,,,,,,,,,,,,,,,,,,,,,,,,,,,,,,,,,,,,,,,,,,,,,,,,,,,,,,,,,,,,,,,,,,,,,,,,,,,,,,,,,,,,,,,,,,,,,,,,,,,,,,,,
2014PN200169,OIL SANDS LONGTERM WQ MONITORING,M4 LT WQ PANEL 2 OF 10,AL07DD0004,57.12633333,-111.6036111,2014-09-30 12:30,WATER,TRIPLICATE SAMPLE,,,131.408,,8.52,,1.055,,17.599,,139.599,,0,,PM,,0.54,,18.356,,PM,,183.871,,,,,,NA,,7.1,,122,,,,7.32,,0.1,,,,8.34,,,,,,,,35.6,,38.1,,10.8,,1.38,,2.7,,14.6,,8,,322,,7.7,,,,,,,,,,,,,,,,,,,,,,,,,,,,,,,,,,,,,,,,,,,,,,,,,,,,,,,,,,,,,,,,,,,,,,,,,,,,,,,,,,,,,,,,,,,,,,,,,,,,,,,,,,,,,,,,,,,,,,,,,,,,,,,,,,,,,,,,,,,,
2014PN200170,OIL SANDS LONGTERM WQ MONITORING,M4 LT WQ PANEL 2 OF 10,AL07DD0004,57.12633333,-111.6036111,2014-09-30 12:35,WATER,TRIPLICATE SAMPLE,,,133.115,,7.68,,1.055,,18.099,,140.099,,0,,PM,,0.54,,18.405,,PM,,184.112,,,,,,NA,,6.4,,122,,,,7.31,,0.11,,,,8.34,,,,,,,,35.5,,38.3,,10.8,,1.38,,2.75,,14.7,,8,,322,,8,,,,,,,,,,,,,,,,,,,,,,,,,,,,,,,,,,,,,,,,,,,,,,,,,,,,,,,,,,,,,,,,,,,,,,,,,,,,,,,,,,,,,,,,,,,,,,,,,,,,,,,,,,,,,,,,,,,,,,,,,,,,,,,,,,,,,,,,,,,,
2014PN200171,OIL SANDS LONGTERM WQ MONITORING,M4 LTWQ PANEL 5 OF 10,AL07DD0004,57.12697222,-111.6024167,2014-09-30 14:55,WATER,VERTICAL INTEGRATED,2.9,,128.239,,8.28,,1.029,,14.957,,133.957,,0,,0.177,,0.58,,19.915,,7.986,,180.234,,,,,,NA,,6.9,,119,,,,9.09,,0.1,,,,8.34,,,,,,,,32.6,,36.5,,10.4,,1.35,,3.25,,15.5,,8,,317,,8.9,,10.31,,8.14,,314,,11.22,,7.9,,,,,,,,,,,,,,,,,,,,,,,,,,,,,,,,,,,,,,,,,,,,,,,,,,,,,,,,,,,,,,,,,,,,,,,,,,,,,,,,,,,,,,,,,,,,,,,,,,,,,,,,,,,,,,,,,,,,,,,,,,,,,,,,,,
2014PN200172,OIL SANDS LONGTERM WQ MONITORING,M4 LTWQ PANEL 8 OF 10,AL07DD0004,57.12733333,-111.6010556,2014-09-30 15:55,WATER,VERTICAL INTEGRATED,1.4,,125.313,,7.92,,1.027,,13.476,,129.476,,0,,0.14,,0.63,,21.395,,8.049,,177.534,,,,,,NA,,6.6,,116,,,,10.8,,0.1,,,,8.33,,,,,,,,30.3,,35.2,,10.1,,1.32,,3.67,,16.4,,10,,314,,8.8,,10.38,,8.14,,311,,11.22,,7.5,,,,,,,,,,,,,,,,,,,,,,,,,,,,,,,,,,,,,,,,,,,,,,,,,,,,,,,,,,,,,,,,,,,,,,,,,,,,,,,,,,,,,,,,,,,,,,,,,,,,,,,,,,,,,,,,,,,,,,,,,,,,,,,,,,
2014PN200173,OIL SANDS LONGTERM WQ MONITORING,ATHABASCA RIVER M4 ABOVE MUSKEG RIVER,AL07DD0004,57.12697222,-111.6024167,2014-09-30 16:30,WATER,ISOKINETIC TRANSECT COMPOSITE - EWI,,,129.214,,7.8,,1.054,,14.957,,133.957,,0,,PM,,0.58,,19.814,,PM,,180.474,,,,,,NA,,6.5,,119,,,,9.13,,0.11,,,,8.33,,,,,,,,32.8,,36.5,,10.4,,1.34,,3.35,,15.4,,10,,319,,8.8,,,,,,,,,,,,,,,,,,,,,,,,,,,,,,,,,,,,,,,,,,,,,,,,,,,,,,,,,,,,,,,,,,,,,,,,,,,,,,,,,,,,,,,,,,,,,,,,,,,,,,,,,,,,,,,,,,,,,,,,,,,,,,,,,,,,,,,,,,,,
2014PN200174,OIL SANDS LONGTERM WQ MONITORING,ATHABASCA RIVER M4 ABOVE MUSKEG RIVER,AL07DD0004,57.12697222,-111.6024167,2014-09-30 16:35,WATER,ISOKINETIC TRANSECT COMPOSITE - EWI,,,128.483,,8.16,,1.029,,14.957,,133.957,,0,,PM,,0.58,,19.815,,PM,,180.324,,,,,,NA,,6.8,,119,,,,9.1,,0.11,,,,8.34,,,,,,,,32.8,,36.5,,10.4,,1.33,,3.24,,15.4,,8,,321,,9.1,,,,,,,,,,,,,,,,,,,,,,,,,,,,,,,,,,,,,,,,,,,,,,,,,,,,,,,,,,,,,,,,,,,,,,,,,,,,,,,,,,,,,,,,,,,,,,,,,,,,,,,,,,,,,,,,,,,,,,,,,,,,,,,,,,,,,,,,,,,,
2014PN200175,OIL SANDS LONGTERM WQ MONITORING,ATHABASCA RIVER M4 ABOVE MUSKEG RIVER,AL07DD0004,57.12697222,-111.6024167,2014-09-30 16:40,WATER,ISOKINETIC TRANSECT COMPOSITE - EWI,,,128.483,,8.16,,1.029,,14.957,,133.957,,0,,PM,,0.58,,19.918,,PM,,180.374,,,,,,NA,,6.8,,119,,,,9.03,,0.11,,,,8.34,,,,,,,,32.8,,36.5,,10.4,,1.33,,3.26,,15.5,,10,,319,,8.7,,,,,,,,,,,,,,,,,,,,,,,,,,,,,,,,,,,,,,,,,,,,,,,,,,,,,,,,,,,,,,,,,,,,,,,,,,,,,,,,,,,,,,,,,,,,,,,,,,,,,,,,,,,,,,,,,,,,,,,,,,,,,,,,,,,,,,,,,,,,
2014PN200181,OIL SANDS LONGTERM WQ MONITORING,M3 LT WQ PANEL 2 OF 10,AL07DD0008,56.83851,-111.41779,2014-10-01 11:14,WATER,VERTICAL INTEGRATED,2.03,,135.797,,8.76,,1.039,,22.312,,148.312,,0,,0.261,,0.42,,14.407,,7.838,,184.554,,,,,,NA,,7.3,,126,,,,2.14,,0.1,,,,8.36,,,,,,,,39.9,,40.6,,11.4,,1.34,,1.83,,11.6,,5,,321,,5.7,,10.46,,8.44,,318,,11.05,,3.7,,,,,,,,,,,,,,,,,,,,,,,,,,,,,,,,,,,,,,,,,,,,,,,,,,,,,,,,,,,,,,,,,,,,,,,,,,,,,,,,,,,,,,,,,,,,,,,,,,,,,,,,,,,,,,,,,,,,,,,,,,,,,,,,,,
2014PN200182,OIL SANDS LONGTERM WQ MONITORING,M3 LT WQ PANEL 6 OF 10,AL07DD0008,56.83862,-111.41478,2014-10-01 12:19,WATER,VERTICAL INTEGRATED,1.31,,131.652,,8.4,,1.006,,19.26,,141.26,,0,,0.224,,0.47,,16.525,,7.911,,181.179,,,,,,NA,,7,,122,,,,4.85,,0.1,,,,8.36,,,,,,,,36.7,,38.6,,10.9,,1.32,,2.46,,13,,8,,315,,6.1,,10.57,,8.45,,314,,10.99,,4.5,,,,,,,,,,,,,,,,,,,,,,,,,,,,,,,,,,,,,,,,,,,,,,,,,,,,,,,,,,,,,,,,,,,,,,,,,,,,,,,,,,,,,,,,,,,,,,,,,,,,,,,,,,,,,,,,,,,,,,,,,,,,,,,,,,
2014PN200183,OIL SANDS LONGTERM WQ MONITORING,M3 LT WQ PANEL 10 OF 10,AL07DD0008,56.83878,-111.41164,2014-10-01 13:35,WATER,VERTICAL INTEGRATED,1.97,,115.927,,0,,1.198,,2.349,,97.449,,0,,-0.263,,1.02,,33.699,,8.706,,162.874,,,,,,NA,,NA,,95.1,,,,24.5,,0.1,,,,8.18,,,,,,,,16.1,,26.1,,7.84,,1.16,,6.87,,23.1,,30,,293,,10,,10.67,,8.22,,292,,9.98,,9.8,,,,,,,,,,,,,,,,,,,,,,,,,,,,,,,,,,,,,,,,,,,,,,,,,,,,,,,,,,,,,,,,,,,,,,,,,,,,,,,,,,,,,,,,,,,,,,,,,,,,,,,,,,,,,,,,,,,,,,,,,,,,,,,,,,
2014PN200184,OIL SANDS LONGTERM WQ MONITORING,"ATHABASCA RIVER M3, 6.5 KM BELOW WSC GAUGE 07DA001",AL07DD0008,56.8388,-111.41548,2014-10-01 16:00,WATER,ISOKINETIC TRANSECT COMPOSITE - EWI,,,126.045,,7.56,,1.051,,15.386,,131.386,,0,,PM,,0.58,,20.026,,PM,,177.144,,,,,,NA,,6.3,,116,,,,9.28,,0.1,,,,8.32,,,,,,,,32.2,,35.8,,10.2,,1.27,,3.35,,15.3,,8,,313,,7,,,,,,,,,,,,,,,,,,,,,,,,,,,,,,,,,,,,,,,,,,,,,,,,,,,,,,,,,,,,,,,,,,,,,,,,,,,,,,,,,,,,,,,,,,,,,,,,,,,,,,,,,,,,,,,,,,,,,,,,,,,,,,,,,,,,,,,,,,,,
2014PN200185,OIL SANDS LONGTERM WQ MONITORING,"ATHABASCA RIVER M3, 6.5 KM BELOW WSC GAUGE 07DA001",AL07DD0008,56.8388,-111.41548,2014-10-01 16:05,WATER,ISOKINETIC TRANSECT COMPOSITE - EWI,,,125.801,,8.28,,1.036,,14.386,,131.386,,0,,PM,,0.58,,20.026,,PM,,177.984,,,,,,NA,,6.9,,117,,,,9.23,,0.1,,,,8.33,,,,,,,,32.5,,35.8,,10.2,,1.27,,3.34,,15.3,,10,,312,,7,,,,,,,,,,,,,,,,,,,,,,,,,,,,,,,,,,,,,,,,,,,,,,,,,,,,,,,,,,,,,,,,,,,,,,,,,,,,,,,,,,,,,,,,,,,,,,,,,,,,,,,,,,,,,,,,,,,,,,,,,,,,,,,,,,,,,,,,,,,,
2014PN200186,OIL SANDS LONGTERM WQ MONITORING,"ATHABASCA RIVER M3, 6.5 KM BELOW WSC GAUGE 07DA001",AL07DD0008,56.8388,-111.41548,2014-10-01 16:10,WATER,ISOKINETIC TRANSECT COMPOSITE - EWI,,,127.264,,7.56,,1.061,,14.386,,131.386,,0,,PM,,0.58,,19.921,,PM,,177.844,,,,,,NA,,6.3,,117,,,,9.2,,0.1,,,,8.32,,,,,,,,32.5,,35.8,,10.2,,1.27,,3.33,,15.2,,10,,313,,7,,,,,,,,,,,,,,,,,,,,,,,,,,,,,,,,,,,,,,,,,,,,,,,,,,,,,,,,,,,,,,,,,,,,,,,,,,,,,,,,,,,,,,,,,,,,,,,,,,,,,,,,,,,,,,,,,,,,,,,,,,,,,,,,,,,,,,,,,,,,
2014PN200187,OIL SANDS LONGTERM WQ MONITORING,M5 LTWQ PANEL 5 OF 10,AL07DD0005,57.15680556,-111.6275,2014-10-21 11:20,WATER,VERTICAL INTEGRATED,2,,137.747,,0,,1.423,,15.727,,128.727,,0,,-0.173,,0.58,,20.116,,8.526,,173.252,,,,,,NA,,NA,,113,,,,9.08,,0.1,,,,8.18,,,,,,,,31.9,,34.9,,10.1,,1.41,,2.8,,15.1,,8,,306,,4.8,,11.65,,8.25,,304,,6.76,,2.8,,,,,,,,,,,,,,,,,,,,,,,,,,,,,,,,,,,,,,,,,,,,,,,,,,,,,,,,,,,,,,,,,,,,,,,,,,,,,,,,,,,,,,,,,,,,,,,,,,,,,,,,,,,,,,,,,,,,,,,,,,,,,,,,,,
2014PN200188,OIL SANDS LONGTERM WQ MONITORING,M5 LTWQ PANEL 9 OF 10,AL07DD0005,57.15747222,-111.6246944,2014-10-21 12:08,WATER,VERTICAL INTEGRATED,2.9,,134.09,,0,,1.291,,13.708,,123.708,,0,,-0.175,,0.63,,21.945,,8.561,,170.284,,,,,,NA,,NA,,110,,,,11,,0.1,,,,8.21,,,,,,,,29,,33.5,,9.73,,1.35,,3.36,,16.2,,10,,301,,5,,11.69,,8.27,,300,,6.65,,2.9,,,,,,,,,,,,,,,,,,,,,,,,,,,,,,,,,,,,,,,,,,,,,,,,,,,,,,,,,,,,,,,,,,,,,,,,,,,,,,,,,,,,,,,,,,,,,,,,,,,,,,,,,,,,,,,,,,,,,,,,,,,,,,,,,,
2014PN200189,OIL SANDS LONGTERM WQ MONITORING,M5 LTWQ PANEL 10 OF 10,AL07DD0005,57.15758333,-111.6239444,2014-10-21 13:14,WATER,VERTICAL INTEGRATED,3.5,,134.09,,0,,1.261,,13.834,,123.834,,0,,-0.161,,0.64,,22.035,,8.541,,170.464,,,,,,NA,,NA,,110,,,,11,,0.1,,,,8.22,,,,,,,,29,,33.6,,9.7,,1.34,,3.38,,16.3,,10,,301,,5.2,,11.68,,8.29,,300,,6.75,,2.6,,,,,,,,,,,,,,,,,,,,,,,,,,,,,,,,,,,,,,,,,,,,,,,,,,,,,,,,,,,,,,,,,,,,,,,,,,,,,,,,,,,,,,,,,,,,,,,,,,,,,,,,,,,,,,,,,,,,,,,,,,,,,,,,,,
2014PN200190,OIL SANDS LONGTERM WQ MONITORING,M6 LTWQ PANEL 1 OF 10,AL07DD0009,57.21513,-111.61512,2014-10-22 10:39,WATER,TRIPLICATE SAMPLE,2.9,,136.528,,0,,1.315,,14.776,,126.776,,0,,-0.187,,0.62,,21.424,,8.583,,171.452,,,,,,NA,,NA,,112,,,,9,,0.1,,,,8.21,,,,,,,,30.1,,34.3,,9.99,,1.38,,3.22,,16.1,,25,,303,,4.5,,11.66,,8.09,,300,,5.82,,2.8,,,,,,,,,,,,,,,,,,,,,,,,,,,,,,,,,,,,,,,,,,,,,,,,,,,,,,,,,,,,,,,,,,,,,,,,,,,,,,,,,,,,,,,,,,,,,,,,,,,,,,,,,,,,,,,,,,,,,,,,,,,,,,,,,,
2014PN200191,OIL SANDS LONGTERM WQ MONITORING,M6 LTWQ PANEL 1 OF 10,AL07DD0009,57.21513,-111.61512,2014-10-22 10:44,WATER,TRIPLICATE SAMPLE,,,136.528,,0,,1.411,,13.988,,125.988,,0,,PM,,0.62,,21.424,,PM,,171.052,,,,,,NA,,NA,,112,,,,8.99,,0.1,,,,8.18,,,,,,,,30.1,,34.1,,9.92,,1.37,,3.21,,16,,25,,297,,5.4,,,,,,,,,,,,,,,,,,,,,,,,,,,,,,,,,,,,,,,,,,,,,,,,,,,,,,,,,,,,,,,,,,,,,,,,,,,,,,,,,,,,,,,,,,,,,,,,,,,,,,,,,,,,,,,,,,,,,,,,,,,,,,,,,,,,,,,,,,,,
2014PN200192,OIL SANDS LONGTERM WQ MONITORING,M6 LTWQ PANEL 1 OF 10,AL07DD0009,57.21513,-111.61512,2014-10-22 10:49,WATER,TRIPLICATE SAMPLE,,,136.528,,0,,1.378,,13.574,,125.574,,0,,PM,,0.61,,21.266,,PM,,170.692,,,,,,NA,,NA,,112,,,,8.99,,0.1,,,,8.19,,,,,,,,30.1,,34,,9.88,,1.38,,3.18,,15.8,,25,,298,,5.5,,,,,,,,,,,,,,,,,,,,,,,,,,,,,,,,,,,,,,,,,,,,,,,,,,,,,,,,,,,,,,,,,,,,,,,,,,,,,,,,,,,,,,,,,,,,,,,,,,,,,,,,,,,,,,,,,,,,,,,,,,,,,,,,,,,,,,,,,,,,
2014PN200193,OIL SANDS LONGTERM WQ MONITORING,M6 LTWQ PANEL 8 OF 10,AL07DD0009,57.2153,-111.60903,2014-10-22 13:49,WATER,VERTICAL INTEGRATED,1.35,,135.309,,0,,1.303,,13.084,,124.084,,0,,-0.18,,0.62,,21.572,,8.569,,171.094,,,,,,NA,,NA,,111,,,,10.8,,0.1,,,,8.21,,,,,,,,29.6,,33.7,,9.7,,1.37,,3.28,,15.9,,20,,300,,5.5,,12.3,,8.29,,302,,6.35,,2.4,,,,,,,,,,,,,,,,,,,,,,,,,,,,,,,,,,,,,,,,,,,,,,,,,,,,,,,,,,,,,,,,,,,,,,,,,,,,,,,,,,,,,,,,,,,,,,,,,,,,,,,,,,,,,,,,,,,,,,,,,,,,,,,,,,
2014PN200194,OIL SANDS LONGTERM WQ MONITORING,M6 LTWQ PANEL 9 OF 10,AL07DD0009,57.21523,-111.60808,2014-10-22 14:14,WATER,VERTICAL INTEGRATED,1.16,,135.309,,0,,1.334,,12.752,,123.752,,0,,-0.191,,0.63,,21.718,,8.581,,171.124,,,,,,NA,,NA,,111,,,,10.9,,0.1,,,,8.2,,,,,,,,29.5,,33.6,,9.68,,1.4,,3.3,,16,,15,,303,,5,,12.3,,8.29,,302,,6.36,,2.6,,,,,,,,,,,,,,,,,,,,,,,,,,,,,,,,,,,,,,,,,,,,,,,,,,,,,,,,,,,,,,,,,,,,,,,,,,,,,,,,,,,,,,,,,,,,,,,,,,,,,,,,,,,,,,,,,,,,,,,,,,,,,,,,,,
2014PN200195,OIL SANDS LONGTERM WQ MONITORING,"ATHABASCA RIVER M6, BELOW MACKAY RIVER",AL07DD0009,57.21505,-111.6115,2014-10-22 15:30,WATER,ISOKINETIC TRANSECT COMPOSITE - EWI,,,136.528,,0,,1.346,,12.622,,124.622,,0,,PM,,0.61,,21.387,,PM,,171.433,,,,,,NA,,NA,,112,,,,10.1,,0.1,,,,8.2,,,,,,,,30,,33.8,,9.77,,1.41,,3.2,,15.8,,15,,303,,5.4,,,,,,,,,,,,,,,,,,,,,,,,,,,,,,,,,,,,,,,,,,,,,,,,,,,,,,,,,,,,,,,,,,,,,,,,,,,,,,,,,,,,,,,,,,,,,,,,,,,,,,,,,,,,,,,,,,,,,,,,,,,,,,,,,,,,,,,,,,,,
2014PN200196,OIL SANDS LONGTERM WQ MONITORING,"ATHABASCA RIVER M6, BELOW MACKAY RIVER",AL07DD0009,57.21505,-111.6115,2014-10-22 15:35,WATER,ISOKINETIC TRANSECT COMPOSITE - EWI,,,135.309,,0,,1.303,,14.409,,125.409,,0,,PM,,0.62,,21.385,,PM,,171.323,,,,,,NA,,NA,,111,,,,10.1,,0.1,,,,8.21,,,,,,,,30.1,,34,,9.84,,1.43,,3.2,,15.9,,15,,302,,5.2,,,,,,,,,,,,,,,,,,,,,,,,,,,,,,,,,,,,,,,,,,,,,,,,,,,,,,,,,,,,,,,,,,,,,,,,,,,,,,,,,,,,,,,,,,,,,,,,,,,,,,,,,,,,,,,,,,,,,,,,,,,,,,,,,,,,,,,,,,,,
2014PN200197,OIL SANDS LONGTERM WQ MONITORING,"ATHABASCA RIVER M6, BELOW MACKAY RIVER",AL07DD0009,57.21505,-111.6115,2014-10-22 15:40,WATER,ISOKINETIC TRANSECT COMPOSITE - EWI,,,136.528,,0,,1.315,,14.115,,126.115,,0,,PM,,0.62,,21.504,,PM,,172.299,,,,,,NA,,NA,,112,,,,10.1,,0.1,,,,8.21,,,,,,,,30,,34.2,,9.89,,1.42,,3.24,,16.1,,15,,302,,5.2,,,,,,,,,,,,,,,,,,,,,,,,,,,,,,,,,,,,,,,,,,,,,,,,,,,,,,,,,,,,,,,,,,,,,,,,,,,,,,,,,,,,,,,,,,,,,,,,,,,,,,,,,,,,,,,,,,,,,,,,,,,,,,,,,,,,,,,,,,,,
2014PN200203,OIL SANDS LONGTERM WQ MONITORING,M7 LTWQ PANEL 1 OF 10,AL07DD0007,57.31332,-111.67533,2014-10-23 12:13,WATER,VERTICAL INTEGRATED,3.1,,137.747,,0,,1.327,,13.735,,126.735,,0,,-0.184,,0.65,,22.045,,8.578,,174.18,,,,,,NA,,NA,,113,,,,10.1,,0.1,,,,8.21,,,,,,,,30.4,,34.3,,9.98,,1.42,,3.3,,16.7,,25,,308,,5.5,,11.64,,8.27,,306,,5.79,,3.1,,,,,,,,,,,,,,,,,,,,,,,,,,,,,,,,,,,,,,,,,,,,,,,,,,,,,,,,,,,,,,,,,,,,,,,,,,,,,,,,,,,,,,,,,,,,,,,,,,,,,,,,,,,,,,,,,,,,,,,,,,,,,,,,,,
2014PN200204,OIL SANDS LONGTERM WQ MONITORING,M7 LTWQ PANEL 3 OF 10,AL07DD0007,57.31335,-111.6735,2014-10-23 12:37,WATER,VERTICAL INTEGRATED,2.8,,137.747,,0,,1.296,,13.694,,126.694,,0,,-0.174,,0.65,,22.155,,8.568,,174.585,,,,,,NA,,NA,,113,,,,10.4,,0.1,,,,8.22,,,,,,,,30.4,,34.3,,9.97,,1.41,,3.33,,16.8,,25,,308,,5.5,,11.64,,8.27,,306,,5.8,,3.1,,,,,,,,,,,,,,,,,,,,,,,,,,,,,,,,,,,,,,,,,,,,,,,,,,,,,,,,,,,,,,,,,,,,,,,,,,,,,,,,,,,,,,,,,,,,,,,,,,,,,,,,,,,,,,,,,,,,,,,,,,,,,,,,,,
2014PN200205,OIL SANDS LONGTERM WQ MONITORING,M7 LTWQ PANEL 7 OF 10,AL07DD0007,57.3138,-111.66997,2014-10-23 13:19,WATER,VERTICAL INTEGRATED,1.4,,136.528,,0,,1.255,,14.073,,126.073,,0,,-0.167,,0.65,,22.139,,8.564,,174.283,,,,,,NA,,NA,,112,,,,11,,0.1,,,,8.23,,,,,,,,30.4,,34.2,,9.88,,1.39,,3.36,,16.7,,25,,308,,5.4,,12.3,,8.28,,307,,5.85,,2.6,,,,,,,,,,,,,,,,,,,,,,,,,,,,,,,,,,,,,,,,,,,,,,,,,,,,,,,,,,,,,,,,,,,,,,,,,,,,,,,,,,,,,,,,,,,,,,,,,,,,,,,,,,,,,,,,,,,,,,,,,,,,,,,,,,
2014PN200224,OIL SANDS LONGTERM WQ MONITORING,M7 LTWQ PANEL 1 OF 10,AL07DD0007,57.31332,-111.67533,2015-01-20 11:13,WATER,VERTICAL INTEGRATED,2.76,,176.511,,0.12,,4.636,,15.919,,160.919,,0,,-0.625,,0.95,,27.012,,9.03,,239.538,,,,,,NA,L,0.1,,145,,,,18.4,,0.15,,,,7.78,,,,,,,,38.9,,44,,12.4,,2.03,,7.87,,27.8,,8,,414,,3.5,,12.13,,7.2,,418,,-0.13,,0.5,,,,,,,,,,,,,,,,,,,,,,,,,,,,,,,,,,,,,,,,,,,,,,,,,,,,,,,,,,,,,,,,,,,,,,,,,,,,,,,,,,,,,,,,,,,,,,,,,,,,,,,,,,,,,,,,,,,,,,,,,,,,,,,,,,
2014PN200225,OIL SANDS LONGTERM WQ MONITORING,M7 LTWQ PANEL 3 OF 10,AL07DD0007,57.31335,-111.6735,2015-01-20 11:48,WATER,VERTICAL INTEGRATED,2.52,,169.197,,0.12,,4.444,,13.456,,152.456,,0,,-0.667,,1.02,,28.811,,9.114,,234.528,,,,,,NA,L,0.1,,139,,,,21.7,,0.17,,,,7.78,,,,,,,,35.8,,41.6,,11.8,,1.92,,8.43,,28.8,,8,,407,,3,,12.22,,7.36,,411,,-0.13,,0,,,,,,,,,,,,,,,,,,,,,,,,,,,,,,,,,,,,,,,,,,,,,,,,,,,,,,,,,,,,,,,,,,,,,,,,,,,,,,,,,,,,,,,,,,,,,,,,,,,,,,,,,,,,,,,,,,,,,,,,,,,,,,,,,,
2014PN200226,OIL SANDS LONGTERM WQ MONITORING,M7 LTWQ PANEL 5 OF 10,AL07DD0007,57.31373,-111.67183,2015-01-20 12:17,WATER,VERTICAL INTEGRATED,0.39,,167.978,,0.12,,4.516,,13.707,,151.707,,0,,-0.683,,1.03,,29.196,,9.136,,234.447,,,,,,NA,L,0.1,,138,,,,22.4,,0.16,,,,7.77,,,,,,,,35.4,,41.3,,11.8,,1.91,,8.6,,29.2,,8,,407,,3.1,,12.3,,7.41,,411,,-0.13,,0,,,,,,,,,,,,,,,,,,,,,,,,,,,,,,,,,,,,,,,,,,,,,,,,,,,,,,,,,,,,,,,,,,,,,,,,,,,,,,,,,,,,,,,,,,,,,,,,,,,,,,,,,,,,,,,,,,,,,,,,,,,,,,,,,,
2014PN200227,OIL SANDS LONGTERM WQ MONITORING,M3 LT WQ PANEL 1 OF 10,AL07DD0008,56.8383,-111.41835,2015-01-21 10:27,WATER,TRIPLICATE SAMPLE,1.54,,198.453,,0.12,,4.329,,21.162,,184.162,,0,,-0.432,,0.71,,20.514,,8.724,,248.001,,,,,,NA,L,0.1,,163,,,,6.06,,0.11,,,,7.86,,,,,,,,47.9,,51,,13.8,,2.41,,5.6,,22.2,,8,,417,,2.2,,11.75,,7.57,,427,,-0.13,,0,,,,,,,,,,,,,,,,,,,,,,,,,,,,,,,,,,,,,,,,,,,,,,,,,,,,,,,,,,,,,,,,,,,,,,,,,,,,,,,,,,,,,,,,,,,,,,,,,,,,,,,,,,,,,,,,,,,,,,,,,,,,,,,,,,
2014PN200228,OIL SANDS LONGTERM WQ MONITORING,M3 LT WQ PANEL 1 OF 10,AL07DD0008,56.8383,-111.41835,2015-01-21 10:32,WATER,TRIPLICATE SAMPLE,,,198.453,,0.12,,4.329,,21.661,,184.661,,0,,PM,,0.71,,20.397,,PM,,247.912,,,,,,NA,L,0.1,,163,,,,6.06,,0.11,,,,7.86,,,,,,,,47.7,,51.2,,13.8,,2.42,,5.61,,22.1,,8,,422,,2.1,,,,,,,,,,,,,,,,,,,,,,,,,,,,,,,,,,,,,,,,,,,,,,,,,,,,,,,,,,,,,,,,,,,,,,,,,,,,,,,,,,,,,,,,,,,,,,,,,,,,,,,,,,,,,,,,,,,,,,,,,,,,,,,,,,,,,,,,,,,,
2014PN200229,OIL SANDS LONGTERM WQ MONITORING,M3 LT WQ PANEL 1 OF 10,AL07DD0008,56.8383,-111.41835,2015-01-21 10:37,WATER,TRIPLICATE SAMPLE,,,199.672,,0.12,,4.256,,10.376,,174.376,,0,,PM,,0.68,,20.267,,PM,,239.964,,,,,,NA,L,0.1,,164,,,,5.7,,0.1,,,,7.87,,,,,,,,45,,48.4,,13,,2.27,,5.26,,20.7,,8,,423,,2.1,,,,,,,,,,,,,,,,,,,,,,,,,,,,,,,,,,,,,,,,,,,,,,,,,,,,,,,,,,,,,,,,,,,,,,,,,,,,,,,,,,,,,,,,,,,,,,,,,,,,,,,,,,,,,,,,,,,,,,,,,,,,,,,,,,,,,,,,,,,,
2014PN200230,OIL SANDS LONGTERM WQ MONITORING,M3 LT WQ PANEL 5 OF 10,AL07DD0008,56.8388,-111.41548,2015-01-21 10:53,WATER,VERTICAL INTEGRATED,0.74,,192.358,,0.12,,4.196,,5.092,,163.092,,0,,-0.495,,0.71,,21.453,,8.85,,229.98,,,,,,NA,L,0.1,,158,,,,7.46,,0.1,,,,7.86,,,,,,,,40.9,,45.2,,12.2,,2.1,,5.72,,20.8,,8,,412,,2.4,,12.26,,7.64,,415,,-0.13,,0,,,,,,,,,,,,,,,,,,,,,,,,,,,,,,,,,,,,,,,,,,,,,,,,,,,,,,,,,,,,,,,,,,,,,,,,,,,,,,,,,,,,,,,,,,,,,,,,,,,,,,,,,,,,,,,,,,,,,,,,,,,,,,,,,,
2014PN200231,OIL SANDS LONGTERM WQ MONITORING,M3 LT WQ PANEL 9 OF 10,AL07DD0008,56.83991,-111.41234,2015-01-21 11:20,WATER,VERTICAL INTEGRATED,1.63,,143.598,,0.12,,4.756,,1.69,,119.69,,0,,-0.938,,1.15,,34.148,,9.556,,205.133,,,,,,NA,L,0.1,,118,,,,27.1,,0.1,,,,7.68,,,,,,,,24.5,,32.6,,9.3,,1.6,,9.34,,29,,10,,376,,3.7,,12.32,,7.58,,381,,-0.13,,1,,,,,,,,,,,,,,,,,,,,,,,,,,,,,,,,,,,,,,,,,,,,,,,,,,,,,,,,,,,,,,,,,,,,,,,,,,,,,,,,,,,,,,,,,,,,,,,,,,,,,,,,,,,,,,,,,,,,,,,,,,,,,,,,,,
2014PN200237,OIL SANDS LONGTERM WQ MONITORING,M4 LTWQ PANEL 4 OF 10,AL07DD0004,57.12694444,-111.6030833,2015-01-27 11:20,WATER,VERTICAL INTEGRATED,2.87,,171.879,,0,,4.304,,12.131,,153.131,,0,,-0.635,,1.08,,30.018,,9.071,,238.183,,,,,,NA,,NA,,141,,,,23.1,,0.11,,,,7.8,,,,,,,,34.5,,42.2,,11.6,,2.09,,8.37,,30.7,,15,,417,,4,,11.88,,7.08,,420,,-0.13,,1.3,,,,,,,,,,,,,,,,,,,,,,,,,,,,,,,,,,,,,,,,,,,,,,,,,,,,,,,,,,,,,,,,,,,,,,,,,,,,,,,,,,,,,,,,,,,,,,,,,,,,,,,,,,,,,,,,,,,,,,,,,,,,,,,,,,
2014PN200238,OIL SANDS LONGTERM WQ MONITORING,M5 LTWQ PANEL 8 OF 10,AL07DD0005,57.15705556,-111.6250278,2015-01-28 12:45,WATER,VERTICAL INTEGRATED,3.11,,167.978,,0.12,,4.412,,29.31,,167.31,,0,,-0.628,,1.02,,27.996,,9.037,,238.285,,,,,,NA,L,0.1,,138,,,,23.7,,0.11,,,,7.78,,,,,,,,31.9,,45.9,,12.8,,2.26,,7.52,,30.4,,8,,408,,3.9,,12.17,,7.85,EVENTF,365,,-0.13,,0.6,,,,,,,,,,,,,,,,,,,,,,,,,,,,,,,,,,,,,,,,,,,,,,,,,,,,,,,,,,,,,,,,,,,,,,,,,,,,,,,,,,,,,,,,,,,,,,,,,,,,,,,,,,,,,,,,,,,,,,,,,,,,,,,,,,
2014PN200239,OIL SANDS LONGTERM WQ MONITORING,M6 LTWQ PANEL 1 OF 10,AL07DD0009,57.21513,-111.61512,2015-01-28 10:30,WATER,VERTICAL INTEGRATED,2.63,,188.701,,0.12,,4.517,,13.558,,168.558,,0,,-0.535,,1,,27.518,,8.891,,251.119,,,,,,NA,L,0.1,,155,,,,18.2,,0.12,,,,7.82,,,,,,,,39.8,,46.4,,12.8,,2.25,,7.51,,29.9,,8,,434,,3.8,,12.38,,7.92,,438,,-0.13,,0.8,,,,,,,,,,,,,,,,,,,,,,,,,,,,,,,,,,,,,,,,,,,,,,,,,,,,,,,,,,,,,,,,,,,,,,,,,,,,,,,,,,,,,,,,,,,,,,,,,,,,,,,,,,,,,,,,,,,,,,,,,,,,,,,,,,
2014PN200240,OIL SANDS LONGTERM WQ MONITORING,M7 LTWQ PANEL 1 OF 10,AL07DD0007,57.31332,-111.67533,2015-02-17 11:10,WATER,VERTICAL INTEGRATED,2.83,,178.949,,0.12,,4.185,,19.311,,166.311,,0,,-0.555,,0.88,,25.179,,8.94,,242.09,,,,,,NA,L,0.1,,147,,,,16.9,,0.12,,,,7.83,,,,,,,,41.3,,45.5,,12.8,,1.97,,8.03,,26.1,,8,,413,,3.2,,11.6,,7.49,,417,,-0.13,,1.5,,,,,,,,,,,,,,,,,,,,,,,,,,,,,,,,,,,,,,,,,,,,,,,,,,,,,,,,,,,,,,,,,,,,,,,,,,,,,,,,,,,,,,,,,,,,,,,,,,,,,,,,,,,,,,,,,,,,,,,,,,,,,,,,,,
2014PN200241,OIL SANDS LONGTERM WQ MONITORING,M7 LTWQ PANEL 3 OF 10,AL07DD0007,57.31335,-111.6735,2015-02-17 12:45,WATER,VERTICAL INTEGRATED,2.59,,171.635,,0.12,,4.304,,16.598,,157.598,,0,,-0.627,,0.92,,26.574,,9.054,,235.193,,,,,,NA,L,0.1,,141,,,,19.5,,0.11,,,,7.8,,,,,,,,37.7,,43,,12.2,,1.87,,8.55,,26.6,,10,,406,,3.3,,11.98,,7.58,,407,,-0.13,,1,,,,,,,,,,,,,,,,,,,,,,,,,,,,,,,,,,,,,,,,,,,,,,,,,,,,,,,,,,,,,,,,,,,,,,,,,,,,,,,,,,,,,,,,,,,,,,,,,,,,,,,,,,,,,,,,,,,,,,,,,,,,,,,,,,
2014PN200242,OIL SANDS LONGTERM WQ MONITORING,M7 LTWQ PANEL 5 OF 10,AL07DD0007,57.31373,-111.67183,2015-02-17 13:20,WATER,VERTICAL INTEGRATED,0.21,,170.416,,0.12,,4.175,,17.848,,157.848,,0,,-0.619,,0.94,,26.91,,9.048,,235.702,,,,,,NA,L,0.1,,140,,,,20.3,,0.11,,,,7.81,,,,,,,,37.2,,43.1,,12.2,,1.86,,8.76,,27.1,,15,,412,,3.4,,11.93,,7.76,,407,,-0.13,,0.9,,,,,,,,,,,,,,,,,,,,,,,,,,,,,,,,,,,,,,,,,,,,,,,,,,,,,,,,,,,,,,,,,,,,,,,,,,,,,,,,,,,,,,,,,,,,,,,,,,,,,,,,,,,,,,,,,,,,,,,,,,,,,,,,,,
2014PN200243,OIL SANDS LONGTERM WQ MONITORING,M3 LT WQ PANEL 1 OF 10,AL07DD0008,56.8383,-111.41835,2015-02-18 10:35,WATER,VERTICAL INTEGRATED,1.83,,196.015,,0.12,,3.55,,28.217,,189.217,,0,,-0.348,,0.66,,19.22,,8.636,,250.226,,,,,,NA,L,0.1,,161,,,,6.58,,0.13,,,,7.94,,,,,,,,50.3,,52.2,,14.3,,2.28,,5.64,,21,,8,,426,,2.2,,11.9,,7.51,,427,,-0.13,,0.5,,,,,,,,,,,,,,,,,,,,,,,,,,,,,,,,,,,,,,,,,,,,,,,,,,,,,,,,,,,,,,,,,,,,,,,,,,,,,,,,,,,,,,,,,,,,,,,,,,,,,,,,,,,,,,,,,,,,,,,,,,,,,,,,,,
2014PN200244,OIL SANDS LONGTERM WQ MONITORING,M3 LT WQ PANEL 5 OF 10,AL07DD0008,56.8388,-111.41548,2015-02-18 11:10,WATER,VERTICAL INTEGRATED,0.81,,187.482,,0.12,,3.558,,27.253,,181.253,,0,,-0.404,,0.68,,19.978,,8.728,,241.637,,,,,,NA,L,0.1,,154,,,,8.38,,0.13,,,,7.92,,,,,,,,46.6,,50,,13.7,,2.13,,6.28,,21.1,,8,,410,,2.5,,12.1,,7.75,,414,,-0.13,,0.1,,,,,,,,,,,,,,,,,,,,,,,,,,,,,,,,,,,,,,,,,,,,,,,,,,,,,,,,,,,,,,,,,,,,,,,,,,,,,,,,,,,,,,,,,,,,,,,,,,,,,,,,,,,,,,,,,,,,,,,,,,,,,,,,,,
2014PN200245,OIL SANDS LONGTERM WQ MONITORING,M3 LT WQ PANEL 9 OF 10,AL07DD0008,56.83991,-111.41234,2015-02-18 12:05,WATER,VERTICAL INTEGRATED,1.73,,143.598,,0.12,,4.437,,12.637,,130.637,,0,,-0.873,,1.09,,31.852,,9.455,,212.411,,,,,,NA,L,0.1,,118,,,,27.3,,0.11,,,,7.71,,,,,,,,27.1,,35.5,,10.2,,1.64,,10.3,,28.5,,15,,369,,3.8,,12.1,,7.56,,374,,-0.13,,2,,,,,,,,,,,,,,,,,,,,,,,,,,,,,,,,,,,,,,,,,,,,,,,,,,,,,,,,,,,,,,,,,,,,,,,,,,,,,,,,,,,,,,,,,,,,,,,,,,,,,,,,,,,,,,,,,,,,,,,,,,,,,,,,,,
2014PN200246,OIL SANDS LONGTERM WQ MONITORING,M3 LT WQ PANEL 1 OF 10,AL07DD0008,56.8383,-111.41835,2015-03-10 9:50,WATER,VERTICAL INTEGRATED,1.73,,192.358,,0.12,,3.03,,24.002,,182.002,,0,,-0.315,,0.96,,25.756,,8.63,,265.746,,,,,,NA,L,0.1,,158,,,,18.8,,0.12,,,,8,,,,,,,,48.4,,50.3,,13.7,,2.92,,5.6,,29.6,,8,,460,,4.9,,12.06,,7.37,,466,,-0.13,,2.2,,,,,,,,,,,,,,,,,,,,,,,,,,,,,,,,,,,,,,,,,,,,,,,,,,,,,,,,,,,,,,,,,,,,,,,,,,,,,,,,,,,,,,,,,,,,,,,,,,,,,,,,,,,,,,,,,,,,,,,,,,,,,,,,,,
2014PN200247,OIL SANDS LONGTERM WQ MONITORING,M4 LTWQ PANEL 4 OF 10,AL07DD0004,57.12694444,-111.6030833,2015-03-11 9:55,WATER,TRIPLICATE SAMPLE,2.56,,165.54,,0.12,,2.999,,12.062,,148.062,,0,,-0.528,,1.06,,29.964,,8.996,,233.226,,,,,,NA,L,0.1,,136,,,,22.6,,0.12,,,,7.94,,,,,,,,36,,40.5,,11.4,,1.99,,8.3,,29.6,,8,,410,,4.8,,12.4,,7.27,,411,,-0.13,,1.8,,,,,,,,,,,,,,,,,,,,,,,,,,,,,,,,,,,,,,,,,,,,,,,,,,,,,,,,,,,,,,,,,,,,,,,,,,,,,,,,,,,,,,,,,,,,,,,,,,,,,,,,,,,,,,,,,,,,,,,,,,,,,,,,,,
2014PN200248,OIL SANDS LONGTERM WQ MONITORING,M4 LTWQ PANEL 4 OF 10,AL07DD0004,57.12694444,-111.6030833,2015-03-11 10:00,WATER,TRIPLICATE SAMPLE,,,164.321,,0.12,,2.909,,16.295,,151.295,,0,,PM,,1.06,,29.861,,PM,,234.302,,,,,,NA,L,0.1,,135,,,,22.6,,0.12,,,,7.95,,,,,,,,35.9,,41.3,,11.7,,2.04,,8.43,,30.1,,8,,409,,4.5,,,,,,,,,,,,,,,,,,,,,,,,,,,,,,,,,,,,,,,,,,,,,,,,,,,,,,,,,,,,,,,,,,,,,,,,,,,,,,,,,,,,,,,,,,,,,,,,,,,,,,,,,,,,,,,,,,,,,,,,,,,,,,,,,,,,,,,,,,,,
2014PN200249,OIL SANDS LONGTERM WQ MONITORING,M4 LTWQ PANEL 4 OF 10,AL07DD0004,57.12694444,-111.6030833,2015-03-11 10:05,WATER,TRIPLICATE SAMPLE,,,165.54,,0.12,,2.548,,15.133,,151.133,,0,,PM,,1.04,,29.465,,PM,,234.256,,,,,,NA,L,0.1,,136,,,,22.6,,0.12,,,,8.01,,,,,,,,35.9,,41.4,,11.6,,2.03,,8.39,,29.5,,8,,410,,4.4,,,,,,,,,,,,,,,,,,,,,,,,,,,,,,,,,,,,,,,,,,,,,,,,,,,,,,,,,,,,,,,,,,,,,,,,,,,,,,,,,,,,,,,,,,,,,,,,,,,,,,,,,,,,,,,,,,,,,,,,,,,,,,,,,,,,,,,,,,,,
2014PN200255,OIL SANDS LONGTERM WQ MONITORING,M3 LT WQ PANEL 9 OF 10,AL07DD0008,56.83991,-111.41234,2015-03-10 10:30,WATER,VERTICAL INTEGRATED,1.76,,139.941,,0.12,,3.199,,9.992,,124.992,,0,,-0.777,,1.34,,37.116,,9.393,,220.067,,,,,,NA,L,0.1,,115,,,,33.9,,0.11,,,,7.84,,,,,,,,25.5,,33.8,,9.86,,1.76,,10.6,,34.5,,10,,390,,5.2,,12.25,,7.35,,394,,-0.13,,3.4,,,,,,,,,,,,,,,,,,,,,,,,,,,,,,,,,,,,,,,,,,,,,,,,,,,,,,,,,,,,,,,,,,,,,,,,,,,,,,,,,,,,,,,,,,,,,,,,,,,,,,,,,,,,,,,,,,,,,,,,,,,,,,,,,,
2014PN200256,OIL SANDS LONGTERM WQ MONITORING,M5 LTWQ PANEL 8 OF 10,AL07DD0005,57.15705556,-111.6250278,2015-03-11 11:55,WATER,VERTICAL INTEGRATED,3.25,,159.445,,0.12,,NC,,12.581,,143.581,,0,,-8.498,,,,31.673,,16.997,,231.033,,,,,,NA,L,0.1,,131,,,,26.2,,0.11,,,,,,,,,,,,32.7,,39.2,,11.1,,1.93,,8.99,,31.1,,8,,405,,4.8,,12.44,,7.88,,376,,-0.14,,2.3,,,,,,,,,,,,,,,,,,,,,,,,,,,,,,,,,,,,,,,,,,,,,,,,,,,,,,,,,,,,,,,,,,,,,,,,,,,,,,,,,,,,,,,,,,,,,,,,,,,,,,,,,,,,,,,,,,,,,,,,,,,,,,,,,,
2014PN200257,OIL SANDS LONGTERM WQ MONITORING,M6 LTWQ PANEL 1 OF 10,AL07DD0009,57.21513,-111.61512,2015-03-12 11:38,WATER,VERTICAL INTEGRATED,2.57,,176.755,,0,,4.53,,15.669,,160.669,,0,,-0.617,,1,,28.009,,9.024,,243.266,,,,,,NA,,NA,,145,,,,18.8,,0.11,,,,7.79,,,,,,,,40.5,,43.9,,12.4,,2.12,,7.92,,29.2,,8,,416,,4,,12.45,,7.46,,428,,-0.13,,1.8,,,,,,,,,,,,,,,,,,,,,,,,,,,,,,,,,,,,,,,,,,,,,,,,,,,,,,,,,,,,,,,,,,,,,,,,,,,,,,,,,,,,,,,,,,,,,,,,,,,,,,,,,,,,,,,,,,,,,,,,,,,,,,,,,,
2014PN200258,OIL SANDS LONGTERM WQ MONITORING,M7 LTWQ PANEL 3 OF 10,AL07DD0007,57.31335,-111.6735,2015-03-12 9:50,WATER,VERTICAL INTEGRATED,2.26,,163.346,,0,,4.284,,13.563,,147.563,,0,,-0.696,,1.07,,30.251,,9.172,,232.067,,,,,,NA,,NA,,134,,,,23,,0.11,,,,7.78,,,,,,,,35,,40.3,,11.4,,1.96,,8.85,,29.9,,8,,405,,4.3,,12.55,,7.4,,409,,-0.13,,2.1,,,,,,,,,,,,,,,,,,,,,,,,,,,,,,,,,,,,,,,,,,,,,,,,,,,,,,,,,,,,,,,,,,,,,,,,,,,,,,,,,,,,,,,,,,,,,,,,,,,,,,,,,,,,,,,,,,,,,,,,,,,,,,,,,,
2015PN880001,OIL SANDS LONGTERM WQ MONITORING,M2 LT WQ PANEL 4 OF 10,AL07DD0002,56.71977778,-111.4046667,2015-05-26 10:00,WATER,VERTICAL INTEGRATED,4.2,,140.185,,0,,1.119,,20.364,,135.364,,0,,0.34,,0.36,,13.211,,7.61,,163.604,,,,,,NA,,NA,,115,,,,2.02,,0.1,,,,8.29,,,,,,,,29.7,,38.3,,9.65,,1.39,,3.81,,9.59,,15,,283,,21.2,,9.21,,8.3,,287,,17.69,,24.6,,,,,,,,,,,,,,,,,,,,,,,,,,,,,,,,,,,,,,,,,,,,,,,,,,,,,,,,,,,,,,,,,,,,,,,,,,,,,,,,,,,,,,,,,,,,,,,,,,,,,,,,,,,,,,,,,,,,,,,,,,,,,,,,,,
2015PN880002,OIL SANDS LONGTERM WQ MONITORING,M3 LT WQ PANEL 2 OF 10,AL07DD0008,56.83851,-111.41779,2015-05-27 9:15,WATER,VERTICAL INTEGRATED,2.3,,141.404,,0,,1.128,,18.069,,134.069,,0,,0.323,,0.37,,13.703,,7.644,,163.354,,,,,,NA,,NA,,116,,,,2,,0.09,,,,8.29,,,,,,,,29,,37.6,,9.76,,1.4,,3.95,,9.91,,8,,288,,23,,9.1,,8.28,,288,,17.27,,28.4,,,,,,,,,,,,,,,,,,,,,,,,,,,,,,,,,,,,,,,,,,,,,,,,,,,,,,,,,,,,,,,,,,,,,,,,,,,,,,,,,,,,,,,,,,,,,,,,,,,,,,,,,,,,,,,,,,,,,,,,,,,,,,,,,,
2015PN880003,OIL SANDS LONGTERM WQ MONITORING,M3 LT WQ PANEL 9 OF 10,AL07DD0008,56.83991,-111.41234,2015-05-27 10:15,WATER,VERTICAL INTEGRATED,2.4,,119.706,,0,,1.208,,9.141,,107.341,,0,,0.06,,0.7,,24.891,,8.07,,153.529,,,,,,NA,,NA,,98.2,,,,14,,0.09,,,,8.19,,,,,,,,20,,29.6,,8.12,,1.33,,4.82,,16.6,,10,,275,,18.7,,9.03,,8.22,,277,,17.62,,23,,,,,,,,,,,,,,,,,,,,,,,,,,,,,,,,,,,,,,,,,,,,,,,,,,,,,,,,,,,,,,,,,,,,,,,,,,,,,,,,,,,,,,,,,,,,,,,,,,,,,,,,,,,,,,,,,,,,,,,,,,,,,,,,,,
2015PN880004,OIL SANDS LONGTERM WQ MONITORING,M7 LTWQ PANEL 1 OF 10,AL07DD0007,57.31332,-111.67533,2015-05-28 10:15,WATER,VERTICAL INTEGRATED,4.5,,136.528,,0,,1.255,,15.593,,127.593,,0,,0.166,,0.45,,16.558,,7.899,,161.674,,,,,,NA,,NA,,112,,,,4.56,,0.09,,,,8.23,,,,,,,,27.4,,35.6,,9.4,,1.45,,4.13,,11.8,,20,,285,,27,,9.36,,8.19,,285,,15.35,,35,,,,,,,,,,,,,,,,,,,,,,,,,,,,,,,,,,,,,,,,,,,,,,,,,,,,,,,,,,,,,,,,,,,,,,,,,,,,,,,,,,,,,,,,,,,,,,,,,,,,,,,,,,,,,,,,,,,,,,,,,,,,,,,,,,
2015PN880005,OIL SANDS LONGTERM WQ MONITORING,M7 LTWQ PANEL 4 OF 10,AL07DD0007,57.31365,-111.67278,2015-05-28 11:00,WATER,VERTICAL INTEGRATED,2.5,,135.309,,0,,1.215,,13.69,,124.69,,0,,0.175,,0.5,,18.167,,7.891,,162.074,,,,,,NA,,NA,,111,,,,6.99,,0.09,,,,8.24,,,,,,,,25.7,,34.8,,9.18,,1.41,,4.36,,12.9,,15,,286,,28,,9.42,,8.25,,287,,15.76,,39.1,,,,,,,,,,,,,,,,,,,,,,,,,,,,,,,,,,,,,,,,,,,,,,,,,,,,,,,,,,,,,,,,,,,,,,,,,,,,,,,,,,,,,,,,,,,,,,,,,,,,,,,,,,,,,,,,,,,,,,,,,,,,,,,,,,
2015PN880006,OIL SANDS LONGTERM WQ MONITORING,M2 LT WQ PANEL 4 OF 10,AL07DD0002,56.71977778,-111.4046667,2015-06-24 8:50,WATER,TRIPLICATE SAMPLE,4,,119.95,,0,,0.957,,24.114,,122.514,,0,,0.229,,0.26,,10.368,,7.833,,144.232,,,,,,NA,,NA,,98.4,,,,1.26,,0.08,,,,8.29,,,,,,,,30.3,,33.5,,9.44,,0.88,,3.1,,6.57,L,5,,247,,27.3,,9.38,,8.37,,253,,18,,32,,,,,,,,,,,,,,,,,,,,,,,,,,,,,,,,,,,,,,,,,,,,,,,,,,,,,,,,,,,,,,,,,,,,,,,,,,,,,,,,,,,,,,,,,,,,,,,,,,,,,,,,,,,,,,,,,,,,,,,,,,,,,,,,,,
2015PN880007,OIL SANDS LONGTERM WQ MONITORING,M2 LT WQ PANEL 4 OF 10,AL07DD0002,56.71977778,-111.4046667,2015-06-24 8:55,WATER,TRIPLICATE SAMPLE,,,114.757,,2.676,,0.937,,23.955,,122.555,,0,,PM,,0.26,,10.296,,PM,,144.493,,,,,,NA,,2.23,,98.6,,,,1.26,,0.08,,,,8.3,,,,,,,,30.5,,33.5,,9.45,,0.86,,3.11,,6.52,L,5,,252,,27.7,,,,,,,,,,,,,,,,,,,,,,,,,,,,,,,,,,,,,,,,,,,,,,,,,,,,,,,,,,,,,,,,,,,,,,,,,,,,,,,,,,,,,,,,,,,,,,,,,,,,,,,,,,,,,,,,,,,,,,,,,,,,,,,,,,,,,,,,,,,,
2015PN880008,OIL SANDS LONGTERM WQ MONITORING,M2 LT WQ PANEL 4 OF 10,AL07DD0002,56.71977778,-111.4046667,2015-06-24 9:00,WATER,TRIPLICATE SAMPLE,,,108.515,,5.748,,0.915,,23.291,,121.891,,0,,PM,,0.26,,10.303,,PM,,144.144,,,,,,NA,,4.79,,98.6,,,,1.26,,0.08,,,,8.31,,,,,,,,30.5,,33.3,,9.41,,0.86,,3.04,,6.49,L,5,,253,,27.4,,,,,,,,,,,,,,,,,,,,,,,,,,,,,,,,,,,,,,,,,,,,,,,,,,,,,,,,,,,,,,,,,,,,,,,,,,,,,,,,,,,,,,,,,,,,,,,,,,,,,,,,,,,,,,,,,,,,,,,,,,,,,,,,,,,,,,,,,,,,
2015PN880014,OIL SANDS LONGTERM WQ MONITORING,M3 LT WQ PANEL 2 OF 10,AL07DD0008,56.83851,-111.41779,2015-06-24 12:34,WATER,VERTICAL INTEGRATED,2.4,,106.906,,6.6,,0.874,,22.694,,121.394,,0,,0.305,,0.26,,10.539,,7.72,,144.124,,,,,,NA,,5.5,,98.7,,,,1.28,,0.08,,,,8.33,,,,,,,,30.4,,33.2,,9.35,,0.87,,3.05,,6.63,,5,,251,,27.9,,9.42,,8.36,,252,,19.31,,31.6,,,,,,,,,,,,,,,,,,,,,,,,,,,,,,,,,,,,,,,,,,,,,,,,,,,,,,,,,,,,,,,,,,,,,,,,,,,,,,,,,,,,,,,,,,,,,,,,,,,,,,,,,,,,,,,,,,,,,,,,,,,,,,,,,,
2015PN880015,OIL SANDS LONGTERM WQ MONITORING,M3 LT WQ PANEL 9 OF 10,AL07DD0008,56.83991,-111.41234,2015-06-24 13:30,WATER,VERTICAL INTEGRATED,2.4,,112.27,,0,,0.984,,13.485,,105.585,,0,,0.139,,0.61,,22.819,,7.972,,147.404,,,,,,NA,,NA,,92.1,,,,12.7,,0.08,,,,8.25,,,,,,,,22.9,,28.6,,8.3,,0.92,,4.1,,14.5,,8,,264,,20.8,,9.26,,8.28,,264,,19.64,,23.2,,,,,,,,,,,,,,,,,,,,,,,,,,,,,,,,,,,,,,,,,,,,,,,,,,,,,,,,,,,,,,,,,,,,,,,,,,,,,,,,,,,,,,,,,,,,,,,,,,,,,,,,,,,,,,,,,,,,,,,,,,,,,,,,,,
2015PN880016,OIL SANDS LONGTERM WQ MONITORING,M7 LTWQ PANEL 1 OF 10,AL07DD0007,57.31332,-111.67533,2015-06-25 10:01,WATER,VERTICAL INTEGRATED,4.2,,118.609,,0.12,,1.018,,20.865,,118.365,,0,,0.235,,0.36,,14.027,,7.791,,146.814,,,,,,NA,L,0.1,,97.5,,,,4.67,,0.08,,,,8.26,,,,,,,,29,,32.3,,9.16,,0.92,,3.18,,8.96,,5,,258,,23.9,,8.95,,8.28,,260,,19.9,,30.4,,,,,,,,,,,,,,,,,,,,,,,,,,,,,,,,,,,,,,,,,,,,,,,,,,,,,,,,,,,,,,,,,,,,,,,,,,,,,,,,,,,,,,,,,,,,,,,,,,,,,,,,,,,,,,,,,,,,,,,,,,,,,,,,,,
2015PN880017,OIL SANDS LONGTERM WQ MONITORING,M7 LTWQ PANEL 4 OF 10,AL07DD0007,57.31365,-111.67278,2015-06-25 11:22,WATER,VERTICAL INTEGRATED,2,,116.78,,0.12,,1.002,,18.797,,114.797,,0,,0.229,,0.43,,16.593,,7.803,,146.854,,,,,,NA,L,0.1,,96,,,,6.96,,0.08,,,,8.26,,,,,,,,26.9,,31.3,,8.9,,0.93,,3.54,,10.6,,5,,262,,23.8,,8.91,,8.27,,262,,20.39,,30.8,,,,,,,,,,,,,,,,,,,,,,,,,,,,,,,,,,,,,,,,,,,,,,,,,,,,,,,,,,,,,,,,,,,,,,,,,,,,,,,,,,,,,,,,,,,,,,,,,,,,,,,,,,,,,,,,,,,,,,,,,,,,,,,,,,
2015PN880018,OIL SANDS LONGTERM WQ MONITORING,M2 LT WQ PANEL 4 OF 10,AL07DD0002,56.71977778,-111.4046667,2015-07-21 10:30,WATER,VERTICAL INTEGRATED,3.9,,112.026,,0.12,,1.031,,22.862,,114.962,,0,,0.181,,0.25,,10.267,,7.869,,136.329,,,,,,NA,L,0.1,,92.1,,,,1.26,,0.08,,,,8.23,,,,,,,,29.7,,31.3,,8.94,,0.86,,2.74,,6.1,,8,,233,,23.6,,8.66,,8.3,,237,,20.3,,21,,,,,,,,,,,,,,,,,,,,,,,,,,,,,,,,,,,,,,,,,,,,,,,,,,,,,,,,,,,,,,,,,,,,,,,,,,,,,,,,,,,,,,,,,,,,,,,,,,,,,,,,,,,,,,,,,,,,,,,,,,,,,,,,,,
2015PN880019,OIL SANDS LONGTERM WQ MONITORING,M3 LT WQ PANEL 2 OF 10,AL07DD0008,56.83851,-111.41779,2015-07-21 12:55,WATER,VERTICAL INTEGRATED,2.5,,112.636,,0.12,,1.087,,23.026,,115.626,,0,,0.163,,0.25,,10.361,,7.884,,137.299,,,,,,NA,L,0.1,,92.6,,,,1.3,,0.08,,,,8.21,,,,,,,,30,,31.5,,8.98,,0.89,,2.74,,6.2,,5,,236,,23.6,,8.66,,8.32,,240,,20.2,,20.1,,,,,,,,,,,,,,,,,,,,,,,,,,,,,,,,,,,,,,,,,,,,,,,,,,,,,,,,,,,,,,,,,,,,,,,,,,,,,,,,,,,,,,,,,,,,,,,,,,,,,,,,,,,,,,,,,,,,,,,,,,,,,,,,,,
2015PN880020,OIL SANDS LONGTERM WQ MONITORING,M3 LT WQ PANEL 9 OF 10,AL07DD0008,56.83991,-111.41234,2015-07-21 14:15,WATER,VERTICAL INTEGRATED,2.3,,107.272,,0.12,,1.192,,10.868,,99.068,,0,,0.012,,0.69,,25.663,,8.126,,144.234,,,,,,NA,L,0.1,,88.2,,,,14.7,,0.09,,,,8.15,,,,,,,,20.7,,26.6,,7.93,,0.93,,4.42,,15.9,,25,,258,,19.4,,8.57,,8.25,,259,,20.4,,16.4,,,,,,,,,,,,,,,,,,,,,,,,,,,,,,,,,,,,,,,,,,,,,,,,,,,,,,,,,,,,,,,,,,,,,,,,,,,,,,,,,,,,,,,,,,,,,,,,,,,,,,,,,,,,,,,,,,,,,,,,,,,,,,,,,,
2015PN880021,OIL SANDS LONGTERM WQ MONITORING,M7 LTWQ PANEL 1 OF 10,AL07DD0007,57.31332,-111.67533,2015-07-22 10:45,WATER,VERTICAL INTEGRATED,4.8,,112.514,,0.12,,1.25,,19.389,,111.889,,0,,0.09,,0.39,,15.586,,7.971,,141.244,,,,,,NA,L,0.1,,92.5,,,,4.91,,0.08,,,,8.15,,,,,,,,27.7,,30.3,,8.8,,0.92,,3.4,,9.59,,20,,240,,22.4,,8.52,,8.22,,247,,20.4,,18.6,,,,,,,,,,,,,,,,,,,,,,,,,,,,,,,,,,,,,,,,,,,,,,,,,,,,,,,,,,,,,,,,,,,,,,,,,,,,,,,,,,,,,,,,,,,,,,,,,,,,,,,,,,,,,,,,,,,,,,,,,,,,,,,,,,
2015PN880022,OIL SANDS LONGTERM WQ MONITORING,M7 LTWQ PANEL 4 OF 10,AL07DD0007,57.31365,-111.67278,2015-07-22 11:30,WATER,VERTICAL INTEGRATED,1.5,,110.685,,0.12,,1.093,,17.198,,108.198,,0,,0.13,,0.45,,17.56,,7.939,,140.274,,,,,,NA,L,0.1,,91,,,,7.22,,0.08,,,,8.2,,,,,,,,25.3,,29.3,,8.51,,0.9,,3.62,,10.7,,20,,245,,21.8,,8.52,,8.17,,247,,20.8,,19.2,,,,,,,,,,,,,,,,,,,,,,,,,,,,,,,,,,,,,,,,,,,,,,,,,,,,,,,,,,,,,,,,,,,,,,,,,,,,,,,,,,,,,,,,,,,,,,,,,,,,,,,,,,,,,,,,,,,,,,,,,,,,,,,,,,
2015PN880023,OIL SANDS LONGTERM WQ MONITORING,M2 LT WQ PANEL 4 OF 10,AL07DD0002,56.71977778,-111.4046667,2015-08-18 9:27,WATER,VERTICAL INTEGRATED,3.7,,104.444,,6.372,,0.894,,19.09,,115.39,,0,,0.228,,0.3,,12.069,,7.854,,139.594,,,,,,NA,,5.31,,96.3,,,,1.54,,0.1,,,,8.31,,,,,,,,29.3,,31.9,,8.68,,0.92,,1.98,,7.35,,8,,248,,13.5,,8.98,,8.09,,243,,18.3,,13.9,,,,,,,,,,,,,,,,,,,,,,,,,,,,,,,,,,,,,,,,,,,,,,,,,,,,,,,,,,,,,,,,,,,,,,,,,,,,,,,,,,,,,,,,,,,,,,,,,,,,,,,,,,,,,,,,,,,,,,,,,,,,,,,,,,
2015PN880024,OIL SANDS LONGTERM WQ MONITORING,M3 LT WQ PANEL 2 OF 10,AL07DD0008,56.83851,-111.41779,2015-08-18 11:35,WATER,VERTICAL INTEGRATED,1.1,,103.883,,6.888,,0.897,,18.94,,115.64,,0,,0.249,,0.3,,12.018,,7.812,,139.944,,,,,,NA,,5.74,,96.7,,,,1.59,,0.1,,,,8.31,,,,,,,,29.3,,32,,8.68,,0.92,,1.96,,7.33,,8,,248,,12.6,,8.97,,8.3,,244,,18.9,,13.4,,,,,,,,,,,,,,,,,,,,,,,,,,,,,,,,,,,,,,,,,,,,,,,,,,,,,,,,,,,,,,,,,,,,,,,,,,,,,,,,,,,,,,,,,,,,,,,,,,,,,,,,,,,,,,,,,,,,,,,,,,,,,,,,,,
2015PN880025,OIL SANDS LONGTERM WQ MONITORING,M3 LT WQ PANEL 9 OF 10,AL07DD0008,56.83991,-111.41234,2015-08-18 12:25,WATER,VERTICAL INTEGRATED,2.1,,105.444,,0,,0.992,,8.386,,94.886,,0,,0,,0.76,,27.694,,8.22,,142.199,,,,,,NA,,NA,,86.5,,,,16.8,,0.11,,,,8.22,,,,,,,,17.3,,25.7,,7.46,,0.91,,5.03,,16.9,,30,,258,,10.9,,8.98,,8.22,,252,,18.4,,10.7,,,,,,,,,,,,,,,,,,,,,,,,,,,,,,,,,,,,,,,,,,,,,,,,,,,,,,,,,,,,,,,,,,,,,,,,,,,,,,,,,,,,,,,,,,,,,,,,,,,,,,,,,,,,,,,,,,,,,,,,,,,,,,,,,,
2015PN880026,OIL SANDS LONGTERM WQ MONITORING,M4 LTWQ PANEL 4 OF 10,AL07DD0004,57.12694444,-111.6030833,2015-08-19 10:05,WATER,TRIPLICATE SAMPLE,2.8,,112.148,,0.12,,1.009,,13.478,,105.678,,0,,0.13,,0.5,,19.509,,7.98,,141.474,,,,,,NA,L,0.1,,92.2,,,,7.95,,0.09,,,,8.24,,,,,,,,24.9,,29,,8.08,,0.94,,3.25,,11.9,,15,,243,,12.2,,9.05,,8.29,,249,,19.4,,12.6,,,,,,,,,,,,,,,,,,,,,,,,,,,,,,,,,,,,,,,,,,,,,,,,,,,,,,,,,,,,,,,,,,,,,,,,,,,,,,,,,,,,,,,,,,,,,,,,,,,,,,,,,,,,,,,,,,,,,,,,,,,,,,,,,,
2015PN880027,OIL SANDS LONGTERM WQ MONITORING,M4 LTWQ PANEL 4 OF 10,AL07DD0004,57.12694444,-111.6030833,2015-08-19 10:10,WATER,TRIPLICATE SAMPLE,,,113.123,,0.12,,0.948,,13.052,,106.052,,0,,0.325,,0.5,,19.324,,7.62,,141.924,,,,,,NA,L,0.1,,93,,,,7.92,,0.1,,,,8.27,,,,,,,,24.9,,29.1,,8.11,,0.93,,3.22,,11.8,,15,,251,,12,,,,,,,,,,,,,,,,,,,,,,,,,,,,,,,,,,,,,,,,,,,,,,,,,,,,,,,,,,,,,,,,,,,,,,,,,,,,,,,,,,,,,,,,,,,,,,,,,,,,,,,,,,,,,,,,,,,,,,,,,,,,,,,,,,,,,,,,,,,,
2015PN880028,OIL SANDS LONGTERM WQ MONITORING,M4 LTWQ PANEL 4 OF 10,AL07DD0004,57.12694444,-111.6030833,2015-08-19 10:15,WATER,TRIPLICATE SAMPLE,,,113.367,,0.12,,0.95,,13.971,,107.171,,0,,0.33,,0.48,,18.769,,7.609,,142.194,,,,,,NA,L,0.1,,93.2,,,,7.91,,0.1,,,,8.27,,,,,,,,25,,29.4,,8.2,,0.92,,3.2,,11.5,,10,,253,,11.8,,,,,,,,,,,,,,,,,,,,,,,,,,,,,,,,,,,,,,,,,,,,,,,,,,,,,,,,,,,,,,,,,,,,,,,,,,,,,,,,,,,,,,,,,,,,,,,,,,,,,,,,,,,,,,,,,,,,,,,,,,,,,,,,,,,,,,,,,,,,
2015PN880034,OIL SANDS LONGTERM WQ MONITORING,M5 LTWQ PANEL 4 OF 10,AL07DD0005,57.15669444,-111.62825,2015-08-19 11:40,WATER,VERTICAL INTEGRATED,3.2,,113.855,,0.12,,1,,15.231,,108.831,,0,,0.163,,0.46,,17.737,,7.924,,142.714,,,,,,NA,L,0.1,,93.6,,,,7.02,,0.1,,,,8.25,,,,,,,,26.3,,29.9,,8.3,,0.95,,3.04,,10.9,,10,,249,,12,,9.05,,8.28,,250,,19.5,,12.1,,,,,,,,,,,,,,,,,,,,,,,,,,,,,,,,,,,,,,,,,,,,,,,,,,,,,,,,,,,,,,,,,,,,,,,,,,,,,,,,,,,,,,,,,,,,,,,,,,,,,,,,,,,,,,,,,,,,,,,,,,,,,,,,,,
2015PN880035,OIL SANDS LONGTERM WQ MONITORING,M7 LTWQ PANEL 1 OF 10,AL07DD0007,57.31332,-111.67533,2015-08-20 9:55,WATER,VERTICAL INTEGRATED,4.8,,116.536,,0.12,,1.048,,15.809,,111.609,,0,,0.149,,0.46,,17.641,,7.943,,145.594,,,,,,NA,L,0.1,,95.8,,,,6.78,,0.1,,,,8.24,,,,,,,,27.1,,30.6,,8.55,,0.94,,2.9,,11.1,,10,,257,,12.2,,8.54,,8.3,,255,,18.72,,14,,,,,,,,,,,,,,,,,,,,,,,,,,,,,,,,,,,,,,,,,,,,,,,,,,,,,,,,,,,,,,,,,,,,,,,,,,,,,,,,,,,,,,,,,,,,,,,,,,,,,,,,,,,,,,,,,,,,,,,,,,,,,,,,,,
2015PN880036,OIL SANDS LONGTERM WQ MONITORING,M7 LTWQ PANEL 4 OF 10,AL07DD0007,57.31365,-111.67278,2015-08-20 10:35,WATER,VERTICAL INTEGRATED,4.8,,115.439,,0.12,,1.063,,NC,,NC,,0,,NC,,0.49,,NC,,NC,,NC,,,,,,NA,L,0.1,,94.9,,,,8.19,,0.1,,,,8.23,,,,,,,,,,,,8.36,,0.94,,3.18,,11.8,,10,,257,,11.6,,8.53,,8.27,,254,,18.64,,14,,,,,,,,,,,,,,,,,,,,,,,,,,,,,,,,,,,,,,,,,,,,,,,,,,,,,,,,,,,,,,,,,,,,,,,,,,,,,,,,,,,,,,,,,,,,,,,,,,,,,,,,,,,,,,,,,,,,,,,,,,,,,,,,,,
2015PN880037,OIL SANDS LONGTERM WQ MONITORING,M2 LT WQ PANEL 3 OF 10,AL07DD0002,56.72008333,-111.405,2015-09-15 11:00,WATER,VERTICAL INTEGRATED,3.7,,106.687,,6.888,,0.836,,28.566,,127.566,,0,,0.1,,0.32,,12.213,,8.15,,152.574,,,,,,NA,,5.74,,99,,,,1.54,,0.08,,,,8.35,,,,,,,,36,,34.6,,10,,0.95,,1.73,,8.23,,5,,265,,14,,10.77,,8.31,,262,,11.5,,13.7,,,,,,,,,,,,,,,,,,,,,,,,,,,,,,,,,,,,,,,,,,,,,,,,,,,,,,,,,,,,,,,,,,,,,,,,,,,,,,,,,,,,,,,,,,,,,,,,,,,,,,,,,,,,,,,,,,,,,,,,,,,,,,,,,,
2015PN880038,OIL SANDS LONGTERM WQ MONITORING,M2 LT WQ PANEL 4 OF 10,AL07DD0002,56.71977778,-111.4046667,2015-09-15 9:50,WATER,VERTICAL INTEGRATED,3.5,,121.412,,0,,0.969,,26.97,,126.57,,0,,0.036,,0.31,,12.178,,8.218,,152.574,,,,,,NA,,NA,,99.6,,,,1.55,,0.08,,,,8.29,,,,,,,,36.1,,34.3,,9.94,,0.95,,1.71,,8.14,,5,,267,,14,,10.67,,8.25,,262,,11.4,,12.8,,,,,,,,,,,,,,,,,,,,,,,,,,,,,,,,,,,,,,,,,,,,,,,,,,,,,,,,,,,,,,,,,,,,,,,,,,,,,,,,,,,,,,,,,,,,,,,,,,,,,,,,,,,,,,,,,,,,,,,,,,,,,,,,,,
2015PN880039,OIL SANDS LONGTERM WQ MONITORING,M2 LT WQ PANEL 2 OF 10,AL07DD0002,56.72038889,-111.4053611,2015-09-15 11:45,WATER,VERTICAL INTEGRATED,2.8,,106.516,,7.512,,0.824,,28.328,,128.228,,0,,0.113,,0.32,,12.404,,8.133,,153.614,,,,,,NA,,6.26,,99.9,,,,1.63,,0.08,,,,8.36,,,,,,,,36,,34.7,,10.1,,0.95,,1.75,,8.42,,5,,265,,11.8,,10.86,,8.29,,263,,11.46,,12.3,,,,,,,,,,,,,,,,,,,,,,,,,,,,,,,,,,,,,,,,,,,,,,,,,,,,,,,,,,,,,,,,,,,,,,,,,,,,,,,,,,,,,,,,,,,,,,,,,,,,,,,,,,,,,,,,,,,,,,,,,,,,,,,,,,
2015PN880040,OIL SANDS LONGTERM WQ MONITORING,M3 LT WQ PANEL 2 OF 10,AL07DD0008,56.83851,-111.41779,2015-09-15 13:30,WATER,VERTICAL INTEGRATED,0.7,,121.047,,0,,1.222,,27.561,,126.861,,0,,-0.045,,0.32,,12.31,,8.281,,152.914,,,,,,NA,,NA,,99.3,,,,1.72,,0.08,,,,8.19,,,,,,,,36.2,,34.4,,9.95,,0.96,,1.72,,8.26,,5,,258,,13.7,,10.81,,8.31,,262,,12,,11.5,,,,,,,,,,,,,,,,,,,,,,,,,,,,,,,,,,,,,,,,,,,,,,,,,,,,,,,,,,,,,,,,,,,,,,,,,,,,,,,,,,,,,,,,,,,,,,,,,,,,,,,,,,,,,,,,,,,,,,,,,,,,,,,,,,
2015PN880041,OIL SANDS LONGTERM WQ MONITORING,M3 LT WQ PANEL 1 OF 10,AL07DD0008,56.8383,-111.41835,2015-09-15 14:31,WATER,VERTICAL INTEGRATED,2.1,,105.078,,7.92,,0.782,,28.002,,127.402,,0,,0.164,,0.33,,12.637,,8.053,,154.256,,,,,,NA,,6.6,,99.4,,,,2.06,,0.08,,,,8.38,,,,,,,,36.6,,34.6,,9.96,,0.99,,1.67,,8.55,L,5,,269,,13,,11,,8.32,,266,,12.5,,10.2,,,,,,,,,,,,,,,,,,,,,,,,,,,,,,,,,,,,,,,,,,,,,,,,,,,,,,,,,,,,,,,,,,,,,,,,,,,,,,,,,,,,,,,,,,,,,,,,,,,,,,,,,,,,,,,,,,,,,,,,,,,,,,,,,,
2015PN880042,OIL SANDS LONGTERM WQ MONITORING,M3 LT WQ PANEL 9 OF 10,AL07DD0008,56.83991,-111.41234,2015-09-15 14:55,WATER,VERTICAL INTEGRATED,1.9,,96.325,,5.808,,0.823,,13.019,,101.719,,0,,-0.087,,0.85,,29.509,,8.484,,155.304,,,,,,NA,,4.84,,88.7,,,,20,,0.09,,,,8.31,,,,,,,,21.6,,27.2,,8.21,,0.97,,4.17,,19.8,,10,,281,,8.82,,10.89,,8.22,,277,,11.7,,6.9,,,,,,,,,,,,,,,,,,,,,,,,,,,,,,,,,,,,,,,,,,,,,,,,,,,,,,,,,,,,,,,,,,,,,,,,,,,,,,,,,,,,,,,,,,,,,,,,,,,,,,,,,,,,,,,,,,,,,,,,,,,,,,,,,,
2015PN880043,OIL SANDS LONGTERM WQ MONITORING,M4 LTWQ PANEL 4 OF 10,AL07DD0004,57.12694444,-111.6030833,2015-09-16 10:00,WATER,VERTICAL INTEGRATED,2.4,,102.542,,6.468,,0.84,,21.465,,116.365,,0,,0.023,,0.52,,19.397,,8.285,,154.659,,,,,,NA,,5.39,,94.9,,,,9.21,,0.09,,,,8.33,,,,,,,,31.1,,31.4,,9.22,,0.96,,2.69,,13,,8,,273,,11.3,,10.57,,8.44,,272,,11.61,,10.5,,,,,,,,,,,,,,,,,,,,,,,,,,,,,,,,,,,,,,,,,,,,,,,,,,,,,,,,,,,,,,,,,,,,,,,,,,,,,,,,,,,,,,,,,,,,,,,,,,,,,,,,,,,,,,,,,,,,,,,,,,,,,,,,,,
2015PN880044,OIL SANDS LONGTERM WQ MONITORING,M4 LT WQ PANEL 2 OF 10,AL07DD0004,57.12633333,-111.6036111,2015-09-16 11:15,WATER,VERTICAL INTEGRATED,1.9,,120.072,,0,,0.958,,22.51,,121.01,,0,,0.018,,0.46,,17.24,,8.253,,157.584,,,,,,NA,,NA,,98.5,,,,7.04,,0.09,,,,8.29,,,,,,,,34,,32.7,,9.56,,0.98,,2.37,,11.7,,8,,278,,12.1,,10.57,,8.3,,273,,11.7,,10.2,,,,,,,,,,,,,,,,,,,,,,,,,,,,,,,,,,,,,,,,,,,,,,,,,,,,,,,,,,,,,,,,,,,,,,,,,,,,,,,,,,,,,,,,,,,,,,,,,,,,,,,,,,,,,,,,,,,,,,,,,,,,,,,,,,
2015PN880045,OIL SANDS LONGTERM WQ MONITORING,M4 LTWQ PANEL 5 OF 10,AL07DD0004,57.12697222,-111.6024167,2015-09-16 10:50,WATER,VERTICAL INTEGRATED,2.2,,99.641,,6.396,,0.818,,22.472,,114.872,,0,,0.002,,0.56,,20.438,,8.326,,153.274,,,,,,NA,,5.33,,92.4,,,,10.3,,0.09,,,,8.33,,,,,,,,29.8,,31,,9.1,,0.96,,2.84,,13.7,,10,,274,,11.2,,10.56,,8.29,,272,,11.5,,9.8,,,,,,,,,,,,,,,,,,,,,,,,,,,,,,,,,,,,,,,,,,,,,,,,,,,,,,,,,,,,,,,,,,,,,,,,,,,,,,,,,,,,,,,,,,,,,,,,,,,,,,,,,,,,,,,,,,,,,,,,,,,,,,,,,,
2015PN880046,OIL SANDS LONGTERM WQ MONITORING,M5 LTWQ PANEL 6 OF 10,AL07DD0005,57.15683333,-111.6265278,2015-09-16 13:35,WATER,TRIPLICATE SAMPLE,1.6,,104.029,,6.816,,0.816,,20.825,,117.525,,0,,0.067,,0.51,,19.003,,8.216,,156.124,,,,,,NA,,5.68,,96.7,,,,8.79,,0.09,,,,8.35,,,,,,,,31.8,,31.7,,9.32,,0.97,,2.59,,12.8,,8,,275,,11.5,,10.63,,8.17,,273,,12,,9.9,,,,,,,,,,,,,,,,,,,,,,,,,,,,,,,,,,,,,,,,,,,,,,,,,,,,,,,,,,,,,,,,,,,,,,,,,,,,,,,,,,,,,,,,,,,,,,,,,,,,,,,,,,,,,,,,,,,,,,,,,,,,,,,,,,
2015PN880047,OIL SANDS LONGTERM WQ MONITORING,M5 LTWQ PANEL 6 OF 10,AL07DD0005,57.15683333,-111.6265278,2015-09-16 13:40,WATER,TRIPLICATE SAMPLE,,,103.786,,7.116,,0.819,,20.193,,117.193,,0,,PM,,0.51,,18.929,,PM,,155.934,,,,,,NA,,5.93,,97,,,,8.77,,0.09,,,,8.35,,,,,,,,31.7,,31.6,,9.3,,0.95,,2.58,,12.7,,8,,275,,11.3,,,,,,,,,,,,,,,,,,,,,,,,,,,,,,,,,,,,,,,,,,,,,,,,,,,,,,,,,,,,,,,,,,,,,,,,,,,,,,,,,,,,,,,,,,,,,,,,,,,,,,,,,,,,,,,,,,,,,,,,,,,,,,,,,,,,,,,,,,,,
2015PN880048,OIL SANDS LONGTERM WQ MONITORING,M5 LTWQ PANEL 6 OF 10,AL07DD0005,57.15683333,-111.6265278,2015-09-16 13:45,WATER,TRIPLICATE SAMPLE,,,103.713,,7.212,,0.801,,20.757,,117.857,,0,,PM,,0.52,,19.08,,PM,,156.514,,,,,,NA,,6.01,,97.1,,,,8.81,,0.09,,,,8.36,,,,,,,,31.7,,31.8,,9.34,,0.97,,2.6,,12.9,,5,,277,,11.4,,,,,,,,,,,,,,,,,,,,,,,,,,,,,,,,,,,,,,,,,,,,,,,,,,,,,,,,,,,,,,,,,,,,,,,,,,,,,,,,,,,,,,,,,,,,,,,,,,,,,,,,,,,,,,,,,,,,,,,,,,,,,,,,,,,,,,,,,,,,
2015PN880054,OIL SANDS LONGTERM WQ MONITORING,M5 LTWQ PANEL 4 OF 10,AL07DD0005,57.15669444,-111.62825,2015-09-16 15:00,WATER,VERTICAL INTEGRATED,1.6,,103.469,,7.752,,0.807,,22.67,,120.47,,0,,0.102,,0.5,,18.39,,8.156,,157.694,,,,,,NA,,6.46,,97.8,,,,8.13,,0.09,,,,8.36,,,,,,,,32.6,,32.5,,9.55,,0.98,,2.52,,12.6,,8,,277,,11.4,,10.6,,8.28,,274,,12.3,,9.5,,,,,,,,,,,,,,,,,,,,,,,,,,,,,,,,,,,,,,,,,,,,,,,,,,,,,,,,,,,,,,,,,,,,,,,,,,,,,,,,,,,,,,,,,,,,,,,,,,,,,,,,,,,,,,,,,,,,,,,,,,,,,,,,,,
2015PN880055,OIL SANDS LONGTERM WQ MONITORING,M5 LTWQ PANEL 7 OF 10,AL07DD0005,57.15686111,-111.6257222,2015-09-16 15:25,WATER,VERTICAL INTEGRATED,1.4,,102.664,,7.488,,0.797,,20.161,,116.861,,0,,0.077,,0.59,,21.321,,8.206,,156.874,,,,,,NA,,6.24,,96.7,,,,10.9,,0.09,,,,8.36,,,,,,,,28.2,,31.5,,9.28,,0.96,,3.18,,14.7,,8,,279,,10,,10.62,,8.27,,274,,12.1,,8.7,,,,,,,,,,,,,,,,,,,,,,,,,,,,,,,,,,,,,,,,,,,,,,,,,,,,,,,,,,,,,,,,,,,,,,,,,,,,,,,,,,,,,,,,,,,,,,,,,,,,,,,,,,,,,,,,,,,,,,,,,,,,,,,,,,
2015PN880056,OIL SANDS LONGTERM WQ MONITORING,M7 LTWQ PANEL 1 OF 10,AL07DD0007,57.31332,-111.67533,2015-09-17 10:45,WATER,VERTICAL INTEGRATED,5.9,,118.609,,0,,1.04,,23.002,,120.302,,0,,-0.044,,0.53,,19.351,,8.338,,157.634,,,,,,NA,,NA,,97.3,,,,8.73,,0.09,,,,8.25,,,,,,,,31.4,,32.4,,9.57,,0.99,,2.63,,13.4,,8,,272,,9.16,,10.37,,8.29,,274,,11.3,,8.1,,,,,,,,,,,,,,,,,,,,,,,,,,,,,,,,,,,,,,,,,,,,,,,,,,,,,,,,,,,,,,,,,,,,,,,,,,,,,,,,,,,,,,,,,,,,,,,,,,,,,,,,,,,,,,,,,,,,,,,,,,,,,,,,,,
2015PN880057,OIL SANDS LONGTERM WQ MONITORING,M7 LTWQ PANEL 2 OF 10,AL07DD0007,57.31337,-111.67458,2015-09-17 12:40,WATER,VERTICAL INTEGRATED,1.4,,114.708,,0,,1.029,,24.792,,118.892,,0,,-0.064,,0.54,,19.77,,8.368,,155.414,,,,,,NA,,NA,,94.1,,,,9.17,,0.09,,,,8.24,,,,,,,,30.9,,32,,9.47,,0.98,,2.7,,13.6,,8,,275,,9.42,,10.45,,8.24,,274,,11.6,,9.1,,,,,,,,,,,,,,,,,,,,,,,,,,,,,,,,,,,,,,,,,,,,,,,,,,,,,,,,,,,,,,,,,,,,,,,,,,,,,,,,,,,,,,,,,,,,,,,,,,,,,,,,,,,,,,,,,,,,,,,,,,,,,,,,,,
2015PN880058,OIL SANDS LONGTERM WQ MONITORING,M7 LTWQ PANEL 3 OF 10,AL07DD0007,57.31335,-111.6735,2015-09-17 11:25,WATER,VERTICAL INTEGRATED,1.2,,118.853,,0,,0.971,,20.604,,118.104,,0,,-0.018,,0.54,,19.876,,8.316,,156.934,,,,,,NA,,NA,,97.5,,,,9.4,,0.09,,,,8.28,,,,,,,,30.4,,31.8,,9.4,,0.97,,2.73,,13.6,,8,,273,,8.82,,10.4,,8.26,,274,,11.4,,7.7,,,,,,,,,,,,,,,,,,,,,,,,,,,,,,,,,,,,,,,,,,,,,,,,,,,,,,,,,,,,,,,,,,,,,,,,,,,,,,,,,,,,,,,,,,,,,,,,,,,,,,,,,,,,,,,,,,,,,,,,,,,,,,,,,,
2015PN880059,OIL SANDS LONGTERM WQ MONITORING,M2 LT WQ PANEL 4 OF 10,AL07DD0002,56.71977778,-111.4046667,2015-10-14 9:36,WATER,VERTICAL INTEGRATED,3.6,,127.117,,8.832,,0.959,,38.909,,157.909,,0,,0.131,,0.36,,12.446,,8.107,,188.704,,,,,,NA,,7.36,,119,,,,2.12,,0.09,,,,8.37,,,,,,,,47.1,,42.3,,12.7,,1.06,,1.49,,10.4,L,5,,320,,4.3,,11.7,,7.98,,321,,7.11,,2.2,,,,,,,,,,,,,,,,,,,,,,,,,,,,,,,,,,,,,,,,,,,,,,,,,,,,,,,,,,,,,,,,,,,,,,,,,,,,,,,,,,,,,,,,,,,,,,,,,,,,,,,,,,,,,,,,,,,,,,,,,,,,,,,,,,
2015PN880060,OIL SANDS LONGTERM WQ MONITORING,M3 LT WQ PANEL 2 OF 10,AL07DD0008,56.83851,-111.41779,2015-10-14 13:50,WATER,VERTICAL INTEGRATED,0.8,,128.214,,8.892,,0.944,,38.159,,158.159,,0,,0.163,,0.37,,12.742,,8.054,,189.924,,,,,,NA,,7.41,,120,,,,2.34,,0.09,,,,8.38,,,,,,,,47.1,,42.4,,12.7,,1.05,,1.5,,10.7,L,5,,323,,4.29,,11.68,,8.15,,322,,7.61,,1.7,,,,,,,,,,,,,,,,,,,,,,,,,,,,,,,,,,,,,,,,,,,,,,,,,,,,,,,,,,,,,,,,,,,,,,,,,,,,,,,,,,,,,,,,,,,,,,,,,,,,,,,,,,,,,,,,,,,,,,,,,,,,,,,,,,
2015PN880061,OIL SANDS LONGTERM WQ MONITORING,M3 LT WQ PANEL 9 OF 10,AL07DD0008,56.83991,-111.41234,2015-10-14 14:20,WATER,VERTICAL INTEGRATED,2.1,,123.119,,0,,0.982,,21.24,,122.24,,0,,-0.14,,0.84,,27.374,,8.57,,180.154,,,,,,NA,,NA,,101,,,,20.6,,0.1,,,,8.29,,,,,,,,29.4,,32.5,,9.98,,1.06,,4.47,,21.4,,8,,318,,4.35,,12.12,,8.23,,319,,6.88,,1.6,,,,,,,,,,,,,,,,,,,,,,,,,,,,,,,,,,,,,,,,,,,,,,,,,,,,,,,,,,,,,,,,,,,,,,,,,,,,,,,,,,,,,,,,,,,,,,,,,,,,,,,,,,,,,,,,,,,,,,,,,,,,,,,,,,
2015PN880062,OIL SANDS LONGTERM WQ MONITORING,M7 LTWQ PANEL 1 OF 10,AL07DD0007,57.31332,-111.67533,2015-10-15 11:00,WATER,VERTICAL INTEGRATED,4.9,,138.966,,0,,1.109,,27.071,,141.071,,0,,-0.019,,0.55,,18.75,,8.327,,186.931,,,,,,NA,,NA,,114,,,,10.1,,0.1,,,,8.29,,,,,,,,40.3,,37.7,,11.4,,1.07,,2.69,,15.1,,5,,329,,5.6,,11.37,,8.19,,325,,7.06,,3.1,,,,,,,,,,,,,,,,,,,,,,,,,,,,,,,,,,,,,,,,,,,,,,,,,,,,,,,,,,,,,,,,,,,,,,,,,,,,,,,,,,,,,,,,,,,,,,,,,,,,,,,,,,,,,,,,,,,,,,,,,,,,,,,,,,
2015PN880063,OIL SANDS LONGTERM WQ MONITORING,M7 LTWQ PANEL 4 OF 10,AL07DD0007,57.31365,-111.67278,2015-10-15 11:55,WATER,VERTICAL INTEGRATED,1.2,,121.802,RANGEH,7.848,,1.049,,27.821,,140.821,,0,,-0.003,,0.56,,18.98,,8.316,,186.274,,,,,,NA,,6.54,,113,,,,10.6,,0.1,,,,8.31,,,,,,,,39.6,,37.6,,11.4,,1.06,,2.77,,15.3,L,5,,326,,5.42,,11.38,,8.3,,325,,7.07,,3.3,,,,,,,,,,,,,,,,,,,,,,,,,,,,,,,,,,,,,,,,,,,,,,,,,,,,,,,,,,,,,,,,,,,,,,,,,,,,,,,,,,,,,,,,,,,,,,,,,,,,,,,,,,,,,,,,,,,,,,,,,,,,,,,,,,
2015PN880064,OIL SANDS LONGTERM WQ MONITORING,M2 LT WQ PANEL 4 OF 10,AL07DD0002,56.71977778,-111.4046667,2016-01-19 11:25,WATER,VERTICAL INTEGRATED,3.38,,246.238,,0,,5.365,,25.125,,227.125,,0,,-0.262,,0.79,,20.52,,8.384,,310.015,,,,,,NA,,NA,,202,,,,6.26,,0.12,,,,7.86,,,,,,,,65.3,,62.6,,17.2,,2.39,,6.83,,27.3,,8,,515,,2.74,,11.75,,7.4,,521,,-0.18,,0,,,,,,,,,,,,,,,,,,,,,,,,,,,,,,,,,,,,,,,,,,,,,,,,,,,,,,,,,,,,,,,,,,,,,,,,,,,,,,,,,,,,,,,,,,,,,,,,,,,,,,,,,,,,,,,,,,,,,,,,,,,,,,,,,,
2015PN880065,OIL SANDS LONGTERM WQ MONITORING,M3 LT WQ PANEL 1 OF 10,AL07DD0008,56.8383,-111.41835,2016-01-20 11:30,WATER,VERTICAL INTEGRATED,1.76,,242.581,,0,,5.409,,25.965,,224.965,,0,,-0.283,,0.81,,20.973,,8.417,,308.863,,,,,,NA,,NA,,199,,,,7.43,,0.12,,,,7.85,,,,,,,,64.9,,61.9,,17.1,,2.39,,6.95,,27.8,,8,,518,,1.54,,11.8,,7.75,,521,,-0.18,,0,,,,,,,,,,,,,,,,,,,,,,,,,,,,,,,,,,,,,,,,,,,,,,,,,,,,,,,,,,,,,,,,,,,,,,,,,,,,,,,,,,,,,,,,,,,,,,,,,,,,,,,,,,,,,,,,,,,,,,,,,,,,,,,,,,
2015PN880066,OIL SANDS LONGTERM WQ MONITORING,M3 LT WQ PANEL 9 OF 10,AL07DD0008,56.83991,-111.41234,2016-01-20 12:00,WATER,VERTICAL INTEGRATED,1.14,,175.536,,0,,6.08,,12.1,,156.1,,0,,-0.77,,1.21,,32.408,,9.199,,259.045,,,,,,NA,,NA,,144,,,,31.1,,0.11,,,,7.66,,,,,,,,38.4,,42.4,,12.2,,1.84,,10.8,,34.9,,8,,455,,2.79,,11.96,,7.91,,459,,-0.18,,0,,,,,,,,,,,,,,,,,,,,,,,,,,,,,,,,,,,,,,,,,,,,,,,,,,,,,,,,,,,,,,,,,,,,,,,,,,,,,,,,,,,,,,,,,,,,,,,,,,,,,,,,,,,,,,,,,,,,,,,,,,,,,,,,,,
2015PN880067,OIL SANDS LONGTERM WQ MONITORING,M7 LTWQ PANEL 1 OF 10,AL07DD0007,57.31332,-111.67533,2016-01-21 11:55,WATER,TRIPLICATE SAMPLE,5.3,,204.792,,0,,3.881,,16.31,,184.31,,0,,-0.372,,1.08,,28.237,,8.665,,284.567,,,,,,NA,,NA,,168,,,,24,,0.12,,,,7.92,,,,,,,,48.5,,50.4,,14.2,,2.1,,9.65,,33.8,,8,,486,,2.5,,11.78,,7.62,,488,,-0.18,,0,,,,,,,,,,,,,,,,,,,,,,,,,,,,,,,,,,,,,,,,,,,,,,,,,,,,,,,,,,,,,,,,,,,,,,,,,,,,,,,,,,,,,,,,,,,,,,,,,,,,,,,,,,,,,,,,,,,,,,,,,,,,,,,,,,
2015PN880068,OIL SANDS LONGTERM WQ MONITORING,M7 LTWQ PANEL 1 OF 10,AL07DD0007,57.31332,-111.67533,2016-01-21 12:00,WATER,TRIPLICATE SAMPLE,5.3,,203.573,,0,,3.515,,18.221,,185.221,,0,,PM,,1.08,,28.137,,PM,,284.238,,,,,,NA,,NA,,167,,,,24,,0.12,,,,7.96,,,,,,,,48.5,,50.6,,14.3,,2.11,,9.58,,33.8,,8,,488,,2.46,,,,,,,,,,,,,,,,,,,,,,,,,,,,,,,,,,,,,,,,,,,,,,,,,,,,,,,,,,,,,,,,,,,,,,,,,,,,,,,,,,,,,,,,,,,,,,,,,,,,,,,,,,,,,,,,,,,,,,,,,,,,,,,,,,,,,,,,,,,,
2015PN880069,OIL SANDS LONGTERM WQ MONITORING,M7 LTWQ PANEL 1 OF 10,AL07DD0007,57.31332,-111.67533,2016-01-21 12:05,WATER,TRIPLICATE SAMPLE,5.3,,203.573,,0,,3.598,,17.061,,184.061,,0,,PM,,1.09,,28.325,,PM,,284.026,,,,,,NA,,NA,,167,,,,24,,0.12,,,,7.95,,,,,,,,48.6,,50.3,,14.2,,2.09,,9.61,,33.9,,5,,486,,2.5,,,,,,,,,,,,,,,,,,,,,,,,,,,,,,,,,,,,,,,,,,,,,,,,,,,,,,,,,,,,,,,,,,,,,,,,,,,,,,,,,,,,,,,,,,,,,,,,,,,,,,,,,,,,,,,,,,,,,,,,,,,,,,,,,,,,,,,,,,,,
2015PN880070,OIL SANDS LONGTERM WQ MONITORING,M7 LTWQ PANEL 5 OF 10,AL07DD0007,57.31373,-111.67183,2016-01-21 13:05,WATER,VERTICAL INTEGRATED,1.06,,201.135,,0,,3.812,,16.489,,181.489,,0,,-0.386,,1.09,,28.49,,8.692,,280.877,,,,,,NA,,NA,,165,,,,24.7,,0.12,,,,7.92,,,,,,,,47,,49.6,,14,,2.07,,9.73,,33.7,,5,,482,,2.58,,11.8,,7.76,,484,,-0.18,,0,,,,,,,,,,,,,,,,,,,,,,,,,,,,,,,,,,,,,,,,,,,,,,,,,,,,,,,,,,,,,,,,,,,,,,,,,,,,,,,,,,,,,,,,,,,,,,,,,,,,,,,,,,,,,,,,,,,,,,,,,,,,,,,,,,
2015PN880076,OIL SANDS LONGTERM WQ MONITORING,M2 LT WQ PANEL 2 OF 10,AL07DD0002,56.72038889,-111.4053611,2016-02-17 10:47,WATER,VERTICAL INTEGRATED,2.83,,214.544,,0,,4.066,,38.754,,214.754,,0,,-0.287,,0.77,,20.552,,8.494,,293.533,,,,,,NA,,NA,,176,,,,6.2,,0.12,,,,7.92,,,,,,,,70.6,,58.8,,16.5,,2.5,,6.17,,25.9,L,5,,495,,1.37,,13.09,,7.79,EVENTF,420,,-0.2,,2.3,,,,,,,,,,,,,,,,,,,,,,,,,,,,,,,,,,,,,,,,,,,,,,,,,,,,,,,,,,,,,,,,,,,,,,,,,,,,,,,,,,,,,,,,,,,,,,,,,,,,,,,,,,,,,,,,,,,,,,,,,,,,,,,,,,
2015PN880077,OIL SANDS LONGTERM WQ MONITORING,M2 LT WQ PANEL 4 OF 10,AL07DD0002,56.71977778,-111.4046667,2016-02-17 11:35,WATER,VERTICAL INTEGRATED,2.67,,215.763,,0,,4.284,,38.578,,215.578,,0,,-0.305,,0.77,,20.614,,8.51,,294.948,,,,,,NA,,NA,,177,,,,6.18,,0.12,,,,7.9,,,,,,,,71,,58.8,,16.7,,2.52,,6.22,,26.1,L,5,,497,,27.8,,13.15,,7.78,EVENTF,58,,-0.2,,1.6,,,,,,,,,,,,,,,,,,,,,,,,,,,,,,,,,,,,,,,,,,,,,,,,,,,,,,,,,,,,,,,,,,,,,,,,,,,,,,,,,,,,,,,,,,,,,,,,,,,,,,,,,,,,,,,,,,,,,,,,,,,,,,,,,,
2015PN880078,OIL SANDS LONGTERM WQ MONITORING,M2 LT WQ PANEL 7 OF 10,AL07DD0002,56.71897222,-111.4038333,2016-02-17 12:43,WATER,VERTICAL INTEGRATED,0.38,,214.544,,0,,4.162,,38.005,,214.005,,0,,-0.299,,0.77,,20.673,,8.508,,293.513,,,,,,NA,,NA,,176,,,,6.34,,0.12,,,,7.91,,,,,,,,70.7,,58.5,,16.5,,2.48,,6.13,,26,L,5,,496,,4.6,,11.73,,7.84,EVENTF,96,,-0.19,,1.3,,,,,,,,,,,,,,,,,,,,,,,,,,,,,,,,,,,,,,,,,,,,,,,,,,,,,,,,,,,,,,,,,,,,,,,,,,,,,,,,,,,,,,,,,,,,,,,,,,,,,,,,,,,,,,,,,,,,,,,,,,,,,,,,,,
2015PN880079,OIL SANDS LONGTERM WQ MONITORING,M3 LT WQ PANEL 1 OF 10,AL07DD0008,56.8383,-111.41835,2016-02-16 14:40,WATER,VERTICAL INTEGRATED,0.7,,213.325,,0,,4.138,,39.342,,214.342,,0,,-0.299,,0.77,,20.523,,8.508,,293.444,,,,,,NA,,NA,,175,,,,6.42,,0.12,,,,7.91,,,,,,,,71.1,,58.8,,16.4,,2.46,,6.21,,25.8,,5,,485,,1.35,,12.26,,7.73,,499,,-0.19,,1.9,,,,,,,,,,,,,,,,,,,,,,,,,,,,,,,,,,,,,,,,,,,,,,,,,,,,,,,,,,,,,,,,,,,,,,,,,,,,,,,,,,,,,,,,,,,,,,,,,,,,,,,,,,,,,,,,,,,,,,,,,,,,,,,,,,
2015PN880080,OIL SANDS LONGTERM WQ MONITORING,M3 LT WQ PANEL 4 OF 10,AL07DD0008,56.83861,-111.41628,2016-02-16 15:05,WATER,VERTICAL INTEGRATED,0.62,,210.887,,0,,4.091,,34.702,,207.702,,0,,-0.319,,0.8,,21.423,,8.548,,289.845,,,,,,NA,,NA,,173,,,,8.61,,0.12,,,,7.91,,,,,,,,68,,56.8,,16,,2.41,,6.62,,26.4,,5,,488,,1.68,,12.29,,7.77,,493,,-0.19,,2,,,,,,,,,,,,,,,,,,,,,,,,,,,,,,,,,,,,,,,,,,,,,,,,,,,,,,,,,,,,,,,,,,,,,,,,,,,,,,,,,,,,,,,,,,,,,,,,,,,,,,,,,,,,,,,,,,,,,,,,,,,,,,,,,,
2015PN880081,OIL SANDS LONGTERM WQ MONITORING,M3 LT WQ PANEL 9 OF 10,AL07DD0008,56.83991,-111.41234,2016-02-16 15:30,WATER,VERTICAL INTEGRATED,1.45,,156.032,,0,,4.703,,18.476,,146.476,,0,,-0.788,,1.23,,33.349,,9.295,,246.281,,,,,,NA,,NA,,128,,,,31.7,,0.11,,,,7.72,,,,,,,,38.8,,39.7,,11.5,,1.81,,10.7,,34.2,,5,,432,,3.04,,12.28,,7.39,,439,,-0.19,,6.3,,,,,,,,,,,,,,,,,,,,,,,,,,,,,,,,,,,,,,,,,,,,,,,,,,,,,,,,,,,,,,,,,,,,,,,,,,,,,,,,,,,,,,,,,,,,,,,,,,,,,,,,,,,,,,,,,,,,,,,,,,,,,,,,,,
2015PN880082,OIL SANDS LONGTERM WQ MONITORING,M7 LTWQ PANEL 1 OF 10,AL07DD0007,57.31332,-111.67533,2016-02-16 11:45,WATER,VERTICAL INTEGRATED,5.4,,184.069,,0,,4.4,,27.581,,178.581,,0,,-0.532,,1.01,,27.257,,8.884,,269.924,,,,,,NA,,NA,,151,,,,20.9,,0.12,,,,7.82,,,,,,,,52.4,,48.6,,13.9,,2.09,,8.94,,31.2,,5,,464,,2.99,,11.95,,7.05,,468,,-0.19,,4.7,,,,,,,,,,,,,,,,,,,,,,,,,,,,,,,,,,,,,,,,,,,,,,,,,,,,,,,,,,,,,,,,,,,,,,,,,,,,,,,,,,,,,,,,,,,,,,,,,,,,,,,,,,,,,,,,,,,,,,,,,,,,,,,,,,
2015PN880083,OIL SANDS LONGTERM WQ MONITORING,M7 LTWQ PANEL 5 OF 10,AL07DD0007,57.31373,-111.67183,2016-02-16 12:30,WATER,VERTICAL INTEGRATED,0.95,,179.193,,0,,4.487,,23.529,,170.529,,0,,-0.585,,1.04,,28.18,,8.97,,263.018,,,,,,NA,,NA,,147,,,,22.3,,0.11,,,,7.8,,,,,,,,49.2,,46.2,,13.4,,2.01,,9.29,,31.2,,5,,456,,2.8,,12.21,,7.31,,459,,-0.19,,4.5,,,,,,,,,,,,,,,,,,,,,,,,,,,,,,,,,,,,,,,,,,,,,,,,,,,,,,,,,,,,,,,,,,,,,,,,,,,,,,,,,,,,,,,,,,,,,,,,,,,,,,,,,,,,,,,,,,,,,,,,,,,,,,,,,,
2015PN880084,OIL SANDS LONGTERM WQ MONITORING,M7 LTWQ PANEL 9 OF 10,AL07DD0007,57.3139,-111.66835,2016-02-16 12:55,WATER,VERTICAL INTEGRATED,0.66,,177.974,,0,,4.354,,17.065,,163.065,,0,,-0.595,,1.02,,28.292,,9,,254.334,,,,,,NA,,NA,,146,,,,21.6,,0.11,,,,7.81,,,,,,,,46.1,,44.2,,12.8,,1.92,,8.91,,30,,5,,459,,2.85,,12.15,,7.35,,460,,-0.19,,3.9,,,,,,,,,,,,,,,,,,,,,,,,,,,,,,,,,,,,,,,,,,,,,,,,,,,,,,,,,,,,,,,,,,,,,,,,,,,,,,,,,,,,,,,,,,,,,,,,,,,,,,,,,,,,,,,,,,,,,,,,,,,,,,,,,,
2015PN880085,OIL SANDS LONGTERM WQ MONITORING,M2 LT WQ PANEL 4 OF 10,AL07DD0002,56.71977778,-111.4046667,2016-03-16 10:40,WATER,VERTICAL INTEGRATED,2.38,,213.325,,0,,2.918,,19.271,,194.271,,0,,-0.189,,0.79,,21.928,,8.438,,276.547,,,,,,NA,,NA,,175,,,,6.3,,0.11,,,,8.06,,,,,,,,63.3,,53.4,,14.8,,2.02,,5.3,,25.4,,5,,482,,7.44,,12.55,,7.81,,468,,-0.2,,0,,,,,,,,,,,,,,,,,,,,,,,,,,,,,,,,,,,,,,,,,,,,,,,,,,,,,,,,,,,,,,,,,,,,,,,,,,,,,,,,,,,,,,,,,,,,,,,,,,,,,,,,,,,,,,,,,,,,,,,,,,,,,,,,,,
2015PN880086,OIL SANDS LONGTERM WQ MONITORING,M3 LT WQ PANEL 1 OF 10,AL07DD0008,56.8383,-111.41835,2016-03-15 11:15,WATER,VERTICAL INTEGRATED,0.85,,213.325,,0,,3.599,,30.38,,205.38,,0,,-0.259,,0.89,,23.382,,8.488,,290.032,,,,,,NA,,NA,,175,,,,9.21,,0.11,,,,7.97,,,,,,,,65.5,,56.2,,15.8,,2.27,,5.59,,29.2,,8,,487,,1.45,,12.62,,7.1,,479,,-0.2,,0,,,,,,,,,,,,,,,,,,,,,,,,,,,,,,,,,,,,,,,,,,,,,,,,,,,,,,,,,,,,,,,,,,,,,,,,,,,,,,,,,,,,,,,,,,,,,,,,,,,,,,,,,,,,,,,,,,,,,,,,,,,,,,,,,,
2015PN880087,OIL SANDS LONGTERM WQ MONITORING,M3 LT WQ PANEL 9 OF 10,AL07DD0008,56.83991,-111.41234,2016-03-15 12:15,WATER,TRIPLICATE SAMPLE,1.57,,153.594,,0,,4.22,,6.621,,132.621,,0,,PM,,1.29,,35.601,,PM,,233.068,,,,,,NA,,NA,,126,,,,31.3,,0.1,,,,7.76,,,,,,,,33.2,,35.8,,10.5,,1.6,,9.82,,34.2,,8,,424,,3.11,,12.58,,7.55,,419,,-0.2,,0,,,,,,,,,,,,,,,,,,,,,,,,,,,,,,,,,,,,,,,,,,,,,,,,,,,,,,,,,,,,,,,,,,,,,,,,,,,,,,,,,,,,,,,,,,,,,,,,,,,,,,,,,,,,,,,,,,,,,,,,,,,,,,,,,,
2015PN880088,OIL SANDS LONGTERM WQ MONITORING,M3 LT WQ PANEL 9 OF 10,AL07DD0008,56.83991,-111.41234,2016-03-15 12:20,WATER,TRIPLICATE SAMPLE,1.57,,153.594,,0,,4.123,,4.549,,130.549,,0,,PM,,1.28,,35.487,,PM,,231.158,,,,,,NA,,NA,,126,,,,31.2,,0.1,,,,7.77,,,,,,,,32.9,,35.3,,10.3,,1.58,,9.73,,33.5,,8,,422,,3.14,,,,,,,,,,,,,,,,,,,,,,,,,,,,,,,,,,,,,,,,,,,,,,,,,,,,,,,,,,,,,,,,,,,,,,,,,,,,,,,,,,,,,,,,,,,,,,,,,,,,,,,,,,,,,,,,,,,,,,,,,,,,,,,,,,,,,,,,,,,,
2015PN880089,OIL SANDS LONGTERM WQ MONITORING,M3 LT WQ PANEL 9 OF 10,AL07DD0008,56.83991,-111.41234,2016-03-15 12:10,WATER,TRIPLICATE SAMPLE,1.57,,148.718,,0,,3.901,,8.3,,130.3,,0,,-0.798,,1.28,,35.53,,9.376,,228.874,,,,,,NA,,NA,,122,,,,31.3,,0.1,,,,7.78,,,,,,,,33,,35.2,,10.3,,1.58,,9.75,,33.5,,8,,423,,3.1,,,,,,,,,,,,,,,,,,,,,,,,,,,,,,,,,,,,,,,,,,,,,,,,,,,,,,,,,,,,,,,,,,,,,,,,,,,,,,,,,,,,,,,,,,,,,,,,,,,,,,,,,,,,,,,,,,,,,,,,,,,,,,,,,,,,,,,,,,,,
2015PN880095,OIL SANDS LONGTERM WQ MONITORING,M7 LTWQ PANEL 1 OF 10,AL07DD0007,57.31332,-111.67533,2016-03-15 15:15,WATER,VERTICAL INTEGRATED,5.54,,173.098,,0,,3.517,,17.009,,159.009,,0,,-0.536,,1.1,,30.085,,8.961,,253.341,,,,,,NA,,NA,,142,,,,23.4,,0.11,,,,7.89,,,,,,,,46,,43.4,,12.3,,1.85,,7.98,,31.9,,8,,458,,2.68,,12.51,,7.66,,456,,-0.2,,0,,,,,,,,,,,,,,,,,,,,,,,,,,,,,,,,,,,,,,,,,,,,,,,,,,,,,,,,,,,,,,,,,,,,,,,,,,,,,,,,,,,,,,,,,,,,,,,,,,,,,,,,,,,,,,,,,,,,,,,,,,,,,,,,,,
2015PN880096,OIL SANDS LONGTERM WQ MONITORING,M7 LTWQ PANEL 5 OF 10,AL07DD0007,57.31373,-111.67183,2016-03-15 14:35,WATER,VERTICAL INTEGRATED,0.5,,162.127,,0,,3.615,,18.956,,151.956,,0,,-0.623,,1.14,,31.317,,9.097,,244.633,,,,,,NA,,NA,,133,,,,26,,0.11,,,,7.85,,,,,,,,41.8,,41.4,,11.8,,1.76,,8.56,,32.3,,8,,453,,2.86,,12.23,,7.62,,445,,-0.2,,0,,,,,,,,,,,,,,,,,,,,,,,,,,,,,,,,,,,,,,,,,,,,,,,,,,,,,,,,,,,,,,,,,,,,,,,,,,,,,,,,,,,,,,,,,,,,,,,,,,,,,,,,,,,,,,,,,,,,,,,,,,,,,,,,,,
2016PN880003,OIL SANDS LONGTERM WQ MONITORING,M2 LT WQ PANEL 1 OF 10,AL07DD0002,56.72061111,-111.4058056,2016-06-01 14:13,WATER,DISCRETE SAMPLE,0.78,,123.119,,0,,1.365,,15.397,,116.397,,0,,0.025,,0.44,,16.829,,8.1,,149.817,,,,,,NA,,NA,,101,,,,3.23,,0.08,,,,8.15,,,,,,,,24.8,,32.6,,8.5,,1.52,,5.75,,11,,25,,259,,231,,9.54,,8.12,,258,,15.98,EVENTF,280.5,,,,,,,,,,,,,,,,,,,,,,,,,,,,,,,,,,,,,,,,,,,,,,,,,,,,,,,,,,,,,,,,,,,,,,,,,,,,,,,,,,,,,,,,,,,,,,,,,,,,,,,,,,,,,,,,,,,,,,,,,,,,,,,,,,
2016PN880004,OIL SANDS LONGTERM WQ MONITORING,M2 LT WQ PANEL 10 OF 10,AL07DD0002,56.71813889,-111.4028333,2016-06-01 15:30,WATER,DISCRETE SAMPLE,0.8,,121.047,,0,,1.373,,16.309,,115.609,,0,,-0.001,,0.42,,16.152,,8.143,,148.132,,,,,,NA,,NA,,99.3,,,,3.23,,0.08,,,,8.14,,,,,,,,25,,32.4,,8.43,,1.5,,5.74,,10.4,,30,,256,,230,,9.7,,8.1,,252,,15.75,EVENTF,278,,,,,,,,,,,,,,,,,,,,,,,,,,,,,,,,,,,,,,,,,,,,,,,,,,,,,,,,,,,,,,,,,,,,,,,,,,,,,,,,,,,,,,,,,,,,,,,,,,,,,,,,,,,,,,,,,,,,,,,,,,,,,,,,,,
2016PN880005,OIL SANDS LONGTERM WQ MONITORING,M3 LT WQ PANEL 10 OF 10,AL07DD0008,56.83878,-111.41164,2016-06-01 10:00,WATER,DISCRETE SAMPLE,0.66,,102.274,,0,,1.274,,2.235,,86.135,,0,,-0.251,,0.94,,33.137,,8.602,,139.576,,,,,,NA,,NA,,83.9,,,,19.3,,0.1,,,,8.1,,,,,,,,11.7,,23.3,,6.79,,1.34,,6.48,,20,,25,,253,,49.2,,9.37,,8.08,,252,,15.91,,68.1,,,,,,,,,,,,,,,,,,,,,,,,,,,,,,,,,,,,,,,,,,,,,,,,,,,,,,,,,,,,,,,,,,,,,,,,,,,,,,,,,,,,,,,,,,,,,,,,,,,,,,,,,,,,,,,,,,,,,,,,,,,,,,,,,,
2016PN880006,OIL SANDS LONGTERM WQ MONITORING,M3 LT WQ PANEL 1 OF 10,AL07DD0008,56.8383,-111.41835,2016-06-01 13:00,WATER,DISCRETE SAMPLE,0.92,,127.995,,0,,1.558,,17.33,,122.33,,0,,0.002,,0.51,,18.414,,8.106,,160.939,,,,,,NA,,NA,,105,,,,5.85,,0.09,,,,8.11,,,,,,,,26.8,,34.3,,8.91,,1.63,,5.66,,12.9,,30,,280,,246,,9.35,,8.06,,278,,15.37,EVENTF,278.7,,,,,,,,,,,,,,,,,,,,,,,,,,,,,,,,,,,,,,,,,,,,,,,,,,,,,,,,,,,,,,,,,,,,,,,,,,,,,,,,,,,,,,,,,,,,,,,,,,,,,,,,,,,,,,,,,,,,,,,,,,,,,,,,,,
2016PN880021,OIL SANDS LONGTERM WQ MONITORING,M6 LTWQ PANEL 1 OF 10,AL07DD0009,57.21513,-111.61512,2016-06-28 10:20,WATER,TRIPLICATE SAMPLE,3.4,,112.026,,0,,1.301,,7.982,,99.882,,0,,0.052,,0.42,,17.155,,8.026,,130.428,,,,,,NA,,NA,,91.9,,,,2.81,,0.09,,,,8.13,,,,,,,,21.1,,27.8,,7.4,,1.06,,5.34,,9.63,,70,,221,,47.2,,8.46,,7.91,,231,,21.06,,49.8,,,,,,,,,,,,,,,,,,,,,,,,,,,,,,,,,,,,,,,,,,,,,,,,,,,,,,,,,,,,,,,,,,,,,,,,,,,,,,,,,,,,,,,,,,,,,,,,,,,,,,,,,,,,,,,,,,,,,,,,,,,,,,,,,,
2016PN880022,OIL SANDS LONGTERM WQ MONITORING,M6 LTWQ PANEL 1 OF 10,AL07DD0009,57.21513,-111.61512,2016-06-28 10:25,WATER,TRIPLICATE SAMPLE,3.4,,114.83,,0,,1.214,,5.973,,100.173,,0,,PM,,0.41,,16.977,,PM,,131.966,,,,,,NA,,NA,,94.2,,,,2.81,,0.09,,,,8.17,,,,,,,,21.2,,27.9,,7.41,,1.08,,5.35,,9.54,,65,,224,,47.6,,,,,,,,,,,,,,,,,,,,,,,,,,,,,,,,,,,,,,,,,,,,,,,,,,,,,,,,,,,,,,,,,,,,,,,,,,,,,,,,,,,,,,,,,,,,,,,,,,,,,,,,,,,,,,,,,,,,,,,,,,,,,,,,,,,,,,,,,,,,
2016PN880023,OIL SANDS LONGTERM WQ MONITORING,M6 LTWQ PANEL 1 OF 10,AL07DD0009,57.21513,-111.61512,2016-06-28 10:30,WATER,TRIPLICATE SAMPLE,3.4,,112.879,,0,,1.222,,7.282,,99.882,,0,,PM,,0.42,,17.212,,PM,,130.982,,,,,,NA,,NA,,92.6,,,,2.81,,0.09,,,,8.16,,,,,,,,21.2,,27.8,,7.4,,1.07,,5.32,,9.67,,65,,223,,48,,,,,,,,,,,,,,,,,,,,,,,,,,,,,,,,,,,,,,,,,,,,,,,,,,,,,,,,,,,,,,,,,,,,,,,,,,,,,,,,,,,,,,,,,,,,,,,,,,,,,,,,,,,,,,,,,,,,,,,,,,,,,,,,,,,,,,,,,,,,
2016PN880024,OIL SANDS LONGTERM WQ MONITORING,M6 LTWQ PANEL 5 OF 10,AL07DD0009,57.21505,-111.6115,2016-06-28 11:40,WATER,VERTICAL INTEGRATED,2.3,,101.787,,0,,1.21,,7.132,,90.632,,0,,-0.041,,0.46,,19.306,,8.201,,121.634,,,,,,NA,,NA,,83.5,,,,6.22,,0.08,,,,8.12,,,,,,,,16.2,,25.2,,6.73,,0.99,,5.97,,10.1,,65,,211,,50.1,,8.47,,7.95,,220,,21.02,,55,,,,,,,,,,,,,,,,,,,,,,,,,,,,,,,,,,,,,,,,,,,,,,,,,,,,,,,,,,,,,,,,,,,,,,,,,,,,,,,,,,,,,,,,,,,,,,,,,,,,,,,,,,,,,,,,,,,,,,,,,,,,,,,,,,
2016PN880025,OIL SANDS LONGTERM WQ MONITORING,M6 LTWQ PANEL 10 OF 10,AL07DD0009,57.21518,-111.60727,2016-06-28 12:00,WATER,VERTICAL INTEGRATED,0.8,,102.03,,0,,1.213,,6.474,,90.174,,0,,-0.017,,0.49,,20.457,,8.154,,121.864,,,,,,NA,,NA,,83.7,,,,7.1,,0.09,,,,8.12,,,,,,,,14.8,,25,,6.74,,0.97,,6.1,,10.8,,55,,211,,46,,8.48,,7.93,,218,,21.92,,50.7,,,,,,,,,,,,,,,,,,,,,,,,,,,,,,,,,,,,,,,,,,,,,,,,,,,,,,,,,,,,,,,,,,,,,,,,,,,,,,,,,,,,,,,,,,,,,,,,,,,,,,,,,,,,,,,,,,,,,,,,,,,,,,,,,,
2016PN880031,OIL SANDS LONGTERM WQ MONITORING,M4 LT WQ PANEL 1 OF 10,AL07DD0004,57.12622222,-111.6040278,2016-06-28 13:35,WATER,VERTICAL INTEGRATED,2.9,,113.123,,0,,1.142,,8.375,,101.175,,0,,0.157,,0.36,,15.067,,7.876,,131.414,,,,,,NA,,NA,,92.8,,,,2.74,,0.08,,,,8.19,,,,,,,,22.5,,28.4,,7.35,,1.1,,5.16,,8.36,,40,,230,,55.7,,8.54,,7.85,,234,,22.15,,59,,,,,,,,,,,,,,,,,,,,,,,,,,,,,,,,,,,,,,,,,,,,,,,,,,,,,,,,,,,,,,,,,,,,,,,,,,,,,,,,,,,,,,,,,,,,,,,,,,,,,,,,,,,,,,,,,,,,,,,,,,,,,,,,,,
2016PN880032,OIL SANDS LONGTERM WQ MONITORING,M4 LTWQ PANEL 5 OF 10,AL07DD0004,57.12697222,-111.6024167,2016-06-28 14:00,WATER,VERTICAL INTEGRATED,1.7,,102.884,,0,,1.114,,4.53,,88.93,,0,,0.006,,0.45,,18.922,,8.148,,120.894,,,,,,NA,,NA,,84.4,,,,5.77,,0.08,,,,8.16,,,,,,,,16.7,,24.7,,6.62,,0.99,,5.68,,9.67,,40,,212,,49.4,,8.52,,7.8,,216,,21.37,,57.4,,,,,,,,,,,,,,,,,,,,,,,,,,,,,,,,,,,,,,,,,,,,,,,,,,,,,,,,,,,,,,,,,,,,,,,,,,,,,,,,,,,,,,,,,,,,,,,,,,,,,,,,,,,,,,,,,,,,,,,,,,,,,,,,,,
2016PN880033,OIL SANDS LONGTERM WQ MONITORING,M4 LT WQ PANEL 10 OF 10,AL07DD0004,57.12763889,-111.6000278,2016-06-28 14:30,WATER,VERTICAL INTEGRATED,2.2,,99.105,,0,,1.124,,2.526,,83.826,,0,,-0.051,,0.52,,21.82,,8.242,,118.234,,,,,,NA,,NA,,81.3,,,,8,,0.08,,,,8.14,,,,,,,,14.2,,23.2,,6.29,,0.93,,5.81,,10.9,,40,,209,,45,,8.61,,7.92,,216,,21.57,,51,,,,,,,,,,,,,,,,,,,,,,,,,,,,,,,,,,,,,,,,,,,,,,,,,,,,,,,,,,,,,,,,,,,,,,,,,,,,,,,,,,,,,,,,,,,,,,,,,,,,,,,,,,,,,,,,,,,,,,,,,,,,,,,,,,
2016PN880034,OIL SANDS LONGTERM WQ MONITORING,M3 LT WQ PANEL 1 OF 10,AL07DD0008,56.8383,-111.41835,2016-06-29 10:30,WATER,VERTICAL INTEGRATED,1.9,,125.557,,0,,1.026,,11.651,,114.651,,0,,0.319,,0.37,,14.526,,7.641,,145.17,,,,,,NA,,NA,,103,,,,2.7,,0.09,,,,8.28,,,,,,,,25,,32,,8.44,,1.19,,4.8,,9.07,,50,,250,,37.9,,8.68,,8.11,,258,,21.45,,39.1,,,,,,,,,,,,,,,,,,,,,,,,,,,,,,,,,,,,,,,,,,,,,,,,,,,,,,,,,,,,,,,,,,,,,,,,,,,,,,,,,,,,,,,,,,,,,,,,,,,,,,,,,,,,,,,,,,,,,,,,,,,,,,,,,,
2016PN880035,OIL SANDS LONGTERM WQ MONITORING,M3 LT WQ PANEL 5 OF 10,AL07DD0008,56.8388,-111.41548,2016-06-29 11:05,WATER,VERTICAL INTEGRATED,1.7,,110.1,,5.808,,0.928,,13.035,,113.035,,0,,0.344,,0.33,,13.146,,7.623,,140.914,,,,,,NA,,4.84,,100,,,,1.79,,0.08,,,,8.31,,,,,,,,25.3,,31.6,,8.29,,1.13,,4.72,,7.96,,50,,244,,35,,8.85,,8.18,,253,,21.82,,41,,,,,,,,,,,,,,,,,,,,,,,,,,,,,,,,,,,,,,,,,,,,,,,,,,,,,,,,,,,,,,,,,,,,,,,,,,,,,,,,,,,,,,,,,,,,,,,,,,,,,,,,,,,,,,,,,,,,,,,,,,,,,,,,,,
2016PN880036,OIL SANDS LONGTERM WQ MONITORING,M3 LT WQ PANEL 9 OF 10,AL07DD0008,56.83991,-111.41234,2016-06-29 11:25,WATER,VERTICAL INTEGRATED,2.8,,98.861,,0,,1.121,,2.759,,83.859,,0,,-0.065,,0.56,,23.045,,8.27,,119.314,,,,,,NA,,NA,,81.1,,,,9.22,,0.08,,,,8.14,,,,,,,,13.2,,22.9,,6.48,,0.93,,6.1,,11.7,,60,,211,,37.2,,8.51,,7.99,,216,,21.35,,43.8,,,,,,,,,,,,,,,,,,,,,,,,,,,,,,,,,,,,,,,,,,,,,,,,,,,,,,,,,,,,,,,,,,,,,,,,,,,,,,,,,,,,,,,,,,,,,,,,,,,,,,,,,,,,,,,,,,,,,,,,,,,,,,,,,,
2016PN880037,OIL SANDS LONGTERM WQ MONITORING,M2 LT WQ PANEL 3 OF 10,AL07DD0002,56.72008333,-111.405,2016-06-21 15:15,WATER,VERTICAL INTEGRATED,5.35,,109.71,,0,,1.081,,11.99,,101.99,,0,,0.038,,0.27,,11.713,,8.123,,126.736,,,,,,NA,,NA,,90,,,,1.45,,0.08,,,,8.2,,,,,,,,23.1,,28.1,,7.73,,0.95,,4.81,,6.29,,50,,228,,76.2,,10.03,,8.21,,232,,18.33,EVENTF,89.2,,,,,,,,,,,,,,,,,,,,,,,,,,,,,,,,,,,,,,,,,,,,,,,,,,,,,,,,,,,,,,,,,,,,,,,,,,,,,,,,,,,,,,,,,,,,,,,,,,,,,,,,,,,,,,,,,,,,,,,,,,,,,,,,,,
2016PN880038,OIL SANDS LONGTERM WQ MONITORING,M3 LT WQ PANEL 2 OF 10,AL07DD0008,56.83851,-111.41779,2016-06-22 11:50,WATER,VERTICAL INTEGRATED,2.5,,108.369,,0,,1.119,,9.152,,98.052,,0,,-0.007,,0.28,,12.176,,8.194,,122.969,,,,,,NA,,NA,,88.9,,,,1.53,,0.08,,,,8.18,,,,,,,,21,,27.1,,7.38,,0.92,,5.1,,6.32,,60,,222,,108,,9.71,,8.12,,223,,18.14,EVENTF,122,,,,,,,,,,,,,,,,,,,,,,,,,,,,,,,,,,,,,,,,,,,,,,,,,,,,,,,,,,,,,,,,,,,,,,,,,,,,,,,,,,,,,,,,,,,,,,,,,,,,,,,,,,,,,,,,,,,,,,,,,,,,,,,,,,
2016PN880039,OIL SANDS LONGTERM WQ MONITORING,M3 LT WQ PANEL 9 OF 10,AL07DD0008,56.83991,-111.41234,2016-06-22 12:20,WATER,VERTICAL INTEGRATED,3.8,,85.452,,0,,1.115,,0.236,,70.336,,0,,-0.354,,0.49,,22.248,,8.788,,99.435,,,,,,NA,,NA,,70.1,,,,6.75,,0.08,,,,8.08,,,,,,,,9.51,,19.1,,5.5,,0.8,,6.14,,9.38,,70,,182,,65.1,,9.48,,8.03,,185,,18.15,EVENTF,82.2,,,,,,,,,,,,,,,,,,,,,,,,,,,,,,,,,,,,,,,,,,,,,,,,,,,,,,,,,,,,,,,,,,,,,,,,,,,,,,,,,,,,,,,,,,,,,,,,,,,,,,,,,,,,,,,,,,,,,,,,,,,,,,,,,,
2016PN880052,OIL SANDS LONGTERM WQ MONITORING,M3 LT WQ PANEL 1 OF 10,AL07DD0008,56.8383,-111.41835,2016-06-29 12:50,WATER,DISCRETE SAMPLE,0.4,,140.185,,0,,1.319,,11.63,,126.63,,0,,0.387,,0.56,,19.794,,7.446,,173.726,,,,,,NA,,NA,,115,,,,8.98,,0.09,,,,8.22,,,,,,,,28.7,,35,,9.53,,1.68,,4.68,,14.6,,50,,305,,24.6,,9.25,,8.03,,317,,23.15,,26.8,,,,,,,,,,,,,,,,,,,,,,,,,,,,,,,,,,,,,,,,,,,,,,,,,,,,,,,,,,,,,,,,,,,,,,,,,,,,,,,,,,,,,,,,,,,,,,,,,,,,,,,,,,,,,,,,,,,,,,,,,,,,,,,,,,
2016PN880057,OIL SANDS LONGTERM WQ MONITORING,M3 LT WQ PANEL 10 OF 10,AL07DD0008,56.83878,-111.41164,2016-06-29 13:10,WATER,DISCRETE SAMPLE,,,83.989,,0,,1.096,,0,,64.727,,0,,-0.305,,0.73,,30.889,,8.69,,104.896,,,,,,NA,,NA,,68.9,,,,14,,0.08,,,,8.08,,,,,,,,5.85,,17.2,,5.29,,0.8,,6.77,,13.5,,60,,193,,35,,8.44,,7.94,,200,,21.69,,43.1,,,,,,,,,,,,,,,,,,,,,,,,,,,,,,,,,,,,,,,,,,,,,,,,,,,,,,,,,,,,,,,,,,,,,,,,,,,,,,,,,,,,,,,,,,,,,,,,,,,,,,,,,,,,,,,,,,,,,,,,,,,,,,,,,,
2016PN880058,OIL SANDS LONGTERM WQ MONITORING,M2 LT WQ PANEL 10 OF 10,AL07DD0002,56.71813889,-111.4028333,2016-06-29 15:30,WATER,DISCRETE SAMPLE,0.56,,110.49,,6.816,,0.765,,9.002,,111.002,,0,,0.553,,0.33,,13.283,,7.294,,141.554,,,,,,NA,,5.68,,102,,,,1.86,,0.08,,,,8.4,,,,,,,,25.7,,31,,8.16,,1.1,,4.5,,7.91,,45,,250,,28.7,,9.17,,8.07,,256,,26.12,,28.5,,,,,,,,,,,,,,,,,,,,,,,,,,,,,,,,,,,,,,,,,,,,,,,,,,,,,,,,,,,,,,,,,,,,,,,,,,,,,,,,,,,,,,,,,,,,,,,,,,,,,,,,,,,,,,,,,,,,,,,,,,,,,,,,,,
2016PN880059,OIL SANDS LONGTERM WQ MONITORING,M2 LT WQ PANEL 1 OF 10,AL07DD0002,56.72061111,-111.4058056,2016-06-29 16:00,WATER,DISCRETE SAMPLE,,,116.536,,6.24,,0.916,,6.739,,112.739,,0,,0.46,,0.37,,14.648,,7.419,,144.454,,,,,,NA,,5.2,,106,,,,1.82,,0.09,,,,8.34,,,,,,,,24.5,,31.3,,8.4,,1.11,,4.59,,9,,35,,255,,33.5,,8.79,,7.96,,260,,24.19,,40.4,,,,,,,,,,,,,,,,,,,,,,,,,,,,,,,,,,,,,,,,,,,,,,,,,,,,,,,,,,,,,,,,,,,,,,,,,,,,,,,,,,,,,,,,,,,,,,,,,,,,,,,,,,,,,,,,,,,,,,,,,,,,,,,,,,
2016PN880062,OIL SANDS LONGTERM WQ MONITORING,M6 LTWQ PANEL 1 OF 10,AL07DD0009,57.21513,-111.61512,2016-07-19 12:35,WATER,VERTICAL INTEGRATED,3.3,,109.271,,6.816,,0.873,,14.964,,115.964,,0,,0.412,,0.35,,13.76,,7.515,,145.694,,,,,,NA,,5.68,,101,,,,2.52,,0.09,,,,8.34,,,,,,,,25.7,,31.8,,8.88,,1.18,,6.27,,8.61,,35,,247,,34.8,,8.13,,8.07,,249,,23,,42.2,,,,,,,,,,,,,,,,,,,,,,,,,,,,,,,,,,,,,,,,,,,,,,,,,,,,,,,,,,,,,,,,,,,,,,,,,,,,,,,,,,,,,,,,,,,,,,,,,,,,,,,,,,,,,,,,,,,,,,,,,,,,,,,,,,
2016PN880063,OIL SANDS LONGTERM WQ MONITORING,M6 LTWQ PANEL 5 OF 10,AL07DD0009,57.21505,-111.6115,2016-07-19 12:10,WATER,VERTICAL INTEGRATED,2.7,,115.317,,0,,0.899,,13.688,,108.288,,0,,0.3,,0.41,,16.375,,7.701,,140.914,,,,,,NA,,NA,,94.6,,,,5.74,,0.09,,,,8.3,,,,,,,,22.5,,29.6,,8.35,,1.12,,6.84,,9.87,,35,,241,,34,,8.1,,8.01,,242,,22.47,,43.4,,,,,,,,,,,,,,,,,,,,,,,,,,,,,,,,,,,,,,,,,,,,,,,,,,,,,,,,,,,,,,,,,,,,,,,,,,,,,,,,,,,,,,,,,,,,,,,,,,,,,,,,,,,,,,,,,,,,,,,,,,,,,,,,,,
2016PN880064,OIL SANDS LONGTERM WQ MONITORING,M6 LTWQ PANEL 10 OF 10,AL07DD0009,57.21518,-111.60727,2016-07-19 11:50,WATER,VERTICAL INTEGRATED,1,,114.342,,0,,1.002,,11.626,,105.426,,0,,0.225,,0.45,,17.902,,7.8,,139.924,,,,,,NA,,NA,,93.8,,,,7.06,,0.09,,,,8.25,,,,,,,,20.8,,28.8,,8.14,,1.09,,6.92,,10.7,,40,,242,,29.2,,8.16,,8,,240,,22.17,,38.4,,,,,,,,,,,,,,,,,,,,,,,,,,,,,,,,,,,,,,,,,,,,,,,,,,,,,,,,,,,,,,,,,,,,,,,,,,,,,,,,,,,,,,,,,,,,,,,,,,,,,,,,,,,,,,,,,,,,,,,,,,,,,,,,,,
2016PN880065,OIL SANDS LONGTERM WQ MONITORING,M4 LT WQ PANEL 1 OF 10,AL07DD0004,57.12622222,-111.6040278,2016-07-19 9:15,WATER,TRIPLICATE SAMPLE,2.7,,108.564,,6.564,,0.885,,17.459,,117.459,,0,,0.389,,0.31,,12.527,,7.552,,145.704,,,,,,NA,,5.47,,100,,,,2.15,,0.08,,,,8.33,,,,,,,,26.9,,32.3,,8.94,,1.22,,6.24,,7.83,,35,,247,,37.1,,8.09,,8.07,,257,,22.44,,46.2,,,,,,,,,,,,,,,,,,,,,,,,,,,,,,,,,,,,,,,,,,,,,,,,,,,,,,,,,,,,,,,,,,,,,,,,,,,,,,,,,,,,,,,,,,,,,,,,,,,,,,,,,,,,,,,,,,,,,,,,,,,,,,,,,,
2016PN880066,OIL SANDS LONGTERM WQ MONITORING,M4 LT WQ PANEL 1 OF 10,AL07DD0004,57.12622222,-111.6040278,2016-07-19 9:20,WATER,TRIPLICATE SAMPLE,,,109.637,,6.636,,0.894,,16.624,,117.624,,0,,PM,,0.32,,12.85,,PM,,145.444,,,,,,NA,,5.53,,101,,,,2.14,,0.08,,,,8.33,,,,,,,,26.9,,32.3,,8.98,,1.19,,5.14,,8.07,,35,,247,,38.2,,,,,,,,,,,,,,,,,,,,,,,,,,,,,,,,,,,,,,,,,,,,,,,,,,,,,,,,,,,,,,,,,,,,,,,,,,,,,,,,,,,,,,,,,,,,,,,,,,,,,,,,,,,,,,,,,,,,,,,,,,,,,,,,,,,,,,,,,,,,
2016PN880067,OIL SANDS LONGTERM WQ MONITORING,M4 LT WQ PANEL 1 OF 10,AL07DD0004,57.12622222,-111.6040278,2016-07-19 9:25,WATER,TRIPLICATE SAMPLE,,,107.686,,6.996,,0.865,,17.127,,117.127,,0,,PM,,0.31,,12.516,,PM,,145.894,,,,,,NA,,5.83,,100,,,,2.16,,0.08,,,,8.34,,,,,,,,26.9,,32.2,,8.92,,1.22,,6.57,,7.8,,35,,248,,37.4,,,,,,,,,,,,,,,,,,,,,,,,,,,,,,,,,,,,,,,,,,,,,,,,,,,,,,,,,,,,,,,,,,,,,,,,,,,,,,,,,,,,,,,,,,,,,,,,,,,,,,,,,,,,,,,,,,,,,,,,,,,,,,,,,,,,,,,,,,,,
2016PN880068,OIL SANDS LONGTERM WQ MONITORING,M4 LTWQ PANEL 4 OF 10,AL07DD0004,57.12694444,-111.6030833,2016-07-19 10:10,WATER,VERTICAL INTEGRATED,2.8,,104.566,,6.432,,0.854,,14.859,,111.359,,0,,0.349,,0.38,,15.006,,7.631,,142.474,,,,,,NA,,5.36,,96.5,,,,4.52,,0.08,,,,8.33,,,,,,,,24.1,,30.5,,8.55,,1.14,,6.49,,9.15,,35,,243,,35,,8.12,,8.08,,249,,22.43,,45.9,,,,,,,,,,,,,,,,,,,,,,,,,,,,,,,,,,,,,,,,,,,,,,,,,,,,,,,,,,,,,,,,,,,,,,,,,,,,,,,,,,,,,,,,,,,,,,,,,,,,,,,,,,,,,,,,,,,,,,,,,,,,,,,,,,
2016PN880069,OIL SANDS LONGTERM WQ MONITORING,M4 LT WQ PANEL 10 OF 10,AL07DD0004,57.12763889,-111.6000278,2016-07-19 10:30,WATER,VERTICAL INTEGRATED,1.7,,112.392,,0,,0.897,,10.902,,103.102,,0,,0.243,,0.49,,19.056,,7.803,,139.494,,,,,,NA,,NA,,92.2,,,,8.23,,0.09,,,,8.29,,,,,,,,20.4,,28.1,,8,,1.08,,6.93,,11.3,,50,,240,,30,,8.14,,8.04,,247,,22.04,,41.2,,,,,,,,,,,,,,,,,,,,,,,,,,,,,,,,,,,,,,,,,,,,,,,,,,,,,,,,,,,,,,,,,,,,,,,,,,,,,,,,,,,,,,,,,,,,,,,,,,,,,,,,,,,,,,,,,,,,,,,,,,,,,,,,,,
2016PN880075,OIL SANDS LONGTERM WQ MONITORING,M3 LT WQ PANEL 1 OF 10,AL07DD0008,56.8383,-111.41835,2016-07-20 10:15,WATER,VERTICAL INTEGRATED,1.1,,124.338,,0,,1.09,,21.721,,123.721,,0,,0.32,,0.32,,12.332,,7.61,,149.408,,,,,,NA,,NA,,102,,,,2.19,,0.08,,,,8.25,,,,,,,,28.3,,34,,9.43,,1.15,,4.8,,8.09,,25,,259,,51.6,,8.16,,8.14,,264,,21.78,EVENTF,71.8,,,,,,,,,,,,,,,,,,,,,,,,,,,,,,,,,,,,,,,,,,,,,,,,,,,,,,,,,,,,,,,,,,,,,,,,,,,,,,,,,,,,,,,,,,,,,,,,,,,,,,,,,,,,,,,,,,,,,,,,,,,,,,,,,,
2016PN880076,OIL SANDS LONGTERM WQ MONITORING,M3 LT WQ PANEL 5 OF 10,AL07DD0008,56.8388,-111.41548,2016-07-20 10:50,WATER,VERTICAL INTEGRATED,1.8,,123.119,,0,,0.982,,17.785,,118.785,,0,,0.346,,0.29,,11.556,,7.599,,143.804,,,,,,NA,,NA,,101,,,,1.44,,0.08,,,,8.29,,,,,,,,27.1,,32.6,,9.08,,1.05,,4.6,,7.21,,30,,250,,46.3,,8.43,,8.16,,258,,22.01,,66.7,,,,,,,,,,,,,,,,,,,,,,,,,,,,,,,,,,,,,,,,,,,,,,,,,,,,,,,,,,,,,,,,,,,,,,,,,,,,,,,,,,,,,,,,,,,,,,,,,,,,,,,,,,,,,,,,,,,,,,,,,,,,,,,,,,
2016PN880077,OIL SANDS LONGTERM WQ MONITORING,M3 LT WQ PANEL 9 OF 10,AL07DD0008,56.83991,-111.41234,2016-07-20 11:15,WATER,VERTICAL INTEGRATED,2.9,,114.098,,0,,1.024,,17.383,,110.983,,0,,0.228,,0.45,,17.443,,7.784,,142.504,,,,,,NA,,NA,,93.6,,,,7.07,,0.09,,,,8.24,,,,,,,,22.7,,30.3,,8.58,,1.03,,5.63,,10.9,,35,,245,,38.7,,8.4,,8.13,,253,,21.9,,52.4,,,,,,,,,,,,,,,,,,,,,,,,,,,,,,,,,,,,,,,,,,,,,,,,,,,,,,,,,,,,,,,,,,,,,,,,,,,,,,,,,,,,,,,,,,,,,,,,,,,,,,,,,,,,,,,,,,,,,,,,,,,,,,,,,,
2016PN880078,OIL SANDS LONGTERM WQ MONITORING,M3 LT WQ PANEL 2 OF 10,AL07DD0008,56.83851,-111.41779,2016-07-20 10:25,WATER,VERTICAL INTEGRATED,2.3,,123.119,,0,,0.96,,22.389,,123.389,,0,,0.366,,0.29,,11.543,,7.569,,146.884,,,,,,NA,,NA,,101,,,,1.5,,0.08,,,,8.3,,,,,,,,28,,33.9,,9.41,,1.09,,4.78,,7.48,,25,,251,,48.4,,8.16,,8.14,,264,,21.78,,71.8,,,,,,,,,,,,,,,,,,,,,,,,,,,,,,,,,,,,,,,,,,,,,,,,,,,,,,,,,,,,,,,,,,,,,,,,,,,,,,,,,,,,,,,,,,,,,,,,,,,,,,,,,,,,,,,,,,,,,,,,,,,,,,,,,,
2016PN880079,OIL SANDS LONGTERM WQ MONITORING,M2 LT WQ PANEL 4 OF 10,AL07DD0002,56.71977778,-111.4046667,2016-07-20 13:50,WATER,VERTICAL INTEGRATED,5.1,,111.368,,6.384,,0.947,,21.472,,123.472,,0,,0.394,,0.29,,11.374,,7.522,,147.234,,,,,,NA,,5.32,,102,,,,1.46,,0.08,,,,8.31,,,,,,,,27.9,,33.9,,9.43,,1.07,,4.79,,7.36,,25,,251,,48.4,,8.58,,8.2,,260,,22.3,,66.7,,,,,,,,,,,,,,,,,,,,,,,,,,,,,,,,,,,,,,,,,,,,,,,,,,,,,,,,,,,,,,,,,,,,,,,,,,,,,,,,,,,,,,,,,,,,,,,,,,,,,,,,,,,,,,,,,,,,,,,,,,,,,,,,,,
2016PN880096,OIL SANDS LONGTERM WQ MONITORING,M3 LT WQ PANEL 2 OF 10,AL07DD0008,56.83851,-111.41779,2016-08-17 12:10,WATER,VERTICAL INTEGRATED,1.3M,,115.61,,7.896,,0.891,,13.531,,121.531,,0,,PM,,0.29,,11.363,,PM,,147.274,,,,,,NA,,6.58,,108,,,,1.34,,0.08,,,,8.36,,,,,,,,25.5,,33.7,,9.08,,0.97,,4.53,,7.23,,20,,260,,86.5,,,,,,,,,,,,,,,,,,,,,,,,,,,,,,,,,,,,,,,,,,,,,,,,,,,,,,,,,,,,,,,,,,,,,,,,,,,,,,,,,,,,,,,,,,,,,,,,,,,,,,,,,,,,,,,,,,,,,,,,,,,,,,,,,,,,,,,,,,,,
2016PN880097,OIL SANDS LONGTERM WQ MONITORING,M2 LT WQ PANEL 4 OF 10,AL07DD0002,56.71977778,-111.4046667,2016-08-17 13:45,WATER,VERTICAL INTEGRATED,4.2,,113.757,,8.208,,0.862,,12.542,,119.542,,0,,0.416,,0.28,,11.315,,7.538,,145.719,,,,,,NA,,6.84,,107,,,,1.36,,0.08,,,,8.37,,,,,,,,25.2,,33.2,,8.9,,0.98,,4.67,,7.08,,25,,258,,76.8,,8.71,,8.28,,261,,20.56,,79.7,,,,,,,,,,,,,,,,,,,,,,,,,,,,,,,,,,,,,,,,,,,,,,,,,,,,,,,,,,,,,,,,,,,,,,,,,,,,,,,,,,,,,,,,,,,,,,,,,,,,,,,,,,,,,,,,,,,,,,,,,,,,,,,,,,
2016PN880098,OIL SANDS LONGTERM WQ MONITORING,M6 LTWQ PANEL 1 OF 10,AL07DD0009,57.21513,-111.61512,2016-08-16 10:00,WATER,VERTICAL INTEGRATED,3.3,,122.997,,6.06,,1.03,,20.312,,131.312,,0,,0.43,,0.38,,14.215,,7.449,,160.414,,,,,,NA,,5.05,,111,,,,3.48,,0.09,,,,8.31,,,,,,,,28.6,,36.1,,10,,1.07,,4.33,,10.1,,20,,268,,22.4,,8.19,,8.24,,281,,21.44,,24.3,,,,,,,,,,,,,,,,,,,,,,,,,,,,,,,,,,,,,,,,,,,,,,,,,,,,,,,,,,,,,,,,,,,,,,,,,,,,,,,,,,,,,,,,,,,,,,,,,,,,,,,,,,,,,,,,,,,,,,,,,,,,,,,,,,
2016PN880099,OIL SANDS LONGTERM WQ MONITORING,M6 LTWQ PANEL 5 OF 10,AL07DD0009,57.21505,-111.6115,2016-08-16 10:35,WATER,VERTICAL INTEGRATED,2.7,,117.487,,6.372,,0.97,,18.629,,125.629,,0,,0.41,,0.43,,15.988,,7.501,,157.404,,,,,,NA,,5.31,,107,,,,5.89,,0.09,,,,8.32,,,,,,,,26,,34.5,,9.59,,1.05,,4.94,,11.1,,20,,270,,23.2,,8.27,,8.28,,277,,21.6,,26.6,,,,,,,,,,,,,,,,,,,,,,,,,,,,,,,,,,,,,,,,,,,,,,,,,,,,,,,,,,,,,,,,,,,,,,,,,,,,,,,,,,,,,,,,,,,,,,,,,,,,,,,,,,,,,,,,,,,,,,,,,,,,,,,,,,
2016PN880100,OIL SANDS LONGTERM WQ MONITORING,M6 LTWQ PANEL 10 OF 10,AL07DD0009,57.21518,-111.60727,2016-08-16 11:00,WATER,VERTICAL INTEGRATED,1.2,,116.463,,6.276,,0.961,,17.222,,123.222,,0,,0.393,,0.46,,16.977,,7.534,,156.644,,,,,,NA,,5.23,,106,,,,6.9,,0.09,,,,8.32,,,,,,,,24.9,,33.8,,9.43,,1.04,,5.14,,11.7,,20,,268,,19.6,,8.24,,8.26,,277,,21.45,,24.4,,,,,,,,,,,,,,,,,,,,,,,,,,,,,,,,,,,,,,,,,,,,,,,,,,,,,,,,,,,,,,,,,,,,,,,,,,,,,,,,,,,,,,,,,,,,,,,,,,,,,,,,,,,,,,,,,,,,,,,,,,,,,,,,,,
2016PN880101,OIL SANDS LONGTERM WQ MONITORING,M4 LT WQ PANEL 1 OF 10,AL07DD0004,57.12622222,-111.6040278,2016-08-16 13:13,WATER,VERTICAL INTEGRATED,2.8,,121.242,,8.124,,0.889,,20.471,,133.471,,0,,0.535,,0.35,,13.066,,7.309,,162.184,,,,,,NA,,6.77,,113,,,,2.88,,0.09,,,,8.38,,,,,,,,29.7,,36.8,,10.1,,1.07,,4.39,,9.31,,10,,277,,21.6,,8.1,,8.32,,282,,22.12,,26.7,,,,,,,,,,,,,,,,,,,,,,,,,,,,,,,,,,,,,,,,,,,,,,,,,,,,,,,,,,,,,,,,,,,,,,,,,,,,,,,,,,,,,,,,,,,,,,,,,,,,,,,,,,,,,,,,,,,,,,,,,,,,,,,,,,
2016PN880102,OIL SANDS LONGTERM WQ MONITORING,M4 LTWQ PANEL 4 OF 10,AL07DD0004,57.12694444,-111.6030833,2016-08-16 12:50,WATER,VERTICAL INTEGRATED,3,,115.805,,7.8,,0.912,,16.882,,124.882,,0,,0.448,,0.43,,15.945,,7.454,,156.994,,,,,,NA,,6.5,,108,,,,5.83,,0.09,,,,8.35,,,,,,,,25.3,,34.3,,9.53,,1.05,,5.05,,11,,25,,270,,24.4,,8.06,,8.29,,276,,21.83,,29.3,,,,,,,,,,,,,,,,,,,,,,,,,,,,,,,,,,,,,,,,,,,,,,,,,,,,,,,,,,,,,,,,,,,,,,,,,,,,,,,,,,,,,,,,,,,,,,,,,,,,,,,,,,,,,,,,,,,,,,,,,,,,,,,,,,
2016PN880103,OIL SANDS LONGTERM WQ MONITORING,M4 LT WQ PANEL 10 OF 10,AL07DD0004,57.12763889,-111.6000278,2016-08-16 12:30,WATER,VERTICAL INTEGRATED,1.7,,113.928,,7.524,,0.938,,15.894,,121.894,,0,,0.408,,0.47,,17.369,,7.515,,155.944,,,,,,NA,,6.27,,106,,,,7.12,,0.09,,,,8.33,,,,,,,,24.1,,33.4,,9.35,,1.05,,5.29,,11.9,,20,,271,,21.5,,8.1,,8.24,,274,,21.79,,26,,,,,,,,,,,,,,,,,,,,,,,,,,,,,,,,,,,,,,,,,,,,,,,,,,,,,,,,,,,,,,,,,,,,,,,,,,,,,,,,,,,,,,,,,,,,,,,,,,,,,,,,,,,,,,,,,,,,,,,,,,,,,,,,,,
2016PN880104,OIL SANDS LONGTERM WQ MONITORING,M3 LT WQ PANEL 1 OF 10,AL07DD0008,56.8383,-111.41835,2016-08-17 11:50,WATER,VERTICAL INTEGRATED,1,,124.752,,6.996,,1.009,,13.75,,127.75,,0,,0.42,,0.34,,12.919,,7.491,,157.82,,,,,,NA,,5.83,,114,,,,3.04,,0.08,,,,8.33,,,,,,,,26.7,,35.3,,9.62,,1.07,,4.46,,8.8,,40,,279,,70.8,,8.45,,8.29,,281,,20.3,,74.2,,,,,,,,,,,,,,,,,,,,,,,,,,,,,,,,,,,,,,,,,,,,,,,,,,,,,,,,,,,,,,,,,,,,,,,,,,,,,,,,,,,,,,,,,,,,,,,,,,,,,,,,,,,,,,,,,,,,,,,,,,,,,,,,,,
2016PN880105,OIL SANDS LONGTERM WQ MONITORING,M3 LT WQ PANEL 5 OF 10,AL07DD0008,56.8388,-111.41548,2016-08-17 11:30,WATER,VERTICAL INTEGRATED,2,,115.342,,8.028,,0.891,,13.199,,121.199,,0,,0.412,,0.28,,11.277,,7.535,,147.103,,,,,,NA,,6.69,,108,,,,1.33,,0.08,,,,8.36,,,,,,,,25.5,,33.6,,9.06,,0.98,,4.55,,7.15,,70,,257,,87,,8.51,,8.28,,262,,20.48,,91,,,,,,,,,,,,,,,,,,,,,,,,,,,,,,,,,,,,,,,,,,,,,,,,,,,,,,,,,,,,,,,,,,,,,,,,,,,,,,,,,,,,,,,,,,,,,,,,,,,,,,,,,,,,,,,,,,,,,,,,,,,,,,,,,,
2016PN880106,OIL SANDS LONGTERM WQ MONITORING,M3 LT WQ PANEL 9 OF 10,AL07DD0008,56.83991,-111.41234,2016-08-17 10:05,WATER,TRIPLICATE SAMPLE,2.9,,119.584,,0,,0.954,,7.823,,105.923,,0,,0.22,,0.56,,21.142,,7.85,,145.404,,,,,,NA,,NA,,98.1,,,,10.3,,0.09,,,,8.29,,,,,,,,18.7,,28.9,,8.2,,0.98,,6.13,,13.2,,35,,260,,58.4,,8.38,,8.25,,262,,19.94,,59.2,,,,,,,,,,,,,,,,,,,,,,,,,,,,,,,,,,,,,,,,,,,,,,,,,,,,,,,,,,,,,,,,,,,,,,,,,,,,,,,,,,,,,,,,,,,,,,,,,,,,,,,,,,,,,,,,,,,,,,,,,,,,,,,,,,
2016PN880107,OIL SANDS LONGTERM WQ MONITORING,M3 LT WQ PANEL 9 OF 10,AL07DD0008,56.83991,-111.41234,2016-08-17 10:10,WATER,TRIPLICATE SAMPLE,2.9,,117.877,,0,,1.009,,6.734,,103.434,,0,,PM,,0.55,,21.025,,PM,,142.454,,,,,,NA,,NA,,96.7,,,,9.9,,0.09,,,,8.26,,,,,,,,18.5,,28.2,,8.02,,0.96,,5.92,,12.8,,35,,259,,58.6,,,,,,,,,,,,,,,,,,,,,,,,,,,,,,,,,,,,,,,,,,,,,,,,,,,,,,,,,,,,,,,,,,,,,,,,,,,,,,,,,,,,,,,,,,,,,,,,,,,,,,,,,,,,,,,,,,,,,,,,,,,,,,,,,,,,,,,,,,,,
2016PN880108,OIL SANDS LONGTERM WQ MONITORING,M3 LT WQ PANEL 9 OF 10,AL07DD0008,56.83991,-111.41234,2016-08-17 10:15,WATER,TRIPLICATE SAMPLE,2.9,,120.681,,0,,0.963,,5.844,,104.844,,0,,PM,,0.54,,20.802,,PM,,144.744,,,,,,NA,,NA,,99,,,,9.92,,0.09,,,,8.29,,,,,,,,18.8,,28.6,,8.12,,0.97,,6,,12.8,,35,,259,,59,,,,,,,,,,,,,,,,,,,,,,,,,,,,,,,,,,,,,,,,,,,,,,,,,,,,,,,,,,,,,,,,,,,,,,,,,,,,,,,,,,,,,,,,,,,,,,,,,,,,,,,,,,,,,,,,,,,,,,,,,,,,,,,,,,,,,,,,,,,,
2016PN880120,OIL SANDS LONGTERM WQ MONITORING,M3 LT WQ PANEL 2 OF 10,AL07DD0008,56.83851,-111.41779,2016-09-14 11:40,WATER,DISCRETE SAMPLE,1.9,,126.776,,0,,1.111,,16.211,,120.211,,0,,0.054,,0.33,,12.943,,8.142,,146.351,,,,,,NA,,NA,,104,,,,1.75,,0.08,,,,8.25,,,,,,,,23.6,,33.6,,8.82,,1.26,,6.45,,8.32,,60,,241,,38.8,,9.46,,8.1,,264,,12.85,,42.7,,,,,,,,,,,,,,,,,,,,,,,,,,,,,,,,,,,,,,,,,,,,,,,,,,,,,,,,,,,,,,,,,,,,,,,,,,,,,,,,,,,,,,,,,,,,,,,,,,,,,,,,,,,,,,,,,,,,,,,,,,,,,,,,,,
2016PN880121,OIL SANDS LONGTERM WQ MONITORING,M2 LT WQ PANEL 4 OF 10,AL07DD0002,56.71977778,-111.4046667,2016-09-14 14:00,WATER,DISCRETE SAMPLE,4.4,,126.776,,0,,1.138,,15.879,,119.879,,0,,0.073,,0.32,,12.741,,8.094,,146.101,,,,,,NA,,NA,,104,,,,1.73,,0.08,,,,8.24,,,,,,,,23.6,,33.5,,8.8,,1.27,,6.5,,8.15,,60,,241,,38.9,,9.66,,8.11,,246,,13.8,,42.2,,,,,,,,,,,,,,,,,,,,,,,,,,,,,,,,,,,,,,,,,,,,,,,,,,,,,,,,,,,,,,,,,,,,,,,,,,,,,,,,,,,,,,,,,,,,,,,,,,,,,,,,,,,,,,,,,,,,,,,,,,,,,,,,,,
2016PN880122,OIL SANDS LONGTERM WQ MONITORING,M6 LTWQ PANEL 1 OF 10,AL07DD0009,57.21513,-111.61512,2016-09-13 10:10,WATER,VERTICAL INTEGRATED,3.9,,120.803,,0,,1.339,,13.307,,112.407,,0,,-0.12,,0.4,,15.853,,8.389,,140.215,,,,,,NA,,NA,,99.1,,,,2.47,,0.09,,,,8.15,,,,,,,,20.6,,31.2,,8.38,,1.19,,6.85,,9.86,,70,,223,,38.6,,9.61,,8.04,,239,,12.16,,43.6,,,,,,,,,,,,,,,,,,,,,,,,,,,,,,,,,,,,,,,,,,,,,,,,,,,,,,,,,,,,,,,,,,,,,,,,,,,,,,,,,,,,,,,,,,,,,,,,,,,,,,,,,,,,,,,,,,,,,,,,,,,,,,,,,,
2016PN880123,OIL SANDS LONGTERM WQ MONITORING,M6 LTWQ PANEL 5 OF 10,AL07DD0009,57.21505,-111.6115,2016-09-13 10:42,WATER,VERTICAL INTEGRATED,2.9,,108.857,,0,,1.294,,12.24,,101.54,,0,,-0.231,,0.41,,16.622,,8.581,,129.655,,,,,,NA,,NA,,89.3,,,,4.72,,0.08,,,,8.12,,,,,,,,17.1,,28.2,,7.56,,1.2,,7.66,,9.44,,75,,211,,46.4,,9.53,,8.06,,222,,12.31,,55.3,,,,,,,,,,,,,,,,,,,,,,,,,,,,,,,,,,,,,,,,,,,,,,,,,,,,,,,,,,,,,,,,,,,,,,,,,,,,,,,,,,,,,,,,,,,,,,,,,,,,,,,,,,,,,,,,,,,,,,,,,,,,,,,,,,
2016PN880124,OIL SANDS LONGTERM WQ MONITORING,M6 LTWQ PANEL 10 OF 10,AL07DD0009,57.21518,-111.60727,2016-09-13 11:00,WATER,VERTICAL INTEGRATED,2.2,,102.396,,0,,1.368,,9.821,,93.821,,0,,-0.357,,0.47,,19.342,,8.784,,124.363,,,,,,NA,,NA,,84,,,,6.23,,0.08,,,,8.07,,,,,,,,14.5,,25.9,,7.08,,1.17,,8.37,,10.5,,90,,204,,46.7,,9.57,,8.03,,213,,11.85,,56.8,,,,,,,,,,,,,,,,,,,,,,,,,,,,,,,,,,,,,,,,,,,,,,,,,,,,,,,,,,,,,,,,,,,,,,,,,,,,,,,,,,,,,,,,,,,,,,,,,,,,,,,,,,,,,,,,,,,,,,,,,,,,,,,,,,
2016PN880125,OIL SANDS LONGTERM WQ MONITORING,M4 LT WQ PANEL 1 OF 10,AL07DD0004,57.12622222,-111.6040278,2016-09-13 12:20,WATER,VERTICAL INTEGRATED,3.2,,125.557,,0,,1.181,,18.292,,121.292,,0,,0.032,,0.35,,13.441,,8.156,,147.74,,,,,,NA,,NA,,103,,,,2.38,,0.08,,,,8.22,,,,,,,,23.8,,34,,8.84,,1.29,,6.66,,8.77,,60,,241,,39,,9.49,,8.16,,251,,13.1,,45.3,,,,,,,,,,,,,,,,,,,,,,,,,,,,,,,,,,,,,,,,,,,,,,,,,,,,,,,,,,,,,,,,,,,,,,,,,,,,,,,,,,,,,,,,,,,,,,,,,,,,,,,,,,,,,,,,,,,,,,,,,,,,,,,,,,
2016PN880126,OIL SANDS LONGTERM WQ MONITORING,M4 LTWQ PANEL 4 OF 10,AL07DD0004,57.12694444,-111.6030833,2016-09-13 12:42,WATER,VERTICAL INTEGRATED,3.5,,115.439,,0,,1.193,,15.764,,110.464,,0,,-0.096,,0.37,,14.826,,8.372,,136.582,,,,,,NA,,NA,,94.7,,,,3.47,,0.08,,,,8.18,,,,,,,,19.6,,30.9,,8.09,,1.24,,7.32,,8.96,,65,,225,,43.3,,9.52,,8.15,,233,,12.68,,50.7,,,,,,,,,,,,,,,,,,,,,,,,,,,,,,,,,,,,,,,,,,,,,,,,,,,,,,,,,,,,,,,,,,,,,,,,,,,,,,,,,,,,,,,,,,,,,,,,,,,,,,,,,,,,,,,,,,,,,,,,,,,,,,,,,,
2016PN880127,OIL SANDS LONGTERM WQ MONITORING,M4 LT WQ PANEL 10 OF 10,AL07DD0004,57.12763889,-111.6000278,2016-09-13 13:05,WATER,VERTICAL INTEGRATED,2.9,,98.008,,0,,1.279,,10.6,,91,,0,,-0.373,,0.47,,19.511,,8.827,,120.114,,,,,,NA,,NA,,80.4,,,,6.55,,0.08,,,,8.08,,,,,,,,13.1,,25.1,,6.88,,1.17,,8.57,,10.3,,90,,199,,48,,9.6,,8.07,,204,,12.02,,57.3,,,,,,,,,,,,,,,,,,,,,,,,,,,,,,,,,,,,,,,,,,,,,,,,,,,,,,,,,,,,,,,,,,,,,,,,,,,,,,,,,,,,,,,,,,,,,,,,,,,,,,,,,,,,,,,,,,,,,,,,,,,,,,,,,,
2016PN880128,OIL SANDS LONGTERM WQ MONITORING,M3 LT WQ PANEL 1 OF 10,AL07DD0008,56.8383,-111.41835,2016-09-14 10:15,WATER,VERTICAL INTEGRATED,1,,131.652,,0,,1.425,,16.146,,124.146,,0,,-0.01,,0.39,,14.643,,8.181,,153.87,,,,,,NA,,NA,,108,,,,3.02,,0.08,,,,8.16,,,,,,,,24.2,,34.5,,9.23,,1.35,,6.46,,9.92,,65,,268,,37.6,,9.46,,8.1,,264,,12.85,,42.7,,,,,,,,,,,,,,,,,,,,,,,,,,,,,,,,,,,,,,,,,,,,,,,,,,,,,,,,,,,,,,,,,,,,,,,,,,,,,,,,,,,,,,,,,,,,,,,,,,,,,,,,,,,,,,,,,,,,,,,,,,,,,,,,,,
2016PN880129,OIL SANDS LONGTERM WQ MONITORING,M3 LT WQ PANEL 5 OF 10,AL07DD0008,56.8388,-111.41548,2016-09-14 10:52,WATER,VERTICAL INTEGRATED,2.3,,126.776,,0,,1.138,,15.838,,119.838,,0,,0.054,,0.33,,12.787,,8.132,,146.101,,,,,,NA,,NA,,104,,,,1.74,,0.08,,,,8.24,,,,,,,,23.6,,33.5,,8.79,,1.26,,6.48,,8.18,,65,,240,,37.6,,9.64,,8.23,,248,,13.2,,43.7,,,,,,,,,,,,,,,,,,,,,,,,,,,,,,,,,,,,,,,,,,,,,,,,,,,,,,,,,,,,,,,,,,,,,,,,,,,,,,,,,,,,,,,,,,,,,,,,,,,,,,,,,,,,,,,,,,,,,,,,,,,,,,,,,,
2016PN880130,OIL SANDS LONGTERM WQ MONITORING,M3 LT WQ PANEL 9 OF 10,AL07DD0008,56.83991,-111.41234,2016-09-14 11:10,WATER,VERTICAL INTEGRATED,3.3,,82.161,,0,,1.418,,4.756,,72.156,,0,,-0.689,,0.58,,25.069,,9.338,,104.682,,,,,,NA,,NA,,67.4,,,,9.17,,0.08,,,,7.96,,,,,,,,7.83,,19.4,,5.76,,1.07,,9.49,,11.3,,90,,174,,39.2,,9.56,,7.86,,179,,11.63,,51.2,,,,,,,,,,,,,,,,,,,,,,,,,,,,,,,,,,,,,,,,,,,,,,,,,,,,,,,,,,,,,,,,,,,,,,,,,,,,,,,,,,,,,,,,,,,,,,,,,,,,,,,,,,,,,,,,,,,,,,,,,,,,,,,,,,
2016PN880137,OIL SANDS LONGTERM WQ MONITORING,"ATHABASCA RIVER M6, BELOW MACKAY RIVER",AL07DD0009,57.21505,-111.6115,2017-01-24 11:45,WATER,TRIPLICATE SAMPLE,2.63,,191.383,,0,,5.381,,13.705,,170.705,,0,,-0.603,,0.85,,24.229,,8.956,,245.999,,,,,,NA,,NA,,157,,,,13.2,,0.11,,,,7.75,,,,,,,,41.5,,46.6,,13.2,,2.26,,8.45,,25.5,,,,420,,2.78,,11.82,,7.2,,417,,-0.29,,3,,,,34,,,,,,,,,,,,,,,,,,,,,,,,,,,,,,,,,,,,,,,,,,,,,,,,,,,,,,,,,,,,,,,,,,,,,,,,,,,,,,,,,,,,,,,,,,,,,,,,,,,,,,,,,,,,,,,,,,,,,,,,,,,,,,
2016PN880138,OIL SANDS LONGTERM WQ MONITORING,"ATHABASCA RIVER M6, BELOW MACKAY RIVER",AL07DD0009,57.21505,-111.6115,2017-01-24 11:50,WATER,TRIPLICATE SAMPLE,2.63,,191.383,,0,,5.258,,13.954,,170.954,,0,,PM,,0.85,,24.274,,PM,,246.231,,,,,,NA,,NA,,157,,,,13.2,,0.11,,,,7.76,,,,,,,,41.5,,46.7,,13.2,,2.26,,8.46,,25.6,,,,424,,2.74,,,,,,,,,,,,,,33,,,,,,,,,,,,,,,,,,,,,,,,,,,,,,,,,,,,,,,,,,,,,,,,,,,,,,,,,,,,,,,,,,,,,,,,,,,,,,,,,,,,,,,,,,,,,,,,,,,,,,,,,,,,,,,,,,,,,,,,,,,,,,
2016PN880139,OIL SANDS LONGTERM WQ MONITORING,"ATHABASCA RIVER M6, BELOW MACKAY RIVER",AL07DD0009,57.21505,-111.6115,2017-01-24 11:55,WATER,TRIPLICATE SAMPLE,2.63,,191.383,,0,,5.138,,14.204,,171.204,,0,,PM,,0.85,,24.251,,PM,,246.28,,,,,,NA,,NA,,157,,,,13.2,,0.11,,,,7.77,,,,,,,,41.5,,46.8,,13.2,,2.24,,8.46,,25.6,,,,424,,2.8,,,,,,,,,,,,,,35,,,,,,,,,,,,,,,,,,,,,,,,,,,,,,,,,,,,,,,,,,,,,,,,,,,,,,,,,,,,,,,,,,,,,,,,,,,,,,,,,,,,,,,,,,,,,,,,,,,,,,,,,,,,,,,,,,,,,,,,,,,,,,
2016PN880140,OIL SANDS LONGTERM WQ MONITORING,ATHABASCA RIVER M4 ABOVE MUSKEG RIVER,AL07DD0004,57.12697222,-111.6024167,2017-01-24 15:25,WATER,VERTICAL INTEGRATED,1.38,,177.974,,0,,4.668,,13.097,,159.097,,0,,-0.631,,0.85,,24.79,,9.043,,232.32,,,,,,NA,,NA,,146,,,,14.8,,0.11,,,,7.78,,,,,,,,37.9,,43.6,,12.2,,2.12,,8.67,,24.5,,,,404,,2.76,,11.4,,7.69,,395,,-0.29,,2.6,,,,30,,,,,,,,,,,,,,,,,,,,,,,,,,,,,,,,,,,,,,,,,,,,,,,,,,,,,,,,,,,,,,,,,,,,,,,,,,,,,,,,,,,,,,,,,,,,,,,,,,,,,,,,,,,,,,,,,,,,,,,,,,,,,,
2016PN880141,OIL SANDS LONGTERM WQ MONITORING,ATHABASCA RIVER M2 ABOVE HORSE RIVER,AL07DD0002,56.71952778,-111.4044722,2017-01-26 14:25,WATER,VERTICAL INTEGRATED,3.13,,202.354,,0,,4.112,,20.058,,186.058,,0,,-0.4,,0.7,,20.056,,8.689,,249.072,,,,,,NA,,NA,,166,,,,5.14,,0.11,,,,7.89,,,,,,,,47,,51.1,,14.2,,2.42,,6.94,,21.8,,,,429,,11.8,,12.27,,7.73,,435,,-0.3,,1.6,,,,24,,,,,,,,,,,,,,,,,,,,,,,,,,,,,,,,,,,,,,,,,,,,,,,,,,,,,,,,,,,,,,,,,,,,,,,,,,,,,,,,,,,,,,,,,,,,,,,,,,,,,,,,,,,,,,,,,,,,,,,,,,,,,,
2016PN880147,OIL SANDS LONGTERM WQ MONITORING,"ATHABASCA RIVER M7, BELOW ELLS RIVER",AL07DD0007,57.31373,-111.67183,2017-01-25 13:25,WATER,VERTICAL INTEGRATED,1.17,,171.879,,0,,5.426,,7.312,,148.312,,0,,-0.754,,0.77,,23.683,,9.207,,213.215,,,,,,NA,,NA,,141,,,,10.5,,0.12,,,,7.7,,,,,,,,33.9,,40.6,,11.4,,1.96,,7.82,,21.5,,,,369,,4.28,,11.1,,7.58,,367,,-0.29,,3.3,,,,44,,,,,,,,,,,,,,,,,,,,,,,,,,,,,,,,,,,,,,,,,,,,,,,,,,,,,,,,,,,,,,,,,,,,,,,,,,,,,,,,,,,,,,,,,,,,,,,,,,,,,,,,,,,,,,,,,,,,,,,,,,,,,,
2016PN880148,OIL SANDS LONGTERM WQ MONITORING,M3 LT WQ PANEL 1 OF 10,AL07DD0008,56.8383,-111.41835,2017-01-26 10:55,WATER,VERTICAL INTEGRATED,2.4,,201.135,,0,,4.382,,19.486,,184.486,,0,,-0.435,,0.69,,20.044,,8.73,,248.074,,,,,,NA,,NA,,165,,,,5.57,,0.11,,,,7.86,,,,,,,,46.8,,50.8,,14,,2.41,,6.88,,21.6,,,,421,,7.06,,11.7,,7.42,,437,,-0.3,,1.2,,,,55,,,,,,,,,,,,,,,,,,,,,,,,,,,,,,,,,,,,,,,,,,,,,,,,,,,,,,,,,,,,,,,,,,,,,,,,,,,,,,,,,,,,,,,,,,,,,,,,,,,,,,,,,,,,,,,,,,,,,,,,,,,,,,
2016PN880149,OIL SANDS LONGTERM WQ MONITORING,M3 LT WQ PANEL 5 OF 10,AL07DD0008,56.8388,-111.41548,2017-01-26 11:30,WATER,VERTICAL INTEGRATED,1.6,,192.602,,0,,4.499,,17.773,,175.773,,0,,-0.504,,0.71,,20.83,,8.837,,238.998,,,,,,NA,,NA,,158,,,,6.76,,0.11,,,,7.83,,,,,,,,43.8,,48.3,,13.4,,2.3,,7.17,,21.6,,,,409,,11,,12.41,,7.74,,429,,-0.3,,1.2,,,,26,,,,,,,,,,,,,,,,,,,,,,,,,,,,,,,,,,,,,,,,,,,,,,,,,,,,,,,,,,,,,,,,,,,,,,,,,,,,,,,,,,,,,,,,,,,,,,,,,,,,,,,,,,,,,,,,,,,,,,,,,,,,,,
2016PN880150,OIL SANDS LONGTERM WQ MONITORING,M3 LT WQ PANEL 10 OF 10,AL07DD0008,56.83878,-111.41164,2017-01-26 12:05,WATER,VERTICAL INTEGRATED,2.7,,118.487,,0,,5.805,,2.403,,99.603,,0,,-1.282,,1.21,,37.377,,10.073,,180.371,,,,,,NA,,NA,,97.2,,,,29.5,,0.1,,,,7.51,,,,,,,,16,,26.6,,8.06,,1.4,,11.9,,27.8,,,,317,,3.75,,12.81,,7.66,,317,,-0.3,,2.8,,,,31,,,,,,,,,,,,,,,,,,,,,,,,,,,,,,,,,,,,,,,,,,,,,,,,,,,,,,,,,,,,,,,,,,,,,,,,,,,,,,,,,,,,,,,,,,,,,,,,,,,,,,,,,,,,,,,,,,,,,,,,,,,,,,
2016PN880153,OIL SANDS LONGTERM WQ MONITORING,"ATHABASCA RIVER M6, BELOW MACKAY RIVER",AL07DD0009,57.21505,-111.6115,2017-02-14 10:45,WATER,VERTICAL INTEGRATED,2.05,,185.288,,0,,5.332,,11.24,,163.24,,0,,-0.646,,0.91,,25.868,,9.031,,242.088,,,,,,NA,,NA,,152,,,,15.5,,0.11,,,,7.74,,,,,,,,40.1,,44.6,,12.6,,2.11,,8.16,,26.6,,,,421,,3.02,,11.76,,7.13,EVENTF,479,,-0.3,,-1.2,,,,29,,,,,,,,,,,,,,,,,,,,,,,,,,,,,,,,,,,,,,,,,,,,,,,,,,,,,,,,,,,,,,,,,,,,,,,,,,,,,,,,,,,,,,,,,,,,,,,,,,,,,,,,,,,,,,,,,,,,,,,,,,,,,,
2016PN880154,OIL SANDS LONGTERM WQ MONITORING,ATHABASCA RIVER M4 ABOVE MUSKEG RIVER,AL07DD0004,57.12697222,-111.6024167,2017-02-14 12:25,WATER,VERTICAL INTEGRATED,1.03,,173.098,,0,,4.867,,11.205,,153.205,,0,,-0.69,,0.93,,27.023,,9.13,,231.875,,,,,,NA,,NA,,142,,,,17.8,,0.11,,,,7.75,,,,,,,,37,,41.9,,11.8,,2.02,,8.57,,26.5,,,,406,,2.98,,11.96,,7.66,EVENTF,461,,-0.29,,3,,,,28,,,,,,,,,,,,,,,,,,,,,,,,,,,,,,,,,,,,,,,,,,,,,,,,,,,,,,,,,,,,,,,,,,,,,,,,,,,,,,,,,,,,,,,,,,,,,,,,,,,,,,,,,,,,,,,,,,,,,,,,,,,,,,
2016PN880155,OIL SANDS LONGTERM WQ MONITORING,M3 LT WQ PANEL 1 OF 10,AL07DD0008,56.8383,-111.41835,2017-02-16 10:00,WATER,VERTICAL INTEGRATED,2.11,,208.449,,0,,5.342,,17.629,,188.629,,0,,-0.484,,0.82,,22.652,,8.757,,266.109,,,,,,NA,,NA,,171,,,,9.63,,0.11,,,,7.79,,,,,,,,51.7,,51.8,,14.4,,2.46,,6.51,,25.8,,,,451,,7.68,,12.55,,7.68,EVENTF,521,,-0.29,,0,,,,23,,,,,,,,,,,,,,,,,,,,,,,,,,,,,,,,,,,,,,,,,,,,,,,,,,,,,,,,,,,,,,,,,,,,,,,,,,,,,,,,,,,,,,,,,,,,,,,,,,,,,,,,,,,,,,,,,,,,,,,,,,,,,,
2016PN880156,OIL SANDS LONGTERM WQ MONITORING,M3 LT WQ PANEL 5 OF 10,AL07DD0008,56.8388,-111.41548,2017-02-16 10:35,WATER,VERTICAL INTEGRATED,0.93,,202.354,,0,,5.308,,13.255,,179.255,,0,,-0.527,,0.78,,22.359,,8.834,,253.487,,,,,,NA,,NA,,166,,,,8.52,,0.11,,,,7.78,,,,,,,,48,,49.2,,13.7,,2.28,,7.06,,24.1,,,,431,,6.52,,12.41,,7.79,EVENTF,497,,-0.3,,-1.3,,,,23,,,,,,,,,,,,,,,,,,,,,,,,,,,,,,,,,,,,,,,,,,,,,,,,,,,,,,,,,,,,,,,,,,,,,,,,,,,,,,,,,,,,,,,,,,,,,,,,,,,,,,,,,,,,,,,,,,,,,,,,,,,,,,
2016PN880157,OIL SANDS LONGTERM WQ MONITORING,M3 LT WQ PANEL 10 OF 10,AL07DD0008,56.83878,-111.41164,2017-02-16 11:00,WATER,VERTICAL INTEGRATED,2.03,,113.733,,0,,6.551,,0,,92.883,,0,,-1.403,,1.46,,42.713,,10.246,,186.22,,,,,,NA,,NA,,93.3,,,,36.3,,0.1,,,,7.44,,,,,,,,15.2,,24.7,,7.58,,1.34,,11.8,,32.4,,,,330,,4.56,,12.08,,7.59,EVENTF,383,,-0.3,,1.5,,,,26,,,,,,,,,,,,,,,,,,,,,,,,,,,,,,,,,,,,,,,,,,,,,,,,,,,,,,,,,,,,,,,,,,,,,,,,,,,,,,,,,,,,,,,,,,,,,,,,,,,,,,,,,,,,,,,,,,,,,,,,,,,,,,
2016PN880158,OIL SANDS LONGTERM WQ MONITORING,ATHABASCA RIVER M2 ABOVE HORSE RIVER,AL07DD0002,56.71952778,-111.4044722,2017-02-16 13:05,WATER,VERTICAL INTEGRATED,2.7,,208.449,,0,,4.983,,16.968,,187.968,,0,,-0.453,,0.73,,20.767,,8.726,,258.533,,,,,,NA,,NA,,171,,,,5.24,,0.11,,,,7.82,,,,,,,,51.8,,51.7,,14.3,,2.39,,6.48,,23,,,,444,,37.4,,12.63,,7.77,,456,,-0.29,,-0.6,,,,22,,,,,,,,,,,,,,,,,,,,,,,,,,,,,,,,,,,,,,,,,,,,,,,,,,,,,,,,,,,,,,,,,,,,,,,,,,,,,,,,,,,,,,,,,,,,,,,,,,,,,,,,,,,,,,,,,,,,,,,,,,,,,,
2016PN880159,OIL SANDS LONGTERM WQ MONITORING,"ATHABASCA RIVER M7, BELOW ELLS RIVER",AL07DD0007,57.31373,-111.67183,2017-02-15 12:50,WATER,VERTICAL INTEGRATED,0.88,,171.879,,0,,5.684,,6.563,,147.563,,0,,-0.777,,0.84,,25.509,,9.234,,217.521,,,,,,NA,,NA,,141,,,,13,,0.12,,,,7.68,,,,,,,,33.6,,40.3,,11.4,,1.92,,7.82,,23.6,,,,380,,3.64,,11.5,,7.71,EVENTF,435,,-0.29,,0,,,,36,,,,,,,,,,,,,,,,,,,,,,,,,,,,,,,,,,,,,,,,,,,,,,,,,,,,,,,,,,,,,,,,,,,,,,,,,,,,,,,,,,,,,,,,,,,,,,,,,,,,,,,,,,,,,,,,,,,,,,,,,,,,,,
2016PN880161,OIL SANDS LONGTERM WQ MONITORING,"ATHABASCA RIVER M6, BELOW MACKAY RIVER",AL07DD0009,57.21505,-111.6115,2017-03-14 10:45,WATER,VERTICAL INTEGRATED,1.6,,182.85,,0,,4.173,,10.507,,160.507,,0,,-0.557,,0.89,,25.659,,8.955,,240.659,,,,,,NA,,NA,,150,,,,16.3,,0.11,,,,7.84,,,,,,,,40.2,,44,,12.3,,2.22,,8.38,,25.9,,,,417,,3.2,,12.69,,7.38,,410,,-0.3,,0.6,,,,27,,,,,,,,,,,,,,,,,,,,,,,,,,,,,,,,,,,,,,,,,,,,,,,,,,,,,,,,,,,,,,,,,,,,,,,,,,,,,,,,,,,,,,,,,,,,,,,,,,,,,,,,,,,,,,,,,,,,,,,,,,,,,,
2016PN880162,OIL SANDS LONGTERM WQ MONITORING,ATHABASCA RIVER M4 ABOVE MUSKEG RIVER,AL07DD0004,57.12697222,-111.6024167,2017-03-14 12:45,WATER,TRIPLICATE SAMPLE,0.68,,168.222,,0,,3.665,,12.472,,150.472,,0,,-0.599,,0.9,,26.604,,9.057,,227.592,,,,,,NA,,NA,,138,,,,18.2,,0.11,,,,7.86,,,,,,,,36.3,,41.3,,11.5,,2.09,,8.72,,25.5,,,,400,,3.15,,12.77,,7.68,,396,,-0.3,,1.5,,,,28,,,,,,,,,,,,,,,,,,,,,,,,,,,,,,,,,,,,,,,,,,,,,,,,,,,,,,,,,,,,,,,,,,,,,,,,,,,,,,,,,,,,,,,,,,,,,,,,,,,,,,,,,,,,,,,,,,,,,,,,,,,,,,
2016PN880163,OIL SANDS LONGTERM WQ MONITORING,ATHABASCA RIVER M4 ABOVE MUSKEG RIVER,AL07DD0004,57.12697222,-111.6024167,2017-03-14 12:50,WATER,TRIPLICATE SAMPLE,,,169.441,,0,,3.778,,12.383,,151.383,,0,,PM,,0.9,,26.408,,PM,,228.291,,,,,,NA,,NA,,139,,,,18.1,,0.11,,,,7.85,,,,,,,,36.3,,41.5,,11.6,,2.11,,8.69,,25.4,,,,400,,3.13,,,,,,,,,,,,,,28,,,,,,,,,,,,,,,,,,,,,,,,,,,,,,,,,,,,,,,,,,,,,,,,,,,,,,,,,,,,,,,,,,,,,,,,,,,,,,,,,,,,,,,,,,,,,,,,,,,,,,,,,,,,,,,,,,,,,,,,,,,,,,
2016PN880164,OIL SANDS LONGTERM WQ MONITORING,ATHABASCA RIVER M4 ABOVE MUSKEG RIVER,AL07DD0004,57.12697222,-111.6024167,2017-03-14 12:55,WATER,TRIPLICATE SAMPLE,,,170.66,,0,,3.633,,9.723,,149.723,,0,,PM,,0.91,,26.624,,PM,,228.118,,,,,,NA,,NA,,140,,,,18.1,,0.11,,,,7.87,,,,,,,,36.2,,41,,11.5,,2.08,,8.66,,25.4,,,,402,,3.08,,,,,,,,,,,,,,33,,,,,,,,,,,,,,,,,,,,,,,,,,,,,,,,,,,,,,,,,,,,,,,,,,,,,,,,,,,,,,,,,,,,,,,,,,,,,,,,,,,,,,,,,,,,,,,,,,,,,,,,,,,,,,,,,,,,,,,,,,,,,,
2016PN880170,OIL SANDS LONGTERM WQ MONITORING,M3 LT WQ PANEL 1 OF 10,AL07DD0008,56.8383,-111.41835,2017-03-16 11:30,WATER,VERTICAL INTEGRATED,1.6,,209.668,,0,,3.882,,16.643,,188.643,,0,,-0.339,,0.92,,24.71,,8.608,,277.433,,,,,,NA,,NA,,172,,,,16.7,,0.11,,,,7.93,,,,,,,,51.5,,52.3,,14.1,,2.9,,6.25,,29,,,,479,,3.82,,12.56,,7.56,,472,,-0.3,,1.9,,,,29,,,,,,,,,,,,,,,,,,,,,,,,,,,,,,,,,,,,,,,,,,,,,,,,,,,,,,,,,,,,,,,,,,,,,,,,,,,,,,,,,,,,,,,,,,,,,,,,,,,,,,,,,,,,,,,,,,,,,,,,,,,,,,
2016PN880171,OIL SANDS LONGTERM WQ MONITORING,M3 LT WQ PANEL 5 OF 10,AL07DD0008,56.8388,-111.41548,2017-03-16 12:00,WATER,VERTICAL INTEGRATED,0.79,,198.697,,0,,3.854,,14.858,,177.858,,0,,-0.404,,0.77,,22.102,,8.717,,251.124,,,,,,NA,,NA,,163,,,,9.73,,0.11,,,,7.91,,,,,,,,46.9,,49.3,,13.3,,2.51,,6.82,,23.6,,,,432,,3.95,,12.97,,7.7,,427,,-0.3,,0.2,,,,24,,,,,,,,,,,,,,,,,,,,,,,,,,,,,,,,,,,,,,,,,,,,,,,,,,,,,,,,,,,,,,,,,,,,,,,,,,,,,,,,,,,,,,,,,,,,,,,,,,,,,,,,,,,,,,,,,,,,,,,,,,,,,,
2016PN880172,OIL SANDS LONGTERM WQ MONITORING,M3 LT WQ PANEL 10 OF 10,AL07DD0008,56.83878,-111.41164,2017-03-16 12:20,WATER,VERTICAL INTEGRATED,1.65,,113.611,,0,,4.959,,0.391,,93.591,,0,,-1.279,,1.48,,42.794,,10.119,,190.484,,,,,,NA,,NA,,93.2,,,,39.4,,0.1,,,,7.56,,,,,,,,15.3,,25,,7.57,,1.45,,12,,32.8,,,,342,,5.42,,12.8,,7.55,,339,,-0.3,,3.2,,,,26,,,,,,,,,,,,,,,,,,,,,,,,,,,,,,,,,,,,,,,,,,,,,,,,,,,,,,,,,,,,,,,,,,,,,,,,,,,,,,,,,,,,,,,,,,,,,,,,,,,,,,,,,,,,,,,,,,,,,,,,,,,,,,
2016PN880173,OIL SANDS LONGTERM WQ MONITORING,ATHABASCA RIVER M2 ABOVE HORSE RIVER,AL07DD0002,56.71952778,-111.4044722,2017-03-16 14:15,WATER,VERTICAL INTEGRATED,2.3,,207.23,,0,,3.749,,14.911,,184.911,,0,,-0.339,,0.72,,20.571,,8.618,,256.05,,,,,,NA,,NA,,170,,,,6.31,,0.12,,,,7.94,,,,,,,,50.3,,51.3,,13.8,,2.63,,6.14,,22.4,,,,441,,22.6,,13.3,,7.75,,435,,-0.3,,0.2,,,,34,,,,,,,,,,,,,,,,,,,,,,,,,,,,,,,,,,,,,,,,,,,,,,,,,,,,,,,,,,,,,,,,,,,,,,,,,,,,,,,,,,,,,,,,,,,,,,,,,,,,,,,,,,,,,,,,,,,,,,,,,,,,,,
2016PN880174,OIL SANDS LONGTERM WQ MONITORING,"ATHABASCA RIVER M7, BELOW ELLS RIVER",AL07DD0007,57.31373,-111.67183,2017-03-15 12:55,WATER,VERTICAL INTEGRATED,0.61,,165.784,,0,,5.114,,9.329,,145.329,,0,,-0.765,,0.8,,24.463,,9.24,,210.814,,,,,,NA,,NA,,136,,,,12.5,,0.12,,,,7.71,,,,,,,,32.6,,39.9,,11.1,,1.99,,7.87,,22,,,,368,,3.66,,12.33,,7.52,,367,,-0.28,,1.6,,,,27,,,,,,,,,,,,,,,,,,,,,,,,,,,,,,,,,,,,,,,,,,,,,,,,,,,,,,,,,,,,,,,,,,,,,,,,,,,,,,,,,,,,,,,,,,,,,,,,,,,,,,,,,,,,,,,,,,,,,,,,,,,,,,
2017PN880001,OIL SANDS LONGTERM WQ MONITORING,M3 LT WQ PANEL 3 OF 10,AL07DD0008,56.83849,-111.41702,2017-05-24 13:30,WATER,VERTICAL INTEGRATED,2.5,,109.222,,0,,1.565,,8.932,,98.532,,0,,-0.236,,0.35,,14.568,,8.512,,122.584,,,,,,NA,,NA,,89.6,,,,2.16,,0.08,,,,8.04,,,,,,,,15.5,,28.1,,6.89,,2.01,,5.92,,7.92,,,,205,,124,,9.57,,7.91,,202,,14.6,EVENTF,149.6,,,,77,,,,,,,,,,,,,,,,,,,,,,,,,,,,,,,,,,,,,,,,,,,,,,,,,,,,,,,,,,,,,,,,,,,,,,,,,,,,,,,,,,,,,,,,,,,,,,,,,,,,,,,,,,,,,,,,,,,,,,,,,,,,,,
2017PN880002,OIL SANDS LONGTERM WQ MONITORING,M3 LT WQ PANEL 9 OF 10,AL07DD0008,56.83991,-111.41234,2017-05-24 14:30,WATER,VERTICAL INTEGRATED,3.8,,76.066,,0,,1.441,,0.222,,62.622,,0,,-0.722,,0.59,,26.616,,9.363,,93.755,,,,,,NA,,NA,,62.4,,,,9.45,,0.08,,,,7.92,,,,,,,,6.98,,17,,4.9,,1.25,,5.88,,10.7,,,,163,,82,,9.67,,8.03,,157,,14.58,EVENTF,108.6,,,,66,,,,,,,,,,,,,,,,,,,,,,,,,,,,,,,,,,,,,,,,,,,,,,,,,,,,,,,,,,,,,,,,,,,,,,,,,,,,,,,,,,,,,,,,,,,,,,,,,,,,,,,,,,,,,,,,,,,,,,,,,,,,,,
2017PN880003,OIL SANDS LONGTERM WQ MONITORING,M3 LT WQ PANEL 1 OF 10,AL07DD0008,56.8383,-111.41835,2017-06-20 12:25,WATER,VERTICAL INTEGRATED,1,,126.776,,0,,1.734,,17.009,,121.009,,0,,-0.017,,0.25,,10.088,,8.095,,141.985,,,,,,NA,,NA,,104,,,,1.95,,0.08,,,,8.06,,,,,,,,20.9,,34.2,,8.65,,1.26,,5.64,,6.32,,,,236,,173,,9.11,,7.98,,244,,16.36,EVENTF,203.5,,,,46,,,,,,,,,,,,,,,,,,,,,,,,,,,,,,,,,,,,,,,,,,,,,,,,,,,,,,,,,,,,,,,,,,,,,,,,,,,,,,,,,,,,,,,,,,,,,,,,,,,,,,,,,,,,,,,,,,,,,,,,,,,,,,
2017PN880004,OIL SANDS LONGTERM WQ MONITORING,"ATHABASCA RIVER M7, BELOW ELLS RIVER",AL07DD0007,57.31373,-111.67183,2017-05-25 12:25,WATER,VERTICAL INTEGRATED,3.8,,99.592,,0,,1.461,,7.694,,89.394,,0,,-0.341,,0.42,,17.663,,8.712,,115.048,,,,,,NA,,NA,,81.7,,,,2.4,,0.08,,,,8.03,,,,,,,,15.4,,25.1,,6.49,,1.91,,5.39,,9.05,,,,194,,104,,9.29,,7.65,,189,,14.34,EVENTF,125.3,,,,77,,,,,,,,,,,,,,,,,,,,,,,,,,,,,,,,,,,,,,,,,,,,,,,,,,,,,,,,,,,,,,,,,,,,,,,,,,,,,,,,,,,,,,,,,,,,,,,,,,,,,,,,,,,,,,,,,,,,,,,,,,,,,,
2017PN880006,OIL SANDS LONGTERM WQ MONITORING,ATHABASCA RIVER M2 ABOVE HORSE RIVER,AL07DD0002,56.71952778,-111.4044722,2017-05-24 10:00,WATER,TRIPLICATE SAMPLE,4,,108.613,,0,,1.485,,9.141,,98.241,,0,,-0.242,,0.34,,14.288,,8.543,,121.904,,,,,,NA,,NA,,89.1,,,,2.1,,0.08,,,,8.06,,,,,,,,15.5,,28,,6.88,,2.01,,5.91,,7.72,,,,207,,120,,9.76,,8,,201,,13.9,EVENTF,138,,,,77,,,,,,,,,,,,,,,,,,,,,,,,,,,,,,,,,,,,,,,,,,,,,,,,,,,,,,,,,,,,,,,,,,,,,,,,,,,,,,,,,,,,,,,,,,,,,,,,,,,,,,,,,,,,,,,,,,,,,,,,,,,,,,
2017PN880007,OIL SANDS LONGTERM WQ MONITORING,ATHABASCA RIVER M2 ABOVE HORSE RIVER,AL07DD0002,56.71952778,-111.4044722,2017-05-24 10:05,WATER,TRIPLICATE SAMPLE,,,108.735,,0,,1.419,,9.082,,98.282,,0,,PM,,0.34,,14.264,,PM,,121.924,,,,,,NA,,NA,,89.2,,,,2.09,,0.08,,,,8.08,,,,,,,,15.4,,28,,6.89,,2.03,,5.96,,7.71,,,,207,,114,,,,,,,,,,,,,,77,,,,,,,,,,,,,,,,,,,,,,,,,,,,,,,,,,,,,,,,,,,,,,,,,,,,,,,,,,,,,,,,,,,,,,,,,,,,,,,,,,,,,,,,,,,,,,,,,,,,,,,,,,,,,,,,,,,,,,,,,,,,,,
2017PN880008,OIL SANDS LONGTERM WQ MONITORING,ATHABASCA RIVER M2 ABOVE HORSE RIVER,AL07DD0002,56.71952778,-111.4044722,2017-05-24 10:10,WATER,TRIPLICATE SAMPLE,,,108.979,,0,,1.526,,9.464,,98.864,,0,,PM,,0.34,,14.195,,PM,,122.329,,,,,,NA,,NA,,89.4,,,,2.09,,0.08,,,,8.05,,,,,,,,15.5,,28.2,,6.91,,2.02,,5.94,,7.71,,,,208,,115,,,,,,,,,,,,,,77,,,,,,,,,,,,,,,,,,,,,,,,,,,,,,,,,,,,,,,,,,,,,,,,,,,,,,,,,,,,,,,,,,,,,,,,,,,,,,,,,,,,,,,,,,,,,,,,,,,,,,,,,,,,,,,,,,,,,,,,,,,,,,
2017PN880014,OIL SANDS LONGTERM WQ MONITORING,M3 LT WQ PANEL 3 OF 10,AL07DD0008,56.83849,-111.41702,2017-06-20 11:40,WATER,VERTICAL INTEGRATED,2.8,,125.557,,0,,1.601,,17.137,,120.137,,0,,0.001,,0.23,,9.487,,8.088,,139.564,,,,,,NA,,NA,,103,,,,1.34,,0.08,,,,8.09,,,,,,,,20.7,,33.9,,8.62,,1.23,,5.6,,5.86,,,,235,,172,,9.11,,8,,242,,16.23,EVENTF,197.2,,,,42,,,,,,,,,,,,,,,,,,,,,,,,,,,,,,,,,,,,,,,,,,,,,,,,,,,,,,,,,,,,,,,,,,,,,,,,,,,,,,,,,,,,,,,,,,,,,,,,,,,,,,,,,,,,,,,,,,,,,,,,,,,,,,
2017PN880015,OIL SANDS LONGTERM WQ MONITORING,M3 LT WQ PANEL 6 OF 10,AL07DD0008,56.83862,-111.41478,2017-06-20 11:10,WATER,VERTICAL INTEGRATED,2.9,,125.557,,0,,1.564,,16.887,,119.887,,0,,0.01,,0.23,,9.388,,8.079,,139.13,,,,,,NA,,NA,,103,,,,1.29,,0.08,,,,8.1,,,,,,,,20.6,,33.8,,8.62,,1.21,,5.52,,5.78,,,,235,,164,,9.21,,8.09,,240,,16.23,EVENTF,196.7,,,,44,,,,,,,,,,,,,,,,,,,,,,,,,,,,,,,,,,,,,,,,,,,,,,,,,,,,,,,,,,,,,,,,,,,,,,,,,,,,,,,,,,,,,,,,,,,,,,,,,,,,,,,,,,,,,,,,,,,,,,,,,,,,,,
2017PN880016,OIL SANDS LONGTERM WQ MONITORING,M3 LT WQ PANEL 9 OF 10,AL07DD0008,56.83991,-111.41234,2017-06-20 10:30,WATER,VERTICAL INTEGRATED,4.3,,95.692,,0,,1.614,,6.152,,84.652,,0,,-0.373,,0.49,,20.71,,8.717,,113.703,,,,,,NA,,NA,,78.5,,,,8.69,,0.08,,,,7.97,,,,,,,,10.4,,23.3,,6.43,,0.93,,6.3,,10.3,,,,198,,69.5,,8.84,,8,,202,,16.81,EVENTF,94.3,,,,59,,,,,,,,,,,,,,,,,,,,,,,,,,,,,,,,,,,,,,,,,,,,,,,,,,,,,,,,,,,,,,,,,,,,,,,,,,,,,,,,,,,,,,,,,,,,,,,,,,,,,,,,,,,,,,,,,,,,,,,,,,,,,,
2017PN880017,OIL SANDS LONGTERM WQ MONITORING,M7 LTWQ PANEL 1 OF 10,AL07DD0007,57.31332,-111.67533,2017-06-21 13:25,WATER,VERTICAL INTEGRATED,4.1,,121.9,,0,,1.747,,13.493,,113.493,,0,,-0.091,,0.28,,11.582,,8.222,,135.771,,,,,,NA,,NA,,100,,,,1.85,,0.08,,,,8.04,,,,,,,,20.1,,31.8,,8.28,,1.18,,5.1,,6.92,,,,228,,146,,8.75,,8,,235,,16.14,,158.8,,,,48,,,,,,,,,,,,,,,,,,,,,,,,,,,,,,,,,,,,,,,,,,,,,,,,,,,,,,,,,,,,,,,,,,,,,,,,,,,,,,,,,,,,,,,,,,,,,,,,,,,,,,,,,,,,,,,,,,,,,,,,,,,,,,
2017PN880019,OIL SANDS LONGTERM WQ MONITORING,ATHABASCA RIVER M2 ABOVE HORSE RIVER,AL07DD0002,56.71952778,-111.4044722,2017-06-20 16:00,WATER,VERTICAL INTEGRATED,6,,125.557,,0,,1.458,,17.093,,120.093,,0,,0.044,,0.23,,9.374,,8.042,,139.673,,,,,,NA,,NA,,103,,,,1.37,,0.08,,,,8.13,,,,,,,,20.9,,33.8,,8.67,,1.21,,5.58,,5.78,,,,237,,165,,9.21,,8.01,,239,,16.37,EVENTF,193.2,,,,47,,,,,,,,,,,,,,,,,,,,,,,,,,,,,,,,,,,,,,,,,,,,,,,,,,,,,,,,,,,,,,,,,,,,,,,,,,,,,,,,,,,,,,,,,,,,,,,,,,,,,,,,,,,,,,,,,,,,,,,,,,,,,,
2017PN880020,OIL SANDS LONGTERM WQ MONITORING,M7 LTWQ PANEL 8 OF 10,AL07DD0007,57.31392,-111.66925,2017-06-21 14:15,WATER,VERTICAL INTEGRATED,5,,114.464,,0,,1.602,,11.215,,105.115,,0,,-0.139,,0.31,,13.031,,8.328,,129.266,,,,,,NA,,NA,,93.9,,,,4.14,,0.08,,,,8.05,,,,,,,,17.1,,29.5,,7.64,,1.08,,5.64,,7.33,,,,221,,130,,8.75,,8,,228,,16.14,EVENTF,163.2,,,,48,,,,,,,,,,,,,,,,,,,,,,,,,,,,,,,,,,,,,,,,,,,,,,,,,,,,,,,,,,,,,,,,,,,,,,,,,,,,,,,,,,,,,,,,,,,,,,,,,,,,,,,,,,,,,,,,,,,,,,,,,,,,,,
2017PN880021,OIL SANDS LONGTERM WQ MONITORING,M3 LT WQ PANEL 3 OF 10,AL07DD0008,56.83849,-111.41702,2017-07-18 10:00,WATER,VERTICAL INTEGRATED,2.2,,120.315,,0,,1.464,,20.669,,119.369,,0,,0.048,,0.25,,10.308,,8.014,,140.274,,,,,,NA,,NA,,98.7,,,,1.58,,0.08,,,,8.11,,,,,,,,26.1,,32.9,,9.04,,1.01,,3.93,,6.37,,,,234,,32.8,,9.09,,8,,247,,18.15,,40.9,,,,28,,,,,,,,,,,,,,,,,,,,,,,,,,,,,,,,,,,,,,,,,,,,,,,,,,,,,,,,,,,,,,,,,,,,,,,,,,,,,,,,,,,,,,,,,,,,,,,,,,,,,,,,,,,,,,,,,,,,,,,,,,,,,,
2017PN880022,OIL SANDS LONGTERM WQ MONITORING,M3 LT WQ PANEL 6 OF 10,AL07DD0008,56.83862,-111.41478,2017-07-18 11:25,WATER,VERTICAL INTEGRATED,1.7,,120.072,,0,,1.427,,20.496,,118.996,,0,,0.065,,0.25,,10.132,,7.991,,139.604,,,,,,NA,,NA,,98.5,,,,1.55,,0.08,,,,8.12,,,,,,,,25.9,,32.8,,9.01,,1.01,,3.88,,6.23,,,,234,,33.4,,9.25,,8.37,,244,,18.46,,41.8,,,,26,,,,,,,,,,,,,,,,,,,,,,,,,,,,,,,,,,,,,,,,,,,,,,,,,,,,,,,,,,,,,,,,,,,,,,,,,,,,,,,,,,,,,,,,,,,,,,,,,,,,,,,,,,,,,,,,,,,,,,,,,,,,,,
2017PN880023,OIL SANDS LONGTERM WQ MONITORING,M3 LT WQ PANEL 9 OF 10,AL07DD0008,56.83991,-111.41234,2017-07-18 10:40,WATER,VERTICAL INTEGRATED,2.9,,97.154,,0,,1.928,,5.562,,85.262,,0,,-0.413,,0.62,,24.966,,8.727,,122.018,,,,,,NA,,NA,,79.7,,,,13,,0.09,,,,7.9,,,,,,,,10.6,,23,,6.76,,0.86,,6.63,,13.2,,,,208,,25.4,,8.79,,8.06,,218,,17.87,,34.8,,,,59,,,,,,,,,,,,,,,,,,,,,,,,,,,,,,,,,,,,,,,,,,,,,,,,,,,,,,,,,,,,,,,,,,,,,,,,,,,,,,,,,,,,,,,,,,,,,,,,,,,,,,,,,,,,,,,,,,,,,,,,,,,,,,
2017PN880024,OIL SANDS LONGTERM WQ MONITORING,ATHABASCA RIVER M2 ABOVE HORSE RIVER,AL07DD0002,56.71952778,-111.4044722,2017-08-16 13:15,WATER,VERTICAL INTEGRATED,4.5,,132.871,,0,,1.221,,14.609,,123.609,,0,,0.296,,0.32,,12.531,,7.639,,150.664,,,,,,NA,,NA,,109,,,,2.12,,0.09,,,,8.23,,,,,,,,24.1,,34.4,,9.16,,1.49,,5.6,,8.26,,,,252,,16.7,,9.35,,8.22,,266,,20.45,,18.7,,,,48,,,,,,,,,,,,,,,,,,,,,,,,,,,,,,,,,,,,,,,,,,,,,,,,,,,,,,,,,,,,,,,,,,,,,,,,,,,,,,,,,,,,,,,,,,,,,,,,,,,,,,,,,,,,,,,,,,,,,,,,,,,,,,
2017PN880026,OIL SANDS LONGTERM WQ MONITORING,ATHABASCA RIVER M2 ABOVE HORSE RIVER,AL07DD0002,56.71952778,-111.4044722,2017-07-18 13:15,WATER,VERTICAL INTEGRATED,5.5,,118.974,,0,,1.229,,20.608,,118.208,,0,,0.122,,0.25,,10.145,,7.937,,138.914,,,,,,NA,,NA,,97.6,,,,1.53,,0.08,,,,8.18,,,,,,,,25.5,,32.6,,8.94,,1.04,,4.42,,6.2,,,,234,,36.4,,9.35,,8.29,,241,,18.56,,46.1,,,,60,,,,,,,,,,,,,,,,,,,,,,,,,,,,,,,,,,,,,,,,,,,,,,,,,,,,,,,,,,,,,,,,,,,,,,,,,,,,,,,,,,,,,,,,,,,,,,,,,,,,,,,,,,,,,,,,,,,,,,,,,,,,,,
2017PN880027,OIL SANDS LONGTERM WQ MONITORING,M7 LTWQ PANEL 8 OF 10,AL07DD0007,57.31392,-111.66925,2017-07-19 12:10,WATER,VERTICAL INTEGRATED,3.5,,113.123,,0,,1.196,,18.103,,110.903,,0,,0.063,,0.35,,14.105,,8.043,,134.984,,,,,,NA,,NA,,92.8,,,,4.62,,0.08,,,,8.17,,,,,,,,21.7,,30.4,,8.5,,0.97,,4.53,,8.46,,,,226,,31.2,,8.97,,8.26,,234,,18.65,,42.2,,,,38,,,,,,,,,,,,,,,,,,,,,,,,,,,,,,,,,,,,,,,,,,,,,,,,,,,,,,,,,,,,,,,,,,,,,,,,,,,,,,,,,,,,,,,,,,,,,,,,,,,,,,,,,,,,,,,,,,,,,,,,,,,,,,
2017PN880028,OIL SANDS LONGTERM WQ MONITORING,M7 LTWQ PANEL 1 OF 10,AL07DD0007,57.31332,-111.67533,2017-07-19 10:35,WATER,TRIPLICATE SAMPLE,5.6,,117.268,,0,,1.27,,15.285,,111.485,,0,,0.066,,0.34,,13.626,,8.029,,137.224,,,,,,NA,,NA,,96.2,,,,4.08,,0.09,,,,8.16,,,,,,,,22.6,,30.6,,8.52,,0.98,,4.42,,8.17,,,,229,,28.9,,9.04,,8.27,,242,,18.46,,39.6,,,,41,,,,,,,,,,,,,,,,,,,,,,,,,,,,,,,,,,,,,,,,,,,,,,,,,,,,,,,,,,,,,,,,,,,,,,,,,,,,,,,,,,,,,,,,,,,,,,,,,,,,,,,,,,,,,,,,,,,,,,,,,,,,,,
2017PN880029,OIL SANDS LONGTERM WQ MONITORING,M7 LTWQ PANEL 1 OF 10,AL07DD0007,57.31332,-111.67533,2017-07-19 10:40,WATER,TRIPLICATE SAMPLE,5.6,,117.634,,0,,1.304,,17.183,,113.683,,0,,PM,,0.33,,13.201,,PM,,137.924,,,,,,NA,,NA,,96.5,,,,3.52,,0.09,,,,8.15,,,,,,,,23.2,,31.2,,8.69,,0.98,,4.27,,8.03,,,,231,,27.6,,,,,,,,,,,,,,39,,,,,,,,,,,,,,,,,,,,,,,,,,,,,,,,,,,,,,,,,,,,,,,,,,,,,,,,,,,,,,,,,,,,,,,,,,,,,,,,,,,,,,,,,,,,,,,,,,,,,,,,,,,,,,,,,,,,,,,,,,,,,,
2017PN880030,OIL SANDS LONGTERM WQ MONITORING,M7 LTWQ PANEL 1 OF 10,AL07DD0007,57.31332,-111.67533,2017-07-19 10:45,WATER,TRIPLICATE SAMPLE,5.6,,117.39,,0,,1.242,,18.088,,114.388,,0,,PM,,0.33,,13.189,,PM,,138.094,,,,,,NA,,NA,,96.3,,,,3.52,,0.09,,,,8.17,,,,,,,,23.2,,31.4,,8.74,,0.97,,4.28,,8.07,,,,231,,28.8,,,,,,,,,,,,,,41,,,,,,,,,,,,,,,,,,,,,,,,,,,,,,,,,,,,,,,,,,,,,,,,,,,,,,,,,,,,,,,,,,,,,,,,,,,,,,,,,,,,,,,,,,,,,,,,,,,,,,,,,,,,,,,,,,,,,,,,,,,,,,
2017PN880036,OIL SANDS LONGTERM WQ MONITORING,M3 LT WQ PANEL 3 OF 10,AL07DD0008,56.83849,-111.41702,2017-08-16 11:20,WATER,VERTICAL INTEGRATED,1.9,,131.652,,0,,1.425,,16.396,,124.396,,0,,0.191,,0.33,,12.609,,7.779,,150.904,,,,,,NA,,NA,,108,,,,2.24,,0.09,,,,8.16,,,,,,,,24.4,,34.6,,9.23,,1.47,,5.66,,8.37,,,,250,,18.4,,9.07,,8.26,,265,,19.33,,21.6,,,,59,,,,,,,,,,,,,,,,,,,,,,,,,,,,,,,,,,,,,,,,,,,,,,,,,,,,,,,,,,,,,,,,,,,,,,,,,,,,,,,,,,,,,,,,,,,,,,,,,,,,,,,,,,,,,,,,,,,,,,,,,,,,,,
2017PN880037,OIL SANDS LONGTERM WQ MONITORING,M3 LT WQ PANEL 6 OF 10,AL07DD0008,56.83862,-111.41478,2017-08-16 11:00,WATER,VERTICAL INTEGRATED,1.7,,131.652,,0,,1.329,,15.609,,123.609,,0,,0.224,,0.32,,12.452,,7.743,,150.024,,,,,,NA,,NA,,108,,,,2.16,,0.09,,,,8.19,,,,,,,,24.2,,34.4,,9.16,,1.48,,5.49,,8.2,,,,250,,18.6,,9.14,,8.26,,264,,19.5,,20.2,,,,47,,,,,,,,,,,,,,,,,,,,,,,,,,,,,,,,,,,,,,,,,,,,,,,,,,,,,,,,,,,,,,,,,,,,,,,,,,,,,,,,,,,,,,,,,,,,,,,,,,,,,,,,,,,,,,,,,,,,,,,,,,,,,,
2017PN880038,OIL SANDS LONGTERM WQ MONITORING,M3 LT WQ PANEL 9 OF 10,AL07DD0008,56.83991,-111.41234,2017-08-16 10:30,WATER,VERTICAL INTEGRATED,2.2,,102.762,,0,,1.774,,1.873,,86.173,,0,,-0.29,,0.68,,26.527,,8.539,,128.376,,,,,,NA,,NA,,84.3,,,,15.1,,0.09,,,,7.96,,,,,,,,9,,23.2,,6.86,,0.98,,8,,14.5,,,,219,,24.3,,8.65,,8.03,,234,,19.14,,27.9,,,,60,,,,,,,,,,,,,,,,,,,,,,,,,,,,,,,,,,,,,,,,,,,,,,,,,,,,,,,,,,,,,,,,,,,,,,,,,,,,,,,,,,,,,,,,,,,,,,,,,,,,,,,,,,,,,,,,,,,,,,,,,,,,,,
2017PN880039,OIL SANDS LONGTERM WQ MONITORING,ATHABASCA RIVER M2 ABOVE HORSE RIVER,AL07DD0002,56.71952778,-111.4044722,2017-09-12 14:10,WATER,VERTICAL INTEGRATED,4.3,,136.528,,0,,2.587,,21.309,,133.309,,0,,-0.142,,0.35,,13.049,,8.205,,160.314,,,,,,NA,,NA,,112,,,,2.25,,0.09,,,,7.92,,,,,,,,31.7,,36.9,,10,,1.36,,1.46,,9.31,,,,280,,5.32,,10.54,,8.5,,283,,14.89,,3,,,,16,,,,,,,,,,,,,,,,,,,,,,,,,,,,,,,,,,,,,,,,,,,,,,,,,,,,,,,,,,,,,,,,,,,,,,,,,,,,,,,,,,,,,,,,,,,,,,,,,,,,,,,,,,,,,,,,,,,,,,,,,,,,,,
2017PN880040,OIL SANDS LONGTERM WQ MONITORING,M7 LTWQ PANEL 1 OF 10,AL07DD0007,57.31332,-111.67533,2017-08-17 10:05,WATER,VERTICAL INTEGRATED,4.1,,126.776,,0,,1.472,,13.838,,117.838,,0,,0.125,,0.4,,15.371,,7.879,,148.174,,,,,,NA,,NA,,104,,,,5.26,,0.09,,,,8.13,,,,,,,,21.6,,32.6,,8.85,,1.39,,5.96,,9.98,,,,250,,20.4,,8.73,,8.2,,264,,19.53,,18.2,,,,48,,,,,,,,,,,,,,,,,,,,,,,,,,,,,,,,,,,,,,,,,,,,,,,,,,,,,,,,,,,,,,,,,,,,,,,,,,,,,,,,,,,,,,,,,,,,,,,,,,,,,,,,,,,,,,,,,,,,,,,,,,,,,,
2017PN880041,OIL SANDS LONGTERM WQ MONITORING,M7 LTWQ PANEL 8 OF 10,AL07DD0007,57.31392,-111.66925,2017-08-17 10:55,WATER,VERTICAL INTEGRATED,3,,123.119,,0,,1.498,,12.979,,113.979,,0,,0.091,,0.43,,16.367,,7.928,,144.834,,,,,,NA,,NA,,101,,,,6.45,,0.09,,,,8.11,,,,,,,,19.6,,31.5,,8.58,,1.33,,6.24,,10.4,,,,248,,22.1,,8.71,,8.17,,256,,19.94,,22.5,,,,50,,,,,,,,,,,,,,,,,,,,,,,,,,,,,,,,,,,,,,,,,,,,,,,,,,,,,,,,,,,,,,,,,,,,,,,,,,,,,,,,,,,,,,,,,,,,,,,,,,,,,,,,,,,,,,,,,,,,,,,,,,,,,,
2017PN880043,OIL SANDS LONGTERM WQ MONITORING,M3 LT WQ PANEL 6 OF 10,AL07DD0008,56.83862,-111.41478,2017-09-12 12:00,WATER,VERTICAL INTEGRATED,1.8,,135.309,,0,,2.179,,19.65,,130.65,,0,,-0.088,,0.4,,14.723,,8.166,,160.704,,,,,,NA,,NA,,111,,,,4.36,,0.09,,,,7.99,,,,,,,,30.1,,36,,9.9,,1.36,,1.75,,10.5,,,,281,,5.36,,9.99,,8.41,,285,,14.86,,3.6,,,,16,,,,,,,,,,,,,,,,,,,,,,,,,,,,,,,,,,,,,,,,,,,,,,,,,,,,,,,,,,,,,,,,,,,,,,,,,,,,,,,,,,,,,,,,,,,,,,,,,,,,,,,,,,,,,,,,,,,,,,,,,,,,,,
2017PN880044,OIL SANDS LONGTERM WQ MONITORING,M3 LT WQ PANEL 9 OF 10,AL07DD0008,56.83991,-111.41234,2017-09-12 11:25,WATER,VERTICAL INTEGRATED,2,,113.245,,0,,3.259,,8.037,,100.937,,0,,0.711,,0.88,,30.154,,6.318,,155.204,,,,,,NA,,NA,,92.9,,,,21.8,,0.09,,,,7.74,,,,,,,,16,,27.2,,8.02,,1.11,,4.9,,20.3,,,,279,,7.05,,9.84,,8.23,,284,,14.42,,5.3,,,,30,,,,,,,,,,,,,,,,,,,,,,,,,,,,,,,,,,,,,,,,,,,,,,,,,,,,,,,,,,,,,,,,,,,,,,,,,,,,,,,,,,,,,,,,,,,,,,,,,,,,,,,,,,,,,,,,,,,,,,,,,,,,,,
2017PN880045,OIL SANDS LONGTERM WQ MONITORING,M3 LT WQ PANEL 3 OF 10,AL07DD0008,56.83849,-111.41702,2017-09-12 9:50,WATER,TRIPLICATE SAMPLE,0.5,,137.747,,0,,2.492,,19.972,,132.972,,0,,-0.129,,0.36,,13.438,,8.197,,161.774,,,,,,NA,,NA,,113,,,,2.56,,0.09,,,,7.94,,,,,,,,32.2,,36.6,,10.1,,1.39,,1.38,,9.61,,,,283,,4.77,,9.81,,8.14,,290,,14.7,,3,,,,33,,,,,,,,,,,,,,,,,,,,,,,,,,,,,,,,,,,,,,,,,,,,,,,,,,,,,,,,,,,,,,,,,,,,,,,,,,,,,,,,,,,,,,,,,,,,,,,,,,,,,,,,,,,,,,,,,,,,,,,,,,,,,,
2017PN880046,OIL SANDS LONGTERM WQ MONITORING,M3 LT WQ PANEL 3 OF 10,AL07DD0008,56.83849,-111.41702,2017-09-12 9:55,WATER,TRIPLICATE SAMPLE,0.5,,138.966,,0,,2.344,,19.222,,133.222,,0,,PM,,0.36,,13.428,,PM,,162.584,,,,,,NA,,NA,,114,,,,2.58,,0.09,,,,7.97,,,,,,,,32.2,,36.7,,10.1,,1.4,,1.45,,9.62,,,,287,,4.84,,,,,,,,,,,,,,26,,,,,,,,,,,,,,,,,,,,,,,,,,,,,,,,,,,,,,,,,,,,,,,,,,,,,,,,,,,,,,,,,,,,,,,,,,,,,,,,,,,,,,,,,,,,,,,,,,,,,,,,,,,,,,,,,,,,,,,,,,,,,,
2017PN880047,OIL SANDS LONGTERM WQ MONITORING,M3 LT WQ PANEL 3 OF 10,AL07DD0008,56.83849,-111.41702,2017-09-12 10:00,WATER,TRIPLICATE SAMPLE,0.5,,138.966,,0,,2.514,,19.222,,133.222,,0,,PM,,0.36,,13.443,,PM,,162.484,,,,,,NA,,NA,,114,,,,2.58,,0.09,,,,7.94,,,,,,,,32.2,,36.7,,10.1,,1.37,,1.37,,9.63,,,,286,,4.76,,,,,,,,,,,,,,16,,,,,,,,,,,,,,,,,,,,,,,,,,,,,,,,,,,,,,,,,,,,,,,,,,,,,,,,,,,,,,,,,,,,,,,,,,,,,,,,,,,,,,,,,,,,,,,,,,,,,,,,,,,,,,,,,,,,,,,,,,,,,,
2017PN880053,OIL SANDS LONGTERM WQ MONITORING,M7 LTWQ PANEL 1 OF 10,AL07DD0007,57.31332,-111.67533,2017-09-13 13:00,WATER,VERTICAL INTEGRATED,3.8,,132.871,,0,,1.86,,14.719,,123.719,,0,,-0.082,,0.51,,18.531,,8.214,,162.284,,,,,,NA,,NA,,109,,,,8.84,,0.09,,,,8.05,,,,,,,,27.7,,33.9,,9.49,,1.29,,2.43,,13.1,,,,278,,5.82,,10.03,,8.4,,292,,14.24,,3.7,,,,17,,,,,,,,,,,,,,,,,,,,,,,,,,,,,,,,,,,,,,,,,,,,,,,,,,,,,,,,,,,,,,,,,,,,,,,,,,,,,,,,,,,,,,,,,,,,,,,,,,,,,,,,,,,,,,,,,,,,,,,,,,,,,,
2017PN880054,OIL SANDS LONGTERM WQ MONITORING,M7 LTWQ PANEL 8 OF 10,AL07DD0007,57.31392,-111.66925,2017-09-13 13:30,WATER,VERTICAL INTEGRATED,2.6,,131.652,,0,,1.931,,14.972,,122.972,,0,,-0.109,,0.51,,18.626,,8.248,,161.084,,,,,,NA,,NA,,108,,,,8.98,,0.09,,,,8.03,,,,,,,,27.2,,33.7,,9.43,,1.26,,2.48,,13.1,,,,281,,5.82,,10.07,,8.45,,290,,14.24,,3.9,,,,19,,,,,,,,,,,,,,,,,,,,,,,,,,,,,,,,,,,,,,,,,,,,,,,,,,,,,,,,,,,,,,,,,,,,,,,,,,,,,,,,,,,,,,,,,,,,,,,,,,,,,,,,,,,,,,,,,,,,,,,,,,,,,,
2017PN880056,OIL SANDS LONGTERM WQ MONITORING,ATHABASCA RIVER M2 ABOVE HORSE RIVER,AL07DD0002,56.71952778,-111.4044722,2017-10-11 14:00,WATER,VERTICAL INTEGRATED,4.6,,143.842,,0,,1.291,,22.612,,140.612,,0,,-0.096,,0.33,,12.153,,8.432,,168.744,,,,,,NA,,NA,,118,,,,1.93,,0.09,,,,8.24,,,,,,,,30.6,,39,,10.5,,1.4,,5.33,,9.05,,,,292,,13.7,,12,,8.17,,297,,5.27,,11.4,,,,52,,,,,,,,,,,,,,,,,,,,,,,,,,,,,,,,,,,,,,,,,,,,,,,,,,,,,,,,,,,,,,,,,,,,,,,,,,,,,,,,,,,,,,,,,,,,,,,,,,,,,,,,,,,,,,,,,,,,,,,,,,,,,,
2017PN880057,OIL SANDS LONGTERM WQ MONITORING,M3 LT WQ PANEL 3 OF 10,AL07DD0008,56.83849,-111.41702,2017-10-11 10:35,WATER,VERTICAL INTEGRATED,1.1,,145.061,,0,,1.43,,21.112,,140.112,,0,,-0.136,,0.34,,12.392,,8.472,,168.914,,,,,,NA,,NA,,119,,,,2.11,,0.09,,,,8.2,,,,,,,,30.1,,38.8,,10.5,,1.39,,5.26,,9.22,,,,293,,13.3,,11.61,,7.58,,300,,5.23,,11.4,,,,36,,,,,,,,,,,,,,,,,,,,,,,,,,,,,,,,,,,,,,,,,,,,,,,,,,,,,,,,,,,,,,,,,,,,,,,,,,,,,,,,,,,,,,,,,,,,,,,,,,,,,,,,,,,,,,,,,,,,,,,,,,,,,,
2017PN880058,OIL SANDS LONGTERM WQ MONITORING,M3 LT WQ PANEL 6 OF 10,AL07DD0008,56.83862,-111.41478,2017-10-11 11:10,WATER,VERTICAL INTEGRATED,1.8,,142.623,,0,,1.221,,20.541,,137.541,,0,,-0.087,,0.35,,12.971,,8.435,,167.114,,,,,,NA,,NA,,117,,,,2.83,,0.09,,,,8.26,,,,,,,,29.2,,38.1,,10.3,,1.4,,5.41,,9.54,,,,291,,13.8,,11.75,,8.26,,294,,5.35,,11.4,,,,38,,,,,,,,,,,,,,,,,,,,,,,,,,,,,,,,,,,,,,,,,,,,,,,,,,,,,,,,,,,,,,,,,,,,,,,,,,,,,,,,,,,,,,,,,,,,,,,,,,,,,,,,,,,,,,,,,,,,,,,,,,,,,,
2017PN880059,OIL SANDS LONGTERM WQ MONITORING,M3 LT WQ PANEL 9 OF 10,AL07DD0008,56.83991,-111.41234,2017-10-11 11:30,WATER,VERTICAL INTEGRATED,2,,108.857,,0,,1.454,,3.508,,92.808,,0,,-0.603,,0.79,,28.669,,9.276,,141.924,,,,,,NA,,NA,,89.3,,,,17.4,,0.09,,,,8.07,,,,,,,,12.5,,25,,7.38,,1.12,,7.41,,17.4,,,,252,,12.8,,11.84,,8.19,,257,,4.43,,11.4,,,,52,,,,,,,,,,,,,,,,,,,,,,,,,,,,,,,,,,,,,,,,,,,,,,,,,,,,,,,,,,,,,,,,,,,,,,,,,,,,,,,,,,,,,,,,,,,,,,,,,,,,,,,,,,,,,,,,,,,,,,,,,,,,,,
2017PN880060,OIL SANDS LONGTERM WQ MONITORING,M7 LTWQ PANEL 1 OF 10,AL07DD0007,57.31332,-111.67533,2017-10-13 12:30,WATER,VERTICAL INTEGRATED,4,,136.528,,0,,1.284,,17.399,,129.399,,0,,-0.252,,0.46,,16.719,,8.725,,166.123,,,,,,NA,,NA,,112,,,,6.44,,0.09,,,,8.22,,,,,,,,27.1,,35.4,,9.96,,1.41,,6.33,,12.1,,,,288,,13.8,,12.27,,8.26,,294,,3.24,,12.2,,,,41,,,,,,,,,,,,,,,,,,,,,,,,,,,,,,,,,,,,,,,,,,,,,,,,,,,,,,,,,,,,,,,,,,,,,,,,,,,,,,,,,,,,,,,,,,,,,,,,,,,,,,,,,,,,,,,,,,,,,,,,,,,,,,
2017PN880061,OIL SANDS LONGTERM WQ MONITORING,M7 LTWQ PANEL 8 OF 10,AL07DD0007,57.31392,-111.66925,2017-10-13 11:35,WATER,VERTICAL INTEGRATED,3.4,,132.871,,0,,1.25,,16.5,,125.5,,0,,-0.277,,0.48,,17.501,,8.774,,162.681,,,,,,NA,,NA,,109,,,,7.46,,0.09,,,,8.22,,,,,,,,25.4,,34.3,,9.68,,1.36,,6.52,,12.4,,,,284,,13.4,,12.25,,7.94,,285,,3.23,,11.6,,,,39,,,,,,,,,,,,,,,,,,,,,,,,,,,,,,,,,,,,,,,,,,,,,,,,,,,,,,,,,,,,,,,,,,,,,,,,,,,,,,,,,,,,,,,,,,,,,,,,,,,,,,,,,,,,,,,,,,,,,,,,,,,,,,
2017PN880063,OIL SANDS LONGTERM WQ MONITORING,ATHABASCA RIVER M2 ABOVE HORSE RIVER,AL07DD0002,56.71952778,-111.4044722,2018-01-16 13:30,WATER,VERTICAL INTEGRATED,3.5,,221.858,,0,,3.035,,0,,173.215,,0,,-0.217,,0.62,,18.681,,8.493,,243.523,,,,,,NA,,NA,,182,,,,4.51,,0.11,,,,8.06,,,,,,,,39.6,,48.1,,12.9,,2.37,,7.42,,18.6,,,,434,,8.84,,13,,8.07,EVENTF,240,,-0.34,,1.1,,,,23,,,,,,,,,,,,,,,,,,,,,,,,,,,,,,,,,,,,,,,,,,,,,,,,,,,,,,,,,,,,,,,,,,,,,,,,,,,,,,,,,,,,,,,,,,,,,,,,,,,,,,,,,,,,,,,,,,,,,,,,,,,,,,
2017PN880064,OIL SANDS LONGTERM WQ MONITORING,M3 LT WQ PANEL 1 OF 10,AL07DD0008,56.8383,-111.41835,2018-01-16 10:45,WATER,VERTICAL INTEGRATED,0.95,,234.048,,0,,3.949,,15.803,,207.803,,0,,-0.212,,0.74,,20.129,,8.395,,284.107,,,,,,NA,,NA,,192,,,,9.38,,0.12,,,,7.97,,,,,,,,47.8,,57.5,,15.6,,2.99,,8.62,,24.5,,,,475,,2.66,,12.39,,7.63,,488,,-0.32,,0,,,,24,,,,,,,,,,,,,,,,,,,,,,,,,,,,,,,,,,,,,,,,,,,,,,,,,,,,,,,,,,,,,,,,,,,,,,,,,,,,,,,,,,,,,,,,,,,,,,,,,,,,,,,,,,,,,,,,,,,,,,,,,,,,,,
2017PN880065,OIL SANDS LONGTERM WQ MONITORING,M3 LT WQ PANEL 6 OF 10,AL07DD0008,56.83862,-111.41478,2018-01-16 11:10,WATER,VERTICAL INTEGRATED,1.53,,220.639,,0,,3.637,,11.125,,192.125,,0,,-0.258,,0.7,,19.822,,8.496,,261.455,,,,,,NA,,NA,,181,,,,7.56,,0.12,,,,7.98,,,,,,,,42.9,,53.2,,14.4,,2.62,,9.04,,22.2,,,,435,,2.84,,13,,7.65,,449,,-0.33,,0,,,,27,,,,,,,,,,,,,,,,,,,,,,,,,,,,,,,,,,,,,,,,,,,,,,,,,,,,,,,,,,,,,,,,,,,,,,,,,,,,,,,,,,,,,,,,,,,,,,,,,,,,,,,,,,,,,,,,,,,,,,,,,,,,,,
2017PN880066,OIL SANDS LONGTERM WQ MONITORING,M3 LT WQ PANEL 10 OF 10,AL07DD0008,56.83878,-111.41164,2018-01-16 11:35,WATER,VERTICAL INTEGRATED,1.95,,117.877,,0,,3.989,,0,,92.885,,0,,-1.153,,1.13,,36.538,,9.976,,169.402,,,,,,NA,,NA,,96.7,,,,28.1,,0.1,,,,7.67,,,,,,,,11.7,,24.8,,7.52,,1.28,,12.2,,25,,,,295,,6.72,,12.8,,8.19,,299,,-0.33,,1,,,,39,,,,,,,,,,,,,,,,,,,,,,,,,,,,,,,,,,,,,,,,,,,,,,,,,,,,,,,,,,,,,,,,,,,,,,,,,,,,,,,,,,,,,,,,,,,,,,,,,,,,,,,,,,,,,,,,,,,,,,,,,,,,,,
2017PN880068,OIL SANDS LONGTERM WQ MONITORING,M7 LTWQ PANEL 10 OF 10,AL07DD0007,57.31395,-111.66737,2018-01-17 12:30,WATER,VERTICAL INTEGRATED,2.42,,184.069,,0,,4.717,,7.685,,158.685,,0,,-0.607,,0.81,,23.909,,9.005,,230.409,,,,,,NA,,NA,,151,,,,15.5,,0.11,,,,7.79,,,,,,,,31.6,,43.6,,12.1,,2.14,,10.4,,23.3,,,,383,,3.76,,12.6,,7.67,,400,,-0.32,,0,,,,29,,,,,,,,,,,,,,,,,,,,,,,,,,,,,,,,,,,,,,,,,,,,,,,,,,,,,,,,,,,,,,,,,,,,,,,,,,,,,,,,,,,,,,,,,,,,,,,,,,,,,,,,,,,,,,,,,,,,,,,,,,,,,,
2017PN880069,OIL SANDS LONGTERM WQ MONITORING,M7 LTWQ PANEL 1 OF 10,AL07DD0007,57.31332,-111.67533,2018-01-17 11:20,WATER,TRIPLICATE SAMPLE,3.83,,197.478,,0,,4.013,,8.468,,170.468,,0,,-0.446,,0.77,,22.557,,8.783,,242.322,,,,,,NA,,NA,,162,,,,13.2,,0.12,,,,7.89,,,,,,,,35.6,,47,,12.9,,2.28,,9.87,,23.2,,,,403,,3.84,,12.44,,7.54,,421,,-0.32,,0,,,,26,,,,,,,,,,,,,,,,,,,,,,,,,,,,,,,,,,,,,,,,,,,,,,,,,,,,,,,,,,,,,,,,,,,,,,,,,,,,,,,,,,,,,,,,,,,,,,,,,,,,,,,,,,,,,,,,,,,,,,,,,,,,,,
2017PN880070,OIL SANDS LONGTERM WQ MONITORING,M7 LTWQ PANEL 1 OF 10,AL07DD0007,57.31332,-111.67533,2018-01-17 11:25,WATER,TRIPLICATE SAMPLE,3.83,,197.478,,0,,4.832,,8.468,,170.468,,0,,PM,,0.78,,22.635,,PM,,242.355,,,,,,NA,,NA,,162,,,,13.2,,0.12,,,,7.81,,,,,,,,35.6,,47,,12.9,,2.26,,9.84,,23.3,,,,402,,3.8,,,,,,,,,,,,,,27,,,,,,,,,,,,,,,,,,,,,,,,,,,,,,,,,,,,,,,,,,,,,,,,,,,,,,,,,,,,,,,,,,,,,,,,,,,,,,,,,,,,,,,,,,,,,,,,,,,,,,,,,,,,,,,,,,,,,,,,,,,,,,
2017PN880071,OIL SANDS LONGTERM WQ MONITORING,M7 LTWQ PANEL 1 OF 10,AL07DD0007,57.31332,-111.67533,2018-01-17 11:30,WATER,TRIPLICATE SAMPLE,3.83,,197.478,,0,,4.721,,8.88,,170.88,,0,,PM,,0.78,,22.592,,PM,,242.541,,,,,,NA,,NA,,162,,,,13.2,,0.12,,,,7.82,,,,,,,,35.6,,47,,13,,2.27,,10,,23.3,,,,401,,3.78,,,,,,,,,,,,,,29,,,,,,,,,,,,,,,,,,,,,,,,,,,,,,,,,,,,,,,,,,,,,,,,,,,,,,,,,,,,,,,,,,,,,,,,,,,,,,,,,,,,,,,,,,,,,,,,,,,,,,,,,,,,,,,,,,,,,,,,,,,,,,
2017PN880076,OIL SANDS LONGTERM WQ MONITORING,ATHABASCA RIVER M2 ABOVE HORSE RIVER,AL07DD0002,56.71952778,-111.4044722,2018-02-13 14:11,WATER,VERTICAL INTEGRATED,1.84,,223.077,,0,,5.333,,15.091,,198.091,,0,,-0.402,,0.64,,18.314,,8.623,,266.767,,,,,,NA,,NA,,183,,,,5.64,,0.12,,,,7.82,,,,,,,,49.8,,54.6,,15,,2.26,,7.81,,20.7,,,,442,,1.66,,11.49,,7.58,,457,,-0.3,,0,,,,32,,,,,,,,,,,,,,,,,,,,,,,,,,,,,,,,,,,,,,,,,,,,,,,,,,,,,,,,,,,,,,,,,,,,,,,,,,,,,,,,,,,,,,,,,,,,,,,,,,,,,,,,,,,,,,,,,,,,,,,,,,,,,,
2017PN880077,OIL SANDS LONGTERM WQ MONITORING,M3 LT WQ PANEL 1 OF 10,AL07DD0008,56.8383,-111.41835,2018-02-13 10:45,WATER,VERTICAL INTEGRATED,0.7,,224.296,,0,,5.002,,20.395,,204.395,,0,,-0.36,,0.77,,20.941,,8.57,,286.675,,,,,,NA,,NA,,184,,,,13.2,,0.12,,,,7.85,,,,,,,,52,,56.3,,15.5,,2.76,,7.71,,25.3,,,,474,,2.12,,11.19,,7.39,,494,,-0.31,,0,,,,20,,,,,,,,,,,,,,,,,,,,,,,,,,,,,,,,,,,,,,,,,,,,,,,,,,,,,,,,,,,,,,,,,,,,,,,,,,,,,,,,,,,,,,,,,,,,,,,,,,,,,,,,,,,,,,,,,,,,,,,,,,,,,,
2017PN880078,OIL SANDS LONGTERM WQ MONITORING,M3 LT WQ PANEL 6 OF 10,AL07DD0008,56.83862,-111.41478,2018-02-13 11:15,WATER,VERTICAL INTEGRATED,1.1,,214.544,,0,,5.499,,15.7,,191.7,,0,,-0.461,,0.65,,18.879,,8.713,,259.074,,,,,,NA,,NA,,176,,,,6.97,,0.12,,,,7.79,,,,,,,,47,,52.7,,14.6,,2.23,,8.04,,20.8,,,,430,,2.06,,11.7,,7.54,,444,,-0.27,,0,,,,21,,,,,,,,,,,,,,,,,,,,,,,,,,,,,,,,,,,,,,,,,,,,,,,,,,,,,,,,,,,,,,,,,,,,,,,,,,,,,,,,,,,,,,,,,,,,,,,,,,,,,,,,,,,,,,,,,,,,,,,,,,,,,,
2017PN880079,OIL SANDS LONGTERM WQ MONITORING,M3 LT WQ PANEL 10 OF 10,AL07DD0008,56.83878,-111.41164,2018-02-13 11:50,WATER,VERTICAL INTEGRATED,1.71,,117.877,,0,,6.948,,0,,92.468,,0,,-1.398,,1.25,,39.065,,10.226,,177.539,,,,,,NA,,NA,,96.7,,,,33.1,,0.1,,,,7.43,,,,,,,,12.2,,24.6,,7.54,,1.24,,12.1,,27.7,,,,308,,3.86,,11.87,,7.4,,323,,-0.32,,1.5,,,,55,,,,,,,,,,,,,,,,,,,,,,,,,,,,,,,,,,,,,,,,,,,,,,,,,,,,,,,,,,,,,,,,,,,,,,,,,,,,,,,,,,,,,,,,,,,,,,,,,,,,,,,,,,,,,,,,,,,,,,,,,,,,,,
2017PN880080,OIL SANDS LONGTERM WQ MONITORING,M7 LTWQ PANEL 1 OF 10,AL07DD0007,57.31332,-111.67533,2018-02-14 11:10,WATER,VERTICAL INTEGRATED,3.41,,192.602,,0,,5.942,,10.545,,168.545,,0,,-0.648,,0.79,,23.093,,9.005,,243.414,,,,,,NA,,NA,,158,,,,14.9,,0.11,,,,7.71,,,,,,,,38.7,,45.9,,13.1,,1.99,,9.18,,23.6,,,,406,,2.86,,11.5,,7.14,,423,,-0.32,,0,,,,31,,,,,,,,,,,,,,,,,,,,,,,,,,,,,,,,,,,,,,,,,,,,,,,,,,,,,,,,,,,,,,,,,,,,,,,,,,,,,,,,,,,,,,,,,,,,,,,,,,,,,,,,,,,,,,,,,,,,,,,,,,,,,,
2017PN880081,OIL SANDS LONGTERM WQ MONITORING,M7 LTWQ PANEL 10 OF 10,AL07DD0007,57.31395,-111.66737,2018-02-14 11:45,WATER,VERTICAL INTEGRATED,2.45,,184.069,,0,,4.717,,7.597,,158.597,,0,,-0.61,,0.82,,24.193,,9.009,,234.341,,,,,,NA,,NA,,151,,,,16.9,,0.11,,,,7.79,,,,,,,,35.2,,43.4,,12.2,,1.86,,9.39,,23.6,,,,399,,2.88,,11.8,,7.4,,412,,-0.32,,0,,,,28,,,,,,,,,,,,,,,,,,,,,,,,,,,,,,,,,,,,,,,,,,,,,,,,,,,,,,,,,,,,,,,,,,,,,,,,,,,,,,,,,,,,,,,,,,,,,,,,,,,,,,,,,,,,,,,,,,,,,,,,,,,,,,
2017PN880083,OIL SANDS LONGTERM WQ MONITORING,ATHABASCA RIVER M2 ABOVE HORSE RIVER,AL07DD0002,56.71952778,-111.4044722,2018-03-14 13:30,WATER,VERTICAL INTEGRATED,1.6,,212.106,,0,,3.496,,14.056,,188.056,,0,,-0.286,,0.7,,20.111,,8.552,,260.518,,,,,,NA,,NA,,174,,,,6.04,,0.11,,,,7.98,,,,,,,,50.5,,51.9,,14.2,,2.38,,7.67,,22.1,,,,435,,2.16,,11.97,,7.63,,444,,-0.33,,0,,,,21,,,,,,,,,,,,,,,,,,,,,,,,,,,,,,,,,,,,,,,,,,,,,,,,,,,,,,,,,,,,,,,,,,,,,,,,,,,,,,,,,,,,,,,,,,,,,,,,,,,,,,,,,,,,,,,,,,,,,,,,,,,,,,
2017PN880084,OIL SANDS LONGTERM WQ MONITORING,M3 LT WQ PANEL 1 OF 10,AL07DD0008,56.8383,-111.41835,2018-03-14 10:05,WATER,VERTICAL INTEGRATED,0.62,,210.887,,0,,3.642,,17.465,,190.465,,0,,-0.308,,1.26,,30.932,,8.577,,309.987,,,,,,NA,,NA,,173,,,,34.8,,0.11,,,,7.96,,,,,,,,50.9,,52.7,,14.3,,3.1,,7.61,,40,,,,534,,4.54,,11.73,,7.53,,540,,-0.3,,0.5,,,,35,,,,,,,,,,,,,,,,,,,,,,,,,,,,,,,,,,,,,,,,,,,,,,,,,,,,,,,,,,,,,,,,,,,,,,,,,,,,,,,,,,,,,,,,,,,,,,,,,,,,,,,,,,,,,,,,,,,,,,,,,,,,,,
2017PN880085,OIL SANDS LONGTERM WQ MONITORING,M3 LT WQ PANEL 6 OF 10,AL07DD0008,56.83862,-111.41478,2018-03-14 10:35,WATER,VERTICAL INTEGRATED,1.41,,204.792,,0,,3.455,,13.752,,181.752,,0,,-0.323,,0.7,,20.291,,8.616,,252.166,,,,,,NA,,NA,,168,,,,7.13,,0.11,,,,7.97,,,,,,,,47.2,,50.2,,13.7,,2.31,,7.92,,21.6,,,,425,,2.09,,12.29,,7.65,,431,,-0.32,,0,,,,24,,,,,,,,,,,,,,,,,,,,,,,,,,,,,,,,,,,,,,,,,,,,,,,,,,,,,,,,,,,,,,,,,,,,,,,,,,,,,,,,,,,,,,,,,,,,,,,,,,,,,,,,,,,,,,,,,,,,,,,,,,,,,,
2017PN880086,OIL SANDS LONGTERM WQ MONITORING,M3 LT WQ PANEL 10 OF 10,AL07DD0008,56.83878,-111.41164,2018-03-14 11:00,WATER,VERTICAL INTEGRATED,1.55,,108.491,,0,,3.671,,0,,86.33,,0,,-1.225,,1.42,,42.862,,10.119,,176.833,,,,,,NA,,NA,,89,,,,36.7,,0.1,,,,7.67,,,,,,,,11.6,,22.9,,7.08,,1.25,,12.4,,30.3,,,,313,,4.61,,12.4,,7.43,,323,,-0.32,,1.5,,,,57,,,,,,,,,,,,,,,,,,,,,,,,,,,,,,,,,,,,,,,,,,,,,,,,,,,,,,,,,,,,,,,,,,,,,,,,,,,,,,,,,,,,,,,,,,,,,,,,,,,,,,,,,,,,,,,,,,,,,,,,,,,,,,
2017PN880087,OIL SANDS LONGTERM WQ MONITORING,M7 LTWQ PANEL 1 OF 10,AL07DD0007,57.31332,-111.67533,2018-03-15 10:30,WATER,VERTICAL INTEGRATED,3.55,,181.631,,0,,2.858,,8.274,,157.274,,0,,-0.408,,0.9,,26.135,,8.817,,239.006,,,,,,NA,,NA,,149,,,,17.9,,0.11,,,,8,,,,,,,,37.8,,43.2,,12,,2.1,,9.14,,26,,,,413,,3.45,,11.76,,7.41,,414,,-0.32,,0,,,,25,,,,,,,,,,,,,,,,,,,,,,,,,,,,,,,,,,,,,,,,,,,,,,,,,,,,,,,,,,,,,,,,,,,,,,,,,,,,,,,,,,,,,,,,,,,,,,,,,,,,,,,,,,,,,,,,,,,,,,,,,,,,,,
2017PN880088,OIL SANDS LONGTERM WQ MONITORING,M7 LTWQ PANEL 10 OF 10,AL07DD0007,57.31395,-111.66737,2018-03-15 10:55,WATER,VERTICAL INTEGRATED,2.37,,174.317,,0,,3.381,,5.562,,148.562,,0,,-0.541,,0.93,,27.319,,8.991,,230.97,,,,,,NA,,NA,,143,,,,19.8,,0.11,,,,7.91,,,,,,,,34.2,,40.7,,11.4,,2.03,,9.55,,26.1,,,,399,,3.4,,11.93,,7.49,,404,,-0.32,,0,,,,29,,,,,,,,,,,,,,,,,,,,,,,,,,,,,,,,,,,,,,,,,,,,,,,,,,,,,,,,,,,,,,,,,,,,,,,,,,,,,,,,,,,,,,,,,,,,,,,,,,,,,,,,,,,,,,,,,,,,,,,,,,,,,,
2018PN880001,OIL SANDS LONGTERM WQ MONITORING,ATHABASCA RIVER M2 ABOVE HORSE RIVER,AL07DD0002,56.71952778,-111.4044722,2018-05-23 14:40,WATER,VERTICAL INTEGRATED,4.3,,121.778,,0,,1.093,,15.119,,115.019,,0,,0.189,,0.25,,10.187,,7.862,,140.942,,,,,,NA,,NA,,99.9,,,,1.34,,0.08,,,,8.24,,,,,,,,24.1,,31.9,,8.59,,1.6,,6.96,,6.1,,,,238,,94.9,,9.18,,8.02,,234,,18.8,EVENTF,122,,,,29,,,,,,,,,,,,,,,,,,,,,,,,,,,,,,,,,,,,,,,,,,,,,,,,,,,,,,,,,,,,,,,,,,,,,,,,,,,,,,,,,,,,,,,,,,,,,,,,,,,,,,,,,,,,,,,,,,,,,,,,,,,,,,
2018PN880002,OIL SANDS LONGTERM WQ MONITORING,M3 LT WQ PANEL 2 OF 10,AL07DD0008,56.83851,-111.41779,2018-05-23 12:05,WATER,VERTICAL INTEGRATED,1.4,,123.119,,0,,1.302,,14.81,,115.81,,0,,0.118,,0.29,,11.509,,7.933,,144.327,,,,,,NA,,NA,,101,,,,2.22,,0.08,,,,8.17,,,,,,,,24.4,,32.2,,8.6,,1.71,,6.98,,7.05,,,,241,,90.2,,8.89,,8.07,,243,,18.52,EVENTF,114.2,,,,30,,,,,,,,,,,,,,,,,,,,,,,,,,,,,,,,,,,,,,,,,,,,,,,,,,,,,,,,,,,,,,,,,,,,,,,,,,,,,,,,,,,,,,,,,,,,,,,,,,,,,,,,,,,,,,,,,,,,,,,,,,,,,,
2018PN880003,OIL SANDS LONGTERM WQ MONITORING,M3 LT WQ PANEL 3 OF 10,AL07DD0008,56.83849,-111.41702,2018-05-23 11:45,WATER,VERTICAL INTEGRATED,2.1,,121.9,,0,,1.174,,15.146,,115.146,,0,,0.146,,0.26,,10.663,,7.919,,141.739,,,,,,NA,,NA,,100,,,,1.47,,0.08,,,,8.21,,,,,,,,24.2,,32,,8.56,,1.66,,7.02,,6.43,,,,237,,96.1,,9.15,,8.05,,238,,18.31,EVENTF,112.2,,,,30,,,,,,,,,,,,,,,,,,,,,,,,,,,,,,,,,,,,,,,,,,,,,,,,,,,,,,,,,,,,,,,,,,,,,,,,,,,,,,,,,,,,,,,,,,,,,,,,,,,,,,,,,,,,,,,,,,,,,,,,,,,,,,
2018PN880004,OIL SANDS LONGTERM WQ MONITORING,M3 LT WQ PANEL 10 OF 10,AL07DD0008,56.83878,-111.41164,2018-05-23 11:00,WATER,VERTICAL INTEGRATED,3.2,,87.524,,0,,1.116,,3.223,,75.023,,0,,-0.301,,0.69,,28.161,,8.693,,116.863,,,,,,NA,,NA,,71.8,,,,14,,0.08,,,,8.09,,,,,,,,11.2,,20.4,,5.85,,1.26,,7.14,,13.8,,,,203,,40.6,,8.74,,7.86,,203,,18.46,,55.9,,,,44,,,,,,,,,,,,,,,,,,,,,,,,,,,,,,,,,,,,,,,,,,,,,,,,,,,,,,,,,,,,,,,,,,,,,,,,,,,,,,,,,,,,,,,,,,,,,,,,,,,,,,,,,,,,,,,,,,,,,,,,,,,,,,
2018PN880005,OIL SANDS LONGTERM WQ MONITORING,M7 LTWQ PANEL 9 OF 10,AL07DD0007,57.3139,-111.66835,2018-05-24 11:20,WATER,VERTICAL INTEGRATED,3.7,,114.464,,0,,1.565,,7.928,,101.828,,0,,-0.047,,0.38,,15.663,,8.155,,134.238,,,,,,NA,,NA,,93.9,,,,5.51,,0.08,,,,8.06,,,,,,,,19.7,,28.2,,7.63,,1.4,,5.43,,8.84,,,,223,,80.8,,8.53,,7.95,,228,,19.56,EVENTF,93.5,,,,36,,,,,,,,,,,,,,,,,,,,,,,,,,,,,,,,,,,,,,,,,,,,,,,,,,,,,,,,,,,,,,,,,,,,,,,,,,,,,,,,,,,,,,,,,,,,,,,,,,,,,,,,,,,,,,,,,,,,,,,,,,,,,,
2018PN880006,OIL SANDS LONGTERM WQ MONITORING,M7 LTWQ PANEL 10 OF 10,AL07DD0007,57.31395,-111.66737,2018-05-24 11:45,WATER,VERTICAL INTEGRATED,3.5,,113.977,,0,,1.488,,7.041,,100.541,,0,,-0.035,,0.4,,16.275,,8.15,,132.647,,,,,,NA,,NA,,93.5,,,,5.79,,0.08,,,,8.08,,,,,,,,19.2,,27.8,,7.56,,1.33,,5.44,,9.13,,,,223,,74.6,,8.5,,7.99,,226,,19.56,EVENTF,84,,,,37,,,,,,,,,,,,,,,,,,,,,,,,,,,,,,,,,,,,,,,,,,,,,,,,,,,,,,,,,,,,,,,,,,,,,,,,,,,,,,,,,,,,,,,,,,,,,,,,,,,,,,,,,,,,,,,,,,,,,,,,,,,,,,
2018PN880007,OIL SANDS LONGTERM WQ MONITORING,M7 LTWQ PANEL 1 OF 10,AL07DD0007,57.31332,-111.67533,2018-05-24 11:00,WATER,TRIPLICATE SAMPLE,3.4,,123.119,,0,,1.684,,13.358,,114.358,,0,,0.031,,0.3,,12.156,,7.999,,141.724,,,,,,NA,,NA,,101,,,,2.24,,0.08,,,,8.06,,,,,,,,23.9,,31.8,,8.49,,1.6,,5.26,,7.4,,,,231,,89,,8.51,,7.95,,239,,19.44,EVENTF,99,,,,52,,,,,,,,,,,,,,,,,,,,,,,,,,,,,,,,,,,,,,,,,,,,,,,,,,,,,,,,,,,,,,,,,,,,,,,,,,,,,,,,,,,,,,,,,,,,,,,,,,,,,,,,,,,,,,,,,,,,,,,,,,,,,,
2018PN880008,OIL SANDS LONGTERM WQ MONITORING,M7 LTWQ PANEL 1 OF 10,AL07DD0007,57.31332,-111.67533,2018-05-24 11:05,WATER,TRIPLICATE SAMPLE,3.4,,123.119,,0,,1.684,,11.201,,112.201,,0,,PM,,0.3,,12.123,,PM,,140.024,,,,,,NA,,NA,,101,,,,2.22,,0.08,,,,8.06,,,,,,,,23.5,,31.2,,8.33,,1.47,,5.04,,7.23,,,,233,,92.9,,,,,,,,,,,,,,33,,,,,,,,,,,,,,,,,,,,,,,,,,,,,,,,,,,,,,,,,,,,,,,,,,,,,,,,,,,,,,,,,,,,,,,,,,,,,,,,,,,,,,,,,,,,,,,,,,,,,,,,,,,,,,,,,,,,,,,,,,,,,,
2018PN880009,OIL SANDS LONGTERM WQ MONITORING,M7 LTWQ PANEL 1 OF 10,AL07DD0007,57.31332,-111.67533,2018-05-24 11:10,WATER,TRIPLICATE SAMPLE,3.4,,124.338,,0,,1.661,,10.824,,112.824,,0,,PM,,0.3,,12.159,,PM,,141.177,,,,,,NA,,NA,,102,,,,2.22,,0.08,,,,8.07,,,,,,,,23.5,,31.4,,8.36,,1.55,,5.23,,7.3,,,,234,,90.7,,,,,,,,,,,,,,59,,,,,,,,,,,,,,,,,,,,,,,,,,,,,,,,,,,,,,,,,,,,,,,,,,,,,,,,,,,,,,,,,,,,,,,,,,,,,,,,,,,,,,,,,,,,,,,,,,,,,,,,,,,,,,,,,,,,,,,,,,,,,,
2018PN880014,OIL SANDS LONGTERM WQ MONITORING,M3 LT WQ PANEL 9 OF 10,AL07DD0008,56.83991,-111.41234,2018-05-23 11:20,WATER,VERTICAL INTEGRATED,3.7,,95.935,,0,,1.167,,6.156,,84.856,,0,,-0.193,,0.56,,23.026,,8.495,,123.144,,,,,,NA,,NA,,78.7,,,,10.4,,0.08,,,,8.11,,,,,,,,15.1,,23.2,,6.54,,1.36,,7.22,,11.9,,,,212,,56,,8.91,,8,,216,,18.31,EVENTF,76.3,,,,41,,,,,,,,,,,,,,,,,,,,,,,,,,,,,,,,,,,,,,,,,,,,,,,,,,,,,,,,,,,,,,,,,,,,,,,,,,,,,,,,,,,,,,,,,,,,,,,,,,,,,,,,,,,,,,,,,,,,,,,,,,,,,,
2018PN880015,OIL SANDS LONGTERM WQ MONITORING,ATHABASCA RIVER M2 ABOVE HORSE RIVER,AL07DD0002,56.71952778,-111.4044722,2018-06-05 14:25,WATER,VERTICAL INTEGRATED,3.5,,119.584,,0,,1.048,,14.96,,113.06,,0,,0.051,,0.24,,10.129,,8.148,,137.548,,,,,,NA,,NA,,98.1,,,,1.25,,0.07,,,,8.25,,,,,,,,25.5,,31,,8.66,,1.15,,4.96,,5.93,,,,234,,42.6,,9.99,,8.26,,231,,14.6,,50.3,,,,57,,,,,,,,,,,,,,,,,,,,,,,,,,,,,,,,,,,,,,,,,,,,,,,,,,,,,,,,,,,,,,,,,,,,,,,,,,,,,,,,,,,,,,,,,,,,,,,,,,,,,,,,,,,,,,,,,,,,,,,,,,,,,,
2018PN880016,OIL SANDS LONGTERM WQ MONITORING,M3 LT WQ PANEL 1 OF 10,AL07DD0008,56.8383,-111.41835,2018-06-05 12:20,WATER,VERTICAL INTEGRATED,1.8,,123.119,,0,,1.105,,15.875,,116.875,,0,,0.032,,0.34,,13.499,,8.176,,148.517,,,,,,NA,,NA,,101,,,,4.2,,0.08,,,,8.24,,,,,,,,27.4,,32,,8.98,,1.32,,4.99,,8.5,,,,252,,48.3,,9.87,,8.22,,247,,13.56,,54.6,,,,19,,,,,,,,,,,,,,,,,,,,,,,,,,,,,,,,,,,,,,,,,,,,,,,,,,,,,,,,,,,,,,,,,,,,,,,,,,,,,,,,,,,,,,,,,,,,,,,,,,,,,,,,,,,,,,,,,,,,,,,,,,,,,,
2018PN880017,OIL SANDS LONGTERM WQ MONITORING,M3 LT WQ PANEL 3 OF 10,AL07DD0008,56.83849,-111.41702,2018-06-05 12:00,WATER,VERTICAL INTEGRATED,2,,119.096,,0,,1.094,,15.237,,112.937,,0,,0.003,,0.25,,10.353,,8.225,,138.25,,,,,,NA,,NA,,97.7,,,,1.42,,0.08,,,,8.23,,,,,,,,26.1,,31,,8.63,,1.16,,4.98,,6.07,,,,235,,48.2,,9.96,,8.28,,230,,13.75,,57.7,,,,45,,,,,,,,,,,,,,,,,,,,,,,,,,,,,,,,,,,,,,,,,,,,,,,,,,,,,,,,,,,,,,,,,,,,,,,,,,,,,,,,,,,,,,,,,,,,,,,,,,,,,,,,,,,,,,,,,,,,,,,,,,,,,,
2018PN880018,OIL SANDS LONGTERM WQ MONITORING,M3 LT WQ PANEL 9 OF 10,AL07DD0008,56.83991,-111.41234,2018-06-05 11:37,WATER,VERTICAL INTEGRATED,3.3,,99.714,,0,,1.131,,5.037,,86.837,,0,,-0.308,,0.69,,26.751,,8.757,,133.397,,,,,,NA,,NA,,81.8,,,,14.3,,0.08,,,,8.14,,,,,,,,17,,23.4,,6.9,,1.08,,6.66,,14.8,,,,232,,35.2,,9.93,,8.16,,225,,13.01,,40.6,,,,31,,,,,,,,,,,,,,,,,,,,,,,,,,,,,,,,,,,,,,,,,,,,,,,,,,,,,,,,,,,,,,,,,,,,,,,,,,,,,,,,,,,,,,,,,,,,,,,,,,,,,,,,,,,,,,,,,,,,,,,,,,,,,,
2018PN880019,OIL SANDS LONGTERM WQ MONITORING,M3 LT WQ PANEL 10 OF 10,AL07DD0008,56.83878,-111.41164,2018-06-05 11:15,WATER,VERTICAL INTEGRATED,2.4,,92.766,,0,,1.129,,0.987,,77.087,,0,,-0.433,,0.89,,33.319,,8.976,,131.353,,,,,,NA,,NA,,76.1,,,,19.2,,0.09,,,,8.11,,,,,,,,13.1,,20.6,,6.23,,1.04,,7.38,,18,,,,230,,29.7,,9.88,,8.07,,222,,12.75,,32.5,,,,37,,,,,,,,,,,,,,,,,,,,,,,,,,,,,,,,,,,,,,,,,,,,,,,,,,,,,,,,,,,,,,,,,,,,,,,,,,,,,,,,,,,,,,,,,,,,,,,,,,,,,,,,,,,,,,,,,,,,,,,,,,,,,,
2018PN880020,OIL SANDS LONGTERM WQ MONITORING,M7 LTWQ PANEL 1 OF 10,AL07DD0007,57.31332,-111.67533,2018-06-06 10:45,WATER,VERTICAL INTEGRATED,3.3,,121.047,,0,,1.139,,11.644,,110.944,,0,,-0.003,,0.33,,13.276,,8.225,,142.378,,,,,,NA,,NA,,99.3,,,,3.51,,0.08,,,,8.22,,,,,,,,25.8,,30.4,,8.51,,1.2,,5.18,,7.91,,,,241,,44.9,,9.78,,8.21,,235,,13.98,,54.9,,,,22,,,,,,,,,,,,,,,,,,,,,,,,,,,,,,,,,,,,,,,,,,,,,,,,,,,,,,,,,,,,,,,,,,,,,,,,,,,,,,,,,,,,,,,,,,,,,,,,,,,,,,,,,,,,,,,,,,,,,,,,,,,,,,
2018PN880021,OIL SANDS LONGTERM WQ MONITORING,M7 LTWQ PANEL 9 OF 10,AL07DD0007,57.3139,-111.66835,2018-06-06 11:15,WATER,VERTICAL INTEGRATED,3.5,,114.708,,0,,1.131,,9.169,,103.269,,0,,-0.078,,0.41,,16.75,,8.356,,138.597,,,,,,NA,,NA,,94.1,,,,6.5,,0.08,,,,8.2,,,,,,,,22.8,,28.2,,7.98,,1.14,,5.62,,9.68,,,,237,,40.7,,10.05,,8.28,,231,,13.97,,50.6,,,,24,,,,,,,,,,,,,,,,,,,,,,,,,,,,,,,,,,,,,,,,,,,,,,,,,,,,,,,,,,,,,,,,,,,,,,,,,,,,,,,,,,,,,,,,,,,,,,,,,,,,,,,,,,,,,,,,,,,,,,,,,,,,,,
2018PN880022,OIL SANDS LONGTERM WQ MONITORING,M7 LTWQ PANEL 10 OF 10,AL07DD0007,57.31395,-111.66737,2018-06-06 11:35,WATER,VERTICAL INTEGRATED,3.2,,114.83,,0,,1.132,,9.069,,103.269,,0,,-0.081,,0.42,,17.036,,8.362,,139.067,,,,,,NA,,NA,,94.2,,,,6.73,,0.08,,,,8.2,,,,,,,,22.5,,28.2,,7.98,,1.15,,5.89,,9.88,,,,237,,42.5,,9.9,,8.22,,231,,13.85,,47,,,,24,,,,,,,,,,,,,,,,,,,,,,,,,,,,,,,,,,,,,,,,,,,,,,,,,,,,,,,,,,,,,,,,,,,,,,,,,,,,,,,,,,,,,,,,,,,,,,,,,,,,,,,,,,,,,,,,,,,,,,,,,,,,,,
2018PN880023,OIL SANDS LONGTERM WQ MONITORING,ATHABASCA RIVER M2 ABOVE HORSE RIVER,AL07DD0002,56.71952778,-111.4044722,2018-06-19 12:45,WATER,VERTICAL INTEGRATED,3.8,,94.838,,0,,1.238,,17.28,,95.08,,0,,-0.164,,0.32,,13.713,,8.409,,116.114,,,,,,NA,,NA,,77.8,,,,1.84,,0.09,,,,8.08,,,,,,,,19.5,,26.8,,6.84,,1.27,,5.79,,7.06,,,,201,,192,,9.37,,7.86,,200,,18.25,,203.2,,,,77,,,,,,,,,,,,,,,,,,,,,,,,,,,,,,,,,,,,,,,,,,,,,,,,,,,,,,,,,,,,,,,,,,,,,,,,,,,,,,,,,,,,,,,,,,,,,,,,,,,,,,,,,,,,,,,,,,,,,,,,,,,,,,
2018PN880024,OIL SANDS LONGTERM WQ MONITORING,M3 LT WQ PANEL 1 OF 10,AL07DD0008,56.8383,-111.41835,2018-06-19 10:30,WATER,VERTICAL INTEGRATED,2.1,,96.789,,0,,1.595,,17.628,,97.028,,0,,-0.265,,0.33,,14.266,,8.51,,119.749,,,,,,NA,,NA,,79.4,,,,2.48,,0.09,,,,7.98,,,,,,,,20.3,,27.3,,7.01,,1.26,,5.69,,7.54,,,,204,,208,,9.07,,7.89,,205,,17.71,,217.5,,,,75,,,,,,,,,,,,,,,,,,,,,,,,,,,,,,,,,,,,,,,,,,,,,,,,,,,,,,,,,,,,,,,,,,,,,,,,,,,,,,,,,,,,,,,,,,,,,,,,,,,,,,,,,,,,,,,,,,,,,,,,,,,,,,
2018PN880025,OIL SANDS LONGTERM WQ MONITORING,M3 LT WQ PANEL 3 OF 10,AL07DD0008,56.83849,-111.41702,2018-06-19 10:20,WATER,VERTICAL INTEGRATED,2,,95.326,,0,,1.273,,17.626,,95.826,,0,,-0.188,,0.31,,13.478,,8.446,,116.74,,,,,,NA,,NA,,78.2,,,,1.81,,0.09,,,,8.07,,,,,,,,19.8,,27,,6.9,,1.23,,5.71,,6.97,,,,200,,206,,9.35,,7.9,,199,,17.62,,224,,,,80,,,,,,,,,,,,,,,,,,,,,,,,,,,,,,,,,,,,,,,,,,,,,,,,,,,,,,,,,,,,,,,,,,,,,,,,,,,,,,,,,,,,,,,,,,,,,,,,,,,,,,,,,,,,,,,,,,,,,,,,,,,,,,
2018PN880026,OIL SANDS LONGTERM WQ MONITORING,M3 LT WQ PANEL 9 OF 10,AL07DD0008,56.83991,-111.41234,2018-06-19 10:00,WATER,VERTICAL INTEGRATED,3.9,,83.38,,0,,1.088,,10.407,,78.807,,0,,-0.287,,0.57,,24.134,,8.655,,110.825,,,,,,NA,,NA,,68.4,,,,9.95,,0.09,,,,8.08,,,,,,,,12.7,,21.8,,5.92,,0.98,,6.53,,11.7,,,,192,,104,,9.14,,7.96,,193,,18.95,EVENTF,123,,,,70,,,,,,,,,,,,,,,,,,,,,,,,,,,,,,,,,,,,,,,,,,,,,,,,,,,,,,,,,,,,,,,,,,,,,,,,,,,,,,,,,,,,,,,,,,,,,,,,,,,,,,,,,,,,,,,,,,,,,,,,,,,,,,
2018PN880027,OIL SANDS LONGTERM WQ MONITORING,M3 LT WQ PANEL 10 OF 10,AL07DD0008,56.83878,-111.41164,2018-06-19 9:45,WATER,VERTICAL INTEGRATED,3.1,,79.357,,0,,1.307,,7.728,,72.828,,0,,-0.433,,0.7,,28.584,,8.846,,109.472,,,,,,NA,,NA,,65.1,,,,13.4,,0.09,,,,7.98,,,,,,,,9.98,,19.9,,5.62,,0.89,,6.87,,13.6,,,,197,,69,,8.77,,7.9,,193,,19.46,EVENTF,83.7,,,,64,,,,,,,,,,,,,,,,,,,,,,,,,,,,,,,,,,,,,,,,,,,,,,,,,,,,,,,,,,,,,,,,,,,,,,,,,,,,,,,,,,,,,,,,,,,,,,,,,,,,,,,,,,,,,,,,,,,,,,,,,,,,,,
2018PN880028,OIL SANDS LONGTERM WQ MONITORING,M7 LTWQ PANEL 1 OF 10,AL07DD0007,57.31332,-111.67533,2018-06-20 10:10,WATER,VERTICAL INTEGRATED,3.8,,95.082,,0,,1.184,,14.92,,92.92,,0,,-0.122,,0.37,,15.862,,8.344,,116.23,,,,,,NA,,NA,,78,,,,2.3,,0.09,,,,8.1,,,,,,,,19.1,,26.1,,6.74,,1.2,,5.49,,8.18,,,,204,,162,,8.54,,7.76,,200,,19.35,,174.4,,,,82,,,,,,,,,,,,,,,,,,,,,,,,,,,,,,,,,,,,,,,,,,,,,,,,,,,,,,,,,,,,,,,,,,,,,,,,,,,,,,,,,,,,,,,,,,,,,,,,,,,,,,,,,,,,,,,,,,,,,,,,,,,,,,
2018PN880029,OIL SANDS LONGTERM WQ MONITORING,M7 LTWQ PANEL 9 OF 10,AL07DD0007,57.3139,-111.66835,2018-06-20 10:30,WATER,VERTICAL INTEGRATED,4.1,,92.156,,0,,1.148,,13.544,,89.144,,0,,-0.147,,0.42,,18.004,,8.394,,115.297,,,,,,NA,,NA,,75.6,,,,5.37,,0.09,,,,8.1,,,,,,,,16.4,,25,,6.49,,1.15,,6.12,,9.14,,,,202,,151,,8.59,,7.86,,199,,19.58,EVENTF,169,,,,86,,,,,,,,,,,,,,,,,,,,,,,,,,,,,,,,,,,,,,,,,,,,,,,,,,,,,,,,,,,,,,,,,,,,,,,,,,,,,,,,,,,,,,,,,,,,,,,,,,,,,,,,,,,,,,,,,,,,,,,,,,,,,,
2018PN880030,OIL SANDS LONGTERM WQ MONITORING,M7 LTWQ PANEL 10 OF 10,AL07DD0007,57.31395,-111.66737,2018-06-20 11:03,WATER,VERTICAL INTEGRATED,3.7,,92.644,,0,,1.127,,10.655,,86.655,,0,,-0.144,,0.42,,18.354,,8.398,,113.933,,,,,,NA,,NA,,76,,,,5.57,,0.09,,,,8.11,,,,,,,,15.7,,24.3,,6.31,,1.07,,6.03,,9.09,,,,202,,140,,8.74,,7.84,,199,,19.66,,155,,,,76,,,,,,,,,,,,,,,,,,,,,,,,,,,,,,,,,,,,,,,,,,,,,,,,,,,,,,,,,,,,,,,,,,,,,,,,,,,,,,,,,,,,,,,,,,,,,,,,,,,,,,,,,,,,,,,,,,,,,,,,,,,,,,
2018PN880031,OIL SANDS LONGTERM WQ MONITORING,ATHABASCA RIVER M2 ABOVE HORSE RIVER,AL07DD0002,56.71952778,-111.4044722,2018-07-04 13:12,WATER,VERTICAL INTEGRATED,3.7,,93.741,,0,,1.168,,21.306,,98.206,,0,,-0.16,,0.33,,14.282,,8.419,,124.201,,,,,,NA,,NA,,76.9,,,,1.13,,0.1,,,,8.1,,,,,,,,29.3,,26.7,,7.66,,0.95,,4.5,,7.61,,,,214,,162,,9.24,,7.92,,214,,18.04,,175,,,,58,,,,,,,,,,,,,,,,,,,,,,,,,,,,,,,,,,,,,,,,,,,,,,,,,,,,,,,,,,,,,,,,,,,,,,,,,,,,,,,,,,,,,,,,,,,,,,,,,,,,,,,,,,,,,,,,,,,,,,,,,,,,,,
2018PN880032,OIL SANDS LONGTERM WQ MONITORING,M3 LT WQ PANEL 1 OF 10,AL07DD0008,56.8383,-111.41835,2018-07-04 11:30,WATER,VERTICAL INTEGRATED,2,,102.03,,0,,1.395,,18.359,,102.059,,0,,-0.165,,0.43,,17.388,,8.389,,133.096,,,,,,NA,,NA,,83.7,,,,3.24,,0.1,,,,8.06,,,,,,,,27.7,,27.6,,8.05,,1.07,,4.77,,10,,,,225,,126,,9.03,,7.86,,231,,17.59,EVENTF,143,,,,61,,,,,,,,,,,,,,,,,,,,,,,,,,,,,,,,,,,,,,,,,,,,,,,,,,,,,,,,,,,,,,,,,,,,,,,,,,,,,,,,,,,,,,,,,,,,,,,,,,,,,,,,,,,,,,,,,,,,,,,,,,,,,,
2018PN880033,OIL SANDS LONGTERM WQ MONITORING,M3 LT WQ PANEL 3 OF 10,AL07DD0008,56.83849,-111.41702,2018-07-04 11:15,WATER,VERTICAL INTEGRATED,2,,96.301,,0,,1.228,,20.658,,99.658,,0,,-0.165,,0.34,,14.289,,8.419,,125.081,,,,,,NA,,NA,,79,,,,1.2,,0.1,,,,8.09,,,,,,,,28.1,,27.1,,7.77,,1,,4.57,,7.73,,,,215,,131,,9.13,,7.92,,214,,17.62,EVENTF,148.5,,,,57,,,,,,,,,,,,,,,,,,,,,,,,,,,,,,,,,,,,,,,,,,,,,,,,,,,,,,,,,,,,,,,,,,,,,,,,,,,,,,,,,,,,,,,,,,,,,,,,,,,,,,,,,,,,,,,,,,,,,,,,,,,,,,
2018PN880034,OIL SANDS LONGTERM WQ MONITORING,M3 LT WQ PANEL 9 OF 10,AL07DD0008,56.83991,-111.41234,2018-07-04 11:05,WATER,VERTICAL INTEGRATED,3.7,,78.504,,0,,1.235,,6.721,,71.121,,0,,-0.498,,0.64,,27.228,,8.997,,104.754,,,,,,NA,,NA,,64.4,,,,9.98,,0.1,,,,8,,,,,,,,10.9,,19.2,,5.63,,0.8,,6.98,,12.4,,,,185,,153,,8.97,,7.78,,182,,17.21,EVENTF,184.5,,,,97,,,,,,,,,,,,,,,,,,,,,,,,,,,,,,,,,,,,,,,,,,,,,,,,,,,,,,,,,,,,,,,,,,,,,,,,,,,,,,,,,,,,,,,,,,,,,,,,,,,,,,,,,,,,,,,,,,,,,,,,,,,,,,
2018PN880035,OIL SANDS LONGTERM WQ MONITORING,M3 LT WQ PANEL 10 OF 10,AL07DD0008,56.83878,-111.41164,2018-07-04 10:40,WATER,VERTICAL INTEGRATED,3.1,,79.845,,0,,1.316,,5.078,,70.578,,0,,-0.51,,0.72,,29.706,,9.001,,107.26,,,,,,NA,,NA,,65.5,,,,12.5,,0.1,,,,7.98,,,,,,,,8.32,,18.9,,5.68,,0.8,,7.64,,13.9,,,,189,,132,,8.7,,7.82,,186,,17.48,EVENTF,158,,,,87,,,,,,,,,,,,,,,,,,,,,,,,,,,,,,,,,,,,,,,,,,,,,,,,,,,,,,,,,,,,,,,,,,,,,,,,,,,,,,,,,,,,,,,,,,,,,,,,,,,,,,,,,,,,,,,,,,,,,,,,,,,,,,
2018PN880036,OIL SANDS LONGTERM WQ MONITORING,M7 LTWQ PANEL 1 OF 10,AL07DD0007,57.31332,-111.67533,2018-07-05 11:05,WATER,VERTICAL INTEGRATED,3.8,,92.156,,0,,1.32,,13.893,,89.493,,0,,-0.266,,0.49,,20.275,,8.572,,117.885,,,,,,NA,,NA,,75.6,,,,1.81,,0.1,,,,8.04,,,,,,,,22.3,,24.2,,7.06,,0.97,,5.33,,10.6,,,,202,,138,,8.56,,7.77,,200,,18.11,EVENTF,160.1,,,,111,,,,,,,,,,,,,,,,,,,,,,,,,,,,,,,,,,,,,,,,,,,,,,,,,,,,,,,,,,,,,,,,,,,,,,,,,,,,,,,,,,,,,,,,,,,,,,,,,,,,,,,,,,,,,,,,,,,,,,,,,,,,,,
2018PN880037,OIL SANDS LONGTERM WQ MONITORING,M7 LTWQ PANEL 9 OF 10,AL07DD0007,57.3139,-111.66835,2018-07-05 11:30,WATER,VERTICAL INTEGRATED,4.1,,88.865,,0,,1.215,,14.65,,87.55,,0,,-0.256,,0.47,,19.703,,8.573,,116.163,,,,,,NA,,NA,,72.9,,,,5.02,,0.1,,,,8.06,,,,,,,,19.8,,23.9,,6.77,,0.91,,5.79,,10,,,,204,,152,,8.62,,7.8,,200,,18.45,EVENTF,171.7,,,,82,,,,,,,,,,,,,,,,,,,,,,,,,,,,,,,,,,,,,,,,,,,,,,,,,,,,,,,,,,,,,,,,,,,,,,,,,,,,,,,,,,,,,,,,,,,,,,,,,,,,,,,,,,,,,,,,,,,,,,,,,,,,,,
2018PN880038,OIL SANDS LONGTERM WQ MONITORING,M7 LTWQ PANEL 10 OF 10,AL07DD0007,57.31395,-111.66737,2018-07-05 11:48,WATER,VERTICAL INTEGRATED,4.2,,88.987,,0,,1.189,,14.592,,87.592,,0,,-0.247,,0.48,,20.172,,8.564,,116.468,,,,,,NA,,NA,,73,,,,5.31,,0.1,,,,8.07,,,,,,,,19.3,,23.9,,6.78,,0.89,,5.96,,10.3,,,,203,,148,,8.59,,7.71,,200,,18.4,EVENTF,170,,,,85,,,,,,,,,,,,,,,,,,,,,,,,,,,,,,,,,,,,,,,,,,,,,,,,,,,,,,,,,,,,,,,,,,,,,,,,,,,,,,,,,,,,,,,,,,,,,,,,,,,,,,,,,,,,,,,,,,,,,,,,,,,,,,
2018PN880039,OIL SANDS LONGTERM WQ MONITORING,M3 LT WQ PANEL 1 OF 10,AL07DD0008,56.8383,-111.41835,2018-07-17 10:50,WATER,VERTICAL INTEGRATED,2,,113.733,,0,,1.26,,16.698,,109.998,,0,,0.089,,0.28,,11.502,,7.973,,134.542,,,,,,NA,,NA,,93.3,,,,1.75,,0.09,,,,8.15,,,,,,,,24.5,,30.4,,8.28,,1.08,,5.36,,6.65,,,,227,,119,,8.55,,8.01,,241,,20.11,,125,,,,49,,,,,,,,,,,,,,,,,,,,,,,,,,,,,,,,,,,,,,,,,,,,,,,,,,,,,,,,,,,,,,,,,,,,,,,,,,,,,,,,,,,,,,,,,,,,,,,,,,,,,,,,,,,,,,,,,,,,,,,,,,,,,,
2018PN880040,OIL SANDS LONGTERM WQ MONITORING,M3 LT WQ PANEL 3 OF 10,AL07DD0008,56.83849,-111.41702,2018-07-17 10:30,WATER,VERTICAL INTEGRATED,1.9,,113.245,,0,,1.17,,17.015,,109.915,,0,,0.117,,0.26,,10.772,,7.946,,133.058,,,,,,NA,,NA,,92.9,,,,1.18,,0.09,,,,8.18,,,,,,,,24.5,,30.4,,8.26,,1.05,,5.38,,6.17,,,,227,,118,,8.59,,8.05,,236,,20.09,,128.3,,,,46,,,,,,,,,,,,,,,,,,,,,,,,,,,,,,,,,,,,,,,,,,,,,,,,,,,,,,,,,,,,,,,,,,,,,,,,,,,,,,,,,,,,,,,,,,,,,,,,,,,,,,,,,,,,,,,,,,,,,,,,,,,,,,
2018PN880041,OIL SANDS LONGTERM WQ MONITORING,M3 LT WQ PANEL 9 OF 10,AL07DD0008,56.83991,-111.41234,2018-07-17 10:15,WATER,VERTICAL INTEGRATED,3.5,,87.768,,0,,1.093,,8.377,,80.377,,0,,-0.219,,0.53,,22.573,,8.537,,112.635,,,,,,NA,,NA,,72,,,,9.98,,0.09,,,,8.1,,,,,,,,12.6,,22,,6.18,,0.79,,6.74,,10.9,,,,200,,61.4,,8.59,,7.98,,207,,19.73,EVENTF,78,,,,80,,,,,,,,,,,,,,,,,,,,,,,,,,,,,,,,,,,,,,,,,,,,,,,,,,,,,,,,,,,,,,,,,,,,,,,,,,,,,,,,,,,,,,,,,,,,,,,,,,,,,,,,,,,,,,,,,,,,,,,,,,,,,,
2018PN880042,OIL SANDS LONGTERM WQ MONITORING,M3 LT WQ PANEL 10 OF 10,AL07DD0008,56.83878,-111.41164,2018-07-17 10:00,WATER,VERTICAL INTEGRATED,3.2,,80.942,,0,,1.081,,8.127,,74.527,,0,,-0.321,,0.65,,27.121,,8.712,,109.63,,,,,,NA,,NA,,66.4,,,,13.2,,0.09,,,,8.07,,,,,,,,9.26,,20.3,,5.79,,0.73,,7.4,,12.9,,,,193,,46.2,,8.48,,7.88,,197,,19.62,,56.8,,,,86,,,,,,,,,,,,,,,,,,,,,,,,,,,,,,,,,,,,,,,,,,,,,,,,,,,,,,,,,,,,,,,,,,,,,,,,,,,,,,,,,,,,,,,,,,,,,,,,,,,,,,,,,,,,,,,,,,,,,,,,,,,,,,
2018PN880043,OIL SANDS LONGTERM WQ MONITORING,M7 LTWQ PANEL 1 OF 10,AL07DD0007,57.31332,-111.67533,2018-07-18 13:31,WATER,VERTICAL INTEGRATED,3.2,,108.247,,0,,1.413,,17.422,,106.222,,0,,0.027,,0.33,,13.544,,8.027,,130.762,,,,,,NA,,NA,,88.8,,,,2.13,,0.09,,,,8.08,,,,,,,,21.5,,29.3,,8.03,,1.15,,7.24,,7.75,,,,223,,88,,8.35,,7.95,,229,,21.64,EVENTF,102,,,,81,,,,,,,,,,,,,,,,,,,,,,,,,,,,,,,,,,,,,,,,,,,,,,,,,,,,,,,,,,,,,,,,,,,,,,,,,,,,,,,,,,,,,,,,,,,,,,,,,,,,,,,,,,,,,,,,,,,,,,,,,,,,,,
2018PN880044,OIL SANDS LONGTERM WQ MONITORING,M7 LTWQ PANEL 9 OF 10,AL07DD0007,57.3139,-111.66835,2018-07-18 13:15,WATER,VERTICAL INTEGRATED,3.8,,103.006,,0,,1.283,,16.082,,100.582,,0,,-0.002,,0.37,,15.38,,8.104,,128.113,,,,,,NA,,NA,,84.5,,,,5.15,,0.09,,,,8.1,,,,,,,,19.6,,27.8,,7.57,,1.05,,7.43,,8.51,,,,222,,84.1,,8.2,,7.96,,227,,21.44,EVENTF,94.5,,,,62,,,,,,,,,,,,,,,,,,,,,,,,,,,,,,,,,,,,,,,,,,,,,,,,,,,,,,,,,,,,,,,,,,,,,,,,,,,,,,,,,,,,,,,,,,,,,,,,,,,,,,,,,,,,,,,,,,,,,,,,,,,,,,
2018PN880045,OIL SANDS LONGTERM WQ MONITORING,M7 LTWQ PANEL 10 OF 10,AL07DD0007,57.31395,-111.66737,2018-07-18 13:05,WATER,VERTICAL INTEGRATED,3.9,,102.762,,0,,1.28,,15.909,,100.209,,0,,-0.008,,0.38,,15.735,,8.116,,127.493,,,,,,NA,,NA,,84.3,,,,5.32,,0.09,,,,8.1,,,,,,,,18.9,,27.7,,7.54,,1.04,,7.4,,8.71,,,,221,,80.3,,8.22,,7.85,,226,,21.34,,87,,,,63,,,,,,,,,,,,,,,,,,,,,,,,,,,,,,,,,,,,,,,,,,,,,,,,,,,,,,,,,,,,,,,,,,,,,,,,,,,,,,,,,,,,,,,,,,,,,,,,,,,,,,,,,,,,,,,,,,,,,,,,,,,,,,
2018PN880046,OIL SANDS LONGTERM WQ MONITORING,ATHABASCA RIVER M2 ABOVE HORSE RIVER,AL07DD0002,56.71952778,-111.4044722,2018-07-17 13:00,WATER,TRIPLICATE SAMPLE,3.5,,113.001,,0,,1.063,,20.036,,112.736,,0,,0.185,,0.25,,10.517,,7.849,,134.315,,,,,,NA,,NA,,92.7,,,,1.17,,0.09,,,,8.22,,,,,,,,24.9,,31.2,,8.46,,1.06,,5.38,,6.16,,,,230,,107,,8.75,,8,,236,,20.74,,114.5,,,,51,,,,,,,,,,,,,,,,,,,,,,,,,,,,,,,,,,,,,,,,,,,,,,,,,,,,,,,,,,,,,,,,,,,,,,,,,,,,,,,,,,,,,,,,,,,,,,,,,,,,,,,,,,,,,,,,,,,,,,,,,,,,,,
2018PN880047,OIL SANDS LONGTERM WQ MONITORING,ATHABASCA RIVER M2 ABOVE HORSE RIVER,AL07DD0002,56.71952778,-111.4044722,2018-07-17 13:05,WATER,TRIPLICATE SAMPLE,3.5,,112.758,,0,,1.036,,20.319,,112.819,,0,,PM,,0.26,,10.617,,PM,,134.285,,,,,,NA,,NA,,92.5,,,,1.17,,0.09,,,,8.23,,,,,,,,24.9,,31.2,,8.48,,1.06,,5.38,,6.23,,,,231,,106,,,,,,,,,,,,,,46,,,,,,,,,,,,,,,,,,,,,,,,,,,,,,,,,,,,,,,,,,,,,,,,,,,,,,,,,,,,,,,,,,,,,,,,,,,,,,,,,,,,,,,,,,,,,,,,,,,,,,,,,,,,,,,,,,,,,,,,,,,,,,
2018PN880048,OIL SANDS LONGTERM WQ MONITORING,ATHABASCA RIVER M2 ABOVE HORSE RIVER,AL07DD0002,56.71952778,-111.4044722,2018-07-17 13:10,WATER,TRIPLICATE SAMPLE,3.5,,112.392,,0,,1.033,,18.876,,111.076,,0,,PM,,0.25,,10.672,,PM,,133.105,,,,,,NA,,NA,,92.2,,,,1.16,,0.09,,,,8.23,,,,,,,,24.7,,30.7,,8.36,,1.05,,5.28,,6.17,,,,229,,106,,,,,,,,,,,,,,48,,,,,,,,,,,,,,,,,,,,,,,,,,,,,,,,,,,,,,,,,,,,,,,,,,,,,,,,,,,,,,,,,,,,,,,,,,,,,,,,,,,,,,,,,,,,,,,,,,,,,,,,,,,,,,,,,,,,,,,,,,,,,,
2018PN880053,OIL SANDS LONGTERM WQ MONITORING,ATHABASCA RIVER M2 ABOVE HORSE RIVER,AL07DD0002,56.71952778,-111.4044722,2018-07-31 13:12,WATER,VERTICAL INTEGRATED,3.7,,119.34,,0,,0.975,,17.503,,115.403,,0,,0.276,,0.26,,10.829,,7.727,,137.527,,,,,,NA,,NA,,97.9,,,,1.33,,0.08,,,,8.28,,,,,,,,21.8,,32.4,,8.38,,1.01,,7.18,,6.51,,,,233,,46.8,,8.92,,8.05,,239,,20.46,,53,,,,50,,,,,,,,,,,,,,,,,,,,,,,,,,,,,,,,,,,,,,,,,,,,,,,,,,,,,,,,,,,,,,,,,,,,,,,,,,,,,,,,,,,,,,,,,,,,,,,,,,,,,,,,,,,,,,,,,,,,,,,,,,,,,,
2018PN880054,OIL SANDS LONGTERM WQ MONITORING,M3 LT WQ PANEL 1 OF 10,AL07DD0008,56.8383,-111.41835,2018-07-31 11:41,WATER,VERTICAL INTEGRATED,2.3,,121.9,,0,,1.259,,14.229,,114.229,,0,,0.144,,0.35,,13.781,,7.892,,142.736,,,,,,NA,,NA,,100,,,,2.72,,0.09,,,,8.18,,,,,,,,21.3,,31.6,,8.58,,1.2,,8.4,,8.5,,,,241,,68,,8.63,,8.03,,248,,19.45,EVENTF,87,,,,65,,,,,,,,,,,,,,,,,,,,,,,,,,,,,,,,,,,,,,,,,,,,,,,,,,,,,,,,,,,,,,,,,,,,,,,,,,,,,,,,,,,,,,,,,,,,,,,,,,,,,,,,,,,,,,,,,,,,,,,,,,,,,,
2018PN880055,OIL SANDS LONGTERM WQ MONITORING,M3 LT WQ PANEL 3 OF 10,AL07DD0008,56.83849,-111.41702,2018-07-31 11:28,WATER,VERTICAL INTEGRATED,2.3,,119.096,,0,,1.069,,14.962,,112.662,,0,,0.209,,0.27,,11.21,,7.823,,136.47,,,,,,NA,,NA,,97.7,,,,1.34,,0.08,,,,8.24,,,,,,,,21.4,,31.5,,8.26,,1.02,,7.52,,6.61,,,,232,,58.4,,8.76,,8.09,,237,,19.94,EVENTF,73,,,,51,,,,,,,,,,,,,,,,,,,,,,,,,,,,,,,,,,,,,,,,,,,,,,,,,,,,,,,,,,,,,,,,,,,,,,,,,,,,,,,,,,,,,,,,,,,,,,,,,,,,,,,,,,,,,,,,,,,,,,,,,,,,,,
2018PN880056,OIL SANDS LONGTERM WQ MONITORING,M3 LT WQ PANEL 9 OF 10,AL07DD0008,56.83991,-111.41234,2018-07-31 11:00,WATER,VERTICAL INTEGRATED,3.6,,91.669,,0,,1.169,,9.159,,84.359,,0,,-0.199,,0.52,,21.874,,8.488,,116.791,,,,,,NA,,NA,,75.2,,,,8.78,,0.09,,,,8.09,,,,,,,,11,,23.1,,6.48,,0.91,,10.2,,11,,,,199,,61.7,,8.65,,7.98,,202,,19.42,EVENTF,79,,,,98,,,,,,,,,,,,,,,,,,,,,,,,,,,,,,,,,,,,,,,,,,,,,,,,,,,,,,,,,,,,,,,,,,,,,,,,,,,,,,,,,,,,,,,,,,,,,,,,,,,,,,,,,,,,,,,,,,,,,,,,,,,,,,
2018PN880057,OIL SANDS LONGTERM WQ MONITORING,M3 LT WQ PANEL 10 OF 10,AL07DD0008,56.83878,-111.41164,2018-07-31 10:25,WATER,VERTICAL INTEGRATED,3.2,,85.086,,0,,1.219,,6.628,,76.428,,0,,-0.333,,0.65,,26.725,,8.705,,113.579,,,,,,NA,,NA,,69.8,,,,12.4,,0.09,,,,8.04,,,,,,,,7.04,,20.6,,6.07,,0.91,,11.5,,13,,,,193,,63.3,,8.5,,7.93,,196,,19.32,EVENTF,81.3,,,,98,,,,,,,,,,,,,,,,,,,,,,,,,,,,,,,,,,,,,,,,,,,,,,,,,,,,,,,,,,,,,,,,,,,,,,,,,,,,,,,,,,,,,,,,,,,,,,,,,,,,,,,,,,,,,,,,,,,,,,,,,,,,,,
2018PN880058,OIL SANDS LONGTERM WQ MONITORING,M7 LTWQ PANEL 1 OF 10,AL07DD0007,57.31332,-111.67533,2018-08-01 10:03,WATER,VERTICAL INTEGRATED,2.6,,113.367,,0,,1.256,,12.311,,105.311,,0,,0.078,,0.37,,15.071,,7.993,,128.947,,,,,,NA,,NA,,93,,,,2.26,,0.09,,,,8.15,,,,,,,,17.7,,29.1,,7.93,,0.91,,6.34,,8.68,,,,221,,49.6,,8.31,,7.9,,229,,20.4,,60,,,,90,,,,,,,,,,,,,,,,,,,,,,,,,,,,,,,,,,,,,,,,,,,,,,,,,,,,,,,,,,,,,,,,,,,,,,,,,,,,,,,,,,,,,,,,,,,,,,,,,,,,,,,,,,,,,,,,,,,,,,,,,,,,,,
2018PN880059,OIL SANDS LONGTERM WQ MONITORING,M7 LTWQ PANEL 9 OF 10,AL07DD0007,57.3139,-111.66835,2018-08-01 10:20,WATER,VERTICAL INTEGRATED,4.2,,107.15,,0,,1.16,,13.184,,101.084,,0,,0.044,,0.41,,16.715,,8.073,,127.757,,,,,,NA,,NA,,87.9,,,,5.68,,0.09,,,,8.16,,,,,,,,16.5,,28.1,,7.51,,0.85,,6.77,,9.42,,,,223,,58,,8.37,,7.95,,227,,20.2,EVENTF,67,,,,73,,,,,,,,,,,,,,,,,,,,,,,,,,,,,,,,,,,,,,,,,,,,,,,,,,,,,,,,,,,,,,,,,,,,,,,,,,,,,,,,,,,,,,,,,,,,,,,,,,,,,,,,,,,,,,,,,,,,,,,,,,,,,,
2018PN880060,OIL SANDS LONGTERM WQ MONITORING,M7 LTWQ PANEL 10 OF 10,AL07DD0007,57.31395,-111.66737,2018-08-01 10:31,WATER,VERTICAL INTEGRATED,4.3,,106.541,,0,,1.153,,12.647,,100.047,,0,,0.041,,0.43,,17.531,,8.078,,127.852,,,,,,NA,,NA,,87.4,,,,6.39,,0.09,,,,8.16,,,,,,,,16,,27.8,,7.44,,0.88,,6.83,,9.88,,,,223,,55.6,,8.42,,7.95,,227,,20.36,EVENTF,62,,,,78,,,,,,,,,,,,,,,,,,,,,,,,,,,,,,,,,,,,,,,,,,,,,,,,,,,,,,,,,,,,,,,,,,,,,,,,,,,,,,,,,,,,,,,,,,,,,,,,,,,,,,,,,,,,,,,,,,,,,,,,,,,,,,
2018PN880061,OIL SANDS LONGTERM WQ MONITORING,ATHABASCA RIVER M2 ABOVE HORSE RIVER,AL07DD0002,56.71952778,-111.4044722,2018-08-14 13:45,WATER,VERTICAL INTEGRATED,3.3,,121.705,,2.496,,0.818,,18.615,,122.615,,0,,0.402,,0.29,,11.607,,7.576,,148.004,,,,,,NA,,2.08,,104,,,,1.49,,0.09,,,,8.38,,,,,,,,27.3,,34.2,,9.04,,1.08,,4.88,,7.48,,,,257,,21.6,,9.11,,8.39,,259,,19.73,,25,,,,38,,,,,,,,,,,,,,,,,,,,,,,,,,,,,,,,,,,,,,,,,,,,,,,,,,,,,,,,,,,,,,,,,,,,,,,,,,,,,,,,,,,,,,,,,,,,,,,,,,,,,,,,,,,,,,,,,,,,,,,,,,,,,,
2018PN880062,OIL SANDS LONGTERM WQ MONITORING,M3 LT WQ PANEL 1 OF 10,AL07DD0008,56.8383,-111.41835,2018-08-14 11:40,WATER,VERTICAL INTEGRATED,1.5,,125.094,,1.428,,0.908,,19.067,,124.067,,0,,0.351,,0.32,,12.412,,7.638,,150.744,,,,,,NA,,1.19,,105,,,,2.15,,0.09,,,,8.34,,,,,,,,27.4,,34.6,,9.15,,1.12,,5.02,,8.17,,,,261,,25.6,,9.03,,8.19,,265,,19.06,,26,,,,37,,,,,,,,,,,,,,,,,,,,,,,,,,,,,,,,,,,,,,,,,,,,,,,,,,,,,,,,,,,,,,,,,,,,,,,,,,,,,,,,,,,,,,,,,,,,,,,,,,,,,,,,,,,,,,,,,,,,,,,,,,,,,,
2018PN880063,OIL SANDS LONGTERM WQ MONITORING,M3 LT WQ PANEL 3 OF 10,AL07DD0008,56.83849,-111.41702,2018-08-14 11:25,WATER,VERTICAL INTEGRATED,1.7,,124.216,,1.86,,0.846,,17.988,,122.988,,0,,0.381,,0.3,,11.863,,7.609,,149.094,,,,,,NA,,1.55,,105,,,,1.57,,0.09,,,,8.37,,,,,,,,27.3,,34.3,,9.07,,1.08,,4.95,,7.69,,,,259,,23.9,,9.1,,8.16,,260,,19.18,,24,,,,37,,,,,,,,,,,,,,,,,,,,,,,,,,,,,,,,,,,,,,,,,,,,,,,,,,,,,,,,,,,,,,,,,,,,,,,,,,,,,,,,,,,,,,,,,,,,,,,,,,,,,,,,,,,,,,,,,,,,,,,,,,,,,,
2018PN880064,OIL SANDS LONGTERM WQ MONITORING,M3 LT WQ PANEL 9 OF 10,AL07DD0008,56.83991,-111.41234,2018-08-14 11:05,WATER,VERTICAL INTEGRATED,3,,93.741,,0,,0.968,,6.625,,83.525,,0,,-0.132,,0.68,,26.916,,8.444,,122.693,,,,,,NA,,NA,,76.9,,,,14.1,,0.09,,,,8.18,,,,,,,,10.4,,22.7,,6.52,,0.78,,7.61,,14.3,,,,217,,28,,8.84,,8.14,,221,,18.62,,33,,,,82,,,,,,,,,,,,,,,,,,,,,,,,,,,,,,,,,,,,,,,,,,,,,,,,,,,,,,,,,,,,,,,,,,,,,,,,,,,,,,,,,,,,,,,,,,,,,,,,,,,,,,,,,,,,,,,,,,,,,,,,,,,,,,
2018PN880065,OIL SANDS LONGTERM WQ MONITORING,M3 LT WQ PANEL 10 OF 10,AL07DD0008,56.83878,-111.41164,2018-08-14 10:40,WATER,VERTICAL INTEGRATED,2.9,,90.084,,0,,0.975,,6.927,,80.827,,0,,-0.187,,0.72,,28.25,,8.535,,120.362,,,,,,NA,,NA,,73.9,,,,15.1,,0.09,,,,8.16,,,,,,,,9.15,,21.9,,6.35,,0.78,,7.79,,14.8,,,,215,,29.6,,8.69,,7.96,,217,,18.52,,35.7,,,,83,,,,,,,,,,,,,,,,,,,,,,,,,,,,,,,,,,,,,,,,,,,,,,,,,,,,,,,,,,,,,,,,,,,,,,,,,,,,,,,,,,,,,,,,,,,,,,,,,,,,,,,,,,,,,,,,,,,,,,,,,,,,,,
2018PN880066,OIL SANDS LONGTERM WQ MONITORING,M7 LTWQ PANEL 1 OF 10,AL07DD0007,57.31332,-111.67533,2018-08-16 16:15,WATER,VERTICAL INTEGRATED,2.6,,123.119,,0,,1.054,,18.992,,119.992,,0,,0.276,,0.4,,15.339,,7.709,,149.224,,,,,,NA,,NA,,101,,,,4.54,,0.1,,,,8.26,,,,,,,,25.1,,33.1,,9.07,,1.06,,5.51,,10.1,,,,255,,20.7,,8.76,,8.14,,262,,20.45,,20,,,,54,,,,,,,,,,,,,,,,,,,,,,,,,,,,,,,,,,,,,,,,,,,,,,,,,,,,,,,,,,,,,,,,,,,,,,,,,,,,,,,,,,,,,,,,,,,,,,,,,,,,,,,,,,,,,,,,,,,,,,,,,,,,,,
2018PN880067,OIL SANDS LONGTERM WQ MONITORING,M7 LTWQ PANEL 9 OF 10,AL07DD0007,57.3139,-111.66835,2018-08-16 16:40,WATER,VERTICAL INTEGRATED,3.5,,118.121,,0,,1.111,,17.535,,114.435,,0,,0.193,,0.43,,16.493,,7.835,,145.034,,,,,,NA,,NA,,96.9,,,,6.26,,0.09,,,,8.22,,,,,,,,23.1,,31.6,,8.63,,1.01,,5.66,,10.5,,,,251,,23.2,,8.96,,8.21,,256,,20.25,,23.3,,,,51,,,,,,,,,,,,,,,,,,,,,,,,,,,,,,,,,,,,,,,,,,,,,,,,,,,,,,,,,,,,,,,,,,,,,,,,,,,,,,,,,,,,,,,,,,,,,,,,,,,,,,,,,,,,,,,,,,,,,,,,,,,,,,
2018PN880068,OIL SANDS LONGTERM WQ MONITORING,M7 LTWQ PANEL 10 OF 10,AL07DD0007,57.31395,-111.66737,2018-08-16 17:10,WATER,VERTICAL INTEGRATED,4.1,,117.024,,0,,1.026,,18.685,,114.685,,0,,0.223,,0.44,,16.723,,7.803,,145.004,,,,,,NA,,NA,,96,,,,6.84,,0.09,,,,8.25,,,,,,,,22.6,,31.7,,8.63,,1.02,,5.78,,10.7,,,,250,,19.2,,8.7,,8.2,,255,,20.37,,24.5,,,,52,,,,,,,,,,,,,,,,,,,,,,,,,,,,,,,,,,,,,,,,,,,,,,,,,,,,,,,,,,,,,,,,,,,,,,,,,,,,,,,,,,,,,,,,,,,,,,,,,,,,,,,,,,,,,,,,,,,,,,,,,,,,,,
2018PN880069,OIL SANDS LONGTERM WQ MONITORING,ATHABASCA RIVER M2 ABOVE HORSE RIVER,AL07DD0002,56.71952778,-111.4044722,2018-09-11 13:30,WATER,VERTICAL INTEGRATED,2.9,,136.772,,2.88,,0.92,,25.832,,142.832,,0,,0.256,,0.34,,12.295,,7.867,,173.044,,,,,,NA,,2.4,,117,,,,1.75,,0.09,,,,8.38,,,,,,,,36.5,,38.9,,11.1,,1.24,,3.92,,9.3,,,,295,,7.32,,10.9,,8.5,,293,,11.75,,8.4,,,,16,,,,,,,,,,,,,,,,,,,,,,,,,,,,,,,,,,,,,,,,,,,,,,,,,,,,,,,,,,,,,,,,,,,,,,,,,,,,,,,,,,,,,,,,,,,,,,,,,,,,,,,,,,,,,,,,,,,,,,,,,,,,,,
2018PN880070,OIL SANDS LONGTERM WQ MONITORING,M3 LT WQ PANEL 1 OF 10,AL07DD0008,56.8383,-111.41835,2018-09-11 11:13,WATER,VERTICAL INTEGRATED,1.3,,144.695,,2.58,,1.039,,24.064,,147.064,,0,,0.227,,0.4,,13.971,,7.896,,183.357,,,,,,NA,,2.15,,123,,,,3.68,,0.1,,,,8.35,,,,,,,,37.6,,40.1,,11.4,,1.35,,3.89,,11.1,,,,314,,7.9,,10.78,,8.38,,314,,10.77,,8.6,,,,17,,,,,,,,,,,,,,,,,,,,,,,,,,,,,,,,,,,,,,,,,,,,,,,,,,,,,,,,,,,,,,,,,,,,,,,,,,,,,,,,,,,,,,,,,,,,,,,,,,,,,,,,,,,,,,,,,,,,,,,,,,,,,,
2018PN880071,OIL SANDS LONGTERM WQ MONITORING,M3 LT WQ PANEL 3 OF 10,AL07DD0008,56.83849,-111.41702,2018-09-11 11:00,WATER,VERTICAL INTEGRATED,1.4,,139.576,,2.7,,0.959,,23.832,,142.832,,0,,0.231,,0.35,,12.524,,7.908,,174.604,,,,,,NA,,2.25,,119,,,,1.91,,0.09,,,,8.37,,,,,,,,36.5,,38.9,,11.1,,1.26,,3.9,,9.5,,,,300,,8.06,,10.65,,8.25,,298,,11.07,,10.6,,,,17,,,,,,,,,,,,,,,,,,,,,,,,,,,,,,,,,,,,,,,,,,,,,,,,,,,,,,,,,,,,,,,,,,,,,,,,,,,,,,,,,,,,,,,,,,,,,,,,,,,,,,,,,,,,,,,,,,,,,,,,,,,,,,
2018PN880072,OIL SANDS LONGTERM WQ MONITORING,M3 LT WQ PANEL 9 OF 10,AL07DD0008,56.83991,-111.41234,2018-09-11 10:45,WATER,VERTICAL INTEGRATED,2.6,,108.125,,0,,1.041,,5.676,,94.376,,0,,-0.264,,0.77,,28.123,,8.738,,142.869,,,,,,NA,,NA,,88.7,,,,16.1,,0.09,,,,8.21,,,,,,,,15.2,,25.1,,7.7,,1.03,,7.18,,17.2,,,,253,,17.3,,10.61,,8.04,,252,,10.29,,22.7,,,,41,,,,,,,,,,,,,,,,,,,,,,,,,,,,,,,,,,,,,,,,,,,,,,,,,,,,,,,,,,,,,,,,,,,,,,,,,,,,,,,,,,,,,,,,,,,,,,,,,,,,,,,,,,,,,,,,,,,,,,,,,,,,,,
2018PN880073,OIL SANDS LONGTERM WQ MONITORING,M3 LT WQ PANEL 10 OF 10,AL07DD0008,56.83878,-111.41164,2018-09-11 10:30,WATER,VERTICAL INTEGRATED,2.2,,101.543,,0,,1.074,,2.986,,86.286,,0,,-0.379,,0.87,,31.622,,8.928,,137.593,,,,,,NA,,NA,,83.3,,,,18.8,,0.09,,,,8.17,,,,,,,,11.4,,22.8,,7.13,,0.99,,7.75,,18.6,,,,245,,18.7,,10.6,,7.94,,244,,10.07,,25.9,,,,46,,,,,,,,,,,,,,,,,,,,,,,,,,,,,,,,,,,,,,,,,,,,,,,,,,,,,,,,,,,,,,,,,,,,,,,,,,,,,,,,,,,,,,,,,,,,,,,,,,,,,,,,,,,,,,,,,,,,,,,,,,,,,,
2018PN880074,OIL SANDS LONGTERM WQ MONITORING,M7 LTWQ PANEL 1 OF 10,AL07DD0007,57.31332,-111.67533,2018-09-12 12:00,WATER,VERTICAL INTEGRATED,2.7,,134.09,,0,,1.261,,16.817,,126.817,,0,,-0.064,,0.49,,17.728,,8.348,,164.154,,,,,,NA,,NA,,110,,,,6.24,,0.1,,,,8.22,,,,,,,,28.8,,34.3,,10,,1.16,,4.81,,12.7,,,,281,,9.99,,10.83,,8.29,,282,,9.29,,12.8,,,,35,,,,,,,,,,,,,,,,,,,,,,,,,,,,,,,,,,,,,,,,,,,,,,,,,,,,,,,,,,,,,,,,,,,,,,,,,,,,,,,,,,,,,,,,,,,,,,,,,,,,,,,,,,,,,,,,,,,,,,,,,,,,,,
2018PN880075,OIL SANDS LONGTERM WQ MONITORING,M7 LTWQ PANEL 9 OF 10,AL07DD0007,57.3139,-111.66835,2018-09-12 11:40,WATER,VERTICAL INTEGRATED,3.1,,131.652,,0,,1.21,,17.16,,125.16,,0,,-0.052,,0.49,,17.685,,8.333,,163.214,,,,,,NA,,NA,,108,,,,7.3,,0.1,,,,8.23,,,,,,,,28.4,,33.9,,9.84,,1.17,,5.16,,12.5,,,,280,,11.3,,10.7,,8.31,,282,,9.75,,14.1,,,,33,,,,,,,,,,,,,,,,,,,,,,,,,,,,,,,,,,,,,,,,,,,,,,,,,,,,,,,,,,,,,,,,,,,,,,,,,,,,,,,,,,,,,,,,,,,,,,,,,,,,,,,,,,,,,,,,,,,,,,,,,,,,,,
2018PN880076,OIL SANDS LONGTERM WQ MONITORING,M7 LTWQ PANEL 10 OF 10,AL07DD0007,57.31395,-111.66737,2018-09-12 11:20,WATER,VERTICAL INTEGRATED,3.8,,131.652,,0,,1.298,,16.828,,124.828,,0,,-0.086,,0.49,,17.958,,8.372,,163.264,,,,,,NA,,NA,,108,,,,7.56,,0.1,,,,8.2,,,,,,,,28.1,,33.8,,9.82,,1.15,,5.19,,12.7,,,,279,,11.4,,10.77,,8.18,,283,,9.66,,13,,,,30,,,,,,,,,,,,,,,,,,,,,,,,,,,,,,,,,,,,,,,,,,,,,,,,,,,,,,,,,,,,,,,,,,,,,,,,,,,,,,,,,,,,,,,,,,,,,,,,,,,,,,,,,,,,,,,,,,,,,,,,,,,,,,
2018PN880077,OIL SANDS LONGTERM WQ MONITORING,ATHABASCA RIVER M2 ABOVE HORSE RIVER,AL07DD0002,56.71952778,-111.4044722,2018-10-10 14:30,WATER,VERTICAL INTEGRATED,3,,143.94,,2.352,,1.055,,20.521,,142.521,,0,,-0.108,,0.41,,14.458,,8.555,,171.394,,,,,,NA,,1.96,,122,,,,2.51,,0.09,,,,8.34,,,,,,,,27.3,,39.6,,10.6,,1.35,,5.5,,11.2,,,,291,,9.19,,13.83,,8.63,,294,,1.6,,4.2,,,,37,,,,,,,,,,,,,,,,,,,,,,,,,,,,,,,,,,,,,,,,,,,,,,,,,,,,,,,,,,,,,,,,,,,,,,,,,,,,,,,,,,,,,,,,,,,,,,,,,,,,,,,,,,,,,,,,,,,,,,,,,,,,,,
2018PN880078,OIL SANDS LONGTERM WQ MONITORING,M3 LT WQ PANEL 1 OF 10,AL07DD0008,56.8383,-111.41835,2018-10-10 12:15,WATER,VERTICAL INTEGRATED,1.3,,148.669,,2.424,,1.09,,23.486,,149.486,,0,,-0.131,,0.46,,15.652,,8.602,,181.45,,,,,,NA,,2.02,,126,,,,4.37,,0.09,,,,8.34,,,,,,,,28.7,,41.4,,11.2,,1.44,,5.44,,12.9,,,,306,,8.18,,13.7,,8.2,,307,,0.12,,4,,,,37,,,,,,,,,,,,,,,,,,,,,,,,,,,,,,,,,,,,,,,,,,,,,,,,,,,,,,,,,,,,,,,,,,,,,,,,,,,,,,,,,,,,,,,,,,,,,,,,,,,,,,,,,,,,,,,,,,,,,,,,,,,,,,
2018PN880079,OIL SANDS LONGTERM WQ MONITORING,M3 LT WQ PANEL 3 OF 10,AL07DD0008,56.83849,-111.41702,2018-10-10 11:55,WATER,VERTICAL INTEGRATED,1.4,,144.939,,2.46,,1.064,,22.093,,145.093,,0,,-0.152,,0.42,,14.674,,8.644,,173.854,,,,,,NA,,2.05,,123,,,,2.67,,0.09,,,,8.34,,,,,,,,27.7,,40.3,,10.8,,1.36,,5.49,,11.6,,,,296,,8.7,,13.87,,8.23,,297,,0.12,,5.5,,,,34,,,,,,,,,,,,,,,,,,,,,,,,,,,,,,,,,,,,,,,,,,,,,,,,,,,,,,,,,,,,,,,,,,,,,,,,,,,,,,,,,,,,,,,,,,,,,,,,,,,,,,,,,,,,,,,,,,,,,,,,,,,,,,
2018PN880080,OIL SANDS LONGTERM WQ MONITORING,M3 LT WQ PANEL 9 OF 10,AL07DD0008,56.83991,-111.41234,2018-10-10 11:30,WATER,VERTICAL INTEGRATED,2.4,,108.003,,0,,1.016,,8.772,,97.372,,0,,-0.592,,0.76,,27.62,,9.403,,143.094,,,,,,NA,,NA,,88.6,,,,15.3,,0.09,,,,8.22,,,,,,,,14.7,,26.3,,7.7,,1.03,,7.47,,17.3,,,,252,,7.6,,14.24,,7.86,,266,,0.12,,5,,,,57,,,,,,,,,,,,,,,,,,,,,,,,,,,,,,,,,,,,,,,,,,,,,,,,,,,,,,,,,,,,,,,,,,,,,,,,,,,,,,,,,,,,,,,,,,,,,,,,,,,,,,,,,,,,,,,,,,,,,,,,,,,,,,
2018PN880081,OIL SANDS LONGTERM WQ MONITORING,M3 LT WQ PANEL 10 OF 10,AL07DD0008,56.83878,-111.41164,2018-10-10 11:10,WATER,VERTICAL INTEGRATED,2.3,,101.908,,0,,1.028,,8.709,,92.309,,0,,-0.671,,0.82,,29.627,,9.533,,139.494,,,,,,NA,,NA,,83.6,,,,17,,0.09,,,,8.19,,,,,,,,13.2,,24.8,,7.38,,1,,7.72,,18.1,,,,245,,7.59,,14.16,,7.64,,250,,0.12,,4.5,,,,47,,,,,,,,,,,,,,,,,,,,,,,,,,,,,,,,,,,,,,,,,,,,,,,,,,,,,,,,,,,,,,,,,,,,,,,,,,,,,,,,,,,,,,,,,,,,,,,,,,,,,,,,,,,,,,,,,,,,,,,,,,,,,,
2018PN880082,OIL SANDS LONGTERM WQ MONITORING,M7 LTWQ PANEL 1 OF 10,AL07DD0007,57.31332,-111.67533,2018-10-11 12:50,WATER,VERTICAL INTEGRATED,2.7,,140.185,,0,,1.382,,14.942,,129.942,,0,,-0.323,,0.53,,18.59,,8.845,,166.159,,,,,,NA,,NA,,115,,,,6.51,,0.09,,,,8.2,,,,,,,,23.9,,35.7,,9.91,,1.26,,5.94,,13.8,,,,283,,9.16,,13.7,,8.14,,288,,1.44,,8,,,,40,,,,,,,,,,,,,,,,,,,,,,,,,,,,,,,,,,,,,,,,,,,,,,,,,,,,,,,,,,,,,,,,,,,,,,,,,,,,,,,,,,,,,,,,,,,,,,,,,,,,,,,,,,,,,,,,,,,,,,,,,,,,,,
2018PN880083,OIL SANDS LONGTERM WQ MONITORING,M7 LTWQ PANEL 9 OF 10,AL07DD0007,57.3139,-111.66835,2018-10-11 13:15,WATER,VERTICAL INTEGRATED,3.2,,136.528,,0,,1.315,,14.625,,126.625,,0,,-0.335,,0.53,,18.874,,8.88,,163.124,,,,,,NA,,NA,,112,,,,7.4,,0.09,,,,8.21,,,,,,,,22.9,,34.8,,9.65,,1.22,,6.12,,13.7,,,,280,,8.8,,13.72,,8.26,,283,,1.44,,6.6,,,,39,,,,,,,,,,,,,,,,,,,,,,,,,,,,,,,,,,,,,,,,,,,,,,,,,,,,,,,,,,,,,,,,,,,,,,,,,,,,,,,,,,,,,,,,,,,,,,,,,,,,,,,,,,,,,,,,,,,,,,,,,,,,,,
2018PN880084,OIL SANDS LONGTERM WQ MONITORING,M7 LTWQ PANEL 10 OF 10,AL07DD0007,57.31395,-111.66737,2018-10-11 13:30,WATER,VERTICAL INTEGRATED,3.7,,135.309,,0,,1.334,,14.67,,125.67,,0,,-0.354,,0.54,,19.328,,8.907,,162.524,,,,,,NA,,NA,,111,,,,7.85,,0.09,,,,8.2,,,,,,,,22.4,,34.5,,9.6,,1.2,,6.24,,14,,,,280,,8.45,,13.66,,8.66,,282,,1.39,,6.5,,,,37,,,,,,,,,,,,,,,,,,,,,,,,,,,,,,,,,,,,,,,,,,,,,,,,,,,,,,,,,,,,,,,,,,,,,,,,,,,,,,,,,,,,,,,,,,,,,,,,,,,,,,,,,,,,,,,,,,,,,,,,,,,,,,
2018PN880085,OIL SANDS LONGTERM WQ MONITORING,ATHABASCA RIVER M2 ABOVE HORSE RIVER,AL07DD0002,56.71952778,-111.4044722,2019-01-15 14:20,WATER,VERTICAL INTEGRATED,3.15,,215.763,,0,,2.507,,22.002,,199.002,,0,,-0.094,,0.64,,18.159,,8.318,,261.519,,,,,,NA,,NA,,177,,,,5.07,,0.12,,,,8.13,,,,,,,,48.8,,54.8,,15.1,,2.42,,7.78,,20.6,,,,443,,4.47,,13.12,,8.14,EVENTF,394,,-0.04,,2.6,,,,32,,,,,,,,,,,,,,,,,,,,,,,,,,,,,,,,,,,,,,,,,,,,,,,,,,,,,,,,,,,,,,,,,,,,,,,,,,,,,,,,,,,,,,,,,,,,,,,,,,,,,,,,,,,,,,,,,,,,,,,,,,,,,,
2018PN880086,OIL SANDS LONGTERM WQ MONITORING,M3 LT WQ PANEL 1 OF 10,AL07DD0008,56.8383,-111.41835,2019-01-15 10:55,WATER,VERTICAL INTEGRATED,2.11,,216.982,,0,,2.58,,22.413,,200.413,,0,,-0.098,,0.64,,18.2,,8.317,,264.667,,,,,,NA,,NA,,178,,,,5.55,,0.12,,,,8.12,,,,,,,,50.1,,55.2,,15.2,,2.42,,7.68,,20.8,,,,447,,2.48,,13.5,,7.26,,441,,-0.03,,2.2,,,,24,,,,,,,,,,,,,,,,,,,,,,,,,,,,,,,,,,,,,,,,,,,,,,,,,,,,,,,,,,,,,,,,,,,,,,,,,,,,,,,,,,,,,,,,,,,,,,,,,,,,,,,,,,,,,,,,,,,,,,,,,,,,,,
2018PN880087,OIL SANDS LONGTERM WQ MONITORING,M3 LT WQ PANEL 9 OF 10,AL07DD0008,56.83991,-111.41234,2019-01-15 11:25,WATER,VERTICAL INTEGRATED,2.32,,143.842,,0,,2.856,,8.694,,126.694,,0,,-0.691,,0.94,,29.203,,9.283,,198.537,,,,,,NA,,NA,,118,,,,21.3,,0.1,,,,7.9,,,,,,,,24.9,,34.3,,9.97,,1.62,,10.5,,24.4,,,,348,,5.24,,12.52,,7.86,,348,,-0.04,,4.2,,,,26,,,,,,,,,,,,,,,,,,,,,,,,,,,,,,,,,,,,,,,,,,,,,,,,,,,,,,,,,,,,,,,,,,,,,,,,,,,,,,,,,,,,,,,,,,,,,,,,,,,,,,,,,,,,,,,,,,,,,,,,,,,,,,
2018PN880088,OIL SANDS LONGTERM WQ MONITORING,M3 LT WQ PANEL 10 OF 10,AL07DD0008,56.83878,-111.41164,2019-01-15 11:50,WATER,VERTICAL INTEGRATED,2.03,,109.954,,0,,3.164,,3.429,,93.629,,0,,-1.101,,1.19,,37.63,,9.942,,169.477,,,,,,NA,,NA,,90.2,,,,28.9,,0.1,,,,7.74,,,,,,,,13.8,,24.9,,7.64,,1.27,,11.7,,26.4,,,,302,,4.37,,12.49,,7.81,,301,,-0.05,,5.3,,,,25,,,,,,,,,,,,,,,,,,,,,,,,,,,,,,,,,,,,,,,,,,,,,,,,,,,,,,,,,,,,,,,,,,,,,,,,,,,,,,,,,,,,,,,,,,,,,,,,,,,,,,,,,,,,,,,,,,,,,,,,,,,,,,
2018PN880089,OIL SANDS LONGTERM WQ MONITORING,M7 LTWQ PANEL 1 OF 10,AL07DD0007,57.31332,-111.67533,2019-01-16 11:30,WATER,VERTICAL INTEGRATED,2.88,,191.383,,0,,2.68,,17.524,,174.524,,0,,-0.282,,0.76,,22.176,,8.613,,243.675,,,,,,NA,,NA,,157,,,,12.3,,0.12,,,,8.05,,,,,,,,40.8,,47.8,,13.4,,2.12,,8.92,,23.2,,,,418,,3.66,,12.75,,7.55,,412,,-0.03,,3.3,,,,25,,,,,,,,,,,,,,,,,,,,,,,,,,,,,,,,,,,,,,,,,,,,,,,,,,,,,,,,,,,,,,,,,,,,,,,,,,,,,,,,,,,,,,,,,,,,,,,,,,,,,,,,,,,,,,,,,,,,,,,,,,,,,,
2018PN880090,OIL SANDS LONGTERM WQ MONITORING,M7 LTWQ PANEL 10 OF 10,AL07DD0007,57.31395,-111.66737,2019-01-16 12:05,WATER,VERTICAL INTEGRATED,3.4,,174.317,,0,,2.557,,16.009,,159.009,,0,,-0.382,,0.82,,24.288,,8.794,,228.759,,,,,,NA,,NA,,143,,,,15.9,,0.11,,,,8.03,,,,,,,,35.3,,43.4,,12.3,,1.95,,9.49,,23.8,,,,396,,3.5,,12.67,,7.25,,368,,-0.04,,3.8,,,,26,,,,,,,,,,,,,,,,,,,,,,,,,,,,,,,,,,,,,,,,,,,,,,,,,,,,,,,,,,,,,,,,,,,,,,,,,,,,,,,,,,,,,,,,,,,,,,,,,,,,,,,,,,,,,,,,,,,,,,,,,,,,,,
2018PN880091,OIL SANDS LONGTERM WQ MONITORING,ATHABASCA RIVER M2 ABOVE HORSE RIVER,AL07DD0002,56.71952778,-111.4044722,2019-02-12 15:25,WATER,VERTICAL INTEGRATED,2.81,,208.449,,0,,4.043,,17.231,,188.231,,0,,-0.347,,0.63,,18.539,,8.605,,250.641,,,,,,NA,,NA,,171,,,,4.39,,0.11,,,,7.91,,,,,,,,46.2,,52.3,,14,,2.4,,7.79,,20,,,,423,,6.9,,12.53,,7.6,EVENTF,277,,-0.04,,0,,,,39,,,,,,,,,,,,,,,,,,,,,,,,,,,,,,,,,,,,,,,,,,,,,,,,,,,,,,,,,,,,,,,,,,,,,,,,,,,,,,,,,,,,,,,,,,,,,,,,,,,,,,,,,,,,,,,,,,,,,,,,,,,,,,
2018PN880092,OIL SANDS LONGTERM WQ MONITORING,M7 LTWQ PANEL 1 OF 10,AL07DD0007,57.31332,-111.67533,2019-02-13 12:00,WATER,VERTICAL INTEGRATED,2.68,,180.412,,0,,3.93,,12.682,,160.682,,0,,-0.528,,0.81,,24,,8.916,,232.58,,,,,,NA,,NA,,148,,,,14.3,,0.11,,,,7.86,,,,,,,,36.9,,44.4,,12.1,,2.1,,9.2,,23.7,,,,390,,3.97,,12.18,EVENTF,6.53,,398,,-0.03,,0,,,,23,,,,,,,,,,,,,,,,,,,,,,,,,,,,,,,,,,,,,,,,,,,,,,,,,,,,,,,,,,,,,,,,,,,,,,,,,,,,,,,,,,,,,,,,,,,,,,,,,,,,,,,,,,,,,,,,,,,,,,,,,,,,,,
2018PN880093,OIL SANDS LONGTERM WQ MONITORING,M7 LTWQ PANEL 10 OF 10,AL07DD0007,57.31395,-111.66737,2019-02-13 13:05,WATER,VERTICAL INTEGRATED,3.04,,173.098,,0,,3.86,,9.558,,151.558,,0,,-0.579,,0.81,,24.522,,9.008,,224.253,,,,,,NA,,NA,,142,,,,16.3,,0.11,,,,7.85,,,,,,,,34.2,,41.9,,11.4,,1.99,,9.24,,23,,,,389,,3.04,,12.33,,7.29,,388,,-0.04,,0,,,,20,,,,,,,,,,,,,,,,,,,,,,,,,,,,,,,,,,,,,,,,,,,,,,,,,,,,,,,,,,,,,,,,,,,,,,,,,,,,,,,,,,,,,,,,,,,,,,,,,,,,,,,,,,,,,,,,,,,,,,,,,,,,,,
2018PN880094,OIL SANDS LONGTERM WQ MONITORING,M3 LT WQ PANEL 1 OF 10,AL07DD0008,56.8383,-111.41835,2019-02-12 13:30,WATER,VERTICAL INTEGRATED,1.85,,209.668,,0,,3.882,,13.586,,185.586,,0,,-0.328,,0.63,,18.514,,8.586,,251.037,,,,,,NA,,NA,,172,,,,4.73,,0.11,,,,7.93,,,,,,,,46.8,,51.9,,13.6,,2.47,,7.57,,19.7,,,,428,,1.7,,12.64,,7.53,,426,,-0.04,,0,,,,21,,,,,,,,,,,,,,,,,,,,,,,,,,,,,,,,,,,,,,,,,,,,,,,,,,,,,,,,,,,,,,,,,,,,,,,,,,,,,,,,,,,,,,,,,,,,,,,,,,,,,,,,,,,,,,,,,,,,,,,,,,,,,,
2018PN880095,OIL SANDS LONGTERM WQ MONITORING,M3 LT WQ PANEL 10 OF 10,AL07DD0008,56.83878,-111.41164,2019-02-12 10:55,WATER,VERTICAL INTEGRATED,1.68,,106.663,,0,,5.107,,1.45,,88.95,,0,,-1.353,,1.36,,41.479,,10.225,,176.506,,,,,,NA,,NA,,87.5,,,,35.9,,0.1,,,,7.52,,,,,,,,13.6,,23.9,,7.11,,1.29,,11.8,,29.5,,,,317,,4.86,,12.31,,7.2,,318,,-0.03,,1.3,,,,24,,,,,,,,,,,,,,,,,,,,,,,,,,,,,,,,,,,,,,,,,,,,,,,,,,,,,,,,,,,,,,,,,,,,,,,,,,,,,,,,,,,,,,,,,,,,,,,,,,,,,,,,,,,,,,,,,,,,,,,,,,,,,,
2018PN880096,OIL SANDS LONGTERM WQ MONITORING,M3 LT WQ PANEL 9 OF 10,AL07DD0008,56.83991,-111.41234,2019-02-12 11:25,WATER,TRIPLICATE SAMPLE,1.88,,143.842,,0,,4.541,,6.136,,124.136,,0,,-0.894,,1.01,,30.774,,9.489,,202.81,,,,,,NA,,NA,,118,,,,24.1,,0.1,,,,7.7,,,,,,,,25.6,,34.1,,9.47,,1.72,,10.3,,25.8,,,,358,,3.68,,13.15,,6.75,,353,,-0.03,,0.3,,,,24,,,,,,,,,,,,,,,,,,,,,,,,,,,,,,,,,,,,,,,,,,,,,,,,,,,,,,,,,,,,,,,,,,,,,,,,,,,,,,,,,,,,,,,,,,,,,,,,,,,,,,,,,,,,,,,,,,,,,,,,,,,,,,
2018PN880097,OIL SANDS LONGTERM WQ MONITORING,M3 LT WQ PANEL 9 OF 10,AL07DD0008,56.83991,-111.41234,2019-02-12 11:30,WATER,TRIPLICATE SAMPLE,1.88,,143.842,,0,,4.336,,5.845,,123.845,,0,,PM,,1.01,,30.91,,PM,,202.575,,,,,,NA,,NA,,118,,,,24,,0.1,,,,7.72,,,,,,,,25.5,,34,,9.46,,1.7,,10.3,,25.9,,,,358,,3.68,,,,,,,,,,,,,,24,,,,,,,,,,,,,,,,,,,,,,,,,,,,,,,,,,,,,,,,,,,,,,,,,,,,,,,,,,,,,,,,,,,,,,,,,,,,,,,,,,,,,,,,,,,,,,,,,,,,,,,,,,,,,,,,,,,,,,,,,,,,,,
2018PN880098,OIL SANDS LONGTERM WQ MONITORING,M3 LT WQ PANEL 9 OF 10,AL07DD0008,56.83991,-111.41234,2019-02-12 11:35,WATER,TRIPLICATE SAMPLE,1.88,,143.842,,0,,4.541,,5.513,,123.513,,0,,PM,,1.01,,30.969,,PM,,202.645,,,,,,NA,,NA,,118,,,,24,,0.1,,,,7.7,,,,,,,,25.7,,33.9,,9.44,,1.69,,10.3,,25.9,,,,357,,3.65,,,,,,,,,,,,,,24,,,,,,,,,,,,,,,,,,,,,,,,,,,,,,,,,,,,,,,,,,,,,,,,,,,,,,,,,,,,,,,,,,,,,,,,,,,,,,,,,,,,,,,,,,,,,,,,,,,,,,,,,,,,,,,,,,,,,,,,,,,,,,
2018PN880103,OIL SANDS LONGTERM WQ MONITORING,ATHABASCA RIVER M2 ABOVE HORSE RIVER,AL07DD0002,56.71952778,-111.4044722,2019-03-12 15:20,WATER,VERTICAL INTEGRATED,2.62,,209.668,,0,,3.974,,18.229,,190.229,,0,,-0.329,,0.69,,19.837,,8.579,,258.051,,,,,,NA,,NA,,172,,,,5.67,,0.11,,,,7.92,,,,,,,,48.8,,53.1,,14,,2.58,,7.59,,22,,,,439,,9.22,,11.97,,7.37,EVENTF,387,,-0.03,,19.3,,,,21,,,,,,,,,,,,,,,,,,,,,,,,,,,,,,,,,,,,,,,,,,,,,,,,,,,,,,,,,,,,,,,,,,,,,,,,,,,,,,,,,,,,,,,,,,,,,,,,,,,,,,,,,,,,,,,,,,,,,,,,,,,,,,
2018PN880104,OIL SANDS LONGTERM WQ MONITORING,M3 LT WQ PANEL 1 OF 10,AL07DD0008,56.8383,-111.41835,2019-03-12 11:10,WATER,VERTICAL INTEGRATED,1.65,,212.106,,0,,3.928,,16.229,,190.229,,0,,-0.317,,0.8,,22.134,,8.563,,270.371,,,,,,NA,,NA,,174,,,,11.1,,0.12,,,,7.93,,,,,,,,50.8,,53.1,,14,,2.75,,7.6,,25.3,,,,459,,2.41,,11.75,,7.05,,420,,-0.03,,0,,,,22,,,,,,,,,,,,,,,,,,,,,,,,,,,,,,,,,,,,,,,,,,,,,,,,,,,,,,,,,,,,,,,,,,,,,,,,,,,,,,,,,,,,,,,,,,,,,,,,,,,,,,,,,,,,,,,,,,,,,,,,,,,,,,
2018PN880105,OIL SANDS LONGTERM WQ MONITORING,M3 LT WQ PANEL 9 OF 10,AL07DD0008,56.83991,-111.41234,2019-03-12 13:00,WATER,VERTICAL INTEGRATED,1.58,,143.842,,0,,4.139,,6.007,,124.007,,0,,-0.859,,1.14,,33.482,,9.458,,212.542,,,,,,NA,,NA,,118,,,,28.8,,0.11,,,,7.74,,,,,,,,26.9,,33.9,,9.56,,1.78,,10.5,,29.2,,,,374,,3.84,,12.1,,7.19,,344,,-0.03,,0,,,,25,,,,,,,,,,,,,,,,,,,,,,,,,,,,,,,,,,,,,,,,,,,,,,,,,,,,,,,,,,,,,,,,,,,,,,,,,,,,,,,,,,,,,,,,,,,,,,,,,,,,,,,,,,,,,,,,,,,,,,,,,,,,,,
2018PN880106,OIL SANDS LONGTERM WQ MONITORING,M3 LT WQ PANEL 10 OF 10,AL07DD0008,56.83878,-111.41164,2019-03-12 13:25,WATER,VERTICAL INTEGRATED,1.45,,109.588,,0,,4.463,,2.406,,92.306,,0,,-1.26,,1.5,,43.292,,10.109,,188.328,,,,,,NA,,NA,,89.9,,,,40,,0.1,,,,7.59,,,,,,,,14.8,,24.7,,7.44,,1.4,,12,,33,,,,337,,4.8,,12.12,,6.77,,310,,-0.03,,1.1,,,,23,,,,,,,,,,,,,,,,,,,,,,,,,,,,,,,,,,,,,,,,,,,,,,,,,,,,,,,,,,,,,,,,,,,,,,,,,,,,,,,,,,,,,,,,,,,,,,,,,,,,,,,,,,,,,,,,,,,,,,,,,,,,,,
2018PN880107,OIL SANDS LONGTERM WQ MONITORING,M7 LTWQ PANEL 1 OF 10,AL07DD0007,57.31332,-111.67533,2019-03-13 11:15,WATER,VERTICAL INTEGRATED,2.62,,179.193,,0,,3.814,,13.77,,160.77,,0,,-0.521,,0.93,,26.575,,8.911,,242.257,,,,,,NA,,NA,,147,,,,19.3,,0.11,,,,7.87,,,,,,,,38.3,,44.6,,12,,2.21,,9.15,,27.2,,,,417,,2.88,,11.55,EVENTF,6.84,,382,,-0.03,,0,,,,23,,,,,,,,,,,,,,,,,,,,,,,,,,,,,,,,,,,,,,,,,,,,,,,,,,,,,,,,,,,,,,,,,,,,,,,,,,,,,,,,,,,,,,,,,,,,,,,,,,,,,,,,,,,,,,,,,,,,,,,,,,,,,,
2018PN880108,OIL SANDS LONGTERM WQ MONITORING,M7 LTWQ PANEL 10 OF 10,AL07DD0007,57.31395,-111.66737,2019-03-13 12:20,WATER,VERTICAL INTEGRATED,2.92,,176.755,,0,,3.762,,10.628,,155.628,,0,,-0.539,,0.95,,27.283,,8.949,,238.879,,,,,,NA,,NA,,145,,,,20.6,,0.11,,,,7.87,,,,,,,,36.4,,43.2,,11.6,,2.16,,9.37,,27.3,,,,412,,2.96,,11.77,,7.25,,377,,-0.03,,0,,,,25,,,,,,,,,,,,,,,,,,,,,,,,,,,,,,,,,,,,,,,,,,,,,,,,,,,,,,,,,,,,,,,,,,,,,,,,,,,,,,,,,,,,,,,,,,,,,,,,,,,,,,,,,,,,,,,,,,,,,,,,,,,,,,
2019PN880001,OIL SANDS LONGTERM WQ MONITORING,ATHABASCA RIVER M2 ABOVE HORSE RIVER,AL07DD0002,56.71952778,-111.4044722,2019-05-22 14:15,WATER,VERTICAL INTEGRATED,4.1,,127.995,,0,,1.292,,16.385,,121.385,,0,,0.111,,0.36,,13.729,,7.969,,149.18,,,,,,NA,,NA,,105,,,,2,,0.08,,,,8.19,,,,,,,,24.1,,34.4,,8.62,,1.78,,5.93,,9.04,,,,256,,90.7,,9.76,,7.97,,250,,16.15,EVENTF,112.3,,,,44,,,,,,,,,,,,,,,,,,,,,,,,,,,,,,,,,,,,,,,,,,,,,,,,,,,,,,,,,,,,,,,,,,,,,,,,,,,,,,,,,,,,,,,,,,,,,,,,,,,,,,,,,,,,,,,,,,,,,,,,,,,,,,
2019PN880002,OIL SANDS LONGTERM WQ MONITORING,M3 LT WQ PANEL 1 OF 10,AL07DD0008,56.8383,-111.41835,2019-05-22 11:40,WATER,VERTICAL INTEGRATED,1.9,,130.433,,0,,1.48,,13.474,,120.474,,0,,0.04,,0.41,,15.31,,8.06,,151.931,,,,,,NA,,NA,,107,,,,3.16,,0.08,,,,8.14,,,,,,,,23.5,,34.2,,8.52,,1.84,,5.89,,10.2,,,,259,,93.6,,9.56,EVENTF,8.13,,255,,15.32,,118.1,,,,45,,,,,,,,,,,,,,,,,,,,,,,,,,,,,,,,,,,,,,,,,,,,,,,,,,,,,,,,,,,,,,,,,,,,,,,,,,,,,,,,,,,,,,,,,,,,,,,,,,,,,,,,,,,,,,,,,,,,,,,,,,,,,,
2019PN880003,OIL SANDS LONGTERM WQ MONITORING,M3 LT WQ PANEL 4 OF 10,AL07DD0008,56.83861,-111.41628,2019-05-22 11:25,WATER,VERTICAL INTEGRATED,1.8,,127.995,,0,,1.386,,14.769,,119.769,,0,,0.049,,0.36,,14.007,,8.062,,148.178,,,,,,NA,,NA,,105,,,,2.02,,0.08,,,,8.16,,,,,,,,23.6,,34,,8.47,,1.76,,5.95,,9.13,,,,253,,97.3,,9.67,EVENTF,8.05,,249,,15.28,,115,,,,49,,,,,,,,,,,,,,,,,,,,,,,,,,,,,,,,,,,,,,,,,,,,,,,,,,,,,,,,,,,,,,,,,,,,,,,,,,,,,,,,,,,,,,,,,,,,,,,,,,,,,,,,,,,,,,,,,,,,,,,,,,,,,,
2019PN880004,OIL SANDS LONGTERM WQ MONITORING,M3 LT WQ PANEL 9 OF 10,AL07DD0008,56.83991,-111.41234,2019-05-22 10:53,WATER,VERTICAL INTEGRATED,3.1,,103.006,,0,,1.376,,4.754,,89.254,,0,,-0.266,,0.77,,28.396,,8.603,,134.774,,,,,,NA,,NA,,84.5,,,,14.2,,0.09,,,,8.07,,,,,,,,14.4,,24.5,,6.82,,1.46,,5.96,,16.6,,,,239,,47.4,,9.4,,7.98,,236,,15.51,,59,,,,42,,,,,,,,,,,,,,,,,,,,,,,,,,,,,,,,,,,,,,,,,,,,,,,,,,,,,,,,,,,,,,,,,,,,,,,,,,,,,,,,,,,,,,,,,,,,,,,,,,,,,,,,,,,,,,,,,,,,,,,,,,,,,,
2019PN880005,OIL SANDS LONGTERM WQ MONITORING,M3 LT WQ PANEL 10 OF 10,AL07DD0008,56.83878,-111.41164,2019-05-22 10:40,WATER,VERTICAL INTEGRATED,2.5,,95.813,,0,,1.341,,5.671,,84.271,,0,,-0.343,,0.87,,31.763,,8.735,,132.184,,,,,,NA,,NA,,78.6,,,,17.6,,0.09,,,,8.05,,,,,,,,12,,22.9,,6.58,,1.39,,6.02,,18.4,,,,236,,38,,9.32,,7.93,,233,,15.64,,42.8,,,,41,,,,,,,,,,,,,,,,,,,,,,,,,,,,,,,,,,,,,,,,,,,,,,,,,,,,,,,,,,,,,,,,,,,,,,,,,,,,,,,,,,,,,,,,,,,,,,,,,,,,,,,,,,,,,,,,,,,,,,,,,,,,,,
2019PN880006,OIL SANDS LONGTERM WQ MONITORING,M7 LTWQ PANEL 1 OF 10,AL07DD0007,57.31332,-111.67533,2019-05-23 12:20,WATER,VERTICAL INTEGRATED,3.5,,126.776,,0,,1.617,,12.943,,116.943,,0,,-0.009,,0.43,,16.213,,8.108,,149.567,,,,,,NA,,NA,,104,,,,3.82,,0.09,,,,8.09,,,,,,,,23.5,,33,,8.39,,1.8,,5.75,,10.6,,,,253,,82.2,,9.18,,7.98,,254,,16.23,EVENTF,95.5,,,,43,,,,,,,,,,,,,,,,,,,,,,,,,,,,,,,,,,,,,,,,,,,,,,,,,,,,,,,,,,,,,,,,,,,,,,,,,,,,,,,,,,,,,,,,,,,,,,,,,,,,,,,,,,,,,,,,,,,,,,,,,,,,,,
2019PN880007,OIL SANDS LONGTERM WQ MONITORING,M7 LTWQ PANEL 10 OF 10,AL07DD0007,57.31395,-111.66737,2019-05-23 11:35,WATER,VERTICAL INTEGRATED,4.8,,119.218,,0,,1.593,,10.386,,108.186,,0,,-0.093,,0.51,,19.526,,8.256,,144.365,,,,,,NA,,NA,,97.8,,,,7.33,,0.09,,,,8.07,,,,,,,,20,,30.4,,7.84,,1.69,,5.92,,12.3,,,,248,,66.7,,9.21,,7.89,,247,,16.13,,73,,,,53,,,,,,,,,,,,,,,,,,,,,,,,,,,,,,,,,,,,,,,,,,,,,,,,,,,,,,,,,,,,,,,,,,,,,,,,,,,,,,,,,,,,,,,,,,,,,,,,,,,,,,,,,,,,,,,,,,,,,,,,,,,,,,
2019PN880008,OIL SANDS LONGTERM WQ MONITORING,ATHABASCA RIVER M2 ABOVE HORSE RIVER,AL07DD0002,56.71952778,-111.4044722,2019-06-04 13:20,WATER,VERTICAL INTEGRATED,4.3,,131.774,,0.54,,1.012,,17.718,,126.718,,0,,0.275,,0.3,,11.508,,7.761,,151.724,,,,,,NA,,0.45,,109,,,,1.72,,0.08,,,,8.31,,,,,,,,26.4,,35.2,,9.43,,1.31,,4.47,,7.67,,,,263,,47.4,,9.48,,8.31,,256,,16.75,,65.5,,,,27,,,,,,,,,,,,,,,,,,,,,,,,,,,,,,,,,,,,,,,,,,,,,,,,,,,,,,,,,,,,,,,,,,,,,,,,,,,,,,,,,,,,,,,,,,,,,,,,,,,,,,,,,,,,,,,,,,,,,,,,,,,,,,
2019PN880009,OIL SANDS LONGTERM WQ MONITORING,M3 LT WQ PANEL 1 OF 10,AL07DD0008,56.8383,-111.41835,2019-06-04 11:20,WATER,VERTICAL INTEGRATED,2.1,,135.309,,0,,1.215,,14.595,,125.595,,0,,0.184,,0.34,,13.052,,7.873,,154.644,,,,,,NA,,NA,,111,,,,2.64,,0.08,,,,8.24,,,,,,,,26.5,,34.8,,9.4,,1.35,,4.45,,8.78,,,,266,,58.8,,9.2,,8.2,,264,,15.98,EVENTF,80,,,,26,,,,,,,,,,,,,,,,,,,,,,,,,,,,,,,,,,,,,,,,,,,,,,,,,,,,,,,,,,,,,,,,,,,,,,,,,,,,,,,,,,,,,,,,,,,,,,,,,,,,,,,,,,,,,,,,,,,,,,,,,,,,,,
2019PN880010,OIL SANDS LONGTERM WQ MONITORING,M3 LT WQ PANEL 4 OF 10,AL07DD0008,56.83861,-111.41628,2019-06-04 11:00,WATER,VERTICAL INTEGRATED,1.9,,132.871,,0,,1.06,,16.348,,125.348,,0,,0.237,,0.3,,11.686,,7.817,,150.864,,,,,,NA,,NA,,109,,,,1.71,,0.08,,,,8.29,,,,,,,,26,,34.8,,9.34,,1.29,,4.48,,7.72,,,,261,,45,,9.33,,8.27,,257,,16.33,,57.1,,,,27,,,,,,,,,,,,,,,,,,,,,,,,,,,,,,,,,,,,,,,,,,,,,,,,,,,,,,,,,,,,,,,,,,,,,,,,,,,,,,,,,,,,,,,,,,,,,,,,,,,,,,,,,,,,,,,,,,,,,,,,,,,,,,
2019PN880011,OIL SANDS LONGTERM WQ MONITORING,M3 LT WQ PANEL 9 OF 10,AL07DD0008,56.83991,-111.41234,2019-06-04 10:40,WATER,VERTICAL INTEGRATED,3.3,,117.024,,0,,1.127,,9.217,,105.217,,0,,-0.005,,0.69,,24.933,,8.22,,151.584,,,,,,NA,,NA,,96,,,,14.7,,0.09,,,,8.21,,,,,,,,19.5,,28.7,,8.15,,1.26,,5.24,,16.3,,,,269,,32.9,,9.36,,8.17,,264,,15.59,,42,,,,30,,,,,,,,,,,,,,,,,,,,,,,,,,,,,,,,,,,,,,,,,,,,,,,,,,,,,,,,,,,,,,,,,,,,,,,,,,,,,,,,,,,,,,,,,,,,,,,,,,,,,,,,,,,,,,,,,,,,,,,,,,,,,,
2019PN880012,OIL SANDS LONGTERM WQ MONITORING,M3 LT WQ PANEL 10 OF 10,AL07DD0008,56.83878,-111.41164,2019-06-04 10:25,WATER,VERTICAL INTEGRATED,3,,114.342,,0,,1.101,,7.101,,100.901,,0,,-0.039,,0.76,,27.206,,8.287,,150.784,,,,,,NA,,NA,,93.8,,,,16.7,,0.09,,,,8.21,,,,,,,,18.2,,27.4,,7.89,,1.26,,5.32,,17.6,,,,272,,29.8,,9.33,,8.09,,264,,15.45,,38.6,,,,30,,,,,,,,,,,,,,,,,,,,,,,,,,,,,,,,,,,,,,,,,,,,,,,,,,,,,,,,,,,,,,,,,,,,,,,,,,,,,,,,,,,,,,,,,,,,,,,,,,,,,,,,,,,,,,,,,,,,,,,,,,,,,,
2019PN880013,OIL SANDS LONGTERM WQ MONITORING,M7 LTWQ PANEL 1 OF 10,AL07DD0007,57.31332,-111.67533,2019-06-05 11:35,WATER,VERTICAL INTEGRATED,4,,131.652,,0,,1.154,,17.096,,125.096,,0,,0.191,,0.37,,14.024,,7.867,,154.284,,,,,,NA,,NA,,108,,,,3.59,,0.09,,,,8.25,,,,,,,,26.4,,34.6,,9.4,,1.32,,4.54,,9.5,,,,268,,52.3,,9.13,,8.09,,263,,16.38,EVENTF,71.2,,,,27,,,,,,,,,,,,,,,,,,,,,,,,,,,,,,,,,,,,,,,,,,,,,,,,,,,,,,,,,,,,,,,,,,,,,,,,,,,,,,,,,,,,,,,,,,,,,,,,,,,,,,,,,,,,,,,,,,,,,,,,,,,,,,
2019PN880014,OIL SANDS LONGTERM WQ MONITORING,M7 LTWQ PANEL 10 OF 10,AL07DD0007,57.31395,-111.66737,2019-06-05 11:00,WATER,VERTICAL INTEGRATED,5.2,,126.776,,0,,1.111,,14.749,,118.749,,0,,0.141,,0.46,,17.337,,7.969,,152.374,,,,,,NA,,NA,,104,,,,7.08,,0.09,,,,8.25,,,,,,,,23.3,,32.8,,8.95,,1.29,,4.82,,11.6,,,,268,,40.6,,9.32,,8.3,,262,,16,,51,,,,28,,,,,,,,,,,,,,,,,,,,,,,,,,,,,,,,,,,,,,,,,,,,,,,,,,,,,,,,,,,,,,,,,,,,,,,,,,,,,,,,,,,,,,,,,,,,,,,,,,,,,,,,,,,,,,,,,,,,,,,,,,,,,,
2019PN880015,OIL SANDS LONGTERM WQ MONITORING,ATHABASCA RIVER M2 ABOVE HORSE RIVER,AL07DD0002,56.71952778,-111.4044722,2019-06-18 16:40,WATER,VERTICAL INTEGRATED,3.9,,134.285,,2.304,,0.918,,15.078,,129.078,,0,,0.499,,0.3,,11.713,,7.372,,156.884,,,,,,NA,,1.92,,114,,,,1.53,,0.08,,,,8.37,,,,,,,,27.4,,35.7,,9.7,,1.2,,4.87,,7.96,,,,271,,25.8,,8.48,EVENTF,6.9,,274,,21.49,,36.6,,,,26,,,,,,,,,,,,,,,,,,,,,,,,,,,,,,,,,,,,,,,,,,,,,,,,,,,,,,,,,,,,,,,,,,,,,,,,,,,,,,,,,,,,,,,,,,,,,,,,,,,,,,,,,,,,,,,,,,,,,,,,,,,,,,
2019PN880016,OIL SANDS LONGTERM WQ MONITORING,M3 LT WQ PANEL 1 OF 10,AL07DD0008,56.8383,-111.41835,2019-06-18 14:30,WATER,VERTICAL INTEGRATED,1.5,,140.185,,0,,1.093,,15.9,,130.9,,0,,0.445,,0.34,,12.943,,7.41,,161.839,,,,,,NA,,NA,,115,,,,3.1,,0.09,,,,8.3,,,,,,,,28.3,,36.1,,9.9,,1.26,,4.84,,9.05,,,,278,,27.8,,8.67,EVENTF,7.11,,283,,21.78,,33.5,,,,23,,,,,,,,,,,,,,,,,,,,,,,,,,,,,,,,,,,,,,,,,,,,,,,,,,,,,,,,,,,,,,,,,,,,,,,,,,,,,,,,,,,,,,,,,,,,,,,,,,,,,,,,,,,,,,,,,,,,,,,,,,,,,,
2019PN880017,OIL SANDS LONGTERM WQ MONITORING,M3 LT WQ PANEL 4 OF 10,AL07DD0008,56.83861,-111.41628,2019-06-18 14:05,WATER,VERTICAL INTEGRATED,1.6,,134.163,,2.364,,0.963,,15.242,,129.242,,0,,0.477,,0.3,,11.521,,7.397,,157.044,,,,,,NA,,1.97,,114,,,,1.54,,0.08,,,,8.35,,,,,,,,27.7,,35.7,,9.74,,1.17,,4.85,,7.82,,,,269,,28.2,,8.51,EVENTF,7.1,,274,,21.41,,36.7,,,,22,,,,,,,,,,,,,,,,,,,,,,,,,,,,,,,,,,,,,,,,,,,,,,,,,,,,,,,,,,,,,,,,,,,,,,,,,,,,,,,,,,,,,,,,,,,,,,,,,,,,,,,,,,,,,,,,,,,,,,,,,,,,,,
2019PN880018,OIL SANDS LONGTERM WQ MONITORING,M3 LT WQ PANEL 9 OF 10,AL07DD0008,56.83991,-111.41234,2019-06-18 11:30,WATER,VERTICAL INTEGRATED,2.2,,118.609,,0,,1.016,,8.164,,105.464,,0,,0.208,,0.61,,22.796,,7.845,,149.444,,,,,,NA,,NA,,97.3,,,,13,,0.09,,,,8.26,,,,,,,,19.9,,28.7,,8.21,,1.12,,5.5,,14.5,,,,264,,19.6,,8.3,,8.13,,268,,20.8,,27.1,,,,28,,,,,,,,,,,,,,,,,,,,,,,,,,,,,,,,,,,,,,,,,,,,,,,,,,,,,,,,,,,,,,,,,,,,,,,,,,,,,,,,,,,,,,,,,,,,,,,,,,,,,,,,,,,,,,,,,,,,,,,,,,,,,,
2019PN880019,OIL SANDS LONGTERM WQ MONITORING,M3 LT WQ PANEL 10 OF 10,AL07DD0008,56.83878,-111.41164,2019-06-18 11:10,WATER,VERTICAL INTEGRATED,2.3,,108.491,,0,,1.069,,5.219,,94.219,,0,,0.058,,0.79,,28.729,,8.083,,145.244,,,,,,NA,,NA,,89,,,,17.6,,0.1,,,,8.2,,,,,,,,16.6,,25.4,,7.48,,1.07,,5.85,,17.7,,,,262,,17.8,,8.19,,8.07,,265,,20.85,,23.1,,,,35,,,,,,,,,,,,,,,,,,,,,,,,,,,,,,,,,,,,,,,,,,,,,,,,,,,,,,,,,,,,,,,,,,,,,,,,,,,,,,,,,,,,,,,,,,,,,,,,,,,,,,,,,,,,,,,,,,,,,,,,,,,,,,
2019PN880020,OIL SANDS LONGTERM WQ MONITORING,M7 LTWQ PANEL 1 OF 10,AL07DD0007,57.31332,-111.67533,2019-06-19 11:05,WATER,VERTICAL INTEGRATED,3.6,,137.747,,0,,1.236,,13.501,,126.501,,0,,0.331,,0.37,,13.87,,7.578,,158.594,,,,,,NA,,NA,,113,,,,3.5,,0.09,,,,8.24,,,,,,,,27.3,,34.8,,9.62,,1.18,,4.79,,9.47,,,,277,,23,,8.11,,BR,,279,,20.69,,35.9,,,,24,,,,,,,,,,,,,,,,,,,,,,,,,,,,,,,,,,,,,,,,,,,,,,,,,,,,,,,,,,,,,,,,,,,,,,,,,,,,,,,,,,,,,,,,,,,,,,,,,,,,,,,,,,,,,,,,,,,,,,,,,,,,,,
2019PN880021,OIL SANDS LONGTERM WQ MONITORING,M7 LTWQ PANEL 10 OF 10,AL07DD0007,57.31395,-111.66737,2019-06-19 10:35,WATER,VERTICAL INTEGRATED,4.5,,129.214,,0,,1.244,,11.086,,117.086,,0,,0.236,,0.46,,17.309,,7.739,,153.724,,,,,,NA,,NA,,106,,,,7.5,,0.09,,,,8.21,,,,,,,,23.7,,32.2,,8.91,,1.15,,5.13,,11.4,,,,271,,22.2,,8.07,,BR,,273,,20.52,,27.5,,,,25,,,,,,,,,,,,,,,,,,,,,,,,,,,,,,,,,,,,,,,,,,,,,,,,,,,,,,,,,,,,,,,,,,,,,,,,,,,,,,,,,,,,,,,,,,,,,,,,,,,,,,,,,,,,,,,,,,,,,,,,,,,,,,
2019PN880022,OIL SANDS LONGTERM WQ MONITORING,ATHABASCA RIVER M2 ABOVE HORSE RIVER,AL07DD0002,56.71952778,-111.4044722,2019-07-04 15:45,WATER,VERTICAL INTEGRATED,5.3,,117.999,,0,,1.505,,10.697,,107.497,,0,,-0.133,,0.24,,10.408,,8.356,,128.65,,,,,,NA,,NA,,96.8,,,,1.39,,0.09,,,,8.09,,,,,,,,17.2,,30.8,,7.43,,1.22,,6.23,,5.82,,,,218,,616,,9.93,,8.27,,209,,14.02,EVENTF,553,,,,64,,,,,,,,,,,,,,,,,,,,,,,,,,,,,,,,,,,,,,,,,,,,,,,,,,,,,,,,,,,,,,,,,,,,,,,,,,,,,,,,,,,,,,,,,,,,,,,,,,,,,,,,,,,,,,,,,,,,,,,,,,,,,,
2019PN880023,OIL SANDS LONGTERM WQ MONITORING,M3 LT WQ PANEL 1 OF 10,AL07DD0008,56.8383,-111.41835,2019-07-04 11:00,WATER,VERTICAL INTEGRATED,3,,119.828,,0,,1.717,,11.519,,109.819,,0,,-0.174,,0.26,,10.736,,8.388,,135.396,,,,,,NA,,NA,,98.3,,,,1.56,,0.09,,,,8.04,,,,,,,,17.5,,31.4,,7.63,,1.45,,10.2,,6.17,,,,220,,683,,9.59,,8.34,,215,,13.88,EVENTF,576,,,,59,,,,,,,,,,,,,,,,,,,,,,,,,,,,,,,,,,,,,,,,,,,,,,,,,,,,,,,,,,,,,,,,,,,,,,,,,,,,,,,,,,,,,,,,,,,,,,,,,,,,,,,,,,,,,,,,,,,,,,,,,,,,,,
2019PN880024,OIL SANDS LONGTERM WQ MONITORING,M3 LT WQ PANEL 4 OF 10,AL07DD0008,56.83861,-111.41628,2019-07-04 11:25,WATER,VERTICAL INTEGRATED,5.1,,118.121,,0,,1.542,,12.463,,109.363,,0,,-0.143,,0.25,,10.401,,8.365,,134.426,,,,,,NA,,NA,,96.9,,,,1.43,,0.09,,,,8.08,,,,,,,,17.5,,31.3,,7.58,,1.44,,10.6,,5.93,,,,220,,673,,9.74,,8.48,,212,,13.85,EVENTF,568.6,,,,98,,,,,,,,,,,,,,,,,,,,,,,,,,,,,,,,,,,,,,,,,,,,,,,,,,,,,,,,,,,,,,,,,,,,,,,,,,,,,,,,,,,,,,,,,,,,,,,,,,,,,,,,,,,,,,,,,,,,,,,,,,,,,,
2019PN880025,OIL SANDS LONGTERM WQ MONITORING,M3 LT WQ PANEL 9 OF 10,AL07DD0008,56.83991,-111.41234,2019-07-04 11:45,WATER,VERTICAL INTEGRATED,7.8,,114.708,,0,,1.497,,10.735,,104.835,,0,,-0.169,,0.34,,14.006,,8.418,,134.794,,,,,,NA,,NA,,94.1,,,,4.1,,0.09,,,,8.08,,,,,,,,16.3,,29.8,,7.39,,1.42,,10.9,,7.98,,,,222,,549,,9.8,,8.51,,214,,14.08,EVENTF,486.5,,,,64,,,,,,,,,,,,,,,,,,,,,,,,,,,,,,,,,,,,,,,,,,,,,,,,,,,,,,,,,,,,,,,,,,,,,,,,,,,,,,,,,,,,,,,,,,,,,,,,,,,,,,,,,,,,,,,,,,,,,,,,,,,,,,
2019PN880026,OIL SANDS LONGTERM WQ MONITORING,M3 LT WQ PANEL 10 OF 10,AL07DD0008,56.83878,-111.41164,2019-07-04 12:20,WATER,VERTICAL INTEGRATED,7.1,,112.026,,0,,1.532,,4.791,,96.691,,0,,-0.229,,0.49,,19.761,,8.519,,131.267,,,,,,NA,,NA,,91.9,,,,8.52,,0.1,,,,8.06,,,,,,,,14.4,,27,,7.11,,1.11,,6.53,,11.1,,,,227,,384,,9.69,,8.45,,219,,14.46,,379,,,,64,,,,,,,,,,,,,,,,,,,,,,,,,,,,,,,,,,,,,,,,,,,,,,,,,,,,,,,,,,,,,,,,,,,,,,,,,,,,,,,,,,,,,,,,,,,,,,,,,,,,,,,,,,,,,,,,,,,,,,,,,,,,,,
2019PN880027,OIL SANDS LONGTERM WQ MONITORING,M7 LTWQ PANEL 1 OF 10,AL07DD0007,57.31332,-111.67533,2019-07-05 11:50,WATER,VERTICAL INTEGRATED,6.5,,120.072,,0,,1.721,,10.032,,108.532,,0,,-0.152,,0.27,,11.364,,8.343,,134.866,,,,,,NA,,NA,,98.5,,,,1.73,,0.09,,,,8.04,,,,,,,,17.4,,31,,7.56,,1.43,,9.64,,6.5,,,,222,,534,,9.03,,8.3,,213,,14.74,EVENTF,447,,,,60,,,,,,,,,,,,,,,,,,,,,,,,,,,,,,,,,,,,,,,,,,,,,,,,,,,,,,,,,,,,,,,,,,,,,,,,,,,,,,,,,,,,,,,,,,,,,,,,,,,,,,,,,,,,,,,,,,,,,,,,,,,,,,
2019PN880028,OIL SANDS LONGTERM WQ MONITORING,M7 LTWQ PANEL 10 OF 10,AL07DD0007,57.31395,-111.66737,2019-07-05 11:15,WATER,VERTICAL INTEGRATED,7.5,,117.268,,0,,1.495,,9.261,,105.461,,0,,-0.133,,0.31,,13.107,,8.356,,134.192,,,,,,NA,,NA,,96.2,,,,3.64,,0.09,,,,8.09,,,,,,,,15.9,,30.1,,7.36,,1.38,,10.2,,7.43,,,,222,,496,,9.28,,8.17,,215,,14.47,EVENTF,436,,,,70,,,,,,,,,,,,,,,,,,,,,,,,,,,,,,,,,,,,,,,,,,,,,,,,,,,,,,,,,,,,,,,,,,,,,,,,,,,,,,,,,,,,,,,,,,,,,,,,,,,,,,,,,,,,,,,,,,,,,,,,,,,,,,
2019PN880029,OIL SANDS LONGTERM WQ MONITORING,M3 LT WQ PANEL 1 OF 10,AL07DD0008,56.8383,-111.41835,2019-07-16 12:50,WATER,VERTICAL INTEGRATED,2.1,,125.557,,0,,1.564,,9.922,,112.922,,0,,0.022,,0.24,,10.169,,8.057,,135.248,,,,,,NA,,NA,,103,,,,1.85,,0.08,,,,8.1,,,,,,,,17.6,,32,,8.02,,1.17,,6.45,,5.95,,,,229,,204,,9.1,,8.06,,225,,17.34,EVENTF,227.5,,,,71,,,,,,,,,,,,,,,,,,,,,,,,,,,,,,,,,,,,,,,,,,,,,,,,,,,,,,,,,,,,,,,,,,,,,,,,,,,,,,,,,,,,,,,,,,,,,,,,,,,,,,,,,,,,,,,,,,,,,,,,,,,,,,
2019PN880030,OIL SANDS LONGTERM WQ MONITORING,M3 LT WQ PANEL 4 OF 10,AL07DD0008,56.83861,-111.41628,2019-07-16 12:18,WATER,VERTICAL INTEGRATED,4.1,,124.338,,0,,1.513,,10.716,,112.716,,0,,0.022,,0.23,,9.585,,8.066,,133.484,,,,,,NA,,NA,,102,,,,1.43,,0.08,,,,8.11,,,,,,,,17.4,,32,,7.97,,1.14,,6.5,,5.56,,,,227,,200,,9.23,,7.84,,221,,17.15,,218.1,,,,80,,,,,,,,,,,,,,,,,,,,,,,,,,,,,,,,,,,,,,,,,,,,,,,,,,,,,,,,,,,,,,,,,,,,,,,,,,,,,,,,,,,,,,,,,,,,,,,,,,,,,,,,,,,,,,,,,,,,,,,,,,,,,,
2019PN880031,OIL SANDS LONGTERM WQ MONITORING,M3 LT WQ PANEL 9 OF 10,AL07DD0008,56.83991,-111.41234,2019-07-16 11:55,WATER,VERTICAL INTEGRATED,4.7,,117.024,,0,,1.424,,11.11,,107.11,,0,,-0.022,,0.32,,13.214,,8.155,,130.988,,,,,,NA,,NA,,96,,,,4.27,,0.08,,,,8.11,,,,,,,,15.8,,30.2,,7.7,,1.1,,6.48,,7.59,,,,227,,168,,9.15,,7.85,,222,,17.36,EVENTF,191.3,,,,69,,,,,,,,,,,,,,,,,,,,,,,,,,,,,,,,,,,,,,,,,,,,,,,,,,,,,,,,,,,,,,,,,,,,,,,,,,,,,,,,,,,,,,,,,,,,,,,,,,,,,,,,,,,,,,,,,,,,,,,,,,,,,,
2019PN880032,OIL SANDS LONGTERM WQ MONITORING,M3 LT WQ PANEL 10 OF 10,AL07DD0008,56.83878,-111.41164,2019-07-16 11:32,WATER,VERTICAL INTEGRATED,4.1,,109.832,,0,,1.337,,7.003,,97.103,,0,,-0.077,,0.5,,20,,8.265,,130.115,,,,,,NA,,NA,,90.1,,,,9.51,,0.09,,,,8.11,,,,,,,,13.2,,27,,7.21,,1.01,,6.62,,11.3,,,,228,,128,,8.94,,8.02,,222,,18.07,EVENTF,146,,,,70,,,,,,,,,,,,,,,,,,,,,,,,,,,,,,,,,,,,,,,,,,,,,,,,,,,,,,,,,,,,,,,,,,,,,,,,,,,,,,,,,,,,,,,,,,,,,,,,,,,,,,,,,,,,,,,,,,,,,,,,,,,,,,
2019PN880033,OIL SANDS LONGTERM WQ MONITORING,M7 LTWQ PANEL 1 OF 10,AL07DD0007,57.31332,-111.67533,2019-07-17 12:35,WATER,VERTICAL INTEGRATED,5.2,,123.119,,0,,1.684,,13.415,,114.415,,0,,0.025,,0.26,,10.654,,8.01,,134.636,,,,,,NA,,NA,,101,,,,1.75,,0.08,,,,8.06,,,,,,,,17.8,,32.4,,8.14,,1.18,,6.11,,6.35,,,,234,,173,,8.34,,7.92,,226,,18.9,EVENTF,639,,,,70,,,,,,,,,,,,,,,,,,,,,,,,,,,,,,,,,,,,,,,,,,,,,,,,,,,,,,,,,,,,,,,,,,,,,,,,,,,,,,,,,,,,,,,,,,,,,,,,,,,,,,,,,,,,,,,,,,,,,,,,,,,,,,
2019PN880034,OIL SANDS LONGTERM WQ MONITORING,M7 LTWQ PANEL 10 OF 10,AL07DD0007,57.31395,-111.66737,2019-07-17 12:00,WATER,VERTICAL INTEGRATED,6.3,,118.243,,0,,1.543,,13.266,,110.266,,0,,0.001,,0.31,,12.886,,8.077,,133.272,,,,,,NA,,NA,,97,,,,4.38,,0.08,,,,8.08,,,,,,,,16.2,,31.2,,7.86,,1.12,,6.46,,7.59,,,,234,,164,,8.61,,7.83,,228,,18.55,EVENTF,600,,,,67,,,,,,,,,,,,,,,,,,,,,,,,,,,,,,,,,,,,,,,,,,,,,,,,,,,,,,,,,,,,,,,,,,,,,,,,,,,,,,,,,,,,,,,,,,,,,,,,,,,,,,,,,,,,,,,,,,,,,,,,,,,,,,
2019PN880035,OIL SANDS LONGTERM WQ MONITORING,ATHABASCA RIVER M2 ABOVE HORSE RIVER,AL07DD0002,56.71952778,-111.4044722,2019-07-16 15:25,WATER,TRIPLICATE SAMPLE,3.6,,124.338,,0,,1.411,,12.956,,114.956,,0,,0.078,,0.23,,9.523,,7.984,,134.684,,,,,,NA,,NA,,102,,,,1.44,,0.08,,,,8.14,,,,,,,,17.7,,32.6,,8.15,,1.16,,6.52,,5.63,,,,231,,184,,9.24,,7.87,,224,,17.75,EVENTF,334.4,,,,70,,,,,,,,,,,,,,,,,,,,,,,,,,,,,,,,,,,,,,,,,,,,,,,,,,,,,,,,,,,,,,,,,,,,,,,,,,,,,,,,,,,,,,,,,,,,,,,,,,,,,,,,,,,,,,,,,,,,,,,,,,,,,,
2019PN880036,OIL SANDS LONGTERM WQ MONITORING,ATHABASCA RIVER M2 ABOVE HORSE RIVER,AL07DD0002,56.71952778,-111.4044722,2019-07-16 15:30,WATER,TRIPLICATE SAMPLE,3.6,,124.338,,0,,1.411,,12.25,,114.25,,0,,PM,,0.23,,9.526,,PM,,134.265,,,,,,NA,,NA,,102,,,,1.43,,0.08,,,,8.14,,,,,,,,17.6,,32.4,,8.1,,1.19,,6.47,,5.6,,,,232,,186,,,,,,,,,,,,,,67,,,,,,,,,,,,,,,,,,,,,,,,,,,,,,,,,,,,,,,,,,,,,,,,,,,,,,,,,,,,,,,,,,,,,,,,,,,,,,,,,,,,,,,,,,,,,,,,,,,,,,,,,,,,,,,,,,,,,,,,,,,,,,
2019PN880037,OIL SANDS LONGTERM WQ MONITORING,ATHABASCA RIVER M2 ABOVE HORSE RIVER,AL07DD0002,56.71952778,-111.4044722,2019-07-16 15:35,WATER,TRIPLICATE SAMPLE,3.6,,123.119,,0,,1.397,,12.836,,113.836,,0,,PM,,0.23,,9.5,,PM,,133.285,,,,,,NA,,NA,,101,,,,1.42,,0.08,,,,8.14,,,,,,,,17.5,,32.3,,8.06,,1.14,,6.43,,5.56,,,,231,,184,,,,,,,,,,,,,,68,,,,,,,,,,,,,,,,,,,,,,,,,,,,,,,,,,,,,,,,,,,,,,,,,,,,,,,,,,,,,,,,,,,,,,,,,,,,,,,,,,,,,,,,,,,,,,,,,,,,,,,,,,,,,,,,,,,,,,,,,,,,,,
2019PN880042,OIL SANDS LONGTERM WQ MONITORING,ATHABASCA RIVER M2 ABOVE HORSE RIVER,AL07DD0002,56.71952778,-111.4044722,2019-07-30 12:40,WATER,VERTICAL INTEGRATED,4.1,,123.119,,0,,1.272,,13.495,,114.495,,0,,0.104,,0.26,,10.547,,7.972,,137.215,,,,,,NA,,NA,,101,,,,1.88,,0.09,,,,8.18,,,,,,,,16.9,,32.3,,8.22,,1.42,,9.35,,6.3,,,,231,,222,,9.15,,7.97,,220,,17.58,EVENTF,250,,,,87,,,,,,,,,,,,,,,,,,,,,,,,,,,,,,,,,,,,,,,,,,,,,,,,,,,,,,,,,,,,,,,,,,,,,,,,,,,,,,,,,,,,,,,,,,,,,,,,,,,,,,,,,,,,,,,,,,,,,,,,,,,,,,
2019PN880043,OIL SANDS LONGTERM WQ MONITORING,M3 LT WQ PANEL 1 OF 10,AL07DD0008,56.8383,-111.41835,2019-07-30 11:15,WATER,VERTICAL INTEGRATED,2,,123.119,,0,,1.333,,14.82,,115.82,,0,,0.086,,0.27,,10.841,,7.988,,139.321,,,,,,NA,,NA,,101,,,,2.2,,0.09,,,,8.16,,,,,,,,17.9,,32.6,,8.36,,1.41,,9.29,,6.57,,,,235,,238,,8.9,,7.87,,230,,17.56,,245.5,,,,81,,,,,,,,,,,,,,,,,,,,,,,,,,,,,,,,,,,,,,,,,,,,,,,,,,,,,,,,,,,,,,,,,,,,,,,,,,,,,,,,,,,,,,,,,,,,,,,,,,,,,,,,,,,,,,,,,,,,,,,,,,,,,,
2019PN880044,OIL SANDS LONGTERM WQ MONITORING,M3 LT WQ PANEL 4 OF 10,AL07DD0008,56.83861,-111.41628,2019-07-30 11:00,WATER,VERTICAL INTEGRATED,4.5,,121.9,,0,,1.289,,14.618,,114.618,,0,,0.09,,0.25,,10.434,,7.989,,136.845,,,,,,NA,,NA,,100,,,,1.82,,0.09,,,,8.17,,,,,,,,17.5,,32.3,,8.25,,1.4,,9.1,,6.23,,,,231,,228,,9.03,,7.74,,226,,17.61,,223.5,,,,88,,,,,,,,,,,,,,,,,,,,,,,,,,,,,,,,,,,,,,,,,,,,,,,,,,,,,,,,,,,,,,,,,,,,,,,,,,,,,,,,,,,,,,,,,,,,,,,,,,,,,,,,,,,,,,,,,,,,,,,,,,,,,,
2019PN880045,OIL SANDS LONGTERM WQ MONITORING,M3 LT WQ PANEL 9 OF 10,AL07DD0008,56.83991,-111.41234,2019-07-30 10:50,WATER,VERTICAL INTEGRATED,4.9,,117.024,,0,,1.238,,11.558,,107.558,,0,,0.049,,0.4,,16.134,,8.071,,137.12,,,,,,NA,,NA,,96,,,,6.16,,0.09,,,,8.17,,,,,,,,15.6,,30,,7.93,,1.28,,8.69,,9.65,,,,236,,184,,8.93,,7.85,,231,,17.9,,192.5,,,,85,,,,,,,,,,,,,,,,,,,,,,,,,,,,,,,,,,,,,,,,,,,,,,,,,,,,,,,,,,,,,,,,,,,,,,,,,,,,,,,,,,,,,,,,,,,,,,,,,,,,,,,,,,,,,,,,,,,,,,,,,,,,,,
2019PN880046,OIL SANDS LONGTERM WQ MONITORING,M3 LT WQ PANEL 10 OF 10,AL07DD0008,56.83878,-111.41164,2019-07-30 10:20,WATER,VERTICAL INTEGRATED,4.3,,113.733,,0,,1.203,,9.316,,102.616,,0,,0.217,,0.52,,20.316,,7.736,,138.674,,,,,,NA,,NA,,93.3,,,,10.4,,0.1,,,,8.17,,,,,,,,14.1,,28.4,,7.7,,1.21,,8.5,,12.2,,,,240,,148,,,,,,,,,,,,,,78,,,,,,,,,,,,,,,,,,,,,,,,,,,,,,,,,,,,,,,,,,,,,,,,,,,,,,,,,,,,,,,,,,,,,,,,,,,,,,,,,,,,,,,,,,,,,,,,,,,,,,,,,,,,,,,,,,,,,,,,,,,,,,
2019PN880047,OIL SANDS LONGTERM WQ MONITORING,M7 LTWQ PANEL 1 OF 10,AL07DD0007,57.31332,-111.67533,2019-07-31 11:40,WATER,VERTICAL INTEGRATED,5.3,,123.119,,0,,1.57,,15.235,,116.235,,0,,0.03,,0.29,,11.847,,8.03,,136.649,,,,,,NA,,NA,,101,,,,2.24,,0.09,,,,8.09,,,,,,,,16.7,,32.7,,8.4,,1.32,,7.12,,7.28,,,,232,,200,,8.58,,7.76,,227,,17.94,EVENTF,180.4,,,,89,,,,,,,,,,,,,,,,,,,,,,,,,,,,,,,,,,,,,,,,,,,,,,,,,,,,,,,,,,,,,,,,,,,,,,,,,,,,,,,,,,,,,,,,,,,,,,,,,,,,,,,,,,,,,,,,,,,,,,,,,,,,,,
2019PN880048,OIL SANDS LONGTERM WQ MONITORING,M3 LT WQ PANEL 10 OF 10,AL07DD0008,56.83878,-111.41164,2019-07-31 11:00,WATER,VERTICAL INTEGRATED,6.2,,119.584,,0,,1.561,,15.023,,113.123,,0,,-0.011,,0.36,,14.197,,8.101,,136.802,,,,,,NA,,NA,,98.1,,,,4.84,,0.09,,,,8.08,,,,,,,,15.5,,31.8,,8.19,,1.25,,7.41,,8.72,,,,236,,188,,8.65,,7.85,,230,,17.75,,182.8,,,,83,,,,,,,,,,,,,,,,,,,,,,,,,,,,,,,,,,,,,,,,,,,,,,,,,,,,,,,,,,,,,,,,,,,,,,,,,,,,,,,,,,,,,,,,,,,,,,,,,,,,,,,,,,,,,,,,,,,,,,,,,,,,,,
2019PN880049,OIL SANDS LONGTERM WQ MONITORING,ATHABASCA RIVER M2 ABOVE HORSE RIVER,AL07DD0002,56.71952778,-111.4044722,2019-08-13 13:45,WATER,VERTICAL INTEGRATED,3.4,,133.651,,0.816,,1.006,,19.507,,130.507,,0,,0.365,,0.26,,10.162,,7.591,,150.905,,,,,,NA,,0.68,,111,,,,1.79,,0.09,,,,8.32,,,,,,,,20.7,,36.8,,9.38,,1.48,,7.07,,6.88,,,,258,,48.8,,9.35,,8.02,,258,,18.5,,64.5,,,,65,,,,,,,,,,,,,,,,,,,,,,,,,,,,,,,,,,,,,,,,,,,,,,,,,,,,,,,,,,,,,,,,,,,,,,,,,,,,,,,,,,,,,,,,,,,,,,,,,,,,,,,,,,,,,,,,,,,,,,,,,,,,,,
2019PN880050,OIL SANDS LONGTERM WQ MONITORING,M3 LT WQ PANEL 1 OF 10,AL07DD0008,56.8383,-111.41835,2019-08-13 11:55,WATER,VERTICAL INTEGRATED,1.1,,137.747,,0,,1.152,,17.299,,130.299,,0,,0.309,,0.3,,11.344,,7.651,,154.151,,,,,,NA,,NA,,113,,,,2.66,,0.09,,,,8.27,,,,,,,,20.9,,36.7,,9.39,,1.48,,7.06,,7.77,,,,263,,53,,9.07,,8.11,,264,,18.12,EVENTF,74.2,,,,65,,,,,,,,,,,,,,,,,,,,,,,,,,,,,,,,,,,,,,,,,,,,,,,,,,,,,,,,,,,,,,,,,,,,,,,,,,,,,,,,,,,,,,,,,,,,,,,,,,,,,,,,,,,,,,,,,,,,,,,,,,,,,,
2019PN880051,OIL SANDS LONGTERM WQ MONITORING,M3 LT WQ PANEL 4 OF 10,AL07DD0008,56.83861,-111.41628,2019-08-13 11:25,WATER,VERTICAL INTEGRATED,3.5,,135.309,,0,,1.055,,17.973,,128.973,,0,,0.327,,0.26,,10.272,,7.647,,150.155,,,,,,NA,,NA,,111,,,,5.1,,0.09,,,,8.3,,,,,,,,17.2,,36.4,,9.25,,1.45,,7.07,,6.88,,,,257,,51.8,,9.25,,8.12,,257,,18.04,EVENTF,64.7,,,,67,,,,,,,,,,,,,,,,,,,,,,,,,,,,,,,,,,,,,,,,,,,,,,,,,,,,,,,,,,,,,,,,,,,,,,,,,,,,,,,,,,,,,,,,,,,,,,,,,,,,,,,,,,,,,,,,,,,,,,,,,,,,,,
2019PN880052,OIL SANDS LONGTERM WQ MONITORING,M3 LT WQ PANEL 9 OF 10,AL07DD0008,56.83991,-111.41234,2019-08-13 11:05,WATER,VERTICAL INTEGRATED,4.3,,123.119,,0,,1.054,,14.897,,115.897,,0,,0.186,,0.37,,14.361,,7.887,,141.527,,,,,,NA,,NA,,101,,,,5.07,,0.09,,,,8.26,,,,,,,,17,,32.4,,8.5,,1.34,,7.37,,9.06,,,,244,,47,,9.27,,8.08,,244,,17.68,,57.5,,,,72,,,,,,,,,,,,,,,,,,,,,,,,,,,,,,,,,,,,,,,,,,,,,,,,,,,,,,,,,,,,,,,,,,,,,,,,,,,,,,,,,,,,,,,,,,,,,,,,,,,,,,,,,,,,,,,,,,,,,,,,,,,,,,
2019PN880053,OIL SANDS LONGTERM WQ MONITORING,M3 LT WQ PANEL 10 OF 10,AL07DD0008,56.83878,-111.41164,2019-08-13 10:50,WATER,VERTICAL INTEGRATED,3.6,,102.518,,0,,1.059,,8.678,,92.778,,0,,-0.084,,0.58,,22.84,,8.348,,127.688,,,,,,NA,,NA,,84.1,,,,11.3,,0.1,,,,8.18,,,,,,,,11.5,,25.4,,7.13,,1.06,,7.88,,12.8,,,,225,,41.9,,9.17,,7.94,,224,,17.35,,50.5,,,,73,,,,,,,,,,,,,,,,,,,,,,,,,,,,,,,,,,,,,,,,,,,,,,,,,,,,,,,,,,,,,,,,,,,,,,,,,,,,,,,,,,,,,,,,,,,,,,,,,,,,,,,,,,,,,,,,,,,,,,,,,,,,,,
2019PN880054,OIL SANDS LONGTERM WQ MONITORING,M7 LTWQ PANEL 1 OF 10,AL07DD0007,57.31332,-111.67533,2019-08-14 11:20,WATER,VERTICAL INTEGRATED,4.7,,128.312,,1.644,,0.912,,12.335,,120.335,,0,,0.345,,0.32,,12.746,,7.66,,145.745,,,,,,NA,,1.37,,108,,,,2.29,,0.09,,,,8.35,,,,,,,,19.6,,33.6,,8.85,,1.34,,6.83,,8.19,,,,254,,54.4,,8.78,,7.98,,251,,18.51,EVENTF,63.5,,,,75,,,,,,,,,,,,,,,,,,,,,,,,,,,,,,,,,,,,,,,,,,,,,,,,,,,,,,,,,,,,,,,,,,,,,,,,,,,,,,,,,,,,,,,,,,,,,,,,,,,,,,,,,,,,,,,,,,,,,,,,,,,,,,
2019PN880055,OIL SANDS LONGTERM WQ MONITORING,M7 LTWQ PANEL 10 OF 10,AL07DD0007,57.31395,-111.66737,2019-08-14 10:45,WATER,VERTICAL INTEGRATED,5.6,,124.289,,0.624,,0.956,,11.651,,114.651,,0,,0.26,,0.38,,14.799,,7.79,,142.853,,,,,,NA,,0.52,,103,,,,5.38,,0.09,,,,8.31,,,,,,,,17.3,,32,,8.44,,1.29,,7.18,,9.28,,,,251,,51.8,,8.57,,8.19,,248,,18.35,EVENTF,59,,,,70,,,,,,,,,,,,,,,,,,,,,,,,,,,,,,,,,,,,,,,,,,,,,,,,,,,,,,,,,,,,,,,,,,,,,,,,,,,,,,,,,,,,,,,,,,,,,,,,,,,,,,,,,,,,,,,,,,,,,,,,,,,,,,
2019PN880056,OIL SANDS LONGTERM WQ MONITORING,ATHABASCA RIVER M2 ABOVE HORSE RIVER,AL07DD0002,56.71952778,-111.4044722,2019-09-10 14:05,WATER,VERTICAL INTEGRATED,2.8,,138.82,,3.072,,0.936,,20.862,,139.862,,0,,0.353,,0.3,,11.187,,7.673,,165.804,,,,,,NA,,2.56,,119,,,,1.81,,0.1,,,,8.38,,,,,,,,28.9,,38.7,,10.5,,1.18,,4.99,,8.18,,,,286,,20.6,,10.25,,7.88,,284,,14.59,,20.7,,,,37,,,,,,,,,,,,,,,,,,,,,,,,,,,,,,,,,,,,,,,,,,,,,,,,,,,,,,,,,,,,,,,,,,,,,,,,,,,,,,,,,,,,,,,,,,,,,,,,,,,,,,,,,,,,,,,,,,,,,,,,,,,,,,
2019PN880057,OIL SANDS LONGTERM WQ MONITORING,M3 LT WQ PANEL 1 OF 10,AL07DD0008,56.8383,-111.41835,2019-09-10 12:10,WATER,VERTICAL INTEGRATED,1.2,,148.718,,0,,1.187,,18.686,,140.686,,0,,0.236,,0.39,,14.064,,7.818,,171.731,,,,,,NA,,NA,,122,,,,3.77,,0.1,,,,8.29,,,,,,,,27.8,,38.7,,10.7,,1.28,,5.18,,10.7,,,,295,,22,,10.14,,8.06,,295,,13.42,,21.8,,,,45,,,,,,,,,,,,,,,,,,,,,,,,,,,,,,,,,,,,,,,,,,,,,,,,,,,,,,,,,,,,,,,,,,,,,,,,,,,,,,,,,,,,,,,,,,,,,,,,,,,,,,,,,,,,,,,,,,,,,,,,,,,,,,
2019PN880058,OIL SANDS LONGTERM WQ MONITORING,M3 LT WQ PANEL 4 OF 10,AL07DD0008,56.83861,-111.41628,2019-09-10 11:40,WATER,VERTICAL INTEGRATED,2.5,,139.015,,2.976,,0.959,,20.451,,139.451,,0,,0.327,,0.3,,11.301,,7.716,,165.504,,,,,,NA,,2.48,,119,,,,1.81,,0.09,,,,8.37,,,,,,,,28.6,,38.7,,10.4,,1.18,,5.03,,8.25,,,,284,,21.5,,10.07,,8.04,,284,,14.07,,22.6,,,,39,,,,,,,,,,,,,,,,,,,,,,,,,,,,,,,,,,,,,,,,,,,,,,,,,,,,,,,,,,,,,,,,,,,,,,,,,,,,,,,,,,,,,,,,,,,,,,,,,,,,,,,,,,,,,,,,,,,,,,,,,,,,,,
2019PN880059,OIL SANDS LONGTERM WQ MONITORING,M3 LT WQ PANEL 9 OF 10,AL07DD0008,56.83991,-111.41234,2019-09-10 11:25,WATER,VERTICAL INTEGRATED,3.3,,92.644,,0,,1.127,,7.893,,83.893,,0,,-0.393,,0.54,,22.427,,8.897,,115.241,,,,,,NA,,NA,,76,,,,8.91,,0.08,,,,8.11,,,,,,,,11.3,,22.6,,6.67,,0.93,,7.74,,11.3,,,,201,,31.2,,9.94,,7.7,,200,,12.59,,36.2,,,,83,,,,,,,,,,,,,,,,,,,,,,,,,,,,,,,,,,,,,,,,,,,,,,,,,,,,,,,,,,,,,,,,,,,,,,,,,,,,,,,,,,,,,,,,,,,,,,,,,,,,,,,,,,,,,,,,,,,,,,,,,,,,,,
2019PN880060,OIL SANDS LONGTERM WQ MONITORING,M3 LT WQ PANEL 10 OF 10,AL07DD0008,56.83878,-111.41164,2019-09-10 11:05,WATER,VERTICAL INTEGRATED,3.3,,79.113,,0,,1.187,,3.101,,68.001,,0,,-0.656,,0.64,,27.609,,9.331,,101.741,,,,,,NA,,NA,,64.9,,,,11.4,,0.08,,,,8.02,,,,,,,,6.07,,18,,5.6,,0.83,,8.57,,12.1,,,,180,,32.7,,9.89,,7.66,,178,,12.29,,38,,,,90,,,,,,,,,,,,,,,,,,,,,,,,,,,,,,,,,,,,,,,,,,,,,,,,,,,,,,,,,,,,,,,,,,,,,,,,,,,,,,,,,,,,,,,,,,,,,,,,,,,,,,,,,,,,,,,,,,,,,,,,,,,,,,
2019PN880061,OIL SANDS LONGTERM WQ MONITORING,M7 LTWQ PANEL 1 OF 10,AL07DD0007,57.31332,-111.67533,2019-09-11 12:05,WATER,VERTICAL INTEGRATED,3.9,,126.776,,0,,1.111,,13.413,,117.413,,0,,0.047,,0.4,,15.617,,8.156,,145.224,,,,,,NA,,NA,,104,,,,3.24,,0.1,,,,8.25,,,,,,,,21.6,,32.1,,9.05,,1.08,,5.51,,10.1,,,,255,,22.6,,9.9,,7.84,,254,,13.26,,27.3,,,,70,,,,,,,,,,,,,,,,,,,,,,,,,,,,,,,,,,,,,,,,,,,,,,,,,,,,,,,,,,,,,,,,,,,,,,,,,,,,,,,,,,,,,,,,,,,,,,,,,,,,,,,,,,,,,,,,,,,,,,,,,,,,,,
2019PN880062,OIL SANDS LONGTERM WQ MONITORING,M7 LTWQ PANEL 10 OF 10,AL07DD0007,57.31395,-111.66737,2019-09-11 11:30,WATER,VERTICAL INTEGRATED,4.8,,119.706,,0,,1.126,,13.823,,112.023,,0,,-0.025,,0.42,,16.512,,8.27,,141.094,,,,,,NA,,NA,,98.2,,,,5.84,,0.09,,,,8.22,,,,,,,,19.1,,30.7,,8.59,,1.05,,6.46,,10.3,,,,245,,25,,9.86,,8.15,,246,,13.28,,27.1,,,,65,,,,,,,,,,,,,,,,,,,,,,,,,,,,,,,,,,,,,,,,,,,,,,,,,,,,,,,,,,,,,,,,,,,,,,,,,,,,,,,,,,,,,,,,,,,,,,,,,,,,,,,,,,,,,,,,,,,,,,,,,,,,,,
2019PN880063,OIL SANDS LONGTERM WQ MONITORING,ATHABASCA RIVER M2 ABOVE HORSE RIVER,AL07DD0002,56.71952778,-111.4044722,2019-10-08 15:10,WATER,VERTICAL INTEGRATED,2.6,,154.813,,0,,1.39,,18.417,,145.417,,0,,-0.031,,0.32,,11.687,,8.303,,173.344,,,,,,NA,,NA,,127,,,,2.07,,0.09,,,,8.24,,,,,,,,28,,40.1,,11,,1.28,,5.62,,8.94,,,,296,,11.9,,12.17,,8.06,,294,,5.91,,11.8,,,,33,,,,,,,,,,,,,,,,,,,,,,,,,,,,,,,,,,,,,,,,,,,,,,,,,,,,,,,,,,,,,,,,,,,,,,,,,,,,,,,,,,,,,,,,,,,,,,,,,,,,,,,,,,,,,,,,,,,,,,,,,,,,,,
2019PN880064,OIL SANDS LONGTERM WQ MONITORING,M7 LTWQ PANEL 1 OF 10,AL07DD0007,57.31332,-111.67533,2019-10-09 12:15,WATER,VERTICAL INTEGRATED,3.4,,138.966,,0,,1.277,,14.406,,128.406,,0,,-0.195,,0.44,,15.92,,8.619,,160.464,,,,,,NA,,NA,,114,,,,5.48,,0.09,,,,8.23,,,,,,,,22.8,,35.2,,9.84,,1.18,,6.13,,11.3,,,,281,,13.2,,11.99,,8.38,,275,,4.39,,16.1,,,,49,,,,,,,,,,,,,,,,,,,,,,,,,,,,,,,,,,,,,,,,,,,,,,,,,,,,,,,,,,,,,,,,,,,,,,,,,,,,,,,,,,,,,,,,,,,,,,,,,,,,,,,,,,,,,,,,,,,,,,,,,,,,,,
2019PN880065,OIL SANDS LONGTERM WQ MONITORING,M7 LTWQ PANEL 10 OF 10,AL07DD0007,57.31395,-111.66737,2019-10-09 12:00,WATER,VERTICAL INTEGRATED,4.3,,136.528,,0,,1.255,,14.416,,126.416,,0,,-0.207,,0.44,,16.244,,8.645,,160.434,,,,,,NA,,NA,,112,,,,6.74,,0.09,,,,8.23,,,,,,,,23.1,,34.7,,9.66,,1.2,,6.3,,11.4,,,,284,,13.2,,11.98,,8.42,,278,,4.42,,13.8,,,,42,,,,,,,,,,,,,,,,,,,,,,,,,,,,,,,,,,,,,,,,,,,,,,,,,,,,,,,,,,,,,,,,,,,,,,,,,,,,,,,,,,,,,,,,,,,,,,,,,,,,,,,,,,,,,,,,,,,,,,,,,,,,,,
2019PN880066,OIL SANDS LONGTERM WQ MONITORING,M3 LT WQ PANEL 1 OF 10,AL07DD0008,56.8383,-111.41835,2019-10-08 13:10,WATER,VERTICAL INTEGRATED,1.1,,159.689,,0,,1.65,,14.417,,145.417,,0,,-0.119,,0.41,,14.312,,8.417,,182.048,,,,,,NA,,NA,,131,,,,4.35,,0.09,,,,8.18,,,,,,,,28.8,,40.1,,11,,1.45,,5.8,,11.3,,,,311,,12.4,,11.58,,8.3,,310,,4.81,,17.4,,,,34,,,,,,,,,,,,,,,,,,,,,,,,,,,,,,,,,,,,,,,,,,,,,,,,,,,,,,,,,,,,,,,,,,,,,,,,,,,,,,,,,,,,,,,,,,,,,,,,,,,,,,,,,,,,,,,,,,,,,,,,,,,,,,
2019PN880067,OIL SANDS LONGTERM WQ MONITORING,M3 LT WQ PANEL 4 OF 10,AL07DD0008,56.83861,-111.41628,2019-10-08 13:20,WATER,VERTICAL INTEGRATED,2.1,,154.813,,0,,1.456,,14.023,,141.023,,0,,-0.074,,0.33,,12.164,,8.368,,171.944,,,,,,NA,,NA,,127,,,,2.05,,0.09,,,,8.22,,,,,,,,27.8,,39,,10.6,,1.33,,5.75,,9.08,,,,297,,12.2,,11.7,,8.27,,293,,5.6,,11.1,,,,33,,,,,,,,,,,,,,,,,,,,,,,,,,,,,,,,,,,,,,,,,,,,,,,,,,,,,,,,,,,,,,,,,,,,,,,,,,,,,,,,,,,,,,,,,,,,,,,,,,,,,,,,,,,,,,,,,,,,,,,,,,,,,,
2019PN880068,OIL SANDS LONGTERM WQ MONITORING,M3 LT WQ PANEL 10 OF 10,AL07DD0008,56.83878,-111.41164,2019-10-08 10:50,WATER,VERTICAL INTEGRATED,2.6,,88.621,,0,,1.53,,20.235,,92.935,,0,,-0.782,,0.66,,25.207,,9.524,,126.716,,,,,,NA,,NA,,72.7,,,,12.8,,0.09,,,,7.96,,,,,,,,14.5,,25.1,,7.35,,1.07,,7.52,,14.6,,,,215,,15.2,,11.61,,7.99,,215,,4.83,,16.9,,,,54,,,,,,,,,,,,,,,,,,,,,,,,,,,,,,,,,,,,,,,,,,,,,,,,,,,,,,,,,,,,,,,,,,,,,,,,,,,,,,,,,,,,,,,,,,,,,,,,,,,,,,,,,,,,,,,,,,,,,,,,,,,,,,
2019PN880069,OIL SANDS LONGTERM WQ MONITORING,M3 LT WQ PANEL 9 OF 10,AL07DD0008,56.83991,-111.41234,2019-10-08 11:30,WATER,TRIPLICATE SAMPLE,2.7,,105.078,,0,,1.471,,0,,73.476,,0,,-0.72,,0.86,,33.023,,9.491,,129.653,,,,,,NA,,NA,,86.2,,,,17.2,,0.09,,,,8.05,,,,,,,,9.04,,19.5,,6.02,,0.89,,8.24,,16.9,,,,238,,13.8,,11.67,,8.1,,237,,5.05,,15.4,,,,55,,,,,,,,,,,,,,,,,,,,,,,,,,,,,,,,,,,,,,,,,,,,,,,,,,,,,,,,,,,,,,,,,,,,,,,,,,,,,,,,,,,,,,,,,,,,,,,,,,,,,,,,,,,,,,,,,,,,,,,,,,,,,,
2019PN880070,OIL SANDS LONGTERM WQ MONITORING,M3 LT WQ PANEL 9 OF 10,AL07DD0008,56.83991,-111.41234,2019-10-08 11:35,WATER,TRIPLICATE SAMPLE,2.7,,107.028,,0,,1.498,,2.314,,90.114,,0,,PM,,0.68,,26.058,,PM,,134.483,,,,,,NA,,NA,,87.8,,,,13.1,,0.09,,,,8.05,,,,,,,,13.7,,24.3,,7.15,,1.02,,7.59,,14.8,,,,239,,13.7,,,,,,,,,,,,,,55,,,,,,,,,,,,,,,,,,,,,,,,,,,,,,,,,,,,,,,,,,,,,,,,,,,,,,,,,,,,,,,,,,,,,,,,,,,,,,,,,,,,,,,,,,,,,,,,,,,,,,,,,,,,,,,,,,,,,,,,,,,,,,
2019PN880071,OIL SANDS LONGTERM WQ MONITORING,M3 LT WQ PANEL 9 OF 10,AL07DD0008,56.83991,-111.41234,2019-10-08 11:40,WATER,TRIPLICATE SAMPLE,2.7,,106.906,,0,,1.497,,5.526,,93.226,,0,,PM,,0.66,,25.156,,PM,,135.674,,,,,,NA,,NA,,87.7,,,,12.6,,0.09,,,,8.05,,,,,,,,14.6,,25.2,,7.36,,1.04,,7.52,,14.6,,,,237,,13.6,,,,,,,,,,,,,,53,,,,,,,,,,,,,,,,,,,,,,,,,,,,,,,,,,,,,,,,,,,,,,,,,,,,,,,,,,,,,,,,,,,,,,,,,,,,,,,,,,,,,,,,,,,,,,,,,,,,,,,,,,,,,,,,,,,,,,,,,,,,,,
2019PN880076,OIL SANDS LONGTERM WQ MONITORING,ATHABASCA RIVER M2 ABOVE HORSE RIVER,AL07DD0002,56.71952778,-111.4044722,2020-01-12 14:45,WATER,VERTICAL INTEGRATED,1.95,,213.325,,0,,2.007,,17.301,,192.301,,0,,-0.025,,0.51,,15.469,,8.27,,243.715,,,,,,NA,,NA,,175,,,,4.04,,0.11,,,,8.22,,,,,,,,39.1,,53.6,,14.2,,2.18,,8.42,,16.4,,,,410,,8.6,,13.01,,7.77,,407,,-0.3,,2.1,,,,32,,,,,,,,,,,,,,,,,,,,,,,,,,,,,,,,,,,,,,,,,,,,,,,,,,,,,,,,,,,,,,,,,,,,,,,,,,,,,,,,,,,,,,,,,,,,,,,,,,,,,,,,,,,,,,,,,,,,,,,,,,,,,,
2019PN880077,OIL SANDS LONGTERM WQ MONITORING,M3 LT WQ PANEL 1 OF 10,AL07DD0008,56.8383,-111.41835,2020-01-13 12:10,WATER,VERTICAL INTEGRATED,0.45,,214.544,,0,,2.067,,16.051,,192.051,,0,,-0.035,,0.57,,16.883,,8.28,,249.767,,,,,,NA,,NA,,176,,,,6.89,,0.11,,,,8.21,,,,,,,,38.9,,53.5,,14.2,,2.34,,8.37,,18.2,,,,419,,10.8,,12.75,,7.78,,422,,-0.3,,2.3,,,,26,,,,,,,,,,,,,,,,,,,,,,,,,,,,,,,,,,,,,,,,,,,,,,,,,,,,,,,,,,,,,,,,,,,,,,,,,,,,,,,,,,,,,,,,,,,,,,,,,,,,,,,,,,,,,,,,,,,,,,,,,,,,,,
2019PN880078,OIL SANDS LONGTERM WQ MONITORING,M3 LT WQ PANEL 9 OF 10,AL07DD0008,56.83991,-111.41234,2020-01-13 12:35,WATER,VERTICAL INTEGRATED,2.62,,140.185,,0,,2.595,,5.025,,120.025,,0,,-0.699,,0.83,,27.277,,9.328,,183.952,,,,,,NA,,NA,,115,,,,19.3,,0.1,,,,7.93,,,,,,,,20.1,,32.8,,9.26,,1.45,,10.3,,21,,,,319,,23.6,,12.79,,7.5,,322,,-0.3,,3.4,,,,28,,,,,,,,,,,,,,,,,,,,,,,,,,,,,,,,,,,,,,,,,,,,,,,,,,,,,,,,,,,,,,,,,,,,,,,,,,,,,,,,,,,,,,,,,,,,,,,,,,,,,,,,,,,,,,,,,,,,,,,,,,,,,,
2019PN880079,OIL SANDS LONGTERM WQ MONITORING,M3 LT WQ PANEL 10 OF 10,AL07DD0008,56.83878,-111.41164,2020-01-13 12:55,WATER,VERTICAL INTEGRATED,2.51,,112.879,,0,,2.636,,3.526,,96.126,,0,,-0.99,,1.02,,33.977,,9.81,,164.668,,,,,,NA,,NA,,92.6,,,,25.8,,0.09,,,,7.83,,,,,,,,13.6,,25.9,,7.64,,1.24,,11.1,,23.1,,,,289,,3.58,,12.55,,7.31,,290,,-0.3,,2.9,,,,31,,,,,,,,,,,,,,,,,,,,,,,,,,,,,,,,,,,,,,,,,,,,,,,,,,,,,,,,,,,,,,,,,,,,,,,,,,,,,,,,,,,,,,,,,,,,,,,,,,,,,,,,,,,,,,,,,,,,,,,,,,,,,,
2019PN880080,OIL SANDS LONGTERM WQ MONITORING,M7 LTWQ PANEL 1 OF 10,AL07DD0007,57.31332,-111.67533,2020-01-14 12:10,WATER,VERTICAL INTEGRATED,2.9,,190.164,,0,,2.108,,11.573,,167.573,,0,,-0.203,,0.62,,19.058,,8.557,,225.257,,,,,,NA,,NA,,156,,,,9.68,,0.1,,,,8.15,,,,,,,,32.2,,46.5,,12.5,,1.99,,9.49,,18.4,,,,382,,4.64,,12.5,,7.7,,384,,-0.3,,3.2,,,,28,,,,,,,,,,,,,,,,,,,,,,,,,,,,,,,,,,,,,,,,,,,,,,,,,,,,,,,,,,,,,,,,,,,,,,,,,,,,,,,,,,,,,,,,,,,,,,,,,,,,,,,,,,,,,,,,,,,,,,,,,,,,,,
2019PN880081,OIL SANDS LONGTERM WQ MONITORING,M7 LTWQ PANEL 10 OF 10,AL07DD0007,57.31395,-111.66737,2020-01-14 12:30,WATER,VERTICAL INTEGRATED,1.77,,177.974,,0,,2.218,,11.2,,157.2,,0,,-0.309,,0.65,,20.411,,8.718,,216.388,,,,,,NA,,NA,,146,,,,12.2,,0.1,,,,8.1,,,,,,,,30.1,,43.5,,11.8,,1.86,,9.71,,18.8,,,,370,,3.9,,12.7,,7.64,,372,,-0.3,,3,,,,44,,,,,,,,,,,,,,,,,,,,,,,,,,,,,,,,,,,,,,,,,,,,,,,,,,,,,,,,,,,,,,,,,,,,,,,,,,,,,,,,,,,,,,,,,,,,,,,,,,,,,,,,,,,,,,,,,,,,,,,,,,,,,,
2019PN880082,OIL SANDS LONGTERM WQ MONITORING,ATHABASCA RIVER M2 ABOVE HORSE RIVER,AL07DD0002,56.71952778,-111.4044722,2020-02-11 15:10,WATER,VERTICAL INTEGRATED,1.26,,218.201,,0,,1.959,,12.477,,191.477,,0,,0.003,,0.57,,16.785,,8.234,,249.989,,,,,,NA,,NA,,179,,,,4.45,,0.11,,,,8.24,,,,,,,,41.5,,53.6,,14,,2.17,,7.82,,18,,,,418,,6.2,,12.71,,7.6,,419,,-0.3,,0,,,,21,,,,,,,,,,,,,,,,,,,,,,,,,,,,,,,,,,,,,,,,,,,,,,,,,,,,,,,,,,,,,,,,,,,,,,,,,,,,,,,,,,,,,,,,,,,,,,,,,,,,,,,,,,,,,,,,,,,,,,,,,,,,,,
2019PN880083,OIL SANDS LONGTERM WQ MONITORING,M3 LT WQ PANEL 1 OF 10,AL07DD0008,56.8383,-111.41835,2020-02-11 10:55,WATER,VERTICAL INTEGRATED,0.13,,220.639,,0,,2.076,,13.298,,194.298,,0,,-0.007,,0.64,,18.581,,8.234,,260.667,,,,,,NA,,NA,,181,,,,8.95,,0.11,,,,8.22,,,,,,,,41.5,,54.4,,14.2,,2.46,,7.82,,20.7,,,,437,,2.95,,11.88,,7.48,,440,,-0.3,,0,,,,40,,,,,,,,,,,,,,,,,,,,,,,,,,,,,,,,,,,,,,,,,,,,,,,,,,,,,,,,,,,,,,,,,,,,,,,,,,,,,,,,,,,,,,,,,,,,,,,,,,,,,,,,,,,,,,,,,,,,,,,,,,,,,,
2019PN880084,OIL SANDS LONGTERM WQ MONITORING,M3 LT WQ PANEL 9 OF 10,AL07DD0008,56.83991,-111.41234,2020-02-11 11:30,WATER,VERTICAL INTEGRATED,2.13,,146.28,,0,,2.001,,4.923,,124.923,,0,,-0.533,,0.91,,28.642,,9.126,,195.649,,,,,,NA,,NA,,120,,,,21.4,,0.1,,,,8.06,,,,,,,,22.5,,34.3,,9.54,,1.55,,10,,23.4,,,,341,,3.48,,12.66,,7.18,,340,,-0.3,,0,,,,27,,,,,,,,,,,,,,,,,,,,,,,,,,,,,,,,,,,,,,,,,,,,,,,,,,,,,,,,,,,,,,,,,,,,,,,,,,,,,,,,,,,,,,,,,,,,,,,,,,,,,,,,,,,,,,,,,,,,,,,,,,,,,,
2019PN880085,OIL SANDS LONGTERM WQ MONITORING,M3 LT WQ PANEL 10 OF 10,AL07DD0008,56.83878,-111.41164,2020-02-11 11:15,WATER,VERTICAL INTEGRATED,2.18,,107.15,,0,,2.127,,1.423,,89.323,,0,,-0.977,,1.23,,39.006,,9.854,,167.41,,,,,,NA,,NA,,87.9,,,,31.1,,0.09,,,,7.9,,,,,,,,12.4,,24,,7.14,,1.22,,11.2,,26.7,,,,298,,3.94,,12.32,,7.19,,293,,-0.3,,0,,,,51,,,,,,,,,,,,,,,,,,,,,,,,,,,,,,,,,,,,,,,,,,,,,,,,,,,,,,,,,,,,,,,,,,,,,,,,,,,,,,,,,,,,,,,,,,,,,,,,,,,,,,,,,,,,,,,,,,,,,,,,,,,,,,
2019PN880086,OIL SANDS LONGTERM WQ MONITORING,M7 LTWQ PANEL 10 OF 10,AL07DD0007,57.31395,-111.66737,2020-02-12 12:45,WATER,VERTICAL INTEGRATED,1.7,,179.193,,0,,1.852,,9.701,,156.701,,0,,-0.229,,0.72,,22.158,,8.638,,222.605,,,,,,NA,,NA,,147,,,,14.5,,0.11,,,,8.18,,,,,,,,31.8,,43.3,,11.8,,1.85,,9.31,,20.8,,,,384,,3.11,,12.45,,7.4,,379,,-0.3,,0,,,,42,,,,,,,,,,,,,,,,,,,,,,,,,,,,,,,,,,,,,,,,,,,,,,,,,,,,,,,,,,,,,,,,,,,,,,,,,,,,,,,,,,,,,,,,,,,,,,,,,,,,,,,,,,,,,,,,,,,,,,,,,,,,,,
2019PN880087,OIL SANDS LONGTERM WQ MONITORING,M7 LTWQ PANEL 1 OF 10,AL07DD0007,57.31332,-111.67533,2020-02-12 12:00,WATER,TRIPLICATE SAMPLE,2.61,,191.383,,0,,1.932,,10.735,,167.735,,0,,-0.162,,0.68,,20.686,,8.515,,231.241,,,,,,NA,,NA,,157,,,,11.6,,0.11,,,,8.19,,,,,,,,34,,46.4,,12.6,,1.98,,8.91,,20.4,,,,392,,3.32,,12.49,,7.48,,394,,-0.3,,0,,,,26,,,,,,,,,,,,,,,,,,,,,,,,,,,,,,,,,,,,,,,,,,,,,,,,,,,,,,,,,,,,,,,,,,,,,,,,,,,,,,,,,,,,,,,,,,,,,,,,,,,,,,,,,,,,,,,,,,,,,,,,,,,,,,
2019PN880088,OIL SANDS LONGTERM WQ MONITORING,M7 LTWQ PANEL 1 OF 10,AL07DD0007,57.31332,-111.67533,2020-02-12 12:05,WATER,TRIPLICATE SAMPLE,2.61,,191.383,,0,,1.887,,10.074,,167.074,,0,,PM,,0.68,,20.752,,PM,,230.838,,,,,,NA,,NA,,157,,,,11.6,,0.11,,,,8.2,,,,,,,,33.9,,46.3,,12.5,,1.96,,8.84,,20.4,,,,393,,3.04,,,,,,,,,,,,,,25,,,,,,,,,,,,,,,,,,,,,,,,,,,,,,,,,,,,,,,,,,,,,,,,,,,,,,,,,,,,,,,,,,,,,,,,,,,,,,,,,,,,,,,,,,,,,,,,,,,,,,,,,,,,,,,,,,,,,,,,,,,,,,
2019PN880089,OIL SANDS LONGTERM WQ MONITORING,M7 LTWQ PANEL 1 OF 10,AL07DD0007,57.31332,-111.67533,2020-02-12 12:10,WATER,TRIPLICATE SAMPLE,2.61,,191.383,,0,,1.932,,9.824,,166.824,,0,,PM,,0.68,,20.69,,PM,,230.802,,,,,,NA,,NA,,157,,,,11.6,,0.1,,,,8.19,,,,,,,,33.9,,46.2,,12.5,,2.01,,8.96,,20.3,,,,393,,2.95,,,,,,,,,,,,,,26,,,,,,,,,,,,,,,,,,,,,,,,,,,,,,,,,,,,,,,,,,,,,,,,,,,,,,,,,,,,,,,,,,,,,,,,,,,,,,,,,,,,,,,,,,,,,,,,,,,,,,,,,,,,,,,,,,,,,,,,,,,,,,
2019PN880094,OIL SANDS LONGTERM WQ MONITORING,ATHABASCA RIVER M2 ABOVE HORSE RIVER,AL07DD0002,56.71952778,-111.4044722,2020-03-10 15:15,WATER,VERTICAL INTEGRATED,1.25,,206.011,,0,,3.558,,13.427,,182.427,,0,,-0.324,,0.6,,17.865,,8.607,,243.067,,,,,,NA,,NA,,169,,,,5,,0.11,,,,7.96,,,,,,,,43.4,,50.8,,13.5,,2.13,,7.35,,18.5,,,,410,,5.17,,12.58,,7.8,,410,,-0.3,,1.5,,,,38,,,,,,,,,,,,,,,,,,,,,,,,,,,,,,,,,,,,,,,,,,,,,,,,,,,,,,,,,,,,,,,,,,,,,,,,,,,,,,,,,,,,,,,,,,,,,,,,,,,,,,,,,,,,,,,,,,,,,,,,,,,,,,
2019PN880095,OIL SANDS LONGTERM WQ MONITORING,M3 LT WQ PANEL 1 OF 10,AL07DD0008,56.8383,-111.41835,2020-03-10 10:55,WATER,VERTICAL INTEGRATED,0.05,,208.449,,0,,3.951,,13.836,,184.836,,0,,-0.354,,0.66,,19.27,,8.627,,252.259,,,,,,NA,,NA,,171,,,,8.59,,0.1,,,,7.92,,,,,,,,43.5,,51.6,,13.6,,2.37,,7.39,,20.6,,,,426,,2.49,,11.98,,7.64,,429,,-0.3,,1.7,,,,19,,,,,,,,,,,,,,,,,,,,,,,,,,,,,,,,,,,,,,,,,,,,,,,,,,,,,,,,,,,,,,,,,,,,,,,,,,,,,,,,,,,,,,,,,,,,,,,,,,,,,,,,,,,,,,,,,,,,,,,,,,,,,,
2019PN880096,OIL SANDS LONGTERM WQ MONITORING,M3 LT WQ PANEL 9 OF 10,AL07DD0008,56.83991,-111.41234,2020-03-10 11:35,WATER,VERTICAL INTEGRATED,2.13,,138.966,,0,,4.093,,3.786,,117.786,,0,,-0.912,,0.97,,30.467,,9.554,,191.677,,,,,,NA,,NA,,114,,,,22.4,,0.1,,,,7.73,,,,,,,,23,,32.2,,9.08,,1.52,,10,,24.1,,,,334,,3.58,,12.86,,7.45,,336,,-0.3,,3.3,,,,26,,,,,,,,,,,,,,,,,,,,,,,,,,,,,,,,,,,,,,,,,,,,,,,,,,,,,,,,,,,,,,,,,,,,,,,,,,,,,,,,,,,,,,,,,,,,,,,,,,,,,,,,,,,,,,,,,,,,,,,,,,,,,,
2019PN880097,OIL SANDS LONGTERM WQ MONITORING,M3 LT WQ PANEL 10 OF 10,AL07DD0008,56.83878,-111.41164,2020-03-10 11:20,WATER,VERTICAL INTEGRATED,1.87,,101.543,,0,,4.432,,0,,83.264,,0,,-1.374,,1.31,,41.488,,10.307,,164.939,,,,,,NA,,NA,,83.3,,,,32.6,,0.09,,,,7.56,,,,,,,,12.2,,22.2,,6.76,,1.15,,11.5,,27.6,,,,293,,4.31,,12.68,,7.35,,295,,-0.3,,4.1,,,,28,,,,,,,,,,,,,,,,,,,,,,,,,,,,,,,,,,,,,,,,,,,,,,,,,,,,,,,,,,,,,,,,,,,,,,,,,,,,,,,,,,,,,,,,,,,,,,,,,,,,,,,,,,,,,,,,,,,,,,,,,,,,,,
2019PN880098,OIL SANDS LONGTERM WQ MONITORING,M7 LTWQ PANEL 1 OF 10,AL07DD0007,57.31332,-111.67533,2020-03-11 11:30,WATER,VERTICAL INTEGRATED,2.2,,182.85,,0,,3.386,,8.199,,158.199,,0,,0.155,,0.73,,22.152,,7.62,,225.655,,,,,,NA,,NA,,150,,,,11.8,,0.1,,,,7.93,,,,,,,,35.7,,43.9,,11.8,,1.92,,8.39,,21,,,,386,,2.86,,12.14,,7.65,,385,,-0.3,,2.2,,,,23,,,,,,,,,,,,,,,,,,,,,,,,,,,,,,,,,,,,,,,,,,,,,,,,,,,,,,,,,,,,,,,,,,,,,,,,,,,,,,,,,,,,,,,,,,,,,,,,,,,,,,,,,,,,,,,,,,,,,,,,,,,,,,
2019PN880099,OIL SANDS LONGTERM WQ MONITORING,M7 LTWQ PANEL 10 OF 10,AL07DD0007,57.31395,-111.66737,2020-03-11 11:50,WATER,VERTICAL INTEGRATED,1.8,,168.222,,0,,3.418,,8.915,,146.915,,0,,-0.573,,0.79,,24.382,,9.035,,216.894,,,,,,NA,,NA,,138,,,,15.7,,0.1,,,,7.89,,,,,,,,32.8,,40.7,,11,,1.79,,8.96,,22.1,,,,374,,2.92,,12.42,,7.59,,374,,-0.3,,2.6,,,,22,,,,,,,,,,,,,,,,,,,,,,,,,,,,,,,,,,,,,,,,,,,,,,,,,,,,,,,,,,,,,,,,,,,,,,,,,,,,,,,,,,,,,,,,,,,,,,,,,,,,,,,,,,,,,,,,,,,,,,,,,,,,,,
2020PN880001,OIL SANDS LONGTERM WQ MONITORING,ATHABASCA RIVER M2 ABOVE HORSE RIVER,AL07DD0002,56.71952778,-111.4044722,2020-09-23 9:55,WATER,VERTICAL INTEGRATED,3.9,,138.966,,0,,1.436,,17.973,,131.973,,0,,0.029,,0.34,,12.591,,8.121,,160.48,,39.5,,9.31,,NA,,NA,,114,,,,2.03,,0.09,,,,8.18,,,,,,,,29.6,,36.2,,10.1,,1.38,,3.92,,8.85,,,,279,,,,10.53,,8.34,,280,,12.13,,9.5,,,,,,,,,,,,,,,,,,,,,,,,,,,,,,,,,,,,,,,,,,,,,,,,,,,,,,,,,,,,,,,,,,,,,,,,,,,,,,,,,,,,,,,,,,,,,,,,,,,,,,,,,,,,,,,,,,,,,,,,,,,,,,,,,,
2020PN880002,OIL SANDS LONGTERM WQ MONITORING,M3 LT WQ PANEL 1 OF 10,AL07DD0008,56.8383,-111.41835,2020-09-23 11:00,WATER,VERTICAL INTEGRATED,2.3,,141.404,,0,,1.461,,18.045,,134.045,,0,,0.042,,0.36,,13.459,,8.096,,164.91,,43.9,,11.4,,NA,,NA,,116,,,,2.89,,0.1,,,,8.18,,,,,,,,29.7,,36.7,,10.3,,1.46,,4.55,,9.71,,,,287,,,,10.41,,8.25,,288,,12.16,,10.6,,,,,,,,,,,,,,,,,,,,,,,,,,,,,,,,,,,,,,,,,,,,,,,,,,,,,,,,,,,,,,,,,,,,,,,,,,,,,,,,,,,,,,,,,,,,,,,,,,,,,,,,,,,,,,,,,,,,,,,,,,,,,,,,,,
2020PN880003,OIL SANDS LONGTERM WQ MONITORING,M3 LT WQ PANEL 2 OF 10,AL07DD0008,56.83851,-111.41779,2020-09-23 11:30,WATER,VERTICAL INTEGRATED,2.5,,138.966,,0,,1.505,,18.385,,132.385,,0,,0.022,,0.34,,12.627,,8.116,,161.04,,39.4,,10.6,,NA,,NA,,114,,,,2.04,,0.09,,,,8.16,,,,,,,,29.5,,36.2,,10.2,,1.43,,4.36,,8.91,,,,281,,,,10.5,,8.33,,281,,12.54,,9.7,,,,,,,,,,,,,,,,,,,,,,,,,,,,,,,,,,,,,,,,,,,,,,,,,,,,,,,,,,,,,,,,,,,,,,,,,,,,,,,,,,,,,,,,,,,,,,,,,,,,,,,,,,,,,,,,,,,,,,,,,,,,,,,,,,
2020PN880004,OIL SANDS LONGTERM WQ MONITORING,M3 LT WQ PANEL 9 OF 10,AL07DD0008,56.83991,-111.41234,2020-09-23 12:25,WATER,VERTICAL INTEGRATED,2.4,,71.433,,0,,1.747,,4.593,,63.193,,0,,-0.974,,0.65,,28.584,,9.758,,96.38,,96.6,,20.5,,NA,,NA,,58.6,,,,11.7,,0.07,,,,7.81,,,,,,,,7.16,,16.8,,5.16,,0.77,,7.83,,11.8,,,,172,,,,10.42,,7.72,,174,,11.18,,19.5,,,,,,,,,,,,,,,,,,,,,,,,,,,,,,,,,,,,,,,,,,,,,,,,,,,,,,,,,,,,,,,,,,,,,,,,,,,,,,,,,,,,,,,,,,,,,,,,,,,,,,,,,,,,,,,,,,,,,,,,,,,,,,,,,,
2020PN880005,OIL SANDS LONGTERM WQ MONITORING,M7 LTWQ PANEL 1 OF 10,AL07DD0007,57.31332,-111.67533,2020-09-22 13:25,WATER,VERTICAL INTEGRATED,4.8,,114.586,,0,,1.681,,13.037,,107.037,,0,,-0.292,,0.43,,16.992,,8.613,,135.84,,89.7,,16.7,,NA,,NA,,94,,,,4.08,,0.09,,,,8.03,,,,,,,,20.8,,29,,8.41,,1.12,,5.83,,10.2,,,,235,,,,10.3,,8.09,,229,,12.21,,16.1,,,,,,,,,,,,,,,,,,,,,,,,,,,,,,,,,,,,,,,,,,,,,,,,,,,,,,,,,,,,,,,,,,,,,,,,,,,,,,,,,,,,,,,,,,,,,,,,,,,,,,,,,,,,,,,,,,,,,,,,,,,,,,,,,,
2020PN880006,OIL SANDS LONGTERM WQ MONITORING,M7 LTWQ PANEL 10 OF 10,AL07DD0007,57.31395,-111.66737,2020-09-22 14:15,WATER,VERTICAL INTEGRATED,1.6,,108.613,,0,,1.52,,11.43,,100.53,,0,,-0.317,,0.46,,18.327,,8.685,,131.02,,81.1,,16.7,,NA,,NA,,89.1,,,,6.63,,0.09,,,,8.05,,,,,,,,18.2,,27.4,,7.8,,1.04,,5.99,,10.5,,,,230,,,,10.23,,8.02,,230,,12.23,,16,,,,,,,,,,,,,,,,,,,,,,,,,,,,,,,,,,,,,,,,,,,,,,,,,,,,,,,,,,,,,,,,,,,,,,,,,,,,,,,,,,,,,,,,,,,,,,,,,,,,,,,,,,,,,,,,,,,,,,,,,,,,,,,,,,
2020PN880007,OIL SANDS LONGTERM WQ MONITORING,M3 LT WQ PANEL 3 OF 10,AL07DD0008,56.83849,-111.41702,2020-09-23 13:05,WATER,VERTICAL INTEGRATED,2.4,,66.801,,0,,1.835,,2.419,,57.219,,0,,-1.095,,0.71,,31.735,,9.949,,91.81,,89.9,,23.6,,NA,,NA,,54.8,,,,13.1,,0.07,,,,7.76,,,,,,,,4.79,,15.1,,4.74,,0.66,,8.14,,12.4,,,,162,,,,10.39,,7.75,,161,,11.27,,22.2,,,,,,,,,,,,,,,,,,,,,,,,,,,,,,,,,,,,,,,,,,,,,,,,,,,,,,,,,,,,,,,,,,,,,,,,,,,,,,,,,,,,,,,,,,,,,,,,,,,,,,,,,,,,,,,,,,,,,,,,,,,,,,,,,,
2020PN880008,OIL SANDS LONGTERM WQ MONITORING,ATHABASCA RIVER M2 ABOVE HORSE RIVER,AL07DD0002,56.71952778,-111.4044722,2020-10-07 10:20,WATER,VERTICAL INTEGRATED,3.7,,141.404,,0,,1.299,,20.367,,136.367,,0,,0.033,,0.36,,13.085,,8.165,,166.284,,37.7,,8.07,,NA,,NA,,116,,,,1.92,,0.1,,,,8.23,,,,,,,,31.9,,37.3,,10.5,,1.57,,3.78,,9.57,,,,289,,,,10.98,,8.49,,287,,10.12,,7.8,,,,,,,,,,,,,,,,,,,,,,,,,,,,,,,,,,,,,,,,,,,,,,,,,,,,,,,,,,,,,,,,,,,,,,,,,,,,,,,,,,,,,,,,,,,,,,,,,,,,,,,,,,,,,,,,,,,,,,,,,,,,,,,,,,
2020PN880009,OIL SANDS LONGTERM WQ MONITORING,M3 LT WQ PANEL 1 OF 10,AL07DD0008,56.8383,-111.41835,2020-10-07 11:30,WATER,VERTICAL INTEGRATED,2.1,,143.842,,0,,1.353,,19.527,,137.527,,0,,0.035,,0.38,,13.841,,8.15,,170.314,,42.4,,11.7,,NA,,NA,,118,,,,2.77,,0.1,,,,8.22,,,,,,,,31.9,,37.6,,10.6,,1.6,,4.6,,10.3,,,,294,,,,10.97,,8.46,,294,,10.2,,10.4,,,,,,,,,,,,,,,,,,,,,,,,,,,,,,,,,,,,,,,,,,,,,,,,,,,,,,,,,,,,,,,,,,,,,,,,,,,,,,,,,,,,,,,,,,,,,,,,,,,,,,,,,,,,,,,,,,,,,,,,,,,,,,,,,,
2020PN880010,OIL SANDS LONGTERM WQ MONITORING,M3 LT WQ PANEL 2 OF 10,AL07DD0008,56.83851,-111.41779,2020-10-07 12:00,WATER,VERTICAL INTEGRATED,2.3,,141.404,,0,,1.128,,20.367,,136.367,,0,,0.103,,0.36,,13.061,,8.084,,166.364,,37.5,,8.07,,NA,,NA,,116,,,,1.96,,0.1,,,,8.29,,,,,,,,31.7,,37.3,,10.5,,1.57,,4.04,,9.55,,,,288,,,,11.06,,8.51,,287,,10.43,,7.6,,,,,,,,,,,,,,,,,,,,,,,,,,,,,,,,,,,,,,,,,,,,,,,,,,,,,,,,,,,,,,,,,,,,,,,,,,,,,,,,,,,,,,,,,,,,,,,,,,,,,,,,,,,,,,,,,,,,,,,,,,,,,,,,,,
2020PN880011,OIL SANDS LONGTERM WQ MONITORING,M3 LT WQ PANEL 9 OF 10,AL07DD0008,56.83991,-111.41234,2020-10-07 12:49,WATER,VERTICAL INTEGRATED,2.3,,77.407,,0,,1.647,,4.254,,67.754,,0,,-0.917,,0.71,,29.727,,9.704,,106.589,,94.9,,14.3,,NA,,NA,,63.5,,,,13.5,,0.08,,,,7.87,,,,,,,,8.56,,18,,5.54,,0.94,,8.38,,13.4,,,,187,,,,10.84,,8.03,,187,,9.24,,17.5,,,,,,,,,,,,,,,,,,,,,,,,,,,,,,,,,,,,,,,,,,,,,,,,,,,,,,,,,,,,,,,,,,,,,,,,,,,,,,,,,,,,,,,,,,,,,,,,,,,,,,,,,,,,,,,,,,,,,,,,,,,,,,,,,,
2020PN880012,OIL SANDS LONGTERM WQ MONITORING,M7 LTWQ PANEL 1 OF 10,AL07DD0007,57.31332,-111.67533,2020-10-06 14:00,WATER,VERTICAL INTEGRATED,4.4,,116.902,,0,,1.526,,12.794,,108.694,,0,,-0.312,,0.46,,17.976,,8.704,,140.084,,84.5,,15.9,,NA,,NA,,95.9,,,,5.24,,0.09,,,,8.08,,,,,,,,21.6,,29.4,,8.57,,1.22,,5.28,,11.1,,,,245,,,,10.81,,8.2,,243,,9.65,,13.9,,,,,,,,,,,,,,,,,,,,,,,,,,,,,,,,,,,,,,,,,,,,,,,,,,,,,,,,,,,,,,,,,,,,,,,,,,,,,,,,,,,,,,,,,,,,,,,,,,,,,,,,,,,,,,,,,,,,,,,,,,,,,,,,,,
2020PN880013,OIL SANDS LONGTERM WQ MONITORING,M3 LT WQ PANEL 10 OF 10,AL07DD0008,56.83878,-111.41164,2020-10-07 13:17,WATER,VERTICAL INTEGRATED,1.9,,69.849,,0,,1.708,,2.861,,60.161,,0,,-1.079,,0.79,,33.221,,9.968,,99.296,L,0.5,,21.4,,NA,,NA,,57.3,,,,15.3,,0.08,,,,7.81,,,,,,,,5.54,,15.8,,5.03,,0.86,,8.2,,14,,,,177,,,,10.83,,7.99,,175,,9.15,,20,,,,,,,,,,,,,,,,,,,,,,,,,,,,,,,,,,,,,,,,,,,,,,,,,,,,,,,,,,,,,,,,,,,,,,,,,,,,,,,,,,,,,,,,,,,,,,,,,,,,,,,,,,,,,,,,,,,,,,,,,,,,,,,,,,
2020PN880014,OIL SANDS LONGTERM WQ MONITORING,M7 LTWQ PANEL 10 OF 10,AL07DD0007,57.31395,-111.66737,2020-10-06 14:43,WATER,VERTICAL INTEGRATED,1.3,,113.733,,0,,1.485,,11.21,,104.51,,0,,-0.332,,0.49,,19.098,,8.744,,139.004,,75.4,,22.4,,NA,,NA,,93.3,,,,7.75,,0.09,,,,8.08,,,,,,,,20,,28.4,,8.16,,1.2,,5.88,,11.5,,,,245,,,,10.71,,8.21,,242,,9.84,,19.3,,,,,,,,,,,,,,,,,,,,,,,,,,,,,,,,,,,,,,,,,,,,,,,,,,,,,,,,,,,,,,,,,,,,,,,,,,,,,,,,,,,,,,,,,,,,,,,,,,,,,,,,,,,,,,,,,,,,,,,,,,,,,,,,,,
2020PN880015,OIL SANDS LONGTERM WQ MONITORING,ATHABASCA RIVER M2 ABOVE HORSE RIVER,AL07DD0002,56.71952778,-111.4044722,2020-10-20 14:45,WATER,VERTICAL INTEGRATED,4.2,,138.966,,0,,1.731,,21.118,,135.118,,0,,-0.44,,0.33,,12.162,,8.98,,164.435,,44.9,,13,,NA,,NA,,114,,,,1.94,,0.1,,,,8.1,,,,,,,,32.1,,36.8,,10.5,,1.3,,4.52,,8.7,,,,287,,,,14.29,,8.16,,275,,0.7,,10.5,,,,,,,,,,,,,,,,,,,,,,,,,,,,,,,,,,,,,,,,,,,,,,,,,,,,,,,,,,,,,,,,,,,,,,,,,,,,,,,,,,,,,,,,,,,,,,,,,,,,,,,,,,,,,,,,,,,,,,,,,,,,,,,,,,
2020PN880016,OIL SANDS LONGTERM WQ MONITORING,M3 LT WQ PANEL 2 OF 10,AL07DD0008,56.83851,-111.41779,2020-10-21 13:20,WATER,VERTICAL INTEGRATED,5.2,,124.338,,0,,1.701,,21.669,,123.669,,0,,-0.591,,0.37,,14.018,,9.242,,153.372,,62.8,,12.3,,NA,,NA,,102,,,,3.63,,0.09,,,,8.06,,,,,,,,29.2,,33.6,,9.66,,1.23,,5.28,,9.38,,,,263,,,,14.2,,8.11,,253,,0,,11.4,,,,,,,,,,,,,,,,,,,,,,,,,,,,,,,,,,,,,,,,,,,,,,,,,,,,,,,,,,,,,,,,,,,,,,,,,,,,,,,,,,,,,,,,,,,,,,,,,,,,,,,,,,,,,,,,,,,,,,,,,,,,,,,,,,
2020PN880017,OIL SANDS LONGTERM WQ MONITORING,M7 LTWQ PANEL 1 OF 10,AL07DD0007,57.31332,-111.67533,2020-10-23 12:45,WATER,VERTICAL INTEGRATED,4.2,,110.929,,0,,1.871,,14.366,,105.366,,0,,-0.813,,0.52,,20.168,,9.595,,141.496,,97,,11.7,,NA,,NA,,91,,,,6.3,,0.09,,,,7.97,,,,,,,,23.9,,28.1,,8.55,,1.16,,6.21,,12.4,,,,242,,,,13.86,,8.08,,241,,-0.2,,11.6,,,,,,,,,,,,,,,,,,,,,,,,,,,,,,,,,,,,,,,,,,,,,,,,,,,,,,,,,,,,,,,,,,,,,,,,,,,,,,,,,,,,,,,,,,,,,,,,,,,,,,,,,,,,,,,,,,,,,,,,,,,,,,,,,,
2021PN880001,OIL SANDS LONGTERM WQ MONITORING,ATHABASCA RIVER M2 ABOVE HORSE RIVER,AL07DD0002,56.71952778,-111.4044722,2021-06-22 12:25,WATER,VERTICAL INTEGRATED,4.3,,120.559,,0,,1.305,,21.841,,120.741,,0,,0.101,,0.28,,10.956,,7.957,,143.249,,,,,,NA,,NA,,98.9,,,,1.47,,0.09,,,,8.16,,,,,,,,26.9,,33.4,,9.07,,1.04,,4.88,,6.9,,,,248,,53.4,,9.11,,8.1,,246,,18.06,,50,,,,41,,,,,,,,,,,,,,,,,,,,,,,,,,,,,,,,,,,,,,,,,,,,,,,,,,,,,,,,,,,,,,,,,,,,,,,,,,,,,,,,,,,,,,,,,,,,,,,,,,,,,,,,,,,,,,,,,,,,,,,,,,,,,,
2021PN880002,OIL SANDS LONGTERM WQ MONITORING,M3 LT WQ PANEL 1 OF 10,AL07DD0008,56.8383,-111.41835,2021-06-22 10:52,WATER,VERTICAL INTEGRATED,4.7,,120.315,,0,,1.333,,19.05,,117.75,,0,,0.066,,0.3,,11.853,,8.019,,142.484,,,,,,NA,,NA,,98.7,,,,1.73,,0.09,,,,8.15,,,,,,,,26.6,,32.4,,8.95,,1.09,,4.92,,7.36,,,,250,,63.2,,8.92,,7.98,,245,,17.65,,60.6,,,,49,,,,,,,,,,,,,,,,,,,,,,,,,,,,,,,,,,,,,,,,,,,,,,,,,,,,,,,,,,,,,,,,,,,,,,,,,,,,,,,,,,,,,,,,,,,,,,,,,,,,,,,,,,,,,,,,,,,,,,,,,,,,,,
2021PN880003,OIL SANDS LONGTERM WQ MONITORING,ATHABASCA RIVER M2 ABOVE HORSE RIVER,AL07DD0002,56.71952778,-111.4044722,2021-07-20 12:00,WATER,VERTICAL INTEGRATED,3.5,,113.245,,0,,1.09,,20.824,,113.724,,0,,0.084,,0.22,,9.206,,8.043,,136.518,,,,,,NA,,NA,,92.9,,,,1.11,,0.08,,,,8.21,,,,,,,,29.8,,31.2,,8.7,,0.89,,3.52,,5.35,,,,236,,42.2,,9.44,,8.11,,241,,17.62,,33.2,,,,28,,,,,,,,,,,,,,,,,,,,,,,,,,,,,,,,,,,,,,,,,,,,,,,,,,,,,,,,,,,,,,,,,,,,,,,,,,,,,,,,,,,,,,,,,,,,,,,,,,,,,,,,,,,,,,,,,,,,,,,,,,,,,,
2021PN880004,OIL SANDS LONGTERM WQ MONITORING,M3 LT WQ PANEL 10 OF 10,AL07DD0008,56.83878,-111.41164,2021-06-22 10:20,WATER,VERTICAL INTEGRATED,3.3,,72.531,,0,,1.617,,4.198,,63.698,,0,,-0.731,,0.58,,26.476,,9.313,,92.85,,,,,,NA,,NA,,59.5,,,,10.2,,0.08,,,,7.85,,,,,,,,6.42,,17.2,,5.04,,0.77,,6.66,,10.7,,,,166,,53.4,,8.88,,7.71,,162,,17.02,,52,,,,88,,,,,,,,,,,,,,,,,,,,,,,,,,,,,,,,,,,,,,,,,,,,,,,,,,,,,,,,,,,,,,,,,,,,,,,,,,,,,,,,,,,,,,,,,,,,,,,,,,,,,,,,,,,,,,,,,,,,,,,,,,,,,,
2021PN880005,OIL SANDS LONGTERM WQ MONITORING,M7 LTWQ PANEL 1 OF 10,AL07DD0007,57.31332,-111.67533,2021-06-24 9:35,WATER,VERTICAL INTEGRATED,4.8,,107.15,,0,,1.399,,15.698,,103.598,,0,,-0.085,,0.34,,14.306,,8.25,,128.142,,,,,,NA,,NA,,87.9,,,,2,,0.09,,,,8.08,,,,,,,,23,,28.2,,8.06,,0.97,,4.9,,8.04,,,,226,,59.2,,8.68,,7.9,,222,,18.5,,54.7,,,,72,,,,,,,,,,,,,,,,,,,,,,,,,,,,,,,,,,,,,,,,,,,,,,,,,,,,,,,,,,,,,,,,,,,,,,,,,,,,,,,,,,,,,,,,,,,,,,,,,,,,,,,,,,,,,,,,,,,,,,,,,,,,,,
2021PN880006,OIL SANDS LONGTERM WQ MONITORING,M3 LT WQ PANEL 1 OF 10,AL07DD0008,56.8383,-111.41835,2021-07-20 10:00,WATER,VERTICAL INTEGRATED,1.9,,115.927,,0,,1.17,,22.068,,117.168,,0,,0.073,,0.25,,10.177,,8.044,,142.237,,,,,,NA,,NA,,95.1,,,,2.04,,0.08,,,,8.19,,,,,,,,31,,32.2,,8.93,,0.93,,3.58,,6.16,,,,247,,41.6,,9.24,,8.11,,250,,17.19,,32.4,,,,34,,,,,,,,,,,,,,,,,,,,,,,,,,,,,,,,,,,,,,,,,,,,,,,,,,,,,,,,,,,,,,,,,,,,,,,,,,,,,,,,,,,,,,,,,,,,,,,,,,,,,,,,,,,,,,,,,,,,,,,,,,,,,,
2021PN880007,OIL SANDS LONGTERM WQ MONITORING,M7 LTWQ PANEL 10 OF 10,AL07DD0007,57.31395,-111.66737,2021-06-24 9:15,WATER,VERTICAL INTEGRATED,2.3,,100.08,,0,,1.337,,12.711,,94.811,,0,,-0.167,,0.4,,16.739,,8.403,,121.975,,,,,,NA,,NA,,82.1,,,,5.54,,0.08,,,,8.07,,,,,,,,18.4,,26,,7.26,,0.88,,5.58,,8.86,,,,217,,51.4,,8.69,,7.85,,213,,18.22,,46.8,,,,61,,,,,,,,,,,,,,,,,,,,,,,,,,,,,,,,,,,,,,,,,,,,,,,,,,,,,,,,,,,,,,,,,,,,,,,,,,,,,,,,,,,,,,,,,,,,,,,,,,,,,,,,,,,,,,,,,,,,,,,,,,,,,,
2021PN880008,OIL SANDS LONGTERM WQ MONITORING,M3 LT WQ PANEL 2 OF 10,AL07DD0008,56.83851,-111.41779,2021-07-20 10:30,WATER,VERTICAL INTEGRATED,2.7,,114.464,,0,,1.077,,20.53,,114.43,,0,,0.093,,0.22,,9.325,,8.034,,138.243,,,,,,NA,,NA,,93.9,,,,1.19,,0.08,,,,8.22,,,,,,,,30.4,,31.4,,8.75,,0.9,,3.59,,5.46,,,,241,,42,,9.3,,8.11,,243,,17.38,,33,,,,111,,,,,,,,,,,,,,,,,,,,,,,,,,,,,,,,,,,,,,,,,,,,,,,,,,,,,,,,,,,,,,,,,,,,,,,,,,,,,,,,,,,,,,,,,,,,,,,,,,,,,,,,,,,,,,,,,,,,,,,,,,,,,,
2021PN880009,OIL SANDS LONGTERM WQ MONITORING,M3 LT WQ PANEL 10 OF 10,AL07DD0008,56.83878,-111.41164,2021-07-20 10:20,WATER,VERTICAL INTEGRATED,2.2,,90.694,,0,,1.33,,7.629,,82.029,,0,,-0.344,,0.74,,28.877,,8.718,,128.923,,,,,,NA,,NA,,74.4,,,,17.1,,0.08,,,,8.03,,,,,,,,15.7,,22.2,,6.46,,0.84,,6.35,,15.5,,,,230,,22,,9.08,,7.89,,232,,17.43,,20.1,,,,37,,,,,,,,,,,,,,,,,,,,,,,,,,,,,,,,,,,,,,,,,,,,,,,,,,,,,,,,,,,,,,,,,,,,,,,,,,,,,,,,,,,,,,,,,,,,,,,,,,,,,,,,,,,,,,,,,,,,,,,,,,,,,,
2021PN880010,OIL SANDS LONGTERM WQ MONITORING,M7 LTWQ PANEL 1 OF 10,AL07DD0007,57.31332,-111.67533,2021-07-19 13:50,WATER,VERTICAL INTEGRATED,3.6,,111.539,,0,,1.208,,18.407,,109.907,,0,,0.045,,0.33,,13.538,,8.071,,137.494,,,,,,NA,,NA,,91.5,,,,3.66,,0.09,,,,8.16,,,,,,,,27.5,,30.1,,8.44,,0.92,,3.85,,7.99,,,,244,,36.6,,9.36,,8.11,,245,,18.75,,29.7,,,,22,,,,,,,,,,,,,,,,,,,,,,,,,,,,,,,,,,,,,,,,,,,,,,,,,,,,,,,,,,,,,,,,,,,,,,,,,,,,,,,,,,,,,,,,,,,,,,,,,,,,,,,,,,,,,,,,,,,,,,,,,,,,,,
2021PN880011,OIL SANDS LONGTERM WQ MONITORING,M7 LTWQ PANEL 10 OF 10,AL07DD0007,57.31395,-111.66737,2021-07-19 14:30,WATER,VERTICAL INTEGRATED,1.4,,106.297,,0,,1.178,,17.4,,104.6,,0,,-0.011,,0.39,,16.01,,8.171,,136.207,,,,,,NA,,NA,,87.2,,,,6.92,,0.09,,,,8.15,,,,,,,,25.4,,28.7,,8,,0.9,,4.52,,9.26,,,,243,,36.6,,9.34,,8.08,,243,,18.61,,30.1,,,,27,,,,,,,,,,,,,,,,,,,,,,,,,,,,,,,,,,,,,,,,,,,,,,,,,,,,,,,,,,,,,,,,,,,,,,,,,,,,,,,,,,,,,,,,,,,,,,,,,,,,,,,,,,,,,,,,,,,,,,,,,,,,,,
2021PN880012,OIL SANDS LONGTERM WQ MONITORING,ATHABASCA RIVER M2 ABOVE HORSE RIVER,AL07DD0002,56.71952778,-111.4044722,2021-08-10 15:25,WATER,VERTICAL INTEGRATED,2.6,,112.124,,6.612,,0.317,,22.258,,125.258,,0,,0.76,,0.27,,10.78,,7.25,,150.914,,,,,,NA,,5.51,,103,,,,1.46,,0.09,,,,8.77,,,,,,,,32.3,,34.5,,9.5,,1.09,,3.1,,7.03,,,,262,,13.3,,9.2,,8.3,,260.7,,18.7,,11.9,,,,11,,,,,,,,,,,,,,,,,,,,,,,,,,,,,,,,,,,,,,,,,,,,,,,,,,,,,,,,,,,,,,,,,,,,,,,,,,,,,,,,,,,,,,,,,,,,,,,,,,,,,,,,,,,,,,,,,,,,,,,,,,,,,,
2021PN880013,OIL SANDS LONGTERM WQ MONITORING,M3 LT WQ PANEL 2 OF 10,AL07DD0008,56.83851,-111.41779,2021-08-10 12:20,WATER,VERTICAL INTEGRATED,2.1,,113.684,,6.444,,0.328,,22.836,,126.836,,0,,0.761,,0.28,,10.918,,7.239,,152.744,,,,,,NA,,5.37,,104,,,,1.58,,0.09,,,,8.76,,,,,,,,32.6,,35,,9.58,,1.1,,3.13,,7.22,,,,267,,13.4,,8.86,,8.25,,264,,18.7,,11.9,,,,24,,,,,,,,,,,,,,,,,,,,,,,,,,,,,,,,,,,,,,,,,,,,,,,,,,,,,,,,,,,,,,,,,,,,,,,,,,,,,,,,,,,,,,,,,,,,,,,,,,,,,,,,,,,,,,,,,,,,,,,,,,,,,,
2021PN880014,OIL SANDS LONGTERM WQ MONITORING,M3 LT WQ PANEL 5 OF 10,AL07DD0008,56.8388,-111.41548,2021-08-10 11:50,WATER,VERTICAL INTEGRATED,1.8,,109.929,,6.492,,0.327,,23.138,,124.138,,0,,0.731,,0.3,,11.873,,7.287,,150.454,,,,,,NA,,5.41,,101,,,,2.53,,0.09,,,,8.75,,,,,,,,31.4,,34.2,,9.41,,1.1,,3.31,,7.77,,,,265,,13.8,,8.87,,8.26,,263,,18.8,,12,,,,10,,,,,,,,,,,,,,,,,,,,,,,,,,,,,,,,,,,,,,,,,,,,,,,,,,,,,,,,,,,,,,,,,,,,,,,,,,,,,,,,,,,,,,,,,,,,,,,,,,,,,,,,,,,,,,,,,,,,,,,,,,,,,,
2021PN880015,OIL SANDS LONGTERM WQ MONITORING,M3 LT WQ PANEL 9 OF 10,AL07DD0008,56.83991,-111.41234,2021-08-10 11:15,WATER,VERTICAL INTEGRATED,2.2,,88.036,,5.688,,0.399,,11.569,,93.269,,0,,0.339,,0.72,,26.926,,7.903,,139.144,,,,,,NA,,4.74,,81.7,,,,16.1,,0.09,,,,8.58,,,,,,,,18.4,,25.3,,7.31,,0.98,,5.9,,16,,,,251,,13.4,,8.67,,8.1,,248.1,,18.7,,13,,,,37,,,,,,,,,,,,,,,,,,,,,,,,,,,,,,,,,,,,,,,,,,,,,,,,,,,,,,,,,,,,,,,,,,,,,,,,,,,,,,,,,,,,,,,,,,,,,,,,,,,,,,,,,,,,,,,,,,,,,,,,,,,,,,
2021PN880016,OIL SANDS LONGTERM WQ MONITORING,M7 LTWQ PANEL 1 OF 10,AL07DD0007,57.31332,-111.67533,2021-08-13 12:20,WATER,VERTICAL INTEGRATED,3.1,,107.979,,6.072,,0.37,,19.462,,118.162,,0,,0.61,,0.41,,15.664,,7.469,,151.143,,,,,,NA,,5.06,,98.7,,,,5.93,,0.09,,,,8.69,,,,,,,,29.2,,32.4,,9.05,,1.08,,3.92,,10.2,,,,267,,13.7,,9.19,,8.13,,263.7,,17.9,,12.8,,,,21,,,,,,,,,,,,,,,,,,,,,,,,,,,,,,,,,,,,,,,,,,,,,,,,,,,,,,,,,,,,,,,,,,,,,,,,,,,,,,,,,,,,,,,,,,,,,,,,,,,,,,,,,,,,,,,,,,,,,,,,,,,,,,
2021PN880017,OIL SANDS LONGTERM WQ MONITORING,M7 LTWQ PANEL 10 OF 10,AL07DD0007,57.31395,-111.66737,2021-08-13 12:00,WATER,VERTICAL INTEGRATED,1.1,,101.884,,6.612,,0.39,,17.009,,111.609,,0,,0.525,,0.47,,18.146,,7.6,,147.594,,,,,,NA,,5.51,,94.6,,,,8.56,,0.09,,,,8.65,,,,,,,,26,,30.6,,8.55,,1.03,,4.46,,11.5,,,,262,,13.5,,9.15,,8.19,,259.3,,17.8,,12.2,,,,24,,,,,,,,,,,,,,,,,,,,,,,,,,,,,,,,,,,,,,,,,,,,,,,,,,,,,,,,,,,,,,,,,,,,,,,,,,,,,,,,,,,,,,,,,,,,,,,,,,,,,,,,,,,,,,,,,,,,,,,,,,,,,,
2021PN880018,OIL SANDS LONGTERM WQ MONITORING,ATHABASCA RIVER M2 ABOVE HORSE RIVER,AL07DD0002,56.71952778,-111.4044722,2021-08-25 14:40,WATER,VERTICAL INTEGRATED,2.9,,120.559,,0,,0.962,,22.505,,121.405,,0,,0.195,,0.28,,11.116,,7.9,,147.534,,,,,,NA,,NA,,98.9,,,,1.76,,0.08,,,,8.29,,,,,,,,32.6,,33.6,,9.11,,1.02,,2.93,,7.05,,,,259,,23.9,,9.54,,8.44,,256,,16.8,,19,,,,57,,,,,,,,,,,,,,,,,,,,,,,,,,,,,,,,,,,,,,,,,,,,,,,,,,,,,,,,,,,,,,,,,,,,,,,,,,,,,,,,,,,,,,,,,,,,,,,,,,,,,,,,,,,,,,,,,,,,,,,,,,,,,,
2021PN880019,OIL SANDS LONGTERM WQ MONITORING,M3 LT WQ PANEL 2 OF 10,AL07DD0008,56.83851,-111.41779,2021-08-25 12:40,WATER,VERTICAL INTEGRATED,1.8,,121.169,,0,,1.14,,21.341,,120.741,,0,,0.103,,0.28,,11.322,,8.014,,147.124,,,,,,NA,,NA,,99.4,,,,1.86,,0.08,,,,8.22,,,,,,,,32,,33.4,,9.07,,1.04,,2.83,,7.16,,,,259,,24.2,,9.44,,8.17,,257.2,,16.1,,19,,,,58,,,,,,,,,,,,,,,,,,,,,,,,,,,,,,,,,,,,,,,,,,,,,,,,,,,,,,,,,,,,,,,,,,,,,,,,,,,,,,,,,,,,,,,,,,,,,,,,,,,,,,,,,,,,,,,,,,,,,,,,,,,,,,
2021PN880020,OIL SANDS LONGTERM WQ MONITORING,M3 LT WQ PANEL 5 OF 10,AL07DD0008,56.8388,-111.41548,2021-08-25 12:15,WATER,VERTICAL INTEGRATED,1.8,,117.268,,0,,1.129,,22.798,,118.998,,0,,0.064,,0.32,,12.78,,8.083,,146.634,,,,,,NA,,NA,,96.2,,,,3.39,,0.08,,,,8.21,,,,,,,,31.2,,32.9,,8.95,,1.05,,3.2,,8.1,,,,258,,24.2,,9.82,,8.19,,255.8,,15.8,,18.9,,,,89,,,,,,,,,,,,,,,,,,,,,,,,,,,,,,,,,,,,,,,,,,,,,,,,,,,,,,,,,,,,,,,,,,,,,,,,,,,,,,,,,,,,,,,,,,,,,,,,,,,,,,,,,,,,,,,,,,,,,,,,,,,,,,
2021PN880021,OIL SANDS LONGTERM WQ MONITORING,M3 LT WQ PANEL 9 OF 10,AL07DD0008,56.83991,-111.41234,2021-08-25 11:50,WATER,VERTICAL INTEGRATED,2.1,,99.714,,0,,1.396,,11.513,,93.313,,0,,-0.291,,0.73,,27.167,,8.631,,141.694,,,,,,NA,,NA,,81.8,,,,17,,0.08,,,,8.05,,,,,,,,20.3,,25.4,,7.26,,0.96,,5.37,,16.2,,,,256,,16.1,,9.35,,8.04,,255.3,,15.4,,12.3,,,,93,,,,,,,,,,,,,,,,,,,,,,,,,,,,,,,,,,,,,,,,,,,,,,,,,,,,,,,,,,,,,,,,,,,,,,,,,,,,,,,,,,,,,,,,,,,,,,,,,,,,,,,,,,,,,,,,,,,,,,,,,,,,,,
2021PN880022,OIL SANDS LONGTERM WQ MONITORING,M7 LTWQ PANEL 1 OF 10,AL07DD0007,57.31332,-111.67533,2021-08-26 12:30,WATER,VERTICAL INTEGRATED,3.1,,115.683,,0,,1.223,,21.066,,115.966,,0,,0.025,,0.43,,16.569,,8.121,,149.914,,,,,,NA,,NA,,94.9,,,,7.12,,0.09,,,,8.17,,,,,,,,29.6,,31.9,,8.82,,1.03,,3.67,,10.7,,,,268,,19.6,,9.04,,8.11,,263,,16.5,,15.2,,,,25,,,,,,,,,,,,,,,,,,,,,,,,,,,,,,,,,,,,,,,,,,,,,,,,,,,,,,,,,,,,,,,,,,,,,,,,,,,,,,,,,,,,,,,,,,,,,,,,,,,,,,,,,,,,,,,,,,,,,,,,,,,,,,
2021PN880023,OIL SANDS LONGTERM WQ MONITORING,M7 LTWQ PANEL 10 OF 10,AL07DD0007,57.31395,-111.66737,2021-08-26 12:00,WATER,VERTICAL INTEGRATED,1,,111.66,,0,,1.297,,17.563,,109.163,,0,,-0.053,,0.49,,18.864,,8.236,,146.584,,,,,,NA,,NA,,91.6,,,,9.48,,0.09,,,,8.13,,,,,,,,26.7,,30,,8.32,,1.03,,4.16,,11.8,,,,263,,16.3,,9.06,,8.16,,260,,16.6,,12.3,,,,72,,,,,,,,,,,,,,,,,,,,,,,,,,,,,,,,,,,,,,,,,,,,,,,,,,,,,,,,,,,,,,,,,,,,,,,,,,,,,,,,,,,,,,,,,,,,,,,,,,,,,,,,,,,,,,,,,,,,,,,,,,,,,,
2021PN880024,OIL SANDS LONGTERM WQ MONITORING,ATHABASCA RIVER M2 ABOVE HORSE RIVER,AL07DD0002,56.71952778,-111.4044722,2021-09-07 15:20,WATER,VERTICAL INTEGRATED,3.3,,137.747,,0,,1.099,,24.676,,137.676,,0,,0.303,,0.34,,12.391,,7.683,,171.224,,,,,,NA,,NA,,113,,,,1.86,,0.1,,,,8.29,,,,,,,,40.4,,37,,11,,1.26,,2.71,,9.05,,,,299,,37.4,,9.18,,8.71,,287,,17.3,,35.3,,,,18,,,,,,,,,,,,,,,,,,,,,,,,,,,,,,,,,,,,,,,,,,,,,,,,,,,,,,,,,,,,,,,,,,,,,,,,,,,,,,,,,,,,,,,,,,,,,,,,,,,,,,,,,,,,,,,,,,,,,,,,,,,,,,
2021PN880025,OIL SANDS LONGTERM WQ MONITORING,M7 LTWQ PANEL 1 OF 10,AL07DD0007,57.31332,-111.67533,2021-09-08 13:55,WATER,VERTICAL INTEGRATED,3.7,,135.309,,0,,1.366,,22.37,,133.37,,0,,0.185,,0.39,,14.368,,7.819,,169.874,,,,,,NA,,NA,,111,,,,3.78,,0.1,,,,8.19,,,,,,,,38.2,,36.1,,10.5,,1.22,,2.93,,10.4,,,,300,,41.4,,8.75,,8.08,,288,,17.3,,37.7,,,,41,,,,,,,,,,,,,,,,,,,,,,,,,,,,,,,,,,,,,,,,,,,,,,,,,,,,,,,,,,,,,,,,,,,,,,,,,,,,,,,,,,,,,,,,,,,,,,,,,,,,,,,,,,,,,,,,,,,,,,,,,,,,,,
2021PN880026,OIL SANDS LONGTERM WQ MONITORING,M7 LTWQ PANEL 10 OF 10,AL07DD0007,57.31395,-111.66737,2021-09-08 13:35,WATER,VERTICAL INTEGRATED,1.7,,127.995,,0,,1.322,,19.619,,124.619,,0,,0.116,,0.48,,17.395,,7.947,,165.754,,,,,,NA,,NA,,105,,,,7.62,,0.1,,,,8.18,,,,,,,,34.6,,33.7,,9.83,,1.17,,3.49,,12.2,,,,294,,33.4,,8.79,,8.26,,286,,17.1,,35.3,,,,13,,,,,,,,,,,,,,,,,,,,,,,,,,,,,,,,,,,,,,,,,,,,,,,,,,,,,,,,,,,,,,,,,,,,,,,,,,,,,,,,,,,,,,,,,,,,,,,,,,,,,,,,,,,,,,,,,,,,,,,,,,,,,,
2021PN880027,OIL SANDS LONGTERM WQ MONITORING,M3 LT WQ PANEL 2 OF 10,AL07DD0008,56.83851,-111.41779,2021-09-07 12:30,WATER,VERTICAL INTEGRATED,2.2,,137.747,,0,,1.152,,23.104,,136.104,,0,,0.271,,0.35,,12.972,,7.727,,170.684,,,,,,NA,,NA,,113,,,,2.02,,0.1,,,,8.27,,,,,,,,39.9,,36.7,,10.8,,1.26,,2.63,,9.43,,,,299,,37,,9.01,,8.24,,290,,17,,37.2,,,,10,,,,,,,,,,,,,,,,,,,,,,,,,,,,,,,,,,,,,,,,,,,,,,,,,,,,,,,,,,,,,,,,,,,,,,,,,,,,,,,,,,,,,,,,,,,,,,,,,,,,,,,,,,,,,,,,,,,,,,,,,,,,,,
2021PN880028,OIL SANDS LONGTERM WQ MONITORING,M3 LT WQ PANEL 5 OF 10,AL07DD0008,56.8388,-111.41548,2021-09-07 12:10,WATER,VERTICAL INTEGRATED,2.2,,136.089,,0.216,,1.039,,22.693,,134.693,,0,,0.293,,0.36,,13.138,,7.723,,169.344,,,,,,NA,,0.18,,112,,,,2.33,,0.1,,,,8.31,,,,,,,,39.3,,36.3,,10.7,,1.25,,2.65,,9.47,,,,298,,27.8,,9.15,,8.5,,288,,16.7,,27.4,,,,14,,,,,,,,,,,,,,,,,,,,,,,,,,,,,,,,,,,,,,,,,,,,,,,,,,,,,,,,,,,,,,,,,,,,,,,,,,,,,,,,,,,,,,,,,,,,,,,,,,,,,,,,,,,,,,,,,,,,,,,,,,,,,,
2021PN880029,OIL SANDS LONGTERM WQ MONITORING,M3 LT WQ PANEL 9 OF 10,AL07DD0008,56.83991,-111.41234,2021-09-07 11:25,WATER,TRIPLICATE SAMPLE,2.7,,115.683,,0,,1.195,,15.071,,109.971,,0,,-0.003,,0.63,,22.896,,8.186,,157.304,,,,,,NA,,NA,,94.9,,,,13.1,,0.09,,,,8.18,,,,,,,,28.3,,29.4,,8.88,,1.14,,4.21,,15.2,,,,286,,21.6,,9.03,,8.13,,275,,16.5,,21.5,,,,17,,,,,,,,,,,,,,,,,,,,,,,,,,,,,,,,,,,,,,,,,,,,,,,,,,,,,,,,,,,,,,,,,,,,,,,,,,,,,,,,,,,,,,,,,,,,,,,,,,,,,,,,,,,,,,,,,,,,,,,,,,,,,,
2021PN880030,OIL SANDS LONGTERM WQ MONITORING,M3 LT WQ PANEL 9 OF 10,AL07DD0008,56.83991,-111.41234,2021-09-07 11:30,WATER,TRIPLICATE SAMPLE,2.7,,115.317,,0,,1.191,,13.96,,108.56,,0,,PM,,0.64,,23.24,,PM,,156.674,,,,,,NA,,NA,,94.6,,,,13.4,,0.09,,,,8.18,,,,,,,,27.9,,29,,8.78,,1.13,,4.27,,15.3,,,,285,,21.4,,,,,,,,,,,,,,26,,,,,,,,,,,,,,,,,,,,,,,,,,,,,,,,,,,,,,,,,,,,,,,,,,,,,,,,,,,,,,,,,,,,,,,,,,,,,,,,,,,,,,,,,,,,,,,,,,,,,,,,,,,,,,,,,,,,,,,,,,,,,,
2021PN880031,OIL SANDS LONGTERM WQ MONITORING,M3 LT WQ PANEL 9 OF 10,AL07DD0008,56.83991,-111.41234,2021-09-07 11:35,WATER,TRIPLICATE SAMPLE,2.7,,114.83,,0,,1.132,,14.401,,108.601,,0,,PM,,0.64,,23.35,,PM,,156.694,,,,,,NA,,NA,,94.2,,,,13.5,,0.09,,,,8.2,,,,,,,,27.9,,29,,8.79,,1.13,,4.32,,15.4,,,,287,,20.6,,,,,,,,,,,,,,33,,,,,,,,,,,,,,,,,,,,,,,,,,,,,,,,,,,,,,,,,,,,,,,,,,,,,,,,,,,,,,,,,,,,,,,,,,,,,,,,,,,,,,,,,,,,,,,,,,,,,,,,,,,,,,,,,,,,,,,,,,,,,,
2021PN880036,OIL SANDS LONGTERM WQ MONITORING,M7 LTWQ PANEL 1 OF 10,AL07DD0007,57.31332,-111.67533,2021-09-28 15:20,WATER,VERTICAL INTEGRATED,3.1,,131.652,,0,,1.494,,22.137,,130.137,,0,,-0.084,,0.44,,16.109,,8.308,,167.654,,,,,,NA,,NA,,108,,,,6.64,,0.1,,,,8.14,,,,,,,,33.9,,35.3,,10.2,,1.07,,4,,11.6,,,,293,,9.79,,10.61,,7.95,,282,,11,,8.9,,,,42,,,,,,,,,,,,,,,,,,,,,,,,,,,,,,,,,,,,,,,,,,,,,,,,,,,,,,,,,,,,,,,,,,,,,,,,,,,,,,,,,,,,,,,,,,,,,,,,,,,,,,,,,,,,,,,,,,,,,,,,,,,,,,
2021PN880037,OIL SANDS LONGTERM WQ MONITORING,M7 LTWQ PANEL 10 OF 10,AL07DD0007,57.31395,-111.66737,2021-09-28 15:00,WATER,VERTICAL INTEGRATED,0.9,,127.995,,0,,1.452,,19.413,,124.413,,0,,-0.116,,0.52,,18.714,,8.371,,166.594,,,,,,NA,,NA,,105,,,,9.58,,0.09,,,,8.14,,,,,,,,31.7,,33.7,,9.78,,1.05,,4.35,,13.3,,,,295,,9.48,,10.66,,8.02,,283,,11,,8.5,,,,22,,,,,,,,,,,,,,,,,,,,,,,,,,,,,,,,,,,,,,,,,,,,,,,,,,,,,,,,,,,,,,,,,,,,,,,,,,,,,,,,,,,,,,,,,,,,,,,,,,,,,,,,,,,,,,,,,,,,,,,,,,,,,,
2021PN880038,OIL SANDS LONGTERM WQ MONITORING,ATHABASCA RIVER M2 ABOVE HORSE RIVER,AL07DD0002,56.71952778,-111.4044722,2021-10-14 15:05,WATER,VERTICAL INTEGRATED,2.7,,142.623,,0,,1.193,,32.122,,149.122,,0,,-0.063,,0.32,,11.379,,8.397,,181.254,,,,,,NA,,NA,,117,,,,1.87,,0.09,,,,8.27,,,,,,,,44.7,,40.1,,11.9,,1.12,,2.35,,8.88,,,,313,,4.18,,12.54,,8.18,,307.4,,5.2,,2.7,,,,11,,,,,,,,,,,,,,,,,,,,,,,,,,,,,,,,,,,,,,,,,,,,,,,,,,,,,,,,,,,,,,,,,,,,,,,,,,,,,,,,,,,,,,,,,,,,,,,,,,,,,,,,,,,,,,,,,,,,,,,,,,,,,,
2021PN880039,OIL SANDS LONGTERM WQ MONITORING,M3 LT WQ PANEL 2 OF 10,AL07DD0008,56.83851,-111.41779,2021-10-14 12:15,WATER,VERTICAL INTEGRATED,1.5,,142.623,,0,,1.311,,32.372,,149.372,,0,,-0.13,,0.33,,11.767,,8.491,,181.574,,,,,,NA,,NA,,117,,,,2.2,,0.09,,,,8.23,,,,,,,,44.2,,40.2,,11.9,,1.13,,2.37,,9.24,,,,315,,4.43,,12.68,,8.18,,301.1,,4.4,,2.9,,,,17,,,,,,,,,,,,,,,,,,,,,,,,,,,,,,,,,,,,,,,,,,,,,,,,,,,,,,,,,,,,,,,,,,,,,,,,,,,,,,,,,,,,,,,,,,,,,,,,,,,,,,,,,,,,,,,,,,,,,,,,,,,,,,
2021PN880040,OIL SANDS LONGTERM WQ MONITORING,M3 LT WQ PANEL 5 OF 10,AL07DD0008,56.8388,-111.41548,2021-10-14 12:35,WATER,VERTICAL INTEGRATED,0.9,,135.309,,0,,1.334,,27.587,,138.587,,0,,-0.215,,0.4,,14.379,,8.631,,175.114,,,,,,NA,,NA,,111,,,,5.24,,0.09,,,,8.2,,,,,,,,39.8,,37.2,,11.1,,1.1,,3.14,,10.8,,,,305,,4.47,,12.75,,8.21,,290.1,,4.4,,3.1,,,,15,,,,,,,,,,,,,,,,,,,,,,,,,,,,,,,,,,,,,,,,,,,,,,,,,,,,,,,,,,,,,,,,,,,,,,,,,,,,,,,,,,,,,,,,,,,,,,,,,,,,,,,,,,,,,,,,,,,,,,,,,,,,,,
2021PN880041,OIL SANDS LONGTERM WQ MONITORING,M3 LT WQ PANEL 9 OF 10,AL07DD0008,56.83991,-111.41234,2021-10-14 11:35,WATER,VERTICAL INTEGRATED,2,,101.299,,0,,2.011,,12.354,,95.454,,0,,-0.822,,0.82,,29.293,,9.544,,149.264,,,,,,NA,,NA,,83.1,,,,19.1,,0.09,,,,7.9,,,,,,,,21.3,,25.4,,7.78,,0.96,,6.33,,18.4,,,,268,,5.98,,12.48,,7.82,,260.2,,3.8,,4.9,,,,38,,,,,,,,,,,,,,,,,,,,,,,,,,,,,,,,,,,,,,,,,,,,,,,,,,,,,,,,,,,,,,,,,,,,,,,,,,,,,,,,,,,,,,,,,,,,,,,,,,,,,,,,,,,,,,,,,,,,,,,,,,,,,,
2021PN880042,OIL SANDS LONGTERM WQ MONITORING,M3 LT WQ PANEL 2 OF 10,AL07DD0008,56.83851,-111.41779,2022-03-10 11:25,WATER,VERTICAL INTEGRATED,2.01,,214.544,,0,,2.492,,15.201,,191.201,,0,,-0.129,,0.65,,18.717,,8.388,,264.162,,,,,,NA,,NA,,176,,,,5.55,,0.11,,,,8.13,,,,,,,,55.7,,52.5,,14.6,,2.03,,6.69,,20.5,,,,440,,3.44,,13.5,,7.63,,448,,-0.4,,0,,,,25,,,,,,,,,,,,,,,,,,,,,,,,,,,,,,,,,,,,,,,,,,,,,,,,,,,,,,,,,,,,,,,,,,,,,,,,,,,,,,,,,,,,,,,,,,,,,,,,,,,,,,,,,,,,,,,,,,,,,,,,,,,,,,
2021PN880043,OIL SANDS LONGTERM WQ MONITORING,M3 LT WQ PANEL 5 OF 10,AL07DD0008,56.8388,-111.41548,2022-03-10 12:00,WATER,VERTICAL INTEGRATED,1.05,,174.317,,0,,2.385,,9.206,,152.206,,0,,-0.385,,0.83,,24.884,,8.831,,230.38,,,,,,NA,,NA,,143,,,,16.1,,0.11,,,,8.06,,,,,,,,40.3,,41.5,,11.8,,1.73,,8.65,,23.5,,,,397,,3.73,,13.58,,7.66,,399,,-0.4,,0,,,,24,,,,,,,,,,,,,,,,,,,,,,,,,,,,,,,,,,,,,,,,,,,,,,,,,,,,,,,,,,,,,,,,,,,,,,,,,,,,,,,,,,,,,,,,,,,,,,,,,,,,,,,,,,,,,,,,,,,,,,,,,,,,,,
2021PN880044,OIL SANDS LONGTERM WQ MONITORING,M3 LT WQ PANEL 9 OF 10,AL07DD0008,56.83991,-111.41234,2022-03-10 12:20,WATER,VERTICAL INTEGRATED,1.52,,119.462,,0,,2.161,,0.278,,98.278,,0,,-0.857,,1.18,,36.858,,9.654,,183.106,,,,,,NA,,NA,,98,,,,29.8,,0.1,,,,7.94,,,,,,,,20,,26.3,,7.92,,1.3,,11.2,,26.8,,,,325,,4.57,,13.5,,7.49,,328,,-0.4,,0,,,,58,,,,,,,,,,,,,,,,,,,,,,,,,,,,,,,,,,,,,,,,,,,,,,,,,,,,,,,,,,,,,,,,,,,,,,,,,,,,,,,,,,,,,,,,,,,,,,,,,,,,,,,,,,,,,,,,,,,,,,,,,,,,,,
2021PN880045,OIL SANDS LONGTERM WQ MONITORING,M7 LTWQ PANEL 1 OF 10,AL07DD0007,57.31332,-111.67533,2022-03-11 12:05,WATER,VERTICAL INTEGRATED,2.07,,177.974,,0,,2.492,,9.938,,155.938,,0,,-0.377,,0.87,,25.513,,8.805,,238.063,,,,,,NA,,NA,,146,,,,17.6,,0.11,,,,8.05,,,,,,,,41.7,,42.5,,12.1,,1.81,,8.68,,24.9,,,,406,,3.3,,13.22,,7.56,,412,,-0.4,,0,,,,28,,,,,,,,,,,,,,,,,,,,,,,,,,,,,,,,,,,,,,,,,,,,,,,,,,,,,,,,,,,,,,,,,,,,,,,,,,,,,,,,,,,,,,,,,,,,,,,,,,,,,,,,,,,,,,,,,,,,,,,,,,,,,,
2021PN880046,OIL SANDS LONGTERM WQ MONITORING,M7 LTWQ PANEL 5 OF 10,AL07DD0007,57.31373,-111.67183,2022-03-11 12:30,WATER,VERTICAL INTEGRATED,1.7,,156.032,,0,,2.513,,5.208,,133.208,,0,,-0.56,,0.98,,29.501,,9.11,,217.609,,,,,,NA,,NA,,128,,,,23.2,,0.1,,,,7.99,,,,,,,,32.7,,36.2,,10.4,,1.6,,9.67,,26,,,,380,,3.47,,13.36,,7.58,,384,,-0.4,,0,,,,42,,,,,,,,,,,,,,,,,,,,,,,,,,,,,,,,,,,,,,,,,,,,,,,,,,,,,,,,,,,,,,,,,,,,,,,,,,,,,,,,,,,,,,,,,,,,,,,,,,,,,,,,,,,,,,,,,,,,,,,,,,,,,,
2021PN880047,OIL SANDS LONGTERM WQ MONITORING,M2 LT WQ PANEL 3 OF 10,AL07DD0002,56.72008333,-111.405,2022-03-10 15:00,WATER,VERTICAL INTEGRATED,4.25,,214.544,,0,,2.379,,15.862,,191.862,,0,,-0.108,,0.65,,18.81,,8.366,,264.731,,,,,,NA,,NA,,176,,,,5.42,,0.12,,,,8.15,,,,,,,,56.1,,52.6,,14.7,,2.06,,6.58,,20.7,,,,443,,2.41,,13.62,,7.75,,449,,-0.4,,0,,,,16,,,,,,,,,,,,,,,,,,,,,,,,,,,,,,,,,,,,,,,,,,,,,,,,,,,,,,,,,,,,,,,,,,,,,,,,,,,,,,,,,,,,,,,,,,,,,,,,,,,,,,,,,,,,,,,,,,,,,,,,,,,,,,
2022PN880001,OIL SANDS LONGTERM WQ MONITORING,M7 LTWQ PANEL 1 OF 10,AL07DD0007,57.31332,-111.67533,2022-05-26 13:05,WATER,VERTICAL INTEGRATED,3.6,,82.892,,0,,2.33,,7.783,,75.783,,0,,-0.857,,0.38,,17.733,,9.465,,98.39,,,,,,NA,,NA,,68,,,,2.04,,0.08,,,,7.75,,,,,,,,14.7,,21.1,,5.61,,1.39,,4.91,,7.68,,,,170,,60,,10.39,,8.06,,171,,11.6,,57,,,,83,,,,,,,,,,,,,,,,,,,,,,,,,,,,,,,,,,,,,,,,,,,,,,,,,,,,,,,,,,,,,,,,,,,,,,,,,,,,,,,,,,,,,,,,,,,,,,,,,,,,,,,,,,,,,,,,,,,,,,,,,,,,,,
2022PN880002,OIL SANDS LONGTERM WQ MONITORING,M7 LTWQ PANEL 5 OF 10,AL07DD0007,57.31373,-111.67183,2022-05-26 12:45,WATER,VERTICAL INTEGRATED,4,,83.989,,0,,2.054,,4.77,,73.67,,0,,-0.777,,0.46,,20.944,,9.365,,101.901,,,,,,NA,,NA,,68.9,,,,5.91,,0.08,,,,7.81,,,,,,,,12,,20.6,,5.4,,1.31,,6.06,,9.17,,,,180,,54.4,,10.21,,8.05,,177,,12.4,,53.5,,,,133,,,,,,,,,,,,,,,,,,,,,,,,,,,,,,,,,,,,,,,,,,,,,,,,,,,,,,,,,,,,,,,,,,,,,,,,,,,,,,,,,,,,,,,,,,,,,,,,,,,,,,,,,,,,,,,,,,,,,,,,,,,,,,
2022PN880003,OIL SANDS LONGTERM WQ MONITORING,M7 LTWQ PANEL 10 OF 10,AL07DD0007,57.31395,-111.66737,2022-05-26 12:20,WATER,VERTICAL INTEGRATED,1.9,,81.429,,0,,2.039,,9.858,,76.658,,0,,-0.795,,0.45,,20.044,,9.39,,102.207,,,,,,NA,,NA,,66.8,,,,5.12,,0.08,,,,7.8,,,,,,,,13.3,,21.5,,5.58,,1.37,,6.12,,9.03,,,,176,,49.3,,10.25,,8.03,,173,,12,,51.7,,,,174,,,,,,,,,,,,,,,,,,,,,,,,,,,,,,,,,,,,,,,,,,,,,,,,,,,,,,,,,,,,,,,,,,,,,,,,,,,,,,,,,,,,,,,,,,,,,,,,,,,,,,,,,,,,,,,,,,,,,,,,,,,,,,
2022PN880004,OIL SANDS LONGTERM WQ MONITORING,ATHABASCA RIVER M2 ABOVE HORSE RIVER,AL07DD0002,56.71952778,-111.4044722,2022-05-23 16:00,WATER,VERTICAL INTEGRATED,4.2,,97.642,,0,,1.009,,7.014,,87.114,,0,,-0.265,,0.39,,17.049,,8.71,,114.279,,,,,,NA,,NA,,80.1,,,,1.95,,0.08,,,,8.18,,,,,,,,18.3,,24.5,,6.3,,1.53,,5.1,,8.41,,,,200,,72.2,,10.71,,8.16,,195,,12.6,,70,,,,76,,,,,,,,,,,,,,,,,,,,,,,,,,,,,,,,,,,,,,,,,,,,,,,,,,,,,,,,,,,,,,,,,,,,,,,,,,,,,,,,,,,,,,,,,,,,,,,,,,,,,,,,,,,,,,,,,,,,,,,,,,,,,,
2022PN880005,OIL SANDS LONGTERM WQ MONITORING,M3 LT WQ PANEL 1 OF 10,AL07DD0008,56.8383,-111.41835,2022-05-23 13:05,WATER,VERTICAL INTEGRATED,2.2,,101.299,,0,,1.022,,7.123,,90.223,,0,,-0.253,,0.44,,18.498,,8.695,,120.364,,,,,,NA,,NA,,83.1,,,,3.24,,0.08,,,,8.19,,,,,,,,19,,25.3,,6.57,,1.6,,4.97,,9.62,,,,211,,75.4,,10.62,,8.03,,208,,11.8,,68.6,,,,68,,,,,,,,,,,,,,,,,,,,,,,,,,,,,,,,,,,,,,,,,,,,,,,,,,,,,,,,,,,,,,,,,,,,,,,,,,,,,,,,,,,,,,,,,,,,,,,,,,,,,,,,,,,,,,,,,,,,,,,,,,,,,,
2022PN880006,OIL SANDS LONGTERM WQ MONITORING,M3 LT WQ PANEL 3 OF 10,AL07DD0008,56.83849,-111.41702,2022-05-23 13:20,WATER,VERTICAL INTEGRATED,3.2,,99.349,,0,,1.026,,8.02,,89.52,,0,,-0.272,,0.39,,16.896,,8.723,,116.93,,,,,,NA,,NA,,81.5,,,,2.02,,0.08,,,,8.18,,,,,,,,18.7,,25.2,,6.46,,1.58,,5.4,,8.55,,,,201,,76.4,,10.7,,8.18,,200,,11.8,,70,,,,82,,,,,,,,,,,,,,,,,,,,,,,,,,,,,,,,,,,,,,,,,,,,,,,,,,,,,,,,,,,,,,,,,,,,,,,,,,,,,,,,,,,,,,,,,,,,,,,,,,,,,,,,,,,,,,,,,,,,,,,,,,,,,,
2022PN880007,OIL SANDS LONGTERM WQ MONITORING,M3 LT WQ PANEL 9 OF 10,AL07DD0008,56.83991,-111.41234,2022-05-23 12:00,WATER,TRIPLICATE SAMPLE,3,,60.584,,0,,1.095,,1.013,,50.713,,0,,-0.999,,0.6,,29.095,,9.938,,79.527,,,,,,NA,,NA,,49.7,,,,9.32,,0.07,,,,7.94,,,,,,,,5.25,,13.5,,4.13,,1.04,,6.56,,9.81,,,,142,,45,,10.42,,7.85,,138,,11.3,,47.5,,,,80,,,,,,,,,,,,,,,,,,,,,,,,,,,,,,,,,,,,,,,,,,,,,,,,,,,,,,,,,,,,,,,,,,,,,,,,,,,,,,,,,,,,,,,,,,,,,,,,,,,,,,,,,,,,,,,,,,,,,,,,,,,,,,
2022PN880008,OIL SANDS LONGTERM WQ MONITORING,M3 LT WQ PANEL 9 OF 10,AL07DD0008,56.83991,-111.41234,2022-05-23 12:05,WATER,TRIPLICATE SAMPLE,3,,60.097,,0,,1.087,,2.241,,51.541,,0,,PM,,0.61,,29.366,,PM,,80.093,,,,,,NA,,NA,,49.3,,,,9.59,,0.07,,,,7.94,,,,,,,,5.25,,13.7,,4.21,,1.05,,6.53,,10.1,,,,142,,45.2,,,,,,,,,,,,,,71,,,,,,,,,,,,,,,,,,,,,,,,,,,,,,,,,,,,,,,,,,,,,,,,,,,,,,,,,,,,,,,,,,,,,,,,,,,,,,,,,,,,,,,,,,,,,,,,,,,,,,,,,,,,,,,,,,,,,,,,,,,,,,
2022PN880009,OIL SANDS LONGTERM WQ MONITORING,M3 LT WQ PANEL 9 OF 10,AL07DD0008,56.83991,-111.41234,2022-05-23 12:10,WATER,TRIPLICATE SAMPLE,3,,60.219,,0,,1.015,,2.847,,52.247,,0,,PM,,0.61,,29.087,,PM,,80.638,,,,,,NA,,NA,,49.4,,,,9.63,,0.07,,,,7.97,,,,,,,,5.28,,13.9,,4.26,,1.06,,6.68,,10.1,,,,142,,44.4,,,,,,,,,,,,,,95,,,,,,,,,,,,,,,,,,,,,,,,,,,,,,,,,,,,,,,,,,,,,,,,,,,,,,,,,,,,,,,,,,,,,,,,,,,,,,,,,,,,,,,,,,,,,,,,,,,,,,,,,,,,,,,,,,,,,,,,,,,,,,
2022PN880012,OIL SANDS LONGTERM WQ MONITORING,ATHABASCA RIVER M2 ABOVE HORSE RIVER,AL07DD0002,56.71952778,-111.4044722,2022-06-07 13:45,WATER,VERTICAL INTEGRATED,3.9,,129.214,,0,,1.216,,12.798,,118.798,,0,,0.205,,0.37,,14.445,,7.81,,148.869,,,,,,NA,,NA,,106,,,,1.85,,0.09,,,,8.22,,,,,,,,25.9,,33.1,,8.78,,1.47,,4.71,,9.36,,,,250,,23.2,,9.51,,8.19,,252,,18.7,,21.7,,,,46,,,,,,,,,,,,,,,,,,,,,,,,,,,,,,,,,,,,,,,,,,,,,,,,,,,,,,,,,,,,,,,,,,,,,,,,,,,,,,,,,,,,,,,,,,,,,,,,,,,,,,,,,,,,,,,,,,,,,,,,,,,,,,
2022PN880013,OIL SANDS LONGTERM WQ MONITORING,M3 LT WQ PANEL 1 OF 10,AL07DD0008,56.8383,-111.41835,2022-06-07 11:50,WATER,VERTICAL INTEGRATED,2.5,,130.433,,0,,1.316,,13.25,,120.25,,0,,0.171,,0.42,,16.003,,7.847,,152.937,,,,,,NA,,NA,,107,,,,3.27,,0.09,,,,8.19,,,,,,,,25.8,,33.5,,8.89,,1.57,,4.82,,10.7,,,,263,,23.9,,9.23,,8.13,,262,,18.3,,23.3,,,,47,,,,,,,,,,,,,,,,,,,,,,,,,,,,,,,,,,,,,,,,,,,,,,,,,,,,,,,,,,,,,,,,,,,,,,,,,,,,,,,,,,,,,,,,,,,,,,,,,,,,,,,,,,,,,,,,,,,,,,,,,,,,,,
2022PN880014,OIL SANDS LONGTERM WQ MONITORING,M3 LT WQ PANEL 3 OF 10,AL07DD0008,56.83849,-111.41702,2022-06-07 11:30,WATER,VERTICAL INTEGRATED,2.4,,127.995,,0,,1.176,,14.38,,119.38,,0,,0.196,,0.38,,14.631,,7.838,,148.769,,,,,,NA,,NA,,105,,,,1.92,,0.09,,,,8.23,,,,,,,,25.8,,33.3,,8.8,,1.5,,4.8,,9.55,,,,255,,23.5,,9.29,,8.17,,256,,18.1,,24,,,,45,,,,,,,,,,,,,,,,,,,,,,,,,,,,,,,,,,,,,,,,,,,,,,,,,,,,,,,,,,,,,,,,,,,,,,,,,,,,,,,,,,,,,,,,,,,,,,,,,,,,,,,,,,,,,,,,,,,,,,,,,,,,,,
2022PN880015,OIL SANDS LONGTERM WQ MONITORING,M3 LT WQ PANEL 9 OF 10,AL07DD0008,56.83991,-111.41234,2022-06-07 11:15,WATER,VERTICAL INTEGRATED,2.7,,70.702,,0,,2.813,,2.375,,60.375,,0,,-1.017,,0.69,,30.467,,9.634,,94.529,,,,,,NA,,NA,,58,,,,12.2,,0.08,,,,7.6,,,,,,,,6.66,,16.1,,4.9,,0.96,,6.42,,12.4,,,,169,,27.8,,9.02,,7.84,,167,,17.2,,30,,,,61,,,,,,,,,,,,,,,,,,,,,,,,,,,,,,,,,,,,,,,,,,,,,,,,,,,,,,,,,,,,,,,,,,,,,,,,,,,,,,,,,,,,,,,,,,,,,,,,,,,,,,,,,,,,,,,,,,,,,,,,,,,,,,
2022PN880016,OIL SANDS LONGTERM WQ MONITORING,M7 LTWQ PANEL 1 OF 10,AL07DD0007,57.31332,-111.67533,2022-06-08 12:10,WATER,VERTICAL INTEGRATED,3.1,,97.276,,0,,1.603,,9.995,,89.795,,0,,-0.299,,0.4,,17.092,,8.577,,114.409,,,,,,NA,,NA,,79.8,,,,2.51,,0.09,,,,7.98,,,,,,,,17.7,,24.7,,6.83,,1.29,,4.74,,8.66,,,,200,,34.1,,9.14,,7.96,,196,,17.9,,32.3,,,,80,,,,,,,,,,,,,,,,,,,,,,,,,,,,,,,,,,,,,,,,,,,,,,,,,,,,,,,,,,,,,,,,,,,,,,,,,,,,,,,,,,,,,,,,,,,,,,,,,,,,,,,,,,,,,,,,,,,,,,,,,,,,,,
2022PN880017,OIL SANDS LONGTERM WQ MONITORING,M7 LTWQ PANEL 5 OF 10,AL07DD0007,57.31373,-111.67183,2022-06-08 11:55,WATER,VERTICAL INTEGRATED,3.3,,105.078,,0,,1.578,,9.196,,95.396,,0,,-0.178,,0.49,,19.646,,8.376,,127.129,,,,,,NA,,NA,,86.2,,,,6.18,,0.09,,,,8.02,,,,,,,,18,,26.3,,7.22,,1.29,,5.42,,10.9,,,,222,,25.8,,8.89,,7.99,,218,,18.7,,25.7,,,,54,,,,,,,,,,,,,,,,,,,,,,,,,,,,,,,,,,,,,,,,,,,,,,,,,,,,,,,,,,,,,,,,,,,,,,,,,,,,,,,,,,,,,,,,,,,,,,,,,,,,,,,,,,,,,,,,,,,,,,,,,,,,,,
2022PN880018,OIL SANDS LONGTERM WQ MONITORING,M7 LTWQ PANEL 10 OF 10,AL07DD0007,57.31395,-111.66737,2022-06-08 11:40,WATER,VERTICAL INTEGRATED,1.4,,102.152,,0,,1.534,,9.025,,92.825,,0,,-0.204,,0.5,,20.371,,8.429,,124.569,,,,,,NA,,NA,,83.8,,,,6.76,,0.09,,,,8.02,,,,,,,,16.8,,25.6,,7.02,,1.27,,5.64,,11.1,,,,217,,24.8,,8.92,,7.94,,214,,18.6,,24.5,,,,88,,,,,,,,,,,,,,,,,,,,,,,,,,,,,,,,,,,,,,,,,,,,,,,,,,,,,,,,,,,,,,,,,,,,,,,,,,,,,,,,,,,,,,,,,,,,,,,,,,,,,,,,,,,,,,,,,,,,,,,,,,,,,,
2022PN880019,OIL SANDS LONGTERM WQ MONITORING,ATHABASCA RIVER M2 ABOVE HORSE RIVER,AL07DD0002,56.71952778,-111.4044722,2022-06-21 14:00,WATER,VERTICAL INTEGRATED,3.9,,115.074,,0,,1.941,,17.87,,112.27,,0,,-0.165,,0.23,,9.869,,8.301,,134.941,,,,,,NA,,NA,,94.4,,,,1.08,,0.08,,,,7.97,,,,,,,,26.4,,30.7,,8.65,,0.98,,4.36,,5.71,,,,231,,127,,9.56,,8.02,,234,,17.3,,122,,,,32,,,,,,,,,,,,,,,,,,,,,,,,,,,,,,,,,,,,,,,,,,,,,,,,,,,,,,,,,,,,,,,,,,,,,,,,,,,,,,,,,,,,,,,,,,,,,,,,,,,,,,,,,,,,,,,,,,,,,,,,,,,,,,
2022PN880020,OIL SANDS LONGTERM WQ MONITORING,M3 LT WQ PANEL 1 OF 10,AL07DD0008,56.8383,-111.41835,2022-06-21 11:25,WATER,VERTICAL INTEGRATED,4.1,,116.415,,0,,1.964,,17.475,,112.975,,0,,-0.174,,0.28,,11.476,,8.318,,138.714,,,,,,NA,,NA,,95.5,,,,2.23,,0.08,,,,7.97,,,,,,,,26.7,,30.9,,8.7,,1.08,,4.4,,6.81,,,,241,,141,,9.19,,7.87,,241,,16.8,EVENTF,121,,,,33,,,,,,,,,,,,,,,,,,,,,,,,,,,,,,,,,,,,,,,,,,,,,,,,,,,,,,,,,,,,,,,,,,,,,,,,,,,,,,,,,,,,,,,,,,,,,,,,,,,,,,,,,,,,,,,,,,,,,,,,,,,,,,
2022PN880021,OIL SANDS LONGTERM WQ MONITORING,M3 LT WQ PANEL 3 OF 10,AL07DD0008,56.83849,-111.41702,2022-06-21 12:05,WATER,VERTICAL INTEGRATED,3.4,,114.22,,0,,1.637,,18.156,,111.856,,0,,-0.109,,0.24,,10.025,,8.259,,134.358,,,,,,NA,,NA,,93.7,,,,1.09,,0.08,,,,8.04,,,,,,,,26.3,,30.6,,8.61,,0.99,,4.35,,5.79,,,,231,,122,,9.41,,7.86,,232,,17,,120,,,,32,,,,,,,,,,,,,,,,,,,,,,,,,,,,,,,,,,,,,,,,,,,,,,,,,,,,,,,,,,,,,,,,,,,,,,,,,,,,,,,,,,,,,,,,,,,,,,,,,,,,,,,,,,,,,,,,,,,,,,,,,,,,,,
2022PN880022,OIL SANDS LONGTERM WQ MONITORING,M3 LT WQ PANEL 9 OF 10,AL07DD0008,56.83991,-111.41234,2022-06-21 10:50,WATER,VERTICAL INTEGRATED,3.7,,94.229,,0,,1.827,,6.719,,84.019,,0,,-0.45,,0.51,,21.625,,8.81,,117.486,,,,,,NA,,NA,,77.3,,,,9.26,,0.08,,,,7.91,,,,,,,,14.4,,22.7,,6.64,,0.93,,6.11,,10.8,,,,208,,61.8,,9.29,,7.89,,197,,16.9,,64,,,,120,,,,,,,,,,,,,,,,,,,,,,,,,,,,,,,,,,,,,,,,,,,,,,,,,,,,,,,,,,,,,,,,,,,,,,,,,,,,,,,,,,,,,,,,,,,,,,,,,,,,,,,,,,,,,,,,,,,,,,,,,,,,,,
2022PN880023,OIL SANDS LONGTERM WQ MONITORING,M7 LTWQ PANEL 1 OF 10,AL07DD0007,57.31332,-111.67533,2022-06-22 12:11,WATER,VERTICAL INTEGRATED,4.4,,110.929,,0,,1.448,,17.37,,108.37,,0,,-0.072,,0.29,,12.092,,8.224,,132.154,,,,,,NA,,NA,,91,,,,1.72,,0.08,,,,8.08,,,,,,,,25,,29.6,,8.37,,1.02,,4.48,,6.93,,,,229,,126,,8.79,,7.84,,226,,17.8,,121.9,,,,40,,,,,,,,,,,,,,,,,,,,,,,,,,,,,,,,,,,,,,,,,,,,,,,,,,,,,,,,,,,,,,,,,,,,,,,,,,,,,,,,,,,,,,,,,,,,,,,,,,,,,,,,,,,,,,,,,,,,,,,,,,,,,,
2022PN880024,OIL SANDS LONGTERM WQ MONITORING,M7 LTWQ PANEL 5 OF 10,AL07DD0007,57.31373,-111.67183,2022-06-22 11:45,WATER,VERTICAL INTEGRATED,4.5,,108.613,,0,,1.322,,15.662,,104.762,,0,,-0.065,,0.31,,13.113,,8.24,,130.527,,,,,,NA,,NA,,89.1,,,,3.5,,0.08,,,,8.11,,,,,,,,23.3,,28.6,,8.1,,0.98,,4.86,,7.35,,,,225,,118,,8.9,,7.9,,225,,17.8,,122.5,,,,32,,,,,,,,,,,,,,,,,,,,,,,,,,,,,,,,,,,,,,,,,,,,,,,,,,,,,,,,,,,,,,,,,,,,,,,,,,,,,,,,,,,,,,,,,,,,,,,,,,,,,,,,,,,,,,,,,,,,,,,,,,,,,,
2022PN880025,OIL SANDS LONGTERM WQ MONITORING,M7 LTWQ PANEL 10 OF 10,AL07DD0007,57.31395,-111.66737,2022-06-22 11:25,WATER,VERTICAL INTEGRATED,2.7,,106.419,,0,,1.326,,15.346,,102.646,,0,,-0.093,,0.35,,14.493,,8.285,,129.241,,,,,,NA,,NA,,87.3,,,,4.47,,0.08,,,,8.1,,,,,,,,21.9,,28,,7.95,,0.98,,5.13,,8.09,,,,224,,102,,8.92,,7.91,,224,,17.8,,97.2,,,,47,,,,,,,,,,,,,,,,,,,,,,,,,,,,,,,,,,,,,,,,,,,,,,,,,,,,,,,,,,,,,,,,,,,,,,,,,,,,,,,,,,,,,,,,,,,,,,,,,,,,,,,,,,,,,,,,,,,,,,,,,,,,,,
2022PN880026,OIL SANDS LONGTERM WQ MONITORING,ATHABASCA RIVER M2 ABOVE HORSE RIVER,AL07DD0002,56.71952778,-111.4044722,2022-07-05 13:55,WATER,VERTICAL INTEGRATED,4.2,,111.051,,0,,1.519,,11.414,,102.514,,0,,-0.149,,0.22,,9.793,,8.357,,121.647,,,,,,NA,,NA,,91.1,,,,1.09,,0.08,,,,8.06,,,,,,,,17.4,,29.2,,7.19,,1.06,,5.53,,5.18,,,,207,,392,,9.57,,7.73,,200,,16,,NA,,,,64,,,,,,,,,,,,,,,,,,,,,,,,,,,,,,,,,,,,,,,,,,,,,,,,,,,,,,,,,,,,,,,,,,,,,,,,,,,,,,,,,,,,,,,,,,,,,,,,,,,,,,,,,,,,,,,,,,,,,,,,,,,,,,
2022PN880027,OIL SANDS LONGTERM WQ MONITORING,M3 LT WQ PANEL 1 OF 10,AL07DD0008,56.8383,-111.41835,2022-07-05 12:20,WATER,VERTICAL INTEGRATED,3.7,,112.148,,0,,1.607,,12.168,,104.168,,0,,-0.167,,0.24,,10.393,,8.374,,125.928,,,,,,NA,,NA,,92,,,,1.52,,0.09,,,,8.04,,,,,,,,18.1,,29.5,,7.41,,1.17,,6.94,,5.63,,,,212,,480,,9.28,,7.78,,214,,15.8,,NA,,,,63,,,,,,,,,,,,,,,,,,,,,,,,,,,,,,,,,,,,,,,,,,,,,,,,,,,,,,,,,,,,,,,,,,,,,,,,,,,,,,,,,,,,,,,,,,,,,,,,,,,,,,,,,,,,,,,,,,,,,,,,,,,,,,
2022PN880028,OIL SANDS LONGTERM WQ MONITORING,M3 LT WQ PANEL 3 OF 10,AL07DD0008,56.83849,-111.41702,2022-07-05 12:00,WATER,VERTICAL INTEGRATED,4,,111.782,,0,,1.565,,10.893,,102.593,,0,,-0.168,,0.22,,9.792,,8.385,,124.693,,,,,,NA,,NA,,91.7,,,,1.12,,0.08,,,,8.05,,,,,,,,17.7,,29.1,,7.27,,1.16,,7.8,,5.19,,,,210,,454,,9.35,,7.77,,211,,15.7,,NA,,,,70,,,,,,,,,,,,,,,,,,,,,,,,,,,,,,,,,,,,,,,,,,,,,,,,,,,,,,,,,,,,,,,,,,,,,,,,,,,,,,,,,,,,,,,,,,,,,,,,,,,,,,,,,,,,,,,,,,,,,,,,,,,,,,
2022PN880029,OIL SANDS LONGTERM WQ MONITORING,M3 LT WQ PANEL 9 OF 10,AL07DD0008,56.83991,-111.41234,2022-07-05 11:35,WATER,VERTICAL INTEGRATED,4.8,,100.202,,0,,1.308,,7.814,,90.014,,0,,-0.208,,0.42,,17.852,,8.497,,117.889,,,,,,NA,,NA,,82.2,,,,7.17,,0.08,,,,8.08,,,,,,,,13.3,,25.2,,6.58,,0.97,,6,,9.11,,,,207,,273,,9.14,,7.86,,203,,16.9,,NA,,,,61,,,,,,,,,,,,,,,,,,,,,,,,,,,,,,,,,,,,,,,,,,,,,,,,,,,,,,,,,,,,,,,,,,,,,,,,,,,,,,,,,,,,,,,,,,,,,,,,,,,,,,,,,,,,,,,,,,,,,,,,,,,,,,
2022PN880030,OIL SANDS LONGTERM WQ MONITORING,M7 LTWQ PANEL 5 OF 10,AL07DD0007,57.31373,-111.67183,2022-07-06 12:19,WATER,VERTICAL INTEGRATED,4.9,,109.222,,0,,1.64,,11.542,,101.142,,0,,-0.173,,0.28,,11.934,,8.365,,122.542,,,,,,NA,,NA,,89.6,,,,2.81,,0.09,,,,8.02,,,,,,,,16.6,,28.7,,7.16,,1.05,,5.7,,6.38,,,,205,,332,,8.79,,7.81,,206,,17,,NA,,,,60,,,,,,,,,,,,,,,,,,,,,,,,,,,,,,,,,,,,,,,,,,,,,,,,,,,,,,,,,,,,,,,,,,,,,,,,,,,,,,,,,,,,,,,,,,,,,,,,,,,,,,,,,,,,,,,,,,,,,,,,,,,,,,
2022PN880031,OIL SANDS LONGTERM WQ MONITORING,M7 LTWQ PANEL 10 OF 10,AL07DD0007,57.31395,-111.66737,2022-07-06 11:59,WATER,VERTICAL INTEGRATED,3.3,,107.76,,0,,1.44,,11.496,,99.896,,0,,-0.132,,0.3,,12.929,,8.334,,123.641,,,,,,NA,,NA,,88.4,,,,3.65,,0.09,,,,8.07,,,,,,,,16.1,,28.3,,7.1,,1.1,,7.09,,6.91,,,,209,,304,,8.79,,7.81,,208,,17.1,,NA,,,EVENTL,338,,,,,,,,,,,,,,,,,,,,,,,,,,,,,,,,,,,,,,,,,,,,,,,,,,,,,,,,,,,,,,,,,,,,,,,,,,,,,,,,,,,,,,,,,,,,,,,,,,,,,,,,,,,,,,,,,,,,,,,,,,,,,,
2022PN880032,OIL SANDS LONGTERM WQ MONITORING,M7 LTWQ PANEL 1 OF 10,AL07DD0007,57.31332,-111.67533,2022-07-06 12:45,WATER,TRIPLICATE SAMPLE,4.7,,109.466,,0,,1.396,,10.551,,100.351,,0,,-0.103,,0.26,,11.199,,8.295,,120.624,,,,,,NA,,NA,,89.8,,,,1.5,,0.08,,,,8.09,,,,,,,,17,,28.4,,7.15,,1.03,,5.41,,5.89,,,,209,,313,,8.72,,7.78,,206,,17.1,,NA,,,,64,,,,,,,,,,,,,,,,,,,,,,,,,,,,,,,,,,,,,,,,,,,,,,,,,,,,,,,,,,,,,,,,,,,,,,,,,,,,,,,,,,,,,,,,,,,,,,,,,,,,,,,,,,,,,,,,,,,,,,,,,,,,,,
2022PN880033,OIL SANDS LONGTERM WQ MONITORING,M7 LTWQ PANEL 1 OF 10,AL07DD0007,57.31332,-111.67533,2022-07-06 12:50,WATER,TRIPLICATE SAMPLE,4.7,,108.735,,0,,1.354,,11.151,,100.351,,0,,PM,,0.26,,11.211,,PM,,120.42,,,,,,NA,,NA,,89.2,,,,1.49,,0.08,,,,8.1,,,,,,,,17.1,,28.4,,7.15,,1.07,,5.4,,5.9,,,,208,,310,,,,,,,,,,,,,,68,,,,,,,,,,,,,,,,,,,,,,,,,,,,,,,,,,,,,,,,,,,,,,,,,,,,,,,,,,,,,,,,,,,,,,,,,,,,,,,,,,,,,,,,,,,,,,,,,,,,,,,,,,,,,,,,,,,,,,,,,,,,,,
2022PN880034,OIL SANDS LONGTERM WQ MONITORING,M7 LTWQ PANEL 1 OF 10,AL07DD0007,57.31332,-111.67533,2022-07-06 12:55,WATER,TRIPLICATE SAMPLE,4.7,,108.491,,0,,1.351,,11.598,,100.598,,0,,PM,,0.26,,11.244,,PM,,122.608,,,,,,NA,,NA,,89,,,,1.48,,0.08,,,,8.1,,,,,,,,17.1,,28.4,,7.21,,1.15,,7.56,,5.94,,,,209,,302,,,,,,,,,,,,,EVENTL,450,,,,,,,,,,,,,,,,,,,,,,,,,,,,,,,,,,,,,,,,,,,,,,,,,,,,,,,,,,,,,,,,,,,,,,,,,,,,,,,,,,,,,,,,,,,,,,,,,,,,,,,,,,,,,,,,,,,,,,,,,,,,,,
2022PN880037,OIL SANDS LONGTERM WQ MONITORING,ATHABASCA RIVER M2 ABOVE HORSE RIVER,AL07DD0002,56.71952778,-111.4044722,2022-07-19 13:25,WATER,VERTICAL INTEGRATED,3.5,,120.559,,0,,0.962,,17.192,,116.092,,0,,0.415,,0.2,,8.603,,7.461,,137.228,,,,,,NA,,NA,,98.9,,,,1.07,,0.08,,,,8.29,,,,,,,,24.8,,32,,8.79,,0.91,,4.96,,5.07,,,,238,,61.8,,7.87,,8.08,,NA,,NA,,56.4,,,,31,,,,,,,,,,,,,,,,,,,,,,,,,,,,,,,,,,,,,,,,,,,,,,,,,,,,,,,,,,,,,,,,,,,,,,,,,,,,,,,,,,,,,,,,,,,,,,,,,,,,,,,,,,,,,,,,,,,,,,,,,,,,,,
2022PN880038,OIL SANDS LONGTERM WQ MONITORING,M3 LT WQ PANEL 1 OF 10,AL07DD0008,56.8383,-111.41835,2022-07-19 10:55,WATER,VERTICAL INTEGRATED,2.1,,121.412,,0,,1.142,,18.196,,117.796,,0,,0.354,,0.23,,9.439,,7.511,,139.729,,,,,,NA,,NA,,99.6,,,,1.8,,0.08,,,,8.22,,,,,,,,24.6,,32.6,,8.84,,0.98,,5.01,,5.7,,,,239,,73.3,,8.37,,8,,237,,NA,,69.5,,,,26,,,,,,,,,,,,,,,,,,,,,,,,,,,,,,,,,,,,,,,,,,,,,,,,,,,,,,,,,,,,,,,,,,,,,,,,,,,,,,,,,,,,,,,,,,,,,,,,,,,,,,,,,,,,,,,,,,,,,,,,,,,,,,
2022PN880039,OIL SANDS LONGTERM WQ MONITORING,M3 LT WQ PANEL 3 OF 10,AL07DD0008,56.83849,-111.41702,2022-07-19 11:20,WATER,VERTICAL INTEGRATED,3,,120.437,,0,,1.031,,18.042,,116.842,,0,,0.269,,0.21,,8.704,,7.722,,137.73,,,,,,NA,,NA,,98.8,,,,1.11,,0.08,,,,8.26,,,,,,,,24.6,,32.3,,8.79,,0.94,,5.23,,5.17,,,,237,,69.6,,8.46,,7.99,,232,,20.8,,64.5,,,,30,,,,,,,,,,,,,,,,,,,,,,,,,,,,,,,,,,,,,,,,,,,,,,,,,,,,,,,,,,,,,,,,,,,,,,,,,,,,,,,,,,,,,,,,,,,,,,,,,,,,,,,,,,,,,,,,,,,,,,,,,,,,,,
2022PN880040,OIL SANDS LONGTERM WQ MONITORING,M3 LT WQ PANEL 9 OF 10,AL07DD0008,56.83991,-111.41234,2022-07-19 10:35,WATER,VERTICAL INTEGRATED,3.7,,107.15,,0,,1.056,,9.562,,97.462,,0,,0.095,,0.52,,20.524,,8.01,,134.498,,,,,,NA,,NA,,87.9,,,,11,,0.08,,,,8.2,,,,,,,,17.8,,26.6,,7.54,,0.91,,6,,11.7,,,,237,,46,,8.29,,8.04,,232,,21.5,,39.7,,,,29,,,,,,,,,,,,,,,,,,,,,,,,,,,,,,,,,,,,,,,,,,,,,,,,,,,,,,,,,,,,,,,,,,,,,,,,,,,,,,,,,,,,,,,,,,,,,,,,,,,,,,,,,,,,,,,,,,,,,,,,,,,,,,
2022PN880041,OIL SANDS LONGTERM WQ MONITORING,M7 LTWQ PANEL 1 OF 10,AL07DD0007,57.31332,-111.67533,2022-07-20 11:35,WATER,VERTICAL INTEGRATED,4.1,,119.706,,0,,1.074,,16.441,,114.641,,0,,0.236,,0.26,,10.59,,7.768,,140.16,,,,,,NA,,NA,,98.2,,,,2.16,,0.08,,,,8.24,,,,,,,,23.8,,31.6,,8.68,,1.04,,7.34,,6.31,,,,241,,62.8,,8.22,,7.96,,229,,20.8,EVENTF,51.3,,,,30,,,,,,,,,,,,,,,,,,,,,,,,,,,,,,,,,,,,,,,,,,,,,,,,,,,,,,,,,,,,,,,,,,,,,,,,,,,,,,,,,,,,,,,,,,,,,,,,,,,,,,,,,,,,,,,,,,,,,,,,,,,,,,
2022PN880042,OIL SANDS LONGTERM WQ MONITORING,M7 LTWQ PANEL 5 OF 10,AL07DD0007,57.31373,-111.67183,2022-07-20 11:20,WATER,VERTICAL INTEGRATED,3.7,,117.268,,0,,1.028,,15.205,,111.405,,0,,0.225,,0.3,,12.289,,7.8,,138.564,,,,,,NA,,NA,,96.2,,,,4.21,,0.08,,,,8.25,,,,,,,,23,,30.7,,8.44,,0.97,,5.99,,7.25,,,,241,,60.4,,8.22,,7.98,,235,,20.8,EVENTF,51.5,,,,27,,,,,,,,,,,,,,,,,,,,,,,,,,,,,,,,,,,,,,,,,,,,,,,,,,,,,,,,,,,,,,,,,,,,,,,,,,,,,,,,,,,,,,,,,,,,,,,,,,,,,,,,,,,,,,,,,,,,,,,,,,,,,,
2022PN880043,OIL SANDS LONGTERM WQ MONITORING,M7 LTWQ PANEL 10 OF 10,AL07DD0007,57.31395,-111.66737,2022-07-20 11:00,WATER,VERTICAL INTEGRATED,1.8,,116.78,,0,,1.024,,14.403,,110.203,,0,,0.219,,0.32,,13.007,,7.812,,137.582,,,,,,NA,,NA,,95.8,,,,4.78,,0.08,,,,8.25,,,,,,,,22.4,,30.4,,8.33,,0.92,,5.36,,7.65,,,,242,,58.9,,8.27,,7.95,,235,,20.8,EVENTF,48.2,,,,37,,,,,,,,,,,,,,,,,,,,,,,,,,,,,,,,,,,,,,,,,,,,,,,,,,,,,,,,,,,,,,,,,,,,,,,,,,,,,,,,,,,,,,,,,,,,,,,,,,,,,,,,,,,,,,,,,,,,,,,,,,,,,,
2022PN880044,OIL SANDS LONGTERM WQ MONITORING,ATHABASCA RIVER M2 ABOVE HORSE RIVER,AL07DD0002,56.71952778,-111.4044722,2022-08-02 16:00,WATER,VERTICAL INTEGRATED,2.9,,116.122,,2.844,,0.768,,21.263,,121.263,,0,,0.416,,0.22,,9.109,,7.558,,143.259,,,,,,NA,,2.37,,100,,,,1.03,,0.08,,,,8.39,,,,,,,,29.1,,32.9,,9.5,,0.97,,4.03,,5.64,,,,248,,26.5,,8.84,,8.2,,237,,21,,24.7,,,,51,,,,,,,,,,,,,,,,,,,,,,,,,,,,,,,,,,,,,,,,,,,,,,,,,,,,,,,,,,,,,,,,,,,,,,,,,,,,,,,,,,,,,,,,,,,,,,,,,,,,,,,,,,,,,,,,,,,,,,,,,,,,,,
2022PN880045,OIL SANDS LONGTERM WQ MONITORING,M3 LT WQ PANEL 1 OF 10,AL07DD0008,56.8383,-111.41835,2022-08-02 13:55,WATER,VERTICAL INTEGRATED,2.1,,121.705,,1.896,,0.891,,20.916,,123.916,,0,,0.363,,0.27,,10.765,,7.613,,149.136,,,,,,NA,,1.58,,103,,,,2.25,,0.09,,,,8.34,,,,,,,,29.6,,33.6,,9.72,,1.03,,4.04,,6.94,,,,261,,36.8,,8.79,,8.21,,243,,20.2,,32.6,,,,48,,,,,,,,,,,,,,,,,,,,,,,,,,,,,,,,,,,,,,,,,,,,,,,,,,,,,,,,,,,,,,,,,,,,,,,,,,,,,,,,,,,,,,,,,,,,,,,,,,,,,,,,,,,,,,,,,,,,,,,,,,,,,,
2022PN880046,OIL SANDS LONGTERM WQ MONITORING,M3 LT WQ PANEL 3 OF 10,AL07DD0008,56.83849,-111.41702,2022-08-02 14:12,WATER,VERTICAL INTEGRATED,2,,117.341,,2.844,,0.813,,20.598,,121.598,,0,,0.386,,0.22,,9.117,,7.598,,143.879,,,,,,NA,,2.37,,101,,,,1.05,,0.08,,,,8.37,,,,,,,,29,,33.1,,9.46,,0.96,,3.96,,5.66,,,,249,,26.2,,8.83,,8.23,,235,,20.4,,24.5,,,,61,,,,,,,,,,,,,,,,,,,,,,,,,,,,,,,,,,,,,,,,,,,,,,,,,,,,,,,,,,,,,,,,,,,,,,,,,,,,,,,,,,,,,,,,,,,,,,,,,,,,,,,,,,,,,,,,,,,,,,,,,,,,,,
2022PN880047,OIL SANDS LONGTERM WQ MONITORING,M3 LT WQ PANEL 9 OF 10,AL07DD0008,56.83991,-111.41234,2022-08-02 13:30,WATER,VERTICAL INTEGRATED,1.2,,108.735,,0,,0.909,,11.775,,100.975,,0,,0.124,,0.67,,24.697,,8.022,,145.939,,,,,,NA,,NA,,89.2,,,,14.8,,0.09,,,,8.27,,,,,,,,20.8,,27.1,,8.09,,0.97,,5.16,,15.4,,,,260,,26,,8.77,,8.13,,241,,19.7,,23.7,,,,62,,,,,,,,,,,,,,,,,,,,,,,,,,,,,,,,,,,,,,,,,,,,,,,,,,,,,,,,,,,,,,,,,,,,,,,,,,,,,,,,,,,,,,,,,,,,,,,,,,,,,,,,,,,,,,,,,,,,,,,,,,,,,,
2022PN880048,OIL SANDS LONGTERM WQ MONITORING,M7 LTWQ PANEL 1 OF 10,AL07DD0007,57.31332,-111.67533,2022-08-03 13:15,WATER,VERTICAL INTEGRATED,3.5,,120.803,,0,,1.47,,17.059,,116.159,,0,,0.073,,0.36,,14.165,,7.963,,145.189,,,,,,NA,,NA,,99.1,,,,4.38,,0.09,,,,8.11,,,,,,,,26.5,,31.4,,9.17,,0.97,,4.31,,8.9,,,,254,,26.8,,8.61,,8.04,,232,,19.7,,26.5,,,,37,,,,,,,,,,,,,,,,,,,,,,,,,,,,,,,,,,,,,,,,,,,,,,,,,,,,,,,,,,,,,,,,,,,,,,,,,,,,,,,,,,,,,,,,,,,,,,,,,,,,,,,,,,,,,,,,,,,,,,,,,,,,,,
2022PN880049,OIL SANDS LONGTERM WQ MONITORING,M7 LTWQ PANEL 5 OF 10,AL07DD0007,57.31373,-111.67183,2022-08-03 12:53,WATER,VERTICAL INTEGRATED,3,,120.072,,0,,1.27,,17.162,,115.662,,0,,0.136,,0.38,,14.855,,7.899,,146.769,,,,,,NA,,NA,,98.5,,,,5.91,,0.08,,,,8.17,,,,,,,,26.6,,31.3,,9.11,,0.98,,4.31,,9.37,,,,255,,25.6,,8.58,,8.06,,233,,19.9,,24.3,,,,28,,,,,,,,,,,,,,,,,,,,,,,,,,,,,,,,,,,,,,,,,,,,,,,,,,,,,,,,,,,,,,,,,,,,,,,,,,,,,,,,,,,,,,,,,,,,,,,,,,,,,,,,,,,,,,,,,,,,,,,,,,,,,,
2022PN880050,OIL SANDS LONGTERM WQ MONITORING,M7 LTWQ PANEL 10 OF 10,AL07DD0007,57.31395,-111.66737,2022-08-03 12:35,WATER,VERTICAL INTEGRATED,1.2,,119.706,,0,,1.39,,17.835,,116.035,,0,,0.092,,0.39,,15.15,,7.946,,147.769,,,,,,NA,,NA,,98.2,,,,6.25,,0.08,,,,8.13,,,,,,,,27,,31.4,,9.14,,0.98,,4.37,,9.62,,,,260,,25.6,,8.6,,8.06,,236,,19.8,,24.2,,,,22,,,,,,,,,,,,,,,,,,,,,,,,,,,,,,,,,,,,,,,,,,,,,,,,,,,,,,,,,,,,,,,,,,,,,,,,,,,,,,,,,,,,,,,,,,,,,,,,,,,,,,,,,,,,,,,,,,,,,,,,,,,,,,
2022PN880051,OIL SANDS LONGTERM WQ MONITORING,ATHABASCA RIVER M2 ABOVE HORSE RIVER,AL07DD0002,56.71952778,-111.4044722,2022-08-16 13:45,WATER,VERTICAL INTEGRATED,2.7,,121.9,,0,,1.02,,17.632,,117.632,,0,,0.288,,0.25,,10.298,,7.695,,140.939,,,,,,NA,,NA,,100,,,,1.24,,0.09,,,,8.27,,,,,,,,26.6,,32.6,,8.8,,0.98,,4.35,,6.27,,,,243,,38.4,,8.91,,8.26,,220,,20.8,,35,,,,28,,,,,,,,,,,,,,,,,,,,,,,,,,,,,,,,,,,,,,,,,,,,,,,,,,,,,,,,,,,,,,,,,,,,,,,,,,,,,,,,,,,,,,,,,,,,,,,,,,,,,,,,,,,,,,,,,,,,,,,,,,,,,,
2022PN880052,OIL SANDS LONGTERM WQ MONITORING,M3 LT WQ PANEL 1 OF 10,AL07DD0008,56.8383,-111.41835,2022-08-16 11:35,WATER,VERTICAL INTEGRATED,2.6,,125.557,,0,,1.127,,15.875,,118.875,,0,,0.249,,0.29,,11.651,,7.741,,145.401,,,,,,NA,,NA,,103,,,,2.55,,0.08,,,,8.24,,,,,,,,26.2,,32.9,,8.92,,1.01,,4.51,,7.28,,,,252,,45.8,,8.65,,8.18,EVENTF,226,,20,,39.6,,,,29,,,,,,,,,,,,,,,,,,,,,,,,,,,,,,,,,,,,,,,,,,,,,,,,,,,,,,,,,,,,,,,,,,,,,,,,,,,,,,,,,,,,,,,,,,,,,,,,,,,,,,,,,,,,,,,,,,,,,,,,,,,,,,
2022PN880053,OIL SANDS LONGTERM WQ MONITORING,M3 LT WQ PANEL 3 OF 10,AL07DD0008,56.83849,-111.41702,2022-08-16 11:50,WATER,VERTICAL INTEGRATED,1.3,,123.119,,0,,1.054,,14.848,,115.848,,0,,0.264,,0.25,,10.365,,7.733,,140.449,,,,,,NA,,NA,,101,,,,1.21,,0.08,,,,8.26,,,,,,,,25.9,,32.1,,8.67,,0.97,,4.69,,6.22,,,,244,,43.6,,8.69,,8.13,,221,,20.4,,37,,,,54,,,,,,,,,,,,,,,,,,,,,,,,,,,,,,,,,,,,,,,,,,,,,,,,,,,,,,,,,,,,,,,,,,,,,,,,,,,,,,,,,,,,,,,,,,,,,,,,,,,,,,,,,,,,,,,,,,,,,,,,,,,,,,
2022PN880054,OIL SANDS LONGTERM WQ MONITORING,M3 LT WQ PANEL 9 OF 10,AL07DD0008,56.83991,-111.41234,2022-08-16 11:15,WATER,VERTICAL INTEGRATED,2.9,,99.227,,0,,1.389,,4.235,,85.635,,0,,-0.184,,0.6,,24.314,,8.418,,123.929,,,,,,NA,,NA,,81.4,,,,12.3,,0.09,,,,8.05,,,,,,,,11.6,,23.1,,6.79,,0.86,,7.54,,12.8,,,,217,,30.2,,8.4,,7.98,,199,,20.2,,28,,,,71,,,,,,,,,,,,,,,,,,,,,,,,,,,,,,,,,,,,,,,,,,,,,,,,,,,,,,,,,,,,,,,,,,,,,,,,,,,,,,,,,,,,,,,,,,,,,,,,,,,,,,,,,,,,,,,,,,,,,,,,,,,,,,
2022PN880055,OIL SANDS LONGTERM WQ MONITORING,M7 LTWQ PANEL 1 OF 10,AL07DD0007,57.31332,-111.67533,2022-08-17 13:10,WATER,VERTICAL INTEGRATED,2.9,,118.609,,0,,1.016,,12.281,,109.581,,0,,0.245,,0.35,,14.198,,7.771,,138.049,,,,,,NA,,NA,,97.3,,,,3.81,,0.08,,,,8.26,,,,,,,,22.6,,30.2,,8.3,,0.93,,5.32,,8.42,,,,241,,35.6,,8.64,,8.06,,235,,21.2,,30.1,,,,44,,,,,,,,,,,,,,,,,,,,,,,,,,,,,,,,,,,,,,,,,,,,,,,,,,,,,,,,,,,,,,,,,,,,,,,,,,,,,,,,,,,,,,,,,,,,,,,,,,,,,,,,,,,,,,,,,,,,,,,,,,,,,,
2022PN880056,OIL SANDS LONGTERM WQ MONITORING,M7 LTWQ PANEL 5 OF 10,AL07DD0007,57.31373,-111.67183,2022-08-17 12:55,WATER,VERTICAL INTEGRATED,3.4,,116.902,,0,,1.001,,11.897,,107.797,,0,,0.229,,0.37,,14.861,,7.802,,137.269,,,,,,NA,,NA,,95.9,,,,4.98,,0.09,,,,8.26,,,,,,,,21.6,,29.7,,8.17,,0.94,,5.5,,8.74,,,,241,,35.5,,8.53,,8.07,,220,,21.1,,31.2,,,,36,,,,,,,,,,,,,,,,,,,,,,,,,,,,,,,,,,,,,,,,,,,,,,,,,,,,,,,,,,,,,,,,,,,,,,,,,,,,,,,,,,,,,,,,,,,,,,,,,,,,,,,,,,,,,,,,,,,,,,,,,,,,,,
2022PN880057,OIL SANDS LONGTERM WQ MONITORING,M7 LTWQ PANEL 10 OF 10,AL07DD0007,57.31395,-111.66737,2022-08-17 12:40,WATER,VERTICAL INTEGRATED,1.1,,115.805,,0,,0.969,,14.539,,109.539,,0,,0.241,,0.38,,15.203,,7.787,,138.379,,,,,,NA,,NA,,95,,,,5.42,,0.12,,,,8.27,,,,,,,,21.8,,30.2,,8.29,,0.93,,5.49,,9.12,,,,240,,34.3,,8.55,,8.06,,226,,21.1,,30.6,,,,39,,,,,,,,,,,,,,,,,,,,,,,,,,,,,,,,,,,,,,,,,,,,,,,,,,,,,,,,,,,,,,,,,,,,,,,,,,,,,,,,,,,,,,,,,,,,,,,,,,,,,,,,,,,,,,,,,,,,,,,,,,,,,,
2022PN880058,OIL SANDS LONGTERM WQ MONITORING,ATHABASCA RIVER M2 ABOVE HORSE RIVER,AL07DD0002,56.71952778,-111.4044722,2022-09-16 11:15,WATER,VERTICAL INTEGRATED,1,,130.433,,0,,4.214,,19.507,,126.507,,0,,-0.395,,0.29,,11.22,,8.48,,154.089,,,,,,NA,,NA,,107,,,,1.64,,0.09,,,,7.69,,,,,,,,31.8,,35,,9.5,,1.15,,3.27,,7.43,,,,269,,13.1,,10.48,,8.2,,265,,15.5,,12.7,,,,13,,,,,,,,,,,,,,,,,,,,,,,,,,,,,,,,,,,,,,,,,,,,,,,,,,,,,,,,,,,,,,,,,,,,,,,,,,,,,,,,,,,,,,,,,,,,,,,,,,,,,,,,,,,,,,,,,,,,,,,,,,,,,,
2022PN880059,OIL SANDS LONGTERM WQ MONITORING,M3 LT WQ PANEL 1 OF 10,AL07DD0008,56.8383,-111.41835,2022-09-14 12:10,WATER,VERTICAL INTEGRATED,2.5,,130.433,,0,,1.199,,19.916,,126.916,,0,,0.125,,0.3,,11.763,,7.981,,154.925,,,,,,NA,,NA,,107,,,,2.54,,0.09,,,,8.23,,,,,,,,31.2,,34.9,,9.66,,1.12,,3.28,,7.86,,,,266,,12.8,,10.64,,8.01,,265,,14.9,,13.8,,,,45,,,,,,,,,,,,,,,,,,,,,,,,,,,,,,,,,,,,,,,,,,,,,,,,,,,,,,,,,,,,,,,,,,,,,,,,,,,,,,,,,,,,,,,,,,,,,,,,,,,,,,,,,,,,,,,,,,,,,,,,,,,,,,
2022PN880060,OIL SANDS LONGTERM WQ MONITORING,M3 LT WQ PANEL 3 OF 10,AL07DD0008,56.83849,-111.41702,2022-09-14 12:30,WATER,VERTICAL INTEGRATED,1,,127.995,,0,,1.071,,19.594,,124.594,,0,,0.154,,0.28,,11.012,,7.962,,150.459,,,,,,NA,,NA,,105,,,,1.65,,0.09,,,,8.27,,,,,,,,30.7,,34.3,,9.46,,1.06,,3.03,,7.16,,,,262,,14.1,,10.45,,8.1,,262,,15,,13.9,,,,18,,,,,,,,,,,,,,,,,,,,,,,,,,,,,,,,,,,,,,,,,,,,,,,,,,,,,,,,,,,,,,,,,,,,,,,,,,,,,,,,,,,,,,,,,,,,,,,,,,,,,,,,,,,,,,,,,,,,,,,,,,,,,,
2022PN880061,OIL SANDS LONGTERM WQ MONITORING,M3 LT WQ PANEL 9 OF 10,AL07DD0008,56.83991,-111.41234,2022-09-14 11:50,WATER,VERTICAL INTEGRATED,2,,111.904,,0,,1.641,,6.98,,98.78,,0,,-0.281,,0.79,,28.245,,8.591,,151.599,,,,,,NA,,NA,,91.8,,,,18.6,,0.09,,,,8.03,,,,,,,,18.1,,26.6,,7.86,,1.03,,6.13,,18.1,,,,270,,10.3,,10.6,,8.01,,268,,14.2,,11.3,,,,29,,,,,,,,,,,,,,,,,,,,,,,,,,,,,,,,,,,,,,,,,,,,,,,,,,,,,,,,,,,,,,,,,,,,,,,,,,,,,,,,,,,,,,,,,,,,,,,,,,,,,,,,,,,,,,,,,,,,,,,,,,,,,,
2022PN880062,OIL SANDS LONGTERM WQ MONITORING,M7 LTWQ PANEL 1 OF 10,AL07DD0007,57.31332,-111.67533,2022-09-15 12:23,WATER,VERTICAL INTEGRATED,2.8,,124.338,,0,,9.895,,17.202,,119.202,,0,,-0.852,,0.45,,16.942,,9.005,,154.379,,,,,,NA,,NA,,102,,,,7.47,,0.09,,,,7.3,,,,,,,,26.9,,32.8,,9.06,,1.09,,4.46,,11.3,,,,268,,13,,10.31,,8.12,,269,,14.9,,13,,,,112,,,,,,,,,,,,,,,,,,,,,,,,,,,,,,,,,,,,,,,,,,,,,,,,,,,,,,,,,,,,,,,,,,,,,,,,,,,,,,,,,,,,,,,,,,,,,,,,,,,,,,,,,,,,,,,,,,,,,,,,,,,,,,
2022PN880063,OIL SANDS LONGTERM WQ MONITORING,M7 LTWQ PANEL 5 OF 10,AL07DD0007,57.31373,-111.67183,2022-09-15 12:08,WATER,VERTICAL INTEGRATED,2.7,,124.338,,0,,7.329,,17.243,,119.243,,0,,-0.719,,0.45,,16.937,,8.868,,154.649,,,,,,NA,,NA,,102,,,,7.83,,0.09,,,,7.43,,,,,,,,26.7,,32.8,,9.07,,1.09,,4.56,,11.3,,,,269,,12.2,,10.19,,8.13,,268,,15,,11.4,,,,104,,,,,,,,,,,,,,,,,,,,,,,,,,,,,,,,,,,,,,,,,,,,,,,,,,,,,,,,,,,,,,,,,,,,,,,,,,,,,,,,,,,,,,,,,,,,,,,,,,,,,,,,,,,,,,,,,,,,,,,,,,,,,,
2022PN880064,OIL SANDS LONGTERM WQ MONITORING,M7 LTWQ PANEL 10 OF 10,AL07DD0007,57.31395,-111.66737,2022-09-15 11:50,WATER,VERTICAL INTEGRATED,0.6,,124.338,,0,,5.554,,15.583,,117.583,,0,,-0.606,,0.45,,16.887,,8.762,,153.589,,,,,,NA,,NA,,102,,,,7.88,,0.09,,,,7.55,,,,,,,,26.9,,32.3,,8.97,,1.05,,4.09,,11.1,,,,272,,11,,10.23,,8.09,,268,,15,,10.8,,,,93,,,,,,,,,,,,,,,,,,,,,,,,,,,,,,,,,,,,,,,,,,,,,,,,,,,,,,,,,,,,,,,,,,,,,,,,,,,,,,,,,,,,,,,,,,,,,,,,,,,,,,,,,,,,,,,,,,,,,,,,,,,,,,
2022PN880065,OIL SANDS LONGTERM WQ MONITORING,ATHABASCA RIVER M2 ABOVE HORSE RIVER,AL07DD0002,56.71952778,-111.4044722,2022-10-12 15:20,WATER,VERTICAL INTEGRATED,1.6,,148.45,,1.932,,1.081,,32.335,,157.335,,0,,0.136,,0.39,,13.186,,8.067,,191.169,,,,,,NA,,1.61,,125,,,,2.89,,0.11,,,,8.34,,,,,,,,44.9,,42.4,,12.5,,1.37,,0.89,,11.1,,,,326,,1.74,,12.07,,8.31,,327,,7.5,,1.3,,,,13,,,,,,,,,,,,,,,,,,,,,,,,,,,,,,,,,,,,,,,,,,,,,,,,,,,,,,,,,,,,,,,,,,,,,,,,,,,,,,,,,,,,,,,,,,,,,,,,,,,,,,,,,,,,,,,,,,,,,,,,,,,,,,
2022PN880066,OIL SANDS LONGTERM WQ MONITORING,M3 LT WQ PANEL 1 OF 10,AL07DD0008,56.8383,-111.41835,2022-10-12 11:25,WATER,VERTICAL INTEGRATED,1.8,,150.132,,1.704,,1.116,,33.657,,159.657,,0,,0.115,,0.41,,13.727,,8.1,,194.195,,,,,,NA,,1.42,,126,,,,3.74,,0.1,,,,8.33,,,,,,,,44.8,,43,,12.7,,1.39,,0.99,,11.8,,,,333,,2.29,,11.78,,8.17,,332,,6.9,,1.9,,,,19,,,,,,,,,,,,,,,,,,,,,,,,,,,,,,,,,,,,,,,,,,,,,,,,,,,,,,,,,,,,,,,,,,,,,,,,,,,,,,,,,,,,,,,,,,,,,,,,,,,,,,,,,,,,,,,,,,,,,,,,,,,,,,
2022PN880067,OIL SANDS LONGTERM WQ MONITORING,M3 LT WQ PANEL 3 OF 10,AL07DD0008,56.83849,-111.41702,2022-10-12 11:50,WATER,VERTICAL INTEGRATED,0.8,,150.327,,1.608,,1.142,,29.925,,155.925,,0,,0.095,,0.39,,13.497,,8.129,,190.999,,,,,,NA,,1.34,,126,,,,3.29,,0.1,,,,8.32,,,,,,,,43.9,,42,,12.4,,1.35,,1.05,,11.3,,,,330,,2.72,,11.6,,8.2,,330,,6.9,,2.3,,,,19,,,,,,,,,,,,,,,,,,,,,,,,,,,,,,,,,,,,,,,,,,,,,,,,,,,,,,,,,,,,,,,,,,,,,,,,,,,,,,,,,,,,,,,,,,,,,,,,,,,,,,,,,,,,,,,,,,,,,,,,,,,,,,
2022PN880068,OIL SANDS LONGTERM WQ MONITORING,M3 LT WQ PANEL 9 OF 10,AL07DD0008,56.83991,-111.41234,2022-10-12 12:35,WATER,VERTICAL INTEGRATED,1.6,,119.096,,0,,1.174,,11.143,,108.843,,0,,-0.32,,1.03,,32.677,,8.839,,176.099,,,,,,NA,,NA,,97.7,,,,26.2,,0.1,,,,8.2,,,,,,,,22.6,,28.8,,8.97,,1.16,,5.04,,24.6,,,,315,,4.48,,11.74,,8.02,,317,,6.2,,4,,,,40,,,,,,,,,,,,,,,,,,,,,,,,,,,,,,,,,,,,,,,,,,,,,,,,,,,,,,,,,,,,,,,,,,,,,,,,,,,,,,,,,,,,,,,,,,,,,,,,,,,,,,,,,,,,,,,,,,,,,,,,,,,,,,
2022PN880069,OIL SANDS LONGTERM WQ MONITORING,M7 LTWQ PANEL 1 OF 10,AL07DD0007,57.31332,-111.67533,2022-10-15 10:40,WATER,VERTICAL INTEGRATED,2.5,,142.306,,0.756,,1.121,,21.91,,139.91,,0,,-0.062,,0.63,,20.813,,8.424,,189.356,,,,,,NA,,0.63,,118,,,,11.8,,0.1,,,,8.3,,,,,,,,36.6,,37.4,,11.3,,1.34,,2.85,,17.1,,,,329,,5.16,,11.97,,8.06,,328,,5.2,,5.1,,,,49,,,,,,,,,,,,,,,,,,,,,,,,,,,,,,,,,,,,,,,,,,,,,,,,,,,,,,,,,,,,,,,,,,,,,,,,,,,,,,,,,,,,,,,,,,,,,,,,,,,,,,,,,,,,,,,,,,,,,,,,,,,,,,
2022PN880070,OIL SANDS LONGTERM WQ MONITORING,M7 LTWQ PANEL 5 OF 10,AL07DD0007,57.31373,-111.67183,2022-10-15 10:50,WATER,VERTICAL INTEGRATED,2.3,,140.356,,1.116,,1.086,,22.498,,139.498,,0,,-0.052,,0.62,,20.575,,8.413,,188.092,,,,,,NA,,0.93,,117,,,,11.6,,0.1,,,,8.31,,,,,,,,36.6,,37.4,,11.2,,1.31,,2.82,,16.8,,,,327,,4.88,,12.05,,8.07,,328,,5.3,,4.5,,,,35,,,,,,,,,,,,,,,,,,,,,,,,,,,,,,,,,,,,,,,,,,,,,,,,,,,,,,,,,,,,,,,,,,,,,,,,,,,,,,,,,,,,,,,,,,,,,,,,,,,,,,,,,,,,,,,,,,,,,,,,,,,,,,
2022PN880071,OIL SANDS LONGTERM WQ MONITORING,ATHABASCA RIVER M2 ABOVE HORSE RIVER,AL07DD0002,56.71952778,-111.4044722,2023-01-24 14:00,WATER,VERTICAL INTEGRATED,3.52,,207.23,,0,,3.749,,28.152,,198.152,,0,,-0.308,,0.56,,16.318,,8.556,,261.343,,,,,,NA,,NA,,170,,,,4.13,,0.12,,,,7.94,,,,,,,,58.3,,53.8,,15.5,,2.18,,6.52,,18,,,,432,,3.6,,12.31,,7.67,,443,,0,,1.7,,,,25,,,,,,,,,,,,,,,,,,,,,,,,,,,,,,,,,,,,,,,,,,,,,,,,,,,,,,,,,,,,,,,,,,,,,,,,,,,,,,,,,,,,,,,,,,,,,,,,,,,,,,,,,,,,,,,,,,,,,,,,,,,,,,
2022PN880072,OIL SANDS LONGTERM WQ MONITORING,M3 LT WQ PANEL 1 OF 10,AL07DD0008,56.8383,-111.41835,2023-01-24 11:25,WATER,VERTICAL INTEGRATED,1.37,,208.449,,0,,3.6,,28.974,,199.974,,0,,-0.283,,0.57,,16.646,,8.525,,264.747,,,,,,NA,,NA,,171,,,,4.86,,0.12,,,,7.96,,,,,,,,59.1,,54.2,,15.7,,2.17,,6.56,,18.6,,,,439,,2.22,,11.94,,7.34,,451,,0,,1.6,,,,26,,,,,,,,,,,,,,,,,,,,,,,,,,,,,,,,,,,,,,,,,,,,,,,,,,,,,,,,,,,,,,,,,,,,,,,,,,,,,,,,,,,,,,,,,,,,,,,,,,,,,,,,,,,,,,,,,,,,,,,,,,,,,,
2022PN880073,OIL SANDS LONGTERM WQ MONITORING,M3 LT WQ PANEL 5 OF 10,AL07DD0008,56.8388,-111.41548,2023-01-24 11:40,WATER,VERTICAL INTEGRATED,0.81,,206.011,,0,,3.318,,30.063,,199.063,,0,,-0.259,,0.57,,16.637,,8.509,,262.724,,,,,,NA,,NA,,169,,,,5.06,,0.12,,,,7.99,,,,,,,,58.3,,54,,15.6,,2.13,,6.83,,18.5,,,,432,,2.12,,12.43,,7.6,,443,,0,,1.9,,,,23,,,,,,,,,,,,,,,,,,,,,,,,,,,,,,,,,,,,,,,,,,,,,,,,,,,,,,,,,,,,,,,,,,,,,,,,,,,,,,,,,,,,,,,,,,,,,,,,,,,,,,,,,,,,,,,,,,,,,,,,,,,,,,
2022PN880074,OIL SANDS LONGTERM WQ MONITORING,M3 LT WQ PANEL 9 OF 10,AL07DD0008,56.83991,-111.41234,2023-01-24 12:20,WATER,VERTICAL INTEGRATED,1.25,,137.747,,0,,3.37,,8.285,,121.285,,0,,-0.829,,1.19,,34.643,,9.468,,212.046,,,,,,NA,,NA,,113,,,,32.8,,0.11,,,,7.81,,,,,,,,25.3,,32.2,,9.93,,1.5,,11.6,,30,,,,368,,4.45,,12.39,,7.37,,375,,0,,4,,,,40,,,,,,,,,,,,,,,,,,,,,,,,,,,,,,,,,,,,,,,,,,,,,,,,,,,,,,,,,,,,,,,,,,,,,,,,,,,,,,,,,,,,,,,,,,,,,,,,,,,,,,,,,,,,,,,,,,,,,,,,,,,,,,
2022PN880075,OIL SANDS LONGTERM WQ MONITORING,M7 LTWQ PANEL 1 OF 10,AL07DD0007,57.31332,-111.67533,2023-01-26 11:45,WATER,VERTICAL INTEGRATED,2.03,,179.193,,0,,3.558,,19.871,,166.871,,0,,-0.486,,0.83,,23.959,,8.873,,244.3,,,,,,NA,,NA,,147,,,,17.5,,0.12,,,,7.9,,,,,,,,44.3,,44.9,,13.3,,1.87,,8.72,,24.5,,,,415,,3.4,,11.29,,7.2,,425,,0,,3,,,,18,,,,,,,,,,,,,,,,,,,,,,,,,,,,,,,,,,,,,,,,,,,,,,,,,,,,,,,,,,,,,,,,,,,,,,,,,,,,,,,,,,,,,,,,,,,,,,,,,,,,,,,,,,,,,,,,,,,,,,,,,,,,,,
2022PN880076,OIL SANDS LONGTERM WQ MONITORING,M7 LTWQ PANEL 4 OF 10,AL07DD0007,57.31365,-111.67278,2023-01-26 12:00,WATER,VERTICAL INTEGRATED,2.66,,175.536,,0,,3.567,,18.228,,162.228,,0,,-0.517,,0.85,,24.775,,8.923,,241.185,,,,,,NA,,NA,,144,,,,19.6,,0.12,,,,7.89,,,,,,,,41.6,,43.7,,12.9,,1.84,,9.27,,24.9,,,,410,,3.73,,11.96,,7.45,,415,,0,,3.1,,,,44,,,,,,,,,,,,,,,,,,,,,,,,,,,,,,,,,,,,,,,,,,,,,,,,,,,,,,,,,,,,,,,,,,,,,,,,,,,,,,,,,,,,,,,,,,,,,,,,,,,,,,,,,,,,,,,,,,,,,,,,,,,,,,
2022PN880077,OIL SANDS LONGTERM WQ MONITORING,M3 LT WQ PANEL 1 OF 10,AL07DD0008,56.8383,-111.41835,2023-02-20 11:10,WATER,VERTICAL INTEGRATED,1.2,,208.547,,1.752,,1.578,,19.023,,193.023,,0,,0.88,,0.64,,18.405,,6.56,,262.309,,,,,,NA,,1.46,,174,,,,5.48,,0.12,,,,8.32,,,,,,,,54.3,,52.9,,14.8,,2.26,,6.89,,20.3,,,,437,,4.44,,12.22,,7.55,,447,,0..0,,1.1,,,,37,,,,,,,,,,,,,,,,,,,,,,,,,,,,,,,,,,,,,,,,,,,,,,,,,,,,,,,,,,,,,,,,,,,,,,,,,,,,,,,,,,,,,,,,,,,,,,,,,,,,,,,,,,,,,,,,,,,,,,,,,,,,,,
2022PN880078,OIL SANDS LONGTERM WQ MONITORING,M3 LT WQ PANEL 5 OF 10,AL07DD0008,56.8388,-111.41548,2023-02-20 11:20,WATER,VERTICAL INTEGRATED,0.74,,200.404,,3.96,,1.411,,19.863,,190.863,,0,,0.102,,0.63,,18.43,,8.156,,259.057,,,,,,NA,,3.3,,171,,,,5.64,,0.12,,,,8.36,,,,,,,,53.7,,52.2,,14.7,,2.18,,7.02,,20.1,,,,431,,2.52,,12.54,,7.86,,440,,0,,1.1,,,,36,,,,,,,,,,,,,,,,,,,,,,,,,,,,,,,,,,,,,,,,,,,,,,,,,,,,,,,,,,,,,,,,,,,,,,,,,,,,,,,,,,,,,,,,,,,,,,,,,,,,,,,,,,,,,,,,,,,,,,,,,,,,,,
2022PN880079,OIL SANDS LONGTERM WQ MONITORING,M3 LT WQ PANEL 9 OF 10,AL07DD0008,56.83991,-111.41234,2023-02-20 11:35,WATER,VERTICAL INTEGRATED,1.32,,137.747,,0,,1.266,,3.938,,116.938,,0,,-0.421,,1.23,,35.918,,9.073,,211.493,,,,,,NA,,NA,,113,,,,34.4,,0.11,,,,8.23,,,,,,,,23.7,,31.3,,9.42,,1.49,,11.8,,30.6,,,,366,,4.52,,12.5,,7.67,,375,,0,,2.9,,,,29,,,,,,,,,,,,,,,,,,,,,,,,,,,,,,,,,,,,,,,,,,,,,,,,,,,,,,,,,,,,,,,,,,,,,,,,,,,,,,,,,,,,,,,,,,,,,,,,,,,,,,,,,,,,,,,,,,,,,,,,,,,,,,
2022PN880080,OIL SANDS LONGTERM WQ MONITORING,M7 LTWQ PANEL 1 OF 10,AL07DD0007,57.31332,-111.67533,2023-02-22 12:50,WATER,VERTICAL INTEGRATED,2.07,,184.069,,0,,1.504,,12.065,,163.065,,0,,-0.102,,0.89,,25.475,,8.484,,245.693,,,,,,NA,,NA,,151,,,,18.3,,0.12,,,,8.28,,,,,,,,41.6,,44.2,,12.8,,1.96,,9.13,,26,,,,418,,3.2,,11.96,EVENTF,6.97,,426,,0,,1.2,,,,48,,,,,,,,,,,,,,,,,,,,,,,,,,,,,,,,,,,,,,,,,,,,,,,,,,,,,,,,,,,,,,,,,,,,,,,,,,,,,,,,,,,,,,,,,,,,,,,,,,,,,,,,,,,,,,,,,,,,,,,,,,,,,,
2022PN880081,OIL SANDS LONGTERM WQ MONITORING,M7 LTWQ PANEL 4 OF 10,AL07DD0007,57.31365,-111.67278,2023-02-22 13:00,WATER,VERTICAL INTEGRATED,2.54,,176.755,,0,,1.703,,11.512,,156.512,,0,,-0.207,,0.92,,26.562,,8.624,,239.64,,,,,,NA,,NA,,145,,,,20.5,,0.12,,,,8.21,,,,,,,,38.6,,42.4,,12.3,,1.86,,9.53,,26.4,,,,410,,3.34,,12.37,EVENTF,7.06,,416,,0,,1.7,,,,39,,,,,,,,,,,,,,,,,,,,,,,,,,,,,,,,,,,,,,,,,,,,,,,,,,,,,,,,,,,,,,,,,,,,,,,,,,,,,,,,,,,,,,,,,,,,,,,,,,,,,,,,,,,,,,,,,,,,,,,,,,,,,,
2022PN880082,OIL SANDS LONGTERM WQ MONITORING,ATHABASCA RIVER M2 ABOVE HORSE RIVER,AL07DD0002,56.71952778,-111.4044722,2023-02-20 14:10,WATER,TRIPLICATE SAMPLE,3.5,,209.668,,0,,1.674,,20.274,,192.274,,0,,0.037,,0.62,,18.094,,8.216,,259.92,,,,,,NA,,NA,,172,,,,4.86,,0.12,,,,8.29,,,,,,,,54.7,,52.6,,14.8,,2.22,,6.84,,19.8,,,,431,,2.48,,12.52,,7.73,,443,,0,,1.2,,,,36,,,,,,,,,,,,,,,,,,,,,,,,,,,,,,,,,,,,,,,,,,,,,,,,,,,,,,,,,,,,,,,,,,,,,,,,,,,,,,,,,,,,,,,,,,,,,,,,,,,,,,,,,,,,,,,,,,,,,,,,,,,,,,
2022PN880083,OIL SANDS LONGTERM WQ MONITORING,ATHABASCA RIVER M2 ABOVE HORSE RIVER,AL07DD0002,56.71952778,-111.4044722,2023-02-20 14:15,WATER,TRIPLICATE SAMPLE,3.5,,203.061,,3.852,,1.461,,20.273,,193.273,,0,,PM,,0.62,,17.945,,PM,,260.71,,,,,,NA,,3.21,,173,,,,4.86,,0.12,,,,8.35,,,,,,,,54.6,,53,,14.8,,2.2,,6.85,,19.7,,,,432,,2.46,,,,,,,,,,,,,,35,,,,,,,,,,,,,,,,,,,,,,,,,,,,,,,,,,,,,,,,,,,,,,,,,,,,,,,,,,,,,,,,,,,,,,,,,,,,,,,,,,,,,,,,,,,,,,,,,,,,,,,,,,,,,,,,,,,,,,,,,,,,,,
2022PN880084,OIL SANDS LONGTERM WQ MONITORING,ATHABASCA RIVER M2 ABOVE HORSE RIVER,AL07DD0002,56.71952778,-111.4044722,2023-02-20 14:20,WATER,TRIPLICATE SAMPLE,3.5,,210.887,,0,,2.393,,20.273,,193.273,,0,,PM,,0.62,,18.021,,PM,,260.874,,,,,,NA,,NA,,173,,,,4.89,,0.12,,,,8.14,,,,,,,,54.7,,53,,14.8,,2.19,,6.79,,19.8,,,,435,,2.85,,,,,,,,,,,,,,35,,,,,,,,,,,,,,,,,,,,,,,,,,,,,,,,,,,,,,,,,,,,,,,,,,,,,,,,,,,,,,,,,,,,,,,,,,,,,,,,,,,,,,,,,,,,,,,,,,,,,,,,,,,,,,,,,,,,,,,,,,,,,,
2023PN880001,OIL SANDS LONGTERM WQ MONITORING,M2 LT WQ PANEL 5 OF 10,AL07DD0002,56.71952778,-111.4044722,2023-05-24 12:35,WATER,VERTICAL INTEGRATED,2.7,,123.119,,0,,1.079,,25.035,,126.035,,0,,0.094,,0.27,,10.706,,8.061,,151.339,,,,,,NA,,NA,,101,,,,1.21,,0.08,,,,8.25,,,,,,,,34.1,,34.3,,9.81,,0.97,,3.17,,7.01,,,,261,,45.3,,9.77,,8.24,,262,,14.3,,43.6,,,,16,,,,,,,,,,,,,,,,,,,,,,,,,,,,,,,,,,,,,,,,,,,,,,,,,,,,,,,,,,,,,,,,,,,,,,,,,,,,,,,,,,,,,,,,,,,,,,,,,,,,,,,,,,,,,,,,,,,,,,,,,,,,,,
2023PN880002,OIL SANDS LONGTERM WQ MONITORING,M3 LT WQ PANEL 2 OF 10,AL07DD0008,56.83851,-111.41779,2023-05-24 10:35,WATER,VERTICAL INTEGRATED,2.1,,126.776,,0,,1.165,,24.815,,128.815,,0,,0.074,,0.29,,11.129,,8.082,,155.106,,,,,,NA,,NA,,104,,,,1.61,,0.09,,,,8.23,,,,,,,,34.4,,35.1,,10,,0.95,,3.01,,7.48,,,,273,,42.2,,9.6,,8.24,,269,,13.6,,42,,,,27,,,,,,,,,,,,,,,,,,,,,,,,,,,,,,,,,,,,,,,,,,,,,,,,,,,,,,,,,,,,,,,,,,,,,,,,,,,,,,,,,,,,,,,,,,,,,,,,,,,,,,,,,,,,,,,,,,,,,,,,,,,,,,
2023PN880003,OIL SANDS LONGTERM WQ MONITORING,M3 LT WQ PANEL 5 OF 10,AL07DD0008,56.8388,-111.41548,2023-05-24 10:50,WATER,VERTICAL INTEGRATED,2,,125.557,,0,,1.238,,23.864,,126.864,,0,,0.042,,0.28,,11.052,,8.115,,153.213,,,,,,NA,,NA,,103,,,,1.7,,0.08,,,,8.2,,,,,,,,33.9,,34.5,,9.89,,0.94,,3.04,,7.31,,,,270,,41,,9.67,,8.25,,265,,13.9,,38.7,,,,34,,,,,,,,,,,,,,,,,,,,,,,,,,,,,,,,,,,,,,,,,,,,,,,,,,,,,,,,,,,,,,,,,,,,,,,,,,,,,,,,,,,,,,,,,,,,,,,,,,,,,,,,,,,,,,,,,,,,,,,,,,,,,,
2023PN880004,OIL SANDS LONGTERM WQ MONITORING,M3 LT WQ PANEL 9 OF 10,AL07DD0008,56.83991,-111.41234,2023-05-24 11:10,WATER,VERTICAL INTEGRATED,3.1,,106.053,,0,,1.096,,10.29,,97.29,,0,,-0.198,,0.71,,26.21,,8.577,,145.148,,,,,,NA,,NA,,87,,,,15.9,,0.09,,,,8.18,,,,,,,,21.1,,26.3,,7.68,,1.08,,4.68,,16.1,,,,263,,23.1,,9.8,,8.16,,256,,12.9,,25.2,,,,84,,,,,,,,,,,,,,,,,,,,,,,,,,,,,,,,,,,,,,,,,,,,,,,,,,,,,,,,,,,,,,,,,,,,,,,,,,,,,,,,,,,,,,,,,,,,,,,,,,,,,,,,,,,,,,,,,,,,,,,,,,,,,,
2023PN880005,OIL SANDS LONGTERM WQ MONITORING,M7 LTWQ PANEL 1 OF 10,AL07DD0007,57.31332,-111.67533,2023-05-25 12:15,WATER,VERTICAL INTEGRATED,3.8,,120.681,,0,,1.083,,21.56,,120.56,,0,,0.057,,0.36,,14.011,,8.126,,150.252,,,,,,NA,,NA,,99,,,,3.43,,0.09,,,,8.24,,,,,,,,31.7,,32.8,,9.39,,1,,3.22,,9.12,,,,266,,33.7,,9.56,,8.19,,260,,14.3,,33.5,,,,38,,,,,,,,,,,,,,,,,,,,,,,,,,,,,,,,,,,,,,,,,,,,,,,,,,,,,,,,,,,,,,,,,,,,,,,,,,,,,,,,,,,,,,,,,,,,,,,,,,,,,,,,,,,,,,,,,,,,,,,,,,,,,,
2023PN880006,OIL SANDS LONGTERM WQ MONITORING,M7 LTWQ PANEL 4 OF 10,AL07DD0007,57.31365,-111.67278,2023-05-25 12:05,WATER,VERTICAL INTEGRATED,4,,117.999,,0,,1.034,,20.36,,117.16,,0,,0.045,,0.41,,15.779,,8.16,,150.126,,,,,,NA,,NA,,96.8,,,,6.04,,0.09,,,,8.25,,,,,,,,29.9,,31.9,,9.11,,1.06,,3.68,,10.2,,,,266,,35.7,,9.54,,8.17,,262,,14.3,,33.2,,,,21,,,,,,,,,,,,,,,,,,,,,,,,,,,,,,,,,,,,,,,,,,,,,,,,,,,,,,,,,,,,,,,,,,,,,,,,,,,,,,,,,,,,,,,,,,,,,,,,,,,,,,,,,,,,,,,,,,,,,,,,,,,,,,
2023PN880007,OIL SANDS LONGTERM WQ MONITORING,M7 LTWQ PANEL 10 OF 10,AL07DD0007,57.31395,-111.66737,2023-05-25 11:45,WATER,VERTICAL INTEGRATED,1.3,,118.121,,0,,1.085,,19.514,,116.414,,0,,0.017,,0.44,,16.647,,8.197,,150.467,,,,,,NA,,NA,,96.9,,,,6.81,,0.09,,,,8.23,,,,,,,,29.1,,31.7,,9.05,,1.02,,3.73,,10.8,,,,266,,31.8,,9.59,,8.2,,263,,14.1,,29.1,,,,39,,,,,,,,,,,,,,,,,,,,,,,,,,,,,,,,,,,,,,,,,,,,,,,,,,,,,,,,,,,,,,,,,,,,,,,,,,,,,,,,,,,,,,,,,,,,,,,,,,,,,,,,,,,,,,,,,,,,,,,,,,,,,,
2023PN880008,OIL SANDS LONGTERM WQ MONITORING,M2 LT WQ PANEL 6 OF 10,AL07DD0002,56.71922222,-111.4041667,2023-06-06 13:50,WATER,VERTICAL INTEGRATED,2.4,,123.119,,0,,1.105,,20.518,,121.518,,0,,0.247,,0.29,,11.504,,7.745,,148.509,,,,,,NA,,NA,,101,,,,1.46,,0.09,,,,8.24,,,,,,,,31.7,,33.2,,9.38,,0.96,,3.78,,7.33,,,,258,,34.2,,9.25,,8.4,,257,,20.1,,30.8,,,,32,,,,,,,,,,,,,,,,,,,,,,,,,,,,,,,,,,,,,,,,,,,,,,,,,,,,,,,,,,,,,,,,,,,,,,,,,,,,,,,,,,,,,,,,,,,,,,,,,,,,,,,,,,,,,,,,,,,,,,,,,,,,,,
2023PN880009,OIL SANDS LONGTERM WQ MONITORING,M3 LT WQ PANEL 2 OF 10,AL07DD0008,56.83851,-111.41779,2023-06-06 11:30,WATER,VERTICAL INTEGRATED,2.1,,125.557,,0,,1.075,,20.469,,123.469,,0,,0.262,,0.31,,12.077,,7.736,,151.549,,,,,,NA,,NA,,103,,,,1.9,,0.09,,,,8.26,,,,,,,,31.7,,33.8,,9.49,,0.98,,3.91,,7.87,,,,262,,35.3,,8.89,,8.29,,258,,19.4,,30.8,,,,24,,,,,,,,,,,,,,,,,,,,,,,,,,,,,,,,,,,,,,,,,,,,,,,,,,,,,,,,,,,,,,,,,,,,,,,,,,,,,,,,,,,,,,,,,,,,,,,,,,,,,,,,,,,,,,,,,,,,,,,,,,,,,,
2023PN880010,OIL SANDS LONGTERM WQ MONITORING,M3 LT WQ PANEL 5 OF 10,AL07DD0008,56.8388,-111.41548,2023-06-06 11:50,WATER,VERTICAL INTEGRATED,1.3,,123.119,,0,,1.214,,19.398,,120.398,,0,,0.182,,0.32,,12.632,,7.836,,149.159,,,,,,NA,,NA,,101,,,,2.44,,0.09,,,,8.2,,,,,,,,30.8,,32.9,,9.29,,0.98,,3.97,,8.08,,,,261,,34.9,,8.92,,8.3,,259,,19.4,,33.2,,,,20,,,,,,,,,,,,,,,,,,,,,,,,,,,,,,,,,,,,,,,,,,,,,,,,,,,,,,,,,,,,,,,,,,,,,,,,,,,,,,,,,,,,,,,,,,,,,,,,,,,,,,,,,,,,,,,,,,,,,,,,,,,,,,
2023PN880011,OIL SANDS LONGTERM WQ MONITORING,M3 LT WQ PANEL 9 OF 10,AL07DD0008,56.83991,-111.41234,2023-06-06 12:10,WATER,VERTICAL INTEGRATED,2.9,,110.076,,0,,1.309,,6.65,,96.95,,0,,-0.048,,0.81,,28.917,,8.216,,151.272,,,,,,NA,,NA,,90.3,,,,17,,0.11,,,,8.12,,,,,,,,20.9,,25.9,,7.84,,1.18,,5.74,,18.4,,,,271,,90.2,,8.48,,8.14,,265,,19.5,,88.9,,,,39,,,,,,,,,,,,,,,,,,,,,,,,,,,,,,,,,,,,,,,,,,,,,,,,,,,,,,,,,,,,,,,,,,,,,,,,,,,,,,,,,,,,,,,,,,,,,,,,,,,,,,,,,,,,,,,,,,,,,,,,,,,,,,
2023PN880012,OIL SANDS LONGTERM WQ MONITORING,M7 LTWQ PANEL 1 OF 10,AL07DD0007,57.31332,-111.67533,2023-06-07 12:40,WATER,VERTICAL INTEGRATED,3.7,,121.047,,0,,1.28,,16.249,,115.549,,0,,0.158,,0.42,,16.35,,7.854,,150.079,,,,,,NA,,NA,,99.3,,,,4.63,,0.1,,,,8.17,,,,,,,,29.8,,31.7,,8.84,,1.09,,3.83,,10.5,,,,264,,46.3,,8.53,,8.21,,261,,20.4,,43,,,,33,,,,,,,,,,,,,,,,,,,,,,,,,,,,,,,,,,,,,,,,,,,,,,,,,,,,,,,,,,,,,,,,,,,,,,,,,,,,,,,,,,,,,,,,,,,,,,,,,,,,,,,,,,,,,,,,,,,,,,,,,,,,,,
2023PN880013,OIL SANDS LONGTERM WQ MONITORING,M7 LTWQ PANEL 4 OF 10,AL07DD0007,57.31365,-111.67278,2023-06-07 12:10,WATER,VERTICAL INTEGRATED,4.1,,119.584,,0,,1.357,,14.834,,112.934,,0,,0.108,,0.52,,19.331,,7.925,,153.309,,,,,,NA,,NA,,98.1,,,,8.42,,0.1,,,,8.14,,,,,,,,28,,30.9,,8.69,,1.19,,4.54,,12.6,,,,270,,70.6,,8.4,,8.18,,267,,20.3,EVENTF,62.5,,,,43,,,,,,,,,,,,,,,,,,,,,,,,,,,,,,,,,,,,,,,,,,,,,,,,,,,,,,,,,,,,,,,,,,,,,,,,,,,,,,,,,,,,,,,,,,,,,,,,,,,,,,,,,,,,,,,,,,,,,,,,,,,,,,
2023PN880014,OIL SANDS LONGTERM WQ MONITORING,M7 LTWQ PANEL 10 OF 10,AL07DD0007,57.31395,-111.66737,2023-06-07 11:40,WATER,VERTICAL INTEGRATED,1.1,,118.731,,0,,1.198,,14.538,,111.938,,0,,0.15,,0.54,,20.219,,7.89,,153.219,,,,,,NA,,NA,,97.4,,,,9.39,,0.1,,,,8.19,,,,,,,,27.1,,30.6,,8.63,,1.13,,4.62,,13.2,,,,270,,60.9,,8.41,,8.21,,268,,20.3,EVENTF,54.3,,,,28,,,,,,,,,,,,,,,,,,,,,,,,,,,,,,,,,,,,,,,,,,,,,,,,,,,,,,,,,,,,,,,,,,,,,,,,,,,,,,,,,,,,,,,,,,,,,,,,,,,,,,,,,,,,,,,,,,,,,,,,,,,,,,
2023PN880015,OIL SANDS LONGTERM WQ MONITORING,ATHABASCA RIVER M2 ABOVE HORSE RIVER,AL07DD0002,56.71952778,-111.4044722,2023-06-20 14:15,WATER,VERTICAL INTEGRATED,3,,103.737,,0,,1.386,,25.543,,110.643,,0,,-0.203,,0.31,,12.668,,8.475,,135.899,,,,,,NA,,NA,,85.1,,,,1.43,,0.1,,,,8.07,,,,,,,,32.7,,29.9,,8.74,,0.91,,3.6,,7.45,,,,236,,96.6,,9.61,,8.08,,233,,14.7,EVENTF,86,,,,53,,,,,,,,,,,,,,,,,,,,,,,,,,,,,,,,,,,,,,,,,,,,,,,,,,,,,,,,,,,,,,,,,,,,,,,,,,,,,,,,,,,,,,,,,,,,,,,,,,,,,,,,,,,,,,,,,,,,,,,,,,,,,,
2023PN880016,OIL SANDS LONGTERM WQ MONITORING,M3 LT WQ PANEL 2 OF 10,AL07DD0008,56.83851,-111.41779,2023-06-20 11:00,WATER,VERTICAL INTEGRATED,3.1,,106.541,,0,,1.327,,24.195,,111.595,,0,,-0.162,,0.34,,13.712,,8.425,,139.617,,,,,,NA,,NA,,87.4,,,,1.71,,0.1,,,,8.1,,,,,,,,33.4,,30.1,,8.85,,1,,3.75,,8.24,,,,243,,119,,9.32,,8.08,,238,,14.6,,111,,,,57,,,,,,,,,,,,,,,,,,,,,,,,,,,,,,,,,,,,,,,,,,,,,,,,,,,,,,,,,,,,,,,,,,,,,,,,,,,,,,,,,,,,,,,,,,,,,,,,,,,,,,,,,,,,,,,,,,,,,,,,,,,,,,
2023PN880017,OIL SANDS LONGTERM WQ MONITORING,M3 LT WQ PANEL 5 OF 10,AL07DD0008,56.8388,-111.41548,2023-06-20 11:20,WATER,VERTICAL INTEGRATED,2,,101.787,,0,,1.298,,22.623,,106.123,,0,,-0.211,,0.35,,14.287,,8.513,,134.133,,,,,,NA,,NA,,83.5,,,,2.05,,0.1,,,,8.09,,,,,,,,31.7,,28.7,,8.37,,0.96,,3.92,,8.22,,,,234,,124,,9.46,,8.07,,230,,14.6,EVENTF,111,,,,65,,,,,,,,,,,,,,,,,,,,,,,,,,,,,,,,,,,,,,,,,,,,,,,,,,,,,,,,,,,,,,,,,,,,,,,,,,,,,,,,,,,,,,,,,,,,,,,,,,,,,,,,,,,,,,,,,,,,,,,,,,,,,,
2023PN880018,OIL SANDS LONGTERM WQ MONITORING,M3 LT WQ PANEL 9 OF 10,AL07DD0008,56.83991,-111.41234,2023-06-20 11:45,WATER,VERTICAL INTEGRATED,3.4,,86.305,,0,,1.422,,6.084,,76.884,,0,,-0.552,,0.73,,29.144,,9.083,,119.11,,,,,,NA,,NA,,70.8,,,,11.3,,0.1,,,,7.98,,,,,,,,15.2,,20.7,,6.12,,1.13,,7.2,,14.8,,,,207,,264,,9.18,,7.86,,199,,13.9,,247,,,,120,,,,,,,,,,,,,,,,,,,,,,,,,,,,,,,,,,,,,,,,,,,,,,,,,,,,,,,,,,,,,,,,,,,,,,,,,,,,,,,,,,,,,,,,,,,,,,,,,,,,,,,,,,,,,,,,,,,,,,,,,,,,,,
2023PN880019,OIL SANDS LONGTERM WQ MONITORING,M7 LTWQ PANEL 1 OF 10,AL07DD0007,57.31332,-111.67533,2023-06-21 12:40,WATER,VERTICAL INTEGRATED,4.8,,102.762,,0,,1.28,,14.192,,98.492,,0,,-0.239,,0.47,,19.074,,8.578,,132.406,,,,,,NA,,NA,,84.3,,,,3.25,,0.1,,,,8.1,,,,,,,,27,,26.6,,7.79,,0.98,,5.2,,10.8,,,,229,,142,,9.08,,7.9,,222,,14.3,,131,,,,99,,,,,,,,,,,,,,,,,,,,,,,,,,,,,,,,,,,,,,,,,,,,,,,,,,,,,,,,,,,,,,,,,,,,,,,,,,,,,,,,,,,,,,,,,,,,,,,,,,,,,,,,,,,,,,,,,,,,,,,,,,,,,,
2023PN880020,OIL SANDS LONGTERM WQ MONITORING,M7 LTWQ PANEL 4 OF 10,AL07DD0007,57.31365,-111.67278,2023-06-21 12:20,WATER,VERTICAL INTEGRATED,4.9,,98.739,,0,,1.382,,13.724,,94.724,,0,,-0.325,,0.5,,20.242,,8.699,,129.439,,,,,,NA,,NA,,81,,,,6.05,,0.1,,,,8.05,,,,,,,,23.8,,25.8,,7.36,,1.05,,5.39,,11.2,,,,224,,198,,9.07,,7.92,,216,,14.1,EVENTF,176,,,,119,,,,,,,,,,,,,,,,,,,,,,,,,,,,,,,,,,,,,,,,,,,,,,,,,,,,,,,,,,,,,,,,,,,,,,,,,,,,,,,,,,,,,,,,,,,,,,,,,,,,,,,,,,,,,,,,,,,,,,,,,,,,,,
2023PN880021,OIL SANDS LONGTERM WQ MONITORING,M3 LT WQ PANEL 10 OF 10,AL07DD0008,56.83878,-111.41164,2023-06-21 12:05,WATER,VERTICAL INTEGRATED,2.2,,96.301,,0,,1.118,,12.782,,91.782,,0,,-0.273,,0.54,,21.768,,8.677,,126.769,,,,,,NA,,NA,,79,,,,7.07,,0.1,,,,8.13,,,,,,,,21,,25.1,,7.07,,1.03,,6.01,,11.9,,,,217,,206,,9.15,,7.96,,212,,13.9,EVENTF,178,,,,99,,,,,,,,,,,,,,,,,,,,,,,,,,,,,,,,,,,,,,,,,,,,,,,,,,,,,,,,,,,,,,,,,,,,,,,,,,,,,,,,,,,,,,,,,,,,,,,,,,,,,,,,,,,,,,,,,,,,,,,,,,,,,,
2023PN880022,OIL SANDS LONGTERM WQ MONITORING,ATHABASCA RIVER M2 ABOVE HORSE RIVER,AL07DD0002,56.71952778,-111.4044722,2023-07-04 17:10,WATER,VERTICAL INTEGRATED,4.7,,121.9,,0,,1.351,,21.416,,121.416,,0,,0.123,,0.24,,9.672,,7.904,,144.365,,,,,,NA,,NA,,100,,,,0.96,,0.09,,,,8.15,,,,,,,,26.2,,34,,8.87,,1.23,,6.69,,6.05,,,,246,,204,,9.21,,8.03,,244,,18.7,EVENTF,172,,,,142,,,,,,,,,,,,,,,,,,,,,,,,,,,,,,,,,,,,,,,,,,,,,,,,,,,,,,,,,,,,,,,,,,,,,,,,,,,,,,,,,,,,,,,,,,,,,,,,,,,,,,,,,,,,,,,,,,,,,,,,,,,,,,
2023PN880023,OIL SANDS LONGTERM WQ MONITORING,M3 LT WQ PANEL 2 OF 10,AL07DD0008,56.83851,-111.41779,2023-07-04 12:40,WATER,VERTICAL INTEGRATED,3.9,,123.119,,0,,1.272,,19.631,,120.631,,0,,0.129,,0.25,,10.157,,7.921,,144.587,,,,,,NA,,NA,,101,,,,1.06,,0.09,,,,8.18,,,,,,,,25.6,,33.9,,8.74,,1.28,,6.67,,6.35,,,,246,,220,,9.04,,8,,245,,17.8,EVENTF,171,,,,52,,,,,,,,,,,,,,,,,,,,,,,,,,,,,,,,,,,,,,,,,,,,,,,,,,,,,,,,,,,,,,,,,,,,,,,,,,,,,,,,,,,,,,,,,,,,,,,,,,,,,,,,,,,,,,,,,,,,,,,,,,,,,,
2023PN880024,OIL SANDS LONGTERM WQ MONITORING,M3 LT WQ PANEL 5 OF 10,AL07DD0008,56.8388,-111.41548,2023-07-04 13:10,WATER,VERTICAL INTEGRATED,3.6,,121.9,,0,,1.174,,20.173,,120.173,,0,,0.156,,0.24,,9.777,,7.898,,142.895,,,,,,NA,,NA,,100,,,,0.95,,0.09,,,,8.21,,,,,,,,25.9,,33.7,,8.75,,1.22,,5.95,,6.06,,,,244,,213,,9.21,,8.04,,244,,17.9,EVENTF,174,,,,50,,,,,,,,,,,,,,,,,,,,,,,,,,,,,,,,,,,,,,,,,,,,,,,,,,,,,,,,,,,,,,,,,,,,,,,,,,,,,,,,,,,,,,,,,,,,,,,,,,,,,,,,,,,,,,,,,,,,,,,,,,,,,,
2023PN880025,OIL SANDS LONGTERM WQ MONITORING,M3 LT WQ PANEL 9 OF 10,AL07DD0008,56.83991,-111.41234,2023-07-04 14:10,WATER,VERTICAL INTEGRATED,4.7,,97.52,,0,,1.159,,6.647,,86.647,,0,,-0.196,,0.48,,20.317,,8.512,,119.713,,,,,,NA,,NA,,80,,,,7.83,,0.09,,,,8.12,,,,,,,,13,,24,,6.49,,1.01,,8.82,,10.3,,,,206,,115,,9.12,,7.92,,197,,17.1,EVENTF,102,,,,95,,,,,,,,,,,,,,,,,,,,,,,,,,,,,,,,,,,,,,,,,,,,,,,,,,,,,,,,,,,,,,,,,,,,,,,,,,,,,,,,,,,,,,,,,,,,,,,,,,,,,,,,,,,,,,,,,,,,,,,,,,,,,,
2023PN880026,OIL SANDS LONGTERM WQ MONITORING,M7 LTWQ PANEL 1 OF 10,AL07DD0007,57.31332,-111.67533,2023-07-06 13:05,WATER,VERTICAL INTEGRATED,6,,117.39,,0,,1.242,,17.064,,113.364,,0,,0.099,,0.31,,12.414,,7.971,,137.682,,,,,,NA,,NA,,96.3,,,,1.51,,0.09,,,,8.17,,,,,,,,23.4,,31.6,,8.37,,1.19,,5.97,,7.48,,,,236,,156,,8.44,,7.92,,232,,18.8,EVENTF,132,,,,77,,,,,,,,,,,,,,,,,,,,,,,,,,,,,,,,,,,,,,,,,,,,,,,,,,,,,,,,,,,,,,,,,,,,,,,,,,,,,,,,,,,,,,,,,,,,,,,,,,,,,,,,,,,,,,,,,,,,,,,,,,,,,,
2023PN880027,OIL SANDS LONGTERM WQ MONITORING,M7 LTWQ PANEL 4 OF 10,AL07DD0007,57.31365,-111.67278,2023-07-06 13:55,WATER,VERTICAL INTEGRATED,3.2,,113.001,,0,,1.195,,16.891,,109.591,,0,,0.07,,0.31,,12.896,,8.03,,134.625,,,,,,NA,,NA,,92.7,,,,3.22,,0.09,,,,8.17,,,,,,,,21.6,,30.6,,8.06,,1.11,,6.54,,7.55,,,,231,,148,,8.55,,7.94,,229,,18.8,EVENTF,128,,,,77,,,,,,,,,,,,,,,,,,,,,,,,,,,,,,,,,,,,,,,,,,,,,,,,,,,,,,,,,,,,,,,,,,,,,,,,,,,,,,,,,,,,,,,,,,,,,,,,,,,,,,,,,,,,,,,,,,,,,,,,,,,,,,
2023PN880028,OIL SANDS LONGTERM WQ MONITORING,M7 LTWQ PANEL 10 OF 10,AL07DD0007,57.31395,-111.66737,2023-07-06 13:25,WATER,VERTICAL INTEGRATED,2.6,,110.685,,0,,1.256,,13.854,,104.654,,0,,0.006,,0.35,,14.535,,8.128,,131.378,,,,,,NA,,NA,,90.8,,,,4.19,,0.09,,,,8.14,,,,,,,,19.4,,29.2,,7.71,,1.04,,6.78,,8.28,,,,227,,131,,8.57,,7.93,,224,,18.6,EVENTF,114,,,,76,,,,,,,,,,,,,,,,,,,,,,,,,,,,,,,,,,,,,,,,,,,,,,,,,,,,,,,,,,,,,,,,,,,,,,,,,,,,,,,,,,,,,,,,,,,,,,,,,,,,,,,,,,,,,,,,,,,,,,,,,,,,,,
2023PN880029,OIL SANDS LONGTERM WQ MONITORING,ATHABASCA RIVER M2 ABOVE HORSE RIVER,AL07DD0002,56.71952778,-111.4044722,2023-07-18 15:35,WATER,VERTICAL INTEGRATED,3,,140.185,,0,,1.382,,20.719,,135.719,,0,,0.336,,0.25,,9.756,,7.529,,162.519,,,,,,NA,,NA,,115,,,,1.06,,0.1,,,,8.2,,,,,,,,31.7,,37.7,,10.1,,1.1,,4.94,,6.81,,,,282,,37.5,,8.9,,8.27,,270,,20.8,,30.2,,,,63,,,,,,,,,,,,,,,,,,,,,,,,,,,,,,,,,,,,,,,,,,,,,,,,,,,,,,,,,,,,,,,,,,,,,,,,,,,,,,,,,,,,,,,,,,,,,,,,,,,,,,,,,,,,,,,,,,,,,,,,,,,,,,
2023PN880030,OIL SANDS LONGTERM WQ MONITORING,M3 LT WQ PANEL 2 OF 10,AL07DD0008,56.83851,-111.41779,2023-07-18 11:40,WATER,VERTICAL INTEGRATED,2.7,,140.185,,0,,1.382,,20.469,,135.469,,0,,0.302,,0.27,,10.195,,7.597,,163.009,,,,,,NA,,NA,,115,,,,1.19,,0.1,,,,8.2,,,,,,,,31.6,,37.6,,10.1,,1.13,,5.14,,7.14,,,,283,,41.4,,8.76,,8.21,,284,,19.7,,34.5,,,,62,,,,,,,,,,,,,,,,,,,,,,,,,,,,,,,,,,,,,,,,,,,,,,,,,,,,,,,,,,,,,,,,,,,,,,,,,,,,,,,,,,,,,,,,,,,,,,,,,,,,,,,,,,,,,,,,,,,,,,,,,,,,,,
2023PN880031,OIL SANDS LONGTERM WQ MONITORING,M3 LT WQ PANEL 5 OF 10,AL07DD0008,56.8388,-111.41548,2023-07-18 12:00,WATER,VERTICAL INTEGRATED,2.3,,138.966,,0,,1.37,,19.685,,133.685,,0,,0.295,,0.27,,10.278,,7.609,,161.353,,,,,,NA,,NA,,114,,,,1.35,,0.1,,,,8.2,,,,,,,,31.2,,37.1,,9.97,,1.11,,5,,7.11,,,,280,,37.8,,8.86,,8.23,,282,,19.8,,32,,,,56,,,,,,,,,,,,,,,,,,,,,,,,,,,,,,,,,,,,,,,,,,,,,,,,,,,,,,,,,,,,,,,,,,,,,,,,,,,,,,,,,,,,,,,,,,,,,,,,,,,,,,,,,,,,,,,,,,,,,,,,,,,,,,
2023PN880032,OIL SANDS LONGTERM WQ MONITORING,M3 LT WQ PANEL 9 OF 10,AL07DD0008,56.83991,-111.41234,2023-07-18 12:30,WATER,VERTICAL INTEGRATED,3.4,,101.299,,0,,1.322,,6.445,,89.545,,0,,-0.147,,0.63,,24.599,,8.374,,132.072,,,,,,NA,,NA,,83.1,,,,12.8,,0.09,,,,8.08,,,,,,,,16.3,,24.6,,6.83,,0.94,,7.03,,13.6,,,,233,,23.4,,8.76,,8.06,,233,,19.3,,23.5,,,,72,,,,,,,,,,,,,,,,,,,,,,,,,,,,,,,,,,,,,,,,,,,,,,,,,,,,,,,,,,,,,,,,,,,,,,,,,,,,,,,,,,,,,,,,,,,,,,,,,,,,,,,,,,,,,,,,,,,,,,,,,,,,,,
2023PN880033,OIL SANDS LONGTERM WQ MONITORING,M7 LTWQ PANEL 1 OF 10,AL07DD0007,57.31332,-111.67533,2023-07-19 13:50,WATER,VERTICAL INTEGRATED,6.1,,134.09,,0,,1.204,,22.047,,132.047,,0,,0.35,,0.32,,12.129,,7.54,,159.799,,,,,,NA,,NA,,110,,,,2.99,,0.1,,,,8.24,,,,,,,,29.3,,35.9,,10.3,,1.07,,5.67,,8.46,,,,274,,37,,8.49,,8.11,,278,,21.3,,31,,,,41,,,,,,,,,,,,,,,,,,,,,,,,,,,,,,,,,,,,,,,,,,,,,,,,,,,,,,,,,,,,,,,,,,,,,,,,,,,,,,,,,,,,,,,,,,,,,,,,,,,,,,,,,,,,,,,,,,,,,,,,,,,,,,
2023PN880034,OIL SANDS LONGTERM WQ MONITORING,M7 LTWQ PANEL 4 OF 10,AL07DD0007,57.31365,-111.67278,2023-07-19 13:30,WATER,VERTICAL INTEGRATED,1.8,,125.557,,0,,1.392,,14.882,,117.882,,0,,0.181,,0.39,,15.142,,7.787,,151.319,,,,,,NA,,NA,,103,,,,5.75,,0.1,,,,8.15,,,,,,,,25.6,,32.7,,8.8,,1.02,,5.77,,9.77,,,,263,,32.6,,8.54,,8.11,,266,,20.9,,29.4,,,,45,,,,,,,,,,,,,,,,,,,,,,,,,,,,,,,,,,,,,,,,,,,,,,,,,,,,,,,,,,,,,,,,,,,,,,,,,,,,,,,,,,,,,,,,,,,,,,,,,,,,,,,,,,,,,,,,,,,,,,,,,,,,,,
2023PN880035,OIL SANDS LONGTERM WQ MONITORING,M7 LTWQ PANEL 10 OF 10,AL07DD0007,57.31395,-111.66737,2023-07-19 13:05,WATER,VERTICAL INTEGRATED,1.3,,124.338,,0,,1.315,,0.328,,102.328,,0,,0.136,,0.39,,15.964,,7.897,,140.169,,,,,,NA,,NA,,102,,,,5.66,,0.09,,,,8.17,,,,,,,,22,,28.4,,7.63,,0.9,,5.25,,9.03,,,,262,,30.6,,8.55,,8.1,,264,,20.8,,27.8,,,,46,,,,,,,,,,,,,,,,,,,,,,,,,,,,,,,,,,,,,,,,,,,,,,,,,,,,,,,,,,,,,,,,,,,,,,,,,,,,,,,,,,,,,,,,,,,,,,,,,,,,,,,,,,,,,,,,,,,,,,,,,,,,,,
2023PN880036,OIL SANDS LONGTERM WQ MONITORING,ATHABASCA RIVER M2 ABOVE HORSE RIVER,AL07DD0002,56.71952778,-111.4044722,2023-08-02 13:30,WATER,VERTICAL INTEGRATED,3.3,,115.439,,0,,1.372,,1.763,,96.463,,0,,0.007,,0.28,,12.302,,8.106,,123.143,,,,,,NA,,NA,,94.7,,,,1.43,,0.08,,,,8.12,,,,,,,,15.5,,27.7,,6.63,,1.14,,7.44,,6.31,,,,220,,290,,8.73,,8.02,,210,,19.4,EVENTF,225,,,,101,,,,,,,,,,,,,,,,,,,,,,,,,,,,,,,,,,,,,,,,,,,,,,,,,,,,,,,,,,,,,,,,,,,,,,,,,,,,,,,,,,,,,,,,,,,,,,,,,,,,,,,,,,,,,,,,,,,,,,,,,,,,,,
2023PN880037,OIL SANDS LONGTERM WQ MONITORING,M3 LT WQ PANEL 2 OF 10,AL07DD0008,56.83851,-111.41779,2023-08-02 11:15,WATER,VERTICAL INTEGRATED,3.2,,118.487,,0,,1.313,,10.045,,107.245,,0,,0.084,,0.29,,12.228,,7.983,,130.896,,,,,,NA,,NA,,97.2,,,,1.52,,0.09,,,,8.15,,,,,,,,17.3,,30.6,,7.49,,1.18,,7.33,,6.96,,,,225,,274,,8.47,,8.01,,219,,19.2,EVENTF,226,,,,89,,,,,,,,,,,,,,,,,,,,,,,,,,,,,,,,,,,,,,,,,,,,,,,,,,,,,,,,,,,,,,,,,,,,,,,,,,,,,,,,,,,,,,,,,,,,,,,,,,,,,,,,,,,,,,,,,,,,,,,,,,,,,,
2023PN880038,OIL SANDS LONGTERM WQ MONITORING,M3 LT WQ PANEL 5 OF 10,AL07DD0008,56.8388,-111.41548,2023-08-02 11:35,WATER,VERTICAL INTEGRATED,2.6,,117.024,,0,,1.238,,7.057,,103.057,,0,,0.083,,0.28,,12.139,,8.004,,128.551,,,,,,NA,,NA,,96,,,,1.51,,0.08,,,,8.17,,,,,,,,16.6,,29.5,,7.14,,1.22,,8.15,,6.64,,,,223,,286,,8.66,,8.01,,219,,19.2,EVENTF,219,,,,105,,,,,,,,,,,,,,,,,,,,,,,,,,,,,,,,,,,,,,,,,,,,,,,,,,,,,,,,,,,,,,,,,,,,,,,,,,,,,,,,,,,,,,,,,,,,,,,,,,,,,,,,,,,,,,,,,,,,,,,,,,,,,,
2023PN880039,OIL SANDS LONGTERM WQ MONITORING,M3 LT WQ PANEL 9 OF 10,AL07DD0008,56.83991,-111.41234,2023-08-02 12:00,WATER,VERTICAL INTEGRATED,3.9,,100.324,,0,,1.221,,0,,81.631,,0,,-0.142,,0.57,,23.84,,8.395,,119.176,,,,,,NA,,NA,,82.3,,,,9.92,,0.09,,,,8.11,,,,,,,,10,,22.7,,6.06,,0.88,,8.14,,11.9,,,,213,,128,,8.32,,7.91,,202,,19.6,EVENTF,114,,,,114,,,,,,,,,,,,,,,,,,,,,,,,,,,,,,,,,,,,,,,,,,,,,,,,,,,,,,,,,,,,,,,,,,,,,,,,,,,,,,,,,,,,,,,,,,,,,,,,,,,,,,,,,,,,,,,,,,,,,,,,,,,,,,
2023PN880040,OIL SANDS LONGTERM WQ MONITORING,M7 LTWQ PANEL 1 OF 10,AL07DD0007,57.31332,-111.67533,2023-08-01 13:50,WATER,VERTICAL INTEGRATED,7.1,,123.119,,0,,1.214,,10.787,,111.787,,0,,0.211,,0.3,,12.434,,7.779,,138.007,,,,,,NA,,NA,,101,,,,1.55,,0.09,,,,8.2,,,,,,,,22.2,,31.1,,8.29,,0.94,,5.69,,7.37,,,,243,,126,,7.74,,7.94,,240,,21.1,EVENTF,101,,,,60,,,,,,,,,,,,,,,,,,,,,,,,,,,,,,,,,,,,,,,,,,,,,,,,,,,,,,,,,,,,,,,,,,,,,,,,,,,,,,,,,,,,,,,,,,,,,,,,,,,,,,,,,,,,,,,,,,,,,,,,,,,,,,
2023PN880041,OIL SANDS LONGTERM WQ MONITORING,M7 LTWQ PANEL 4 OF 10,AL07DD0007,57.31365,-111.67278,2023-08-01 13:40,WATER,VERTICAL INTEGRATED,3,,119.95,,0,,1.182,,4.18,,102.58,,0,,0.162,,0.31,,13.191,,7.877,,132.152,,,,,,NA,,NA,,98.4,,,,2.97,,0.08,,,,8.2,,,,,,,,19.8,,28.6,,7.57,,0.89,,5.82,,7.24,,,,242,,124,,7.83,,7.93,,237,,21,,117,,,,63,,,,,,,,,,,,,,,,,,,,,,,,,,,,,,,,,,,,,,,,,,,,,,,,,,,,,,,,,,,,,,,,,,,,,,,,,,,,,,,,,,,,,,,,,,,,,,,,,,,,,,,,,,,,,,,,,,,,,,,,,,,,,,
2023PN880042,OIL SANDS LONGTERM WQ MONITORING,M7 LTWQ PANEL 10 OF 10,AL07DD0007,57.31395,-111.66737,2023-08-01 13:25,WATER,VERTICAL INTEGRATED,2.4,,117.024,,0,,1.154,,6.994,,102.994,,0,,0.153,,0.36,,14.79,,7.895,,133.464,,,,,,NA,,NA,,96,,,,4.06,,0.09,,,,8.2,,,,,,,,19.2,,28.7,,7.61,,0.96,,6.81,,8.31,,,,238,,112,,7.83,,7.92,,223,,21,EVENTF,95,,,,70,,,,,,,,,,,,,,,,,,,,,,,,,,,,,,,,,,,,,,,,,,,,,,,,,,,,,,,,,,,,,,,,,,,,,,,,,,,,,,,,,,,,,,,,,,,,,,,,,,,,,,,,,,,,,,,,,,,,,,,,,,,,,,
2023PN880043,OIL SANDS LONGTERM WQ MONITORING,ATHABASCA RIVER M2 ABOVE HORSE RIVER,AL07DD0002,56.71952778,-111.4044722,2023-08-15 13:10,WATER,VERTICAL INTEGRATED,3.5,,127.995,,0,,1.386,,8.957,,113.957,,0,,0.14,,0.31,,12.398,,7.881,,143.661,,,,,,NA,,NA,,105,,,,1.99,,0.09,,,,8.16,,,,,,,,22.7,,32.2,,8.15,,1.46,,6.47,,7.53,,,,247,,74.6,,9.08,,8.14,,254,,19,EVENTF,66.4,,,,106,,,,,,,,,,,,,,,,,,,,,,,,,,,,,,,,,,,,,,,,,,,,,,,,,,,,,,,,,,,,,,,,,,,,,,,,,,,,,,,,,,,,,,,,,,,,,,,,,,,,,,,,,,,,,,,,,,,,,,,,,,,,,,
2023PN880044,OIL SANDS LONGTERM WQ MONITORING,M3 LT WQ PANEL 2 OF 10,AL07DD0008,56.83851,-111.41779,2023-08-15 10:35,WATER,VERTICAL INTEGRATED,3,,130.433,,0,,1.515,,11.976,,118.976,,0,,0.12,,0.32,,12.699,,7.889,,148.724,,,,,,NA,,NA,,107,,,,2.17,,0.09,,,,8.13,,,,,,,,23.7,,33.6,,8.52,,1.52,,6.76,,8.08,,,,255,,86.3,,8.82,,8.06,,256,,18.5,EVENTF,72,,,,109,,,,,,,,,,,,,,,,,,,,,,,,,,,,,,,,,,,,,,,,,,,,,,,,,,,,,,,,,,,,,,,,,,,,,,,,,,,,,,,,,,,,,,,,,,,,,,,,,,,,,,,,,,,,,,,,,,,,,,,,,,,,,,
2023PN880045,OIL SANDS LONGTERM WQ MONITORING,M3 LT WQ PANEL 5 OF 10,AL07DD0008,56.8388,-111.41548,2023-08-15 10:55,WATER,VERTICAL INTEGRATED,2.2,,129.214,,0,,1.432,,12.271,,118.271,,0,,0.143,,0.32,,12.65,,7.865,,148.129,,,,,,NA,,NA,,106,,,,2.17,,0.09,,,,8.15,,,,,,,,23.7,,33.4,,8.47,,1.55,,7.06,,8,,,,254,,82.6,,8.99,,8.1,,255,,18.8,EVENTF,72.2,,,,105,,,,,,,,,,,,,,,,,,,,,,,,,,,,,,,,,,,,,,,,,,,,,,,,,,,,,,,,,,,,,,,,,,,,,,,,,,,,,,,,,,,,,,,,,,,,,,,,,,,,,,,,,,,,,,,,,,,,,,,,,,,,,,
2023PN880046,OIL SANDS LONGTERM WQ MONITORING,M3 LT WQ PANEL 9 OF 10,AL07DD0008,56.83991,-111.41234,2023-08-15 11:15,WATER,VERTICAL INTEGRATED,3.6,,105.322,,0,,1.545,,1.987,,88.387,,0,,-0.215,,0.61,,24.111,,8.46,,128.922,,,,,,NA,,NA,,86.4,,,,11.4,,0.09,,,,8.03,,,,,,,,12,,24.4,,6.67,,1.07,,8.17,,13.1,,,,228,,43.6,,8.87,,7.98,,230,,18.2,,45,,,,112,,,,,,,,,,,,,,,,,,,,,,,,,,,,,,,,,,,,,,,,,,,,,,,,,,,,,,,,,,,,,,,,,,,,,,,,,,,,,,,,,,,,,,,,,,,,,,,,,,,,,,,,,,,,,,,,,,,,,,,,,,,,,,
2023PN880047,OIL SANDS LONGTERM WQ MONITORING,M7 LTWQ PANEL 1 OF 10,AL07DD0007,57.31332,-111.67533,2023-08-16 13:00,WATER,VERTICAL INTEGRATED,6.7,,124.338,,0,,1.586,,8.008,,110.008,,0,,0.039,,0.36,,14.607,,8.013,,140.534,,,,,,NA,,NA,,102,,,,2.78,,0.09,,,,8.09,,,,,,,,20.5,,30.8,,8.04,,1.35,,6.87,,8.78,,,,247,,66.5,,8.61,,8.03,,247,,19,EVENTF,55,,,,122,,,,,,,,,,,,,,,,,,,,,,,,,,,,,,,,,,,,,,,,,,,,,,,,,,,,,,,,,,,,,,,,,,,,,,,,,,,,,,,,,,,,,,,,,,,,,,,,,,,,,,,,,,,,,,,,,,,,,,,,,,,,,,
2023PN880048,OIL SANDS LONGTERM WQ MONITORING,M7 LTWQ PANEL 4 OF 10,AL07DD0007,57.31365,-111.67278,2023-08-16 12:50,WATER,VERTICAL INTEGRATED,2.6,,121.412,,0,,1.585,,12.318,,111.918,,0,,0.023,,0.41,,15.907,,8.035,,143.529,,,,,,NA,,NA,,99.6,,,,5.28,,0.1,,,,8.08,,,,,,,,19.8,,31.4,,8.14,,1.39,,7.58,,9.88,,,,249,,66.2,,8.57,,8.01,,247,,18.9,EVENTF,57,,,,110,,,,,,,,,,,,,,,,,,,,,,,,,,,,,,,,,,,,,,,,,,,,,,,,,,,,,,,,,,,,,,,,,,,,,,,,,,,,,,,,,,,,,,,,,,,,,,,,,,,,,,,,,,,,,,,,,,,,,,,,,,,,,,
2023PN880049,OIL SANDS LONGTERM WQ MONITORING,M7 LTWQ PANEL 10 OF 10,AL07DD0007,57.31395,-111.66737,2023-08-16 12:35,WATER,VERTICAL INTEGRATED,1.7,,120.315,,0,,1.43,,10.894,,109.594,,0,,0.044,,0.42,,16.631,,8.033,,142.308,,,,,,NA,,NA,,98.7,,,,5.91,,0.09,,,,8.12,,,,,,,,18.9,,30.7,,8,,1.34,,7.82,,10.2,,,,249,,65.6,,8.61,,8.03,,245,,18.7,EVENTF,56.3,,,,115,,,,,,,,,,,,,,,,,,,,,,,,,,,,,,,,,,,,,,,,,,,,,,,,,,,,,,,,,,,,,,,,,,,,,,,,,,,,,,,,,,,,,,,,,,,,,,,,,,,,,,,,,,,,,,,,,,,,,,,,,,,,,,
2023PN880050,OIL SANDS LONGTERM WQ MONITORING,ATHABASCA RIVER M2 ABOVE HORSE RIVER,AL07DD0002,56.71952778,-111.4044722,2023-09-12 14:15,WATER,TRIPLICATE SAMPLE,3.2,,137.747,,0,,1.491,,17.87,,130.87,,0,,0.15,,0.27,,10.338,,7.86,,157.928,,,,,,NA,,NA,,113,,,,1.33,,0.09,,,,8.16,,,,,,,,29.3,,36.5,,9.65,,1.16,,5.07,,7.01,,,,273,,32,,9.61,,8.26,,270,,16.6,,25.5,,,,50,,,,,,,,,,,,,,,,,,,,,,,,,,,,,,,,,,,,,,,,,,,,,,,,,,,,,,,,,,,,,,,,,,,,,,,,,,,,,,,,,,,,,,,,,,,,,,,,,,,,,,,,,,,,,,,,,,,,,,,,,,,,,,
2023PN880051,OIL SANDS LONGTERM WQ MONITORING,ATHABASCA RIVER M2 ABOVE HORSE RIVER,AL07DD0002,56.71952778,-111.4044722,2023-09-12 14:20,WATER,TRIPLICATE SAMPLE,3.2,,137.747,,0,,1.638,,22.557,,135.557,,0,,PM,,0.27,,10.243,,PM,,160.659,,,,,,NA,,NA,,113,,,,1.37,,0.09,,,,8.12,,,,,,,,29.8,,37.8,,10,,1.25,,5.35,,7.19,,,,272,,31,,,,,,,,,,,,,,50,,,,,,,,,,,,,,,,,,,,,,,,,,,,,,,,,,,,,,,,,,,,,,,,,,,,,,,,,,,,,,,,,,,,,,,,,,,,,,,,,,,,,,,,,,,,,,,,,,,,,,,,,,,,,,,,,,,,,,,,,,,,,,
2023PN880052,OIL SANDS LONGTERM WQ MONITORING,ATHABASCA RIVER M2 ABOVE HORSE RIVER,AL07DD0002,56.71952778,-111.4044722,2023-09-12 14:25,WATER,TRIPLICATE SAMPLE,3.2,,137.747,,0,,1.491,,17.123,,130.123,,0,,PM,,0.26,,10.298,,PM,,157.029,,,,,,NA,,NA,,113,,,,1.3,,0.09,,,,8.16,,,,,,,,28.8,,36.3,,9.59,,1.15,,5.05,,6.94,,,,273,,30.8,,,,,,,,,,,,,,50,,,,,,,,,,,,,,,,,,,,,,,,,,,,,,,,,,,,,,,,,,,,,,,,,,,,,,,,,,,,,,,,,,,,,,,,,,,,,,,,,,,,,,,,,,,,,,,,,,,,,,,,,,,,,,,,,,,,,,,,,,,,,,
2023PN880055,OIL SANDS LONGTERM WQ MONITORING,M3 LT WQ PANEL 2 OF 10,AL07DD0008,56.83851,-111.41779,2023-09-12 10:55,WATER,VERTICAL INTEGRATED,2.1,,137.747,,0,,1.457,,19.28,,132.28,,0,,0.146,,0.27,,10.392,,7.877,,158.389,,,,,,NA,,NA,,113,,,,1.36,,0.09,,,,8.17,,,,,,,,29,,36.9,,9.75,,1.21,,5.14,,7.13,,,,274,,29.3,,9.3,,8.2,,272,,16,,23.2,,,,55,,,,,,,,,,,,,,,,,,,,,,,,,,,,,,,,,,,,,,,,,,,,,,,,,,,,,,,,,,,,,,,,,,,,,,,,,,,,,,,,,,,,,,,,,,,,,,,,,,,,,,,,,,,,,,,,,,,,,,,,,,,,,,
2023PN880056,OIL SANDS LONGTERM WQ MONITORING,M3 LT WQ PANEL 5 OF 10,AL07DD0008,56.8388,-111.41548,2023-09-12 11:20,WATER,VERTICAL INTEGRATED,0.9,,136.528,,0,,1.444,,17.127,,129.127,,0,,0.132,,0.29,,11.056,,7.907,,156.917,,,,,,NA,,NA,,112,,,,2.08,,0.09,,,,8.17,,,,,,,,28.2,,36,,9.53,,1.18,,5.15,,7.46,,,,272,,29.4,,9.41,,8.16,,270,,16,,24.9,,,,55,,,,,,,,,,,,,,,,,,,,,,,,,,,,,,,,,,,,,,,,,,,,,,,,,,,,,,,,,,,,,,,,,,,,,,,,,,,,,,,,,,,,,,,,,,,,,,,,,,,,,,,,,,,,,,,,,,,,,,,,,,,,,,
2023PN880057,OIL SANDS LONGTERM WQ MONITORING,M3 LT WQ PANEL 9 OF 10,AL07DD0008,56.83991,-111.41234,2023-09-12 11:35,WATER,VERTICAL INTEGRATED,2.7,,112.636,,0,,1.47,,6.434,,98.834,,0,,0.099,,0.74,,26.976,,7.882,,149.909,,,,,,NA,,NA,,92.4,,,,17.6,,0.09,,,,8.08,,,,,,,,17,,27.1,,7.57,,1.05,,7.05,,17,,,,267,,17,,9.29,,8.05,,265,,15.8,,15.5,,,,49,,,,,,,,,,,,,,,,,,,,,,,,,,,,,,,,,,,,,,,,,,,,,,,,,,,,,,,,,,,,,,,,,,,,,,,,,,,,,,,,,,,,,,,,,,,,,,,,,,,,,,,,,,,,,,,,,,,,,,,,,,,,,,
2023PN880058,OIL SANDS LONGTERM WQ MONITORING,M7 LTWQ PANEL 1 OF 10,AL07DD0007,57.31332,-111.67533,2023-09-13 11:50,WATER,VERTICAL INTEGRATED,5.8,,135.309,,0,,1.647,,19.535,,130.535,,0,,0.083,,0.38,,14.091,,7.945,,162.689,,,,,,NA,,NA,,111,,,,5.18,,0.09,,,,8.11,,,,,,,,28.2,,36.3,,9.69,,1.19,,5.48,,9.95,,,,279,,25.4,,9.1,,8.1,,276,,16.4,,22.5,,,,43,,,,,,,,,,,,,,,,,,,,,,,,,,,,,,,,,,,,,,,,,,,,,,,,,,,,,,,,,,,,,,,,,,,,,,,,,,,,,,,,,,,,,,,,,,,,,,,,,,,,,,,,,,,,,,,,,,,,,,,,,,,,,,
2023PN880059,OIL SANDS LONGTERM WQ MONITORING,M7 LTWQ PANEL 4 OF 10,AL07DD0007,57.31365,-111.67278,2023-09-13 11:35,WATER,VERTICAL INTEGRATED,1.9,,131.652,,0,,1.425,,16.437,,124.437,,0,,0.103,,0.42,,15.605,,7.953,,159.633,,,,,,NA,,NA,,108,,,,6.94,,0.09,,,,8.16,,,,,,,,26.3,,34.6,,9.24,,1.2,,5.75,,10.7,,,,278,,24.5,,9.08,,8.14,,273,,16.5,,20.8,,,,51,,,,,,,,,,,,,,,,,,,,,,,,,,,,,,,,,,,,,,,,,,,,,,,,,,,,,,,,,,,,,,,,,,,,,,,,,,,,,,,,,,,,,,,,,,,,,,,,,,,,,,,,,,,,,,,,,,,,,,,,,,,,,,
2023PN880060,OIL SANDS LONGTERM WQ MONITORING,M7 LTWQ PANEL 10 OF 10,AL07DD0007,57.31395,-111.66737,2023-09-13 11:15,WATER,VERTICAL INTEGRATED,0.8,,130.433,,0,,1.515,,15.986,,122.986,,0,,0.062,,0.43,,16.14,,8.006,,158.749,,,,,,NA,,NA,,107,,,,7.5,,0.09,,,,8.13,,,,,,,,25.7,,34.2,,9.13,,1.12,,5.8,,11,,,,277,,22.4,,9.07,,8.17,,274,,16.4,,19.1,,,,47,,,,,,,,,,,,,,,,,,,,,,,,,,,,,,,,,,,,,,,,,,,,,,,,,,,,,,,,,,,,,,,,,,,,,,,,,,,,,,,,,,,,,,,,,,,,,,,,,,,,,,,,,,,,,,,,,,,,,,,,,,,,,,
2023PN880061,OIL SANDS LONGTERM WQ MONITORING,ATHABASCA RIVER M2 ABOVE HORSE RIVER,AL07DD0002,56.71952778,-111.4044722,2023-10-16 15:00,WATER,VERTICAL INTEGRATED,3.1,,172.708,,1.992,,1.254,,17.815,,162.815,,0,,0.259,,0.42,,14.085,,7.822,,205.549,,,,,,NA,,1.66,,145,,,,2.7,,0.1,,,,8.34,,,,,,,,41.1,,44.1,,12.8,,1.43,,3.91,,12.4,,,,361,,3.96,,11.56,,8.34,,350,,8.8,,3.1,,,,24,,,,,,,,,,,,,,,,,,,,,,,,,,,,,,,,,,,,,,,,,,,,,,,,,,,,,,,,,,,,,,,,,,,,,,,,,,,,,,,,,,,,,,,,,,,,,,,,,,,,,,,,,,,,,,,,,,,,,,,,,,,,,,
2023PN880062,OIL SANDS LONGTERM WQ MONITORING,M3 LT WQ PANEL 2 OF 10,AL07DD0008,56.83851,-111.41779,2023-10-16 11:30,WATER,VERTICAL INTEGRATED,1.3,,174.731,,1.596,,1.324,,18.887,,164.887,,0,,0.216,,0.43,,14.221,,7.888,,207.849,,,,,,NA,,1.33,,146,,,,3.09,,0.1,,,,8.32,,,,,,,,41.4,,44.6,,13,,1.46,,3.89,,12.7,,,,362,,3.88,,11.4,,8.31,,352,,7.9,,3.1,,,,17,,,,,,,,,,,,,,,,,,,,,,,,,,,,,,,,,,,,,,,,,,,,,,,,,,,,,,,,,,,,,,,,,,,,,,,,,,,,,,,,,,,,,,,,,,,,,,,,,,,,,,,,,,,,,,,,,,,,,,,,,,,,,,
2023PN880063,OIL SANDS LONGTERM WQ MONITORING,M3 LT WQ PANEL 5 OF 10,AL07DD0008,56.8388,-111.41548,2023-10-16 11:55,WATER,VERTICAL INTEGRATED,1.1,,172.854,,1.32,,1.337,,14.759,,158.759,,0,,0.191,,0.45,,14.875,,7.928,,204.209,,,,,,NA,,1.1,,144,,,,3.2,,0.1,,,,8.31,,,,,,,,40.6,,43.3,,12.3,,1.52,,3.88,,12.9,,,,359,,4.15,,11.4,,8.27,,350,,8,,3.2,,,,23,,,,,,,,,,,,,,,,,,,,,,,,,,,,,,,,,,,,,,,,,,,,,,,,,,,,,,,,,,,,,,,,,,,,,,,,,,,,,,,,,,,,,,,,,,,,,,,,,,,,,,,,,,,,,,,,,,,,,,,,,,,,,,
2023PN880064,OIL SANDS LONGTERM WQ MONITORING,M3 LT WQ PANEL 9 OF 10,AL07DD0008,56.83991,-111.41234,2023-10-16 12:15,WATER,VERTICAL INTEGRATED,2.1,,120.315,,0,,1.397,,1.446,,100.146,,0,,-0.382,,1,,32.991,,8.895,,169.792,,,,,,NA,,NA,,98.7,,,,24.3,,0.1,,,,8.13,,,,,,,,19.6,,26.9,,8.01,,1.21,,7.39,,23,,,,309,,6.02,,11.66,,8.12,,301,,7.1,,5,,,,23,,,,,,,,,,,,,,,,,,,,,,,,,,,,,,,,,,,,,,,,,,,,,,,,,,,,,,,,,,,,,,,,,,,,,,,,,,,,,,,,,,,,,,,,,,,,,,,,,,,,,,,,,,,,,,,,,,,,,,,,,,,,,,
2023PN880065,OIL SANDS LONGTERM WQ MONITORING,M7 LTWQ PANEL 4 OF 10,AL07DD0007,57.31365,-111.67278,2023-10-15 12:00,WATER,VERTICAL INTEGRATED,1.7,,154.813,,0,,1.491,,13.834,,140.834,,0,,-0.019,,0.58,,19.529,,8.249,,192.189,,,,,,NA,,NA,,127,,,,10.2,,0.1,,,,8.21,,,,,,,,34.1,,38.1,,11.1,,1.4,,5.08,,15.9,,,,337,,6.3,,11.26,,8.23,,330,,7.9,,5.35,,,,42,,,,,,,,,,,,,,,,,,,,,,,,,,,,,,,,,,,,,,,,,,,,,,,,,,,,,,,,,,,,,,,,,,,,,,,,,,,,,,,,,,,,,,,,,,,,,,,,,,,,,,,,,,,,,,,,,,,,,,,,,,,,,,
2023PN880066,OIL SANDS LONGTERM WQ MONITORING,M7 LTWQ PANEL 1 OF 10,AL07DD0007,57.31332,-111.67533,2023-10-15 12:45,WATER,TRIPLICATE SAMPLE,5.3,,157.251,,0,,1.445,,14.406,,143.406,,0,,0.015,,0.56,,18.858,,8.2,,193.979,,,,,,NA,,NA,,129,,,,9.63,,0.1,,,,8.23,,,,,,,,35,,38.8,,11.3,,1.39,,4.85,,15.5,,,,339,,6.42,,11.35,,8.21,,332,,7.9,,5.7,,,,21,,,,,,,,,,,,,,,,,,,,,,,,,,,,,,,,,,,,,,,,,,,,,,,,,,,,,,,,,,,,,,,,,,,,,,,,,,,,,,,,,,,,,,,,,,,,,,,,,,,,,,,,,,,,,,,,,,,,,,,,,,,,,,
2023PN880067,OIL SANDS LONGTERM WQ MONITORING,M7 LTWQ PANEL 1 OF 10,AL07DD0007,57.31332,-111.67533,2023-10-15 12:50,WATER,TRIPLICATE SAMPLE,5.3,,157.251,,0,,1.587,,12.084,,141.084,,0,,PM,,0.56,,19.006,,PM,,192.309,,,,,,NA,,NA,,129,,,,9.48,,0.1,,,,8.19,,,,,,,,34.4,,38.2,,11.1,,1.39,,4.83,,15.4,,,,339,,6.42,,,,,,,,,,,,,,28,,,,,,,,,,,,,,,,,,,,,,,,,,,,,,,,,,,,,,,,,,,,,,,,,,,,,,,,,,,,,,,,,,,,,,,,,,,,,,,,,,,,,,,,,,,,,,,,,,,,,,,,,,,,,,,,,,,,,,,,,,,,,,
2023PN880068,OIL SANDS LONGTERM WQ MONITORING,M7 LTWQ PANEL 1 OF 10,AL07DD0007,57.31332,-111.67533,2023-10-15 12:55,WATER,TRIPLICATE SAMPLE,5.3,,157.251,,0,,1.587,,13.245,,142.245,,0,,PM,,0.57,,19.083,,PM,,192.913,,,,,,NA,,NA,,129,,,,9.47,,0.1,,,,8.19,,,,,,,,34.4,,38.5,,11.2,,1.37,,4.86,,15.6,,,,340,,6.61,,,,,,,,,,,,,,19,,,,,,,,,,,,,,,,,,,,,,,,,,,,,,,,,,,,,,,,,,,,,,,,,,,,,,,,,,,,,,,,,,,,,,,,,,,,,,,,,,,,,,,,,,,,,,,,,,,,,,,,,,,,,,,,,,,,,,,,,,,,,,
2023PN880071,OIL SANDS LONGTERM WQ MONITORING,ATHABASCA RIVER M2 ABOVE HORSE RIVER,AL07DD0002,56.71952778,-111.4044722,2024-01-16 15:30,WATER,VERTICAL INTEGRATED,0.65,,264.523,,0,,2.734,,27.111,,244.111,,0,,0.12,,0.69,,17.911,,7.939,,325.879,,,,,,NA,,NA,,217,,,,5.98,,0.13,,,,8.18,,,,,,,,67.7,,66.6,,18.9,,2.59,,8.23,,24.8,,,,539,,6.45,,13.48,,7.85,,521,,0,,3.5,,,,59,,,,,,,,,,,,,,,,,,,,,,,,,,,,,,,,,,,,,,,,,,,,,,,,,,,,,,,,,,,,,,,,,,,,,,,,,,,,,,,,,,,,,,,,,,,,,,,,,,,,,,,,,,,,,,,,,,,,,,,,,,,,,,
2023PN880072,OIL SANDS LONGTERM WQ MONITORING,M3 LT WQ PANEL 1 OF 10,AL07DD0008,56.8383,-111.41835,2024-01-16 12:30,WATER,VERTICAL INTEGRATED,1.1,,243.8,,0,,2.52,,26.524,,226.524,,0,,0.055,,0.72,,19.09,,8.071,,307.582,,,,,,NA,,NA,,200,,,,8.94,,0.13,,,,8.18,,,,,,,,62.1,,61.7,,17.6,,2.51,,8.47,,24.9,,,,512,,2.08,,13.23,,7.7,,505,,0,,0.67,,,,21,,,,,,,,,,,,,,,,,,,,,,,,,,,,,,,,,,,,,,,,,,,,,,,,,,,,,,,,,,,,,,,,,,,,,,,,,,,,,,,,,,,,,,,,,,,,,,,,,,,,,,,,,,,,,,,,,,,,,,,,,,,,,,
2023PN880073,OIL SANDS LONGTERM WQ MONITORING,M3 LT WQ PANEL 3 OF 10,AL07DD0008,56.83849,-111.41702,2024-01-16 12:50,WATER,VERTICAL INTEGRATED,1.45,,221.858,,0,,2.403,,20.721,,202.721,,0,,-0.05,,0.79,,21.521,,8.261,,285.447,,,,,,NA,,NA,,182,,,,13.4,,0.13,,,,8.16,,,,,,,,53.4,,55.3,,15.7,,2.25,,9.44,,25.9,,,,482,,2.36,,13.67,,7.71,,473,,0,,1.27,,,,20,,,,,,,,,,,,,,,,,,,,,,,,,,,,,,,,,,,,,,,,,,,,,,,,,,,,,,,,,,,,,,,,,,,,,,,,,,,,,,,,,,,,,,,,,,,,,,,,,,,,,,,,,,,,,,,,,,,,,,,,,,,,,,
2023PN880074,OIL SANDS LONGTERM WQ MONITORING,M3 LT WQ PANEL 9 OF 10,AL07DD0008,56.83991,-111.41234,2024-01-16 13:50,WATER,VERTICAL INTEGRATED,1.65,,165.784,,0,,2.268,,9.14,,145.14,,0,,-0.421,,1.12,,31.415,,8.902,,239.934,,,,,,NA,,NA,,136,,,,29.6,,0.12,,,,8.06,,,,,,,,32.7,,39,,11.6,,1.71,,11.9,,31,,,,419,,3.98,,13.63,,7.44,,406,,0,,2.92,,,,32,,,,,,,,,,,,,,,,,,,,,,,,,,,,,,,,,,,,,,,,,,,,,,,,,,,,,,,,,,,,,,,,,,,,,,,,,,,,,,,,,,,,,,,,,,,,,,,,,,,,,,,,,,,,,,,,,,,,,,,,,,,,,,
2023PN880075,OIL SANDS LONGTERM WQ MONITORING,M7 LTWQ PANEL 1 OF 10,AL07DD0007,57.31332,-111.67533,2024-01-17 12:45,WATER,VERTICAL INTEGRATED,6.4,,210.887,,0,,2.393,,19.011,,192.011,,0,,-0.118,,0.89,,24.032,,8.376,,280.459,,,,,,NA,,NA,,173,,,,18.8,,0.13,,,,8.14,,,,,,,,49.1,,52,,15.1,,2.13,,10.2,,28.3,,,,477,,2.96,,12.9,,7.59,,467,,0,,1.79,,,,20,,,,,,,,,,,,,,,,,,,,,,,,,,,,,,,,,,,,,,,,,,,,,,,,,,,,,,,,,,,,,,,,,,,,,,,,,,,,,,,,,,,,,,,,,,,,,,,,,,,,,,,,,,,,,,,,,,,,,,,,,,,,,,
2023PN880076,OIL SANDS LONGTERM WQ MONITORING,M7 LTWQ PANEL 4 OF 10,AL07DD0007,57.31365,-111.67278,2024-01-17 13:30,WATER,VERTICAL INTEGRATED,1.07,,203.573,,0,,2.421,,17.546,,184.546,,0,,-0.169,,0.9,,24.696,,8.459,,272.708,,,,,,NA,,NA,,167,,,,20.1,,0.12,,,,8.12,,,,,,,,46.2,,50,,14.5,,2.06,,10.5,,28.2,,,,465,,2.94,,13.11,,7.61,,457,,0,,1.76,,,,23,,,,,,,,,,,,,,,,,,,,,,,,,,,,,,,,,,,,,,,,,,,,,,,,,,,,,,,,,,,,,,,,,,,,,,,,,,,,,,,,,,,,,,,,,,,,,,,,,,,,,,,,,,,,,,,,,,,,,,,,,,,,,,
2023PN880077,OIL SANDS LONGTERM WQ MONITORING,ATHABASCA RIVER M2 ABOVE HORSE RIVER,AL07DD0002,56.71952778,-111.4044722,2024-02-13 16:40,WATER,VERTICAL INTEGRATED,0.34,,260.866,,0,,3.328,,21.237,,235.237,,0,,0.043,,0.68,,18.05,,8.003,,315.343,,,,,,NA,,NA,,214,,,,5.43,,0.12,,,,8.09,,,,,,,,63.6,,64.2,,18.2,,2.3,,8.12,,24.1,,,,527,,10.2,,11.69,,7.73,,532,,0.9,,1.5,,,,20,,,,,,,,,,,,,,,,,,,,,,,,,,,,,,,,,,,,,,,,,,,,,,,,,,,,,,,,,,,,,,,,,,,,,,,,,,,,,,,,,,,,,,,,,,,,,,,,,,,,,,,,,,,,,,,,,,,,,,,,,,,,,,
2023PN880078,OIL SANDS LONGTERM WQ MONITORING,M3 LT WQ PANEL 1 OF 10,AL07DD0008,56.8383,-111.41835,2024-02-13 12:05,WATER,VERTICAL INTEGRATED,1.5,,257.209,,0,,3.205,,26.646,,237.646,,0,,0.019,,0.71,,18.62,,8.062,,317.851,,,,,,NA,,NA,,211,,,,6.67,,0.13,,,,8.1,,,,,,,,63.8,,65,,18.3,,2.39,,8.58,,25.3,,,,527,,2.08,,11.62,,7.67,,530,,0,,1.04,,,,20,,,,,,,,,,,,,,,,,,,,,,,,,,,,,,,,,,,,,,,,,,,,,,,,,,,,,,,,,,,,,,,,,,,,,,,,,,,,,,,,,,,,,,,,,,,,,,,,,,,,,,,,,,,,,,,,,,,,,,,,,,,,,,
2023PN880079,OIL SANDS LONGTERM WQ MONITORING,M3 LT WQ PANEL 3 OF 10,AL07DD0008,56.83849,-111.41702,2024-02-13 12:30,WATER,VERTICAL INTEGRATED,1.84,,241.362,,0,,2.938,,24.38,,222.38,,0,,-0.026,,0.76,,20.082,,8.163,,303.952,,,,,,NA,,NA,,198,,,,10.3,,0.13,,,,8.11,,,,,,,,58.6,,60.7,,17.2,,2.23,,9.11,,26,,,,507,,2.43,,11.93,,7.58,,511,,0,,0,,,,23,,,,,,,,,,,,,,,,,,,,,,,,,,,,,,,,,,,,,,,,,,,,,,,,,,,,,,,,,,,,,,,,,,,,,,,,,,,,,,,,,,,,,,,,,,,,,,,,,,,,,,,,,,,,,,,,,,,,,,,,,,,,,,
2023PN880080,OIL SANDS LONGTERM WQ MONITORING,M3 LT WQ PANEL 9 OF 10,AL07DD0008,56.83991,-111.41234,2024-02-13 12:50,WATER,TRIPLICATE SAMPLE,1.45,,168.222,,0,,2.709,,12.033,,150.033,,0,,-0.472,,1.19,,32.446,,8.934,,249.339,,,,,,NA,,NA,,138,,,,32.4,,0.12,,,,7.99,,,,,,,,33.3,,40.3,,12,,1.76,,12.2,,33.6,,,,430,,13,,12.02,,7.37,,427,,0,,1.02,,,,22,,,,,,,,,,,,,,,,,,,,,,,,,,,,,,,,,,,,,,,,,,,,,,,,,,,,,,,,,,,,,,,,,,,,,,,,,,,,,,,,,,,,,,,,,,,,,,,,,,,,,,,,,,,,,,,,,,,,,,,,,,,,,,
2023PN880081,OIL SANDS LONGTERM WQ MONITORING,M3 LT WQ PANEL 9 OF 10,AL07DD0008,56.83991,-111.41234,2024-02-13 12:55,WATER,TRIPLICATE SAMPLE,1.45,,168.222,,0,,2.773,,11.621,,149.621,,0,,PM,,1.18,,32.249,,PM,,248.465,,,,,,NA,,NA,,138,,,,32.2,,0.12,,,,7.98,,,,,,,,33.2,,40.3,,11.9,,1.73,,12.2,,33.2,,,,429,,6.39,,,,,,,,,,,,,,23,,,,,,,,,,,,,,,,,,,,,,,,,,,,,,,,,,,,,,,,,,,,,,,,,,,,,,,,,,,,,,,,,,,,,,,,,,,,,,,,,,,,,,,,,,,,,,,,,,,,,,,,,,,,,,,,,,,,,,,,,,,,,,
2023PN880082,OIL SANDS LONGTERM WQ MONITORING,M3 LT WQ PANEL 9 OF 10,AL07DD0008,56.83991,-111.41234,2024-02-13 13:00,WATER,TRIPLICATE SAMPLE,1.45,,167.003,,0,,2.567,,11.71,,148.71,,0,,PM,,1.17,,32.121,,PM,,247.117,,,,,,NA,,NA,,137,,,,32.2,,0.12,,,,8.01,,,,,,,,33.2,,40.1,,11.8,,1.7,,12.2,,32.8,,,,427,,5.04,,,,,,,,,,,,,,21,,,,,,,,,,,,,,,,,,,,,,,,,,,,,,,,,,,,,,,,,,,,,,,,,,,,,,,,,,,,,,,,,,,,,,,,,,,,,,,,,,,,,,,,,,,,,,,,,,,,,,,,,,,,,,,,,,,,,,,,,,,,,,
2023PN880085,OIL SANDS LONGTERM WQ MONITORING,M7 LTWQ PANEL 1 OF 10,AL07DD0007,57.31332,-111.67533,2024-02-14 12:40,WATER,VERTICAL INTEGRATED,6.6,,220.639,,0,,2.334,,20.648,,201.648,,0,,-0.045,,0.9,,23.845,,8.259,,290.211,,,,,,NA,,NA,,181,,,,18,,0.12,,,,8.17,,,,,,,,49.9,,55.2,,15.5,,2.15,,10.3,,29.4,,,,487,,4.45,,11.6,,7.5,,491,,0,,0.43,,,,26,,,,,,,,,,,,,,,,,,,,,,,,,,,,,,,,,,,,,,,,,,,,,,,,,,,,,,,,,,,,,,,,,,,,,,,,,,,,,,,,,,,,,,,,,,,,,,,,,,,,,,,,,,,,,,,,,,,,,,,,,,,,,,
2023PN880086,OIL SANDS LONGTERM WQ MONITORING,M7 LTWQ PANEL 4 OF 10,AL07DD0007,57.31365,-111.67278,2024-02-14 13:00,WATER,VERTICAL INTEGRATED,1,,212.106,,0,,2.464,,16.776,,190.776,,0,,-0.126,,0.94,,25.178,,8.382,,281.938,,,,,,NA,,NA,,174,,,,20.5,,0.12,,,,8.13,,,,,,,,46.5,,52,,14.8,,2.07,,10.7,,29.9,,,,478,,3.38,,11.8,,7.54,,478,,0,,0.27,,,,23,,,,,,,,,,,,,,,,,,,,,,,,,,,,,,,,,,,,,,,,,,,,,,,,,,,,,,,,,,,,,,,,,,,,,,,,,,,,,,,,,,,,,,,,,,,,,,,,,,,,,,,,,,,,,,,,,,,,,,,,,,,,,,
2023PN880087,OIL SANDS LONGTERM WQ MONITORING,ATHABASCA RIVER M2 ABOVE HORSE RIVER,AL07DD0002,56.71952778,-111.4044722,2024-03-12 15:40,WATER,VERTICAL INTEGRATED,0.51,,248.676,,0,,2.57,,22.362,,226.362,,0,,0.104,,0.7,,18.727,,7.972,,308.4,,,,,,NA,,NA,,204,,,,6.09,,0.13,,,,8.18,,,,,,,,67,,61.8,,17.5,,2.51,,6.32,,24.3,,,,517,,4.93,,12.71,,7.8,,498,,1.1,,3.6,,,,16,,,,,,,,,,,,,,,,,,,,,,,,,,,,,,,,,,,,,,,,,,,,,,,,,,,,,,,,,,,,,,,,,,,,,,,,,,,,,,,,,,,,,,,,,,,,,,,,,,,,,,,,,,,,,,,,,,,,,,,,,,,,,,
2023PN880088,OIL SANDS LONGTERM WQ MONITORING,M3 LT WQ PANEL 1 OF 10,AL07DD0008,56.8383,-111.41835,2024-03-12 11:55,WATER,VERTICAL INTEGRATED,1.28,,241.362,,0,,2.495,,25.379,,223.379,,0,,0.046,,0.77,,20.349,,8.089,,309.718,,,,,,NA,,NA,,198,,,,10.7,,0.13,,,,8.18,,,,,,,,65.4,,61.1,,17.2,,2.56,,6.55,,26.6,,,,519,,1.88,,12.85,,7.78,,501,,0,,1.54,,,,17,,,,,,,,,,,,,,,,,,,,,,,,,,,,,,,,,,,,,,,,,,,,,,,,,,,,,,,,,,,,,,,,,,,,,,,,,,,,,,,,,,,,,,,,,,,,,,,,,,,,,,,,,,,,,,,,,,,,,,,,,,,,,,
2023PN880089,OIL SANDS LONGTERM WQ MONITORING,M3 LT WQ PANEL 3 OF 10,AL07DD0008,56.83849,-111.41702,2024-03-12 12:25,WATER,VERTICAL INTEGRATED,2.17,,230.391,,0,,2.219,,21.273,,210.273,,0,,0.031,,0.8,,21.414,,8.147,,297.046,,,,,,NA,,NA,,189,,,,12.2,,0.13,,,,8.21,,,,,,,,60.8,,57.5,,16.2,,2.37,,7.33,,26.7,,,,497,,2.04,,13.23,,7.72,,483,,0,,1.91,,,,17,,,,,,,,,,,,,,,,,,,,,,,,,,,,,,,,,,,,,,,,,,,,,,,,,,,,,,,,,,,,,,,,,,,,,,,,,,,,,,,,,,,,,,,,,,,,,,,,,,,,,,,,,,,,,,,,,,,,,,,,,,,,,,
2023PN880090,OIL SANDS LONGTERM WQ MONITORING,M3 LT WQ PANEL 9 OF 10,AL07DD0008,56.83991,-111.41234,2024-03-12 13:00,WATER,VERTICAL INTEGRATED,0,,153.594,,0,,2.306,,8.693,,134.693,,0,,-0.527,,1.41,,37.414,,9.074,,247.441,,,,,,NA,,NA,,126,,,,40.8,,0.11,,,,8.02,,,,,,,,32.6,,36.3,,10.7,,1.74,,11.3,,37.6,,,,434,,4.2,,12.68,,7.43,,419,,0,,3.3,,,,19,,,,,,,,,,,,,,,,,,,,,,,,,,,,,,,,,,,,,,,,,,,,,,,,,,,,,,,,,,,,,,,,,,,,,,,,,,,,,,,,,,,,,,,,,,,,,,,,,,,,,,,,,,,,,,,,,,,,,,,,,,,,,,
2023PN880091,OIL SANDS LONGTERM WQ MONITORING,M7 LTWQ PANEL 1 OF 10,AL07DD0007,57.31332,-111.67533,2024-03-13 12:20,WATER,VERTICAL INTEGRATED,6.1,,195.04,,0,,2.43,,17.669,,177.669,,0,,-0.223,,1.07,,28.29,,8.546,,276.754,,,,,,NA,,NA,,160,,,,26.2,,0.12,,,,8.1,,,,,,,,47.5,,48.4,,13.8,,2.16,,9.17,,32.7,,,,474,,3.5,,12.16,,7.48,,457,,0,,2.3,,,,18,,,,,,,,,,,,,,,,,,,,,,,,,,,,,,,,,,,,,,,,,,,,,,,,,,,,,,,,,,,,,,,,,,,,,,,,,,,,,,,,,,,,,,,,,,,,,,,,,,,,,,,,,,,,,,,,,,,,,,,,,,,,,,
2023PN880092,OIL SANDS LONGTERM WQ MONITORING,M7 LTWQ PANEL 4 OF 10,AL07DD0007,57.31365,-111.67278,2024-03-13 12:50,WATER,VERTICAL INTEGRATED,0.77,,191.383,,0,,2.33,,16.688,,173.688,,0,,-0.231,,1.08,,28.693,,8.572,,273.647,,,,,,NA,,NA,,157,,,,27.6,,0.12,,,,8.11,,,,,,,,46.2,,47.3,,13.5,,2.09,,9.35,,32.6,,,,468,,4.22,,12.68,,7.53,,454,,0,,1.45,,,,18,,,,,,,,,,,,,,,,,,,,,,,,,,,,,,,,,,,,,,,,,,,,,,,,,,,,,,,,,,,,,,,,,,,,,,,,,,,,,,,,,,,,,,,,,,,,,,,,,,,,,,,,,,,,,,,,,,,,,,,,,,,,,,
2024PN880001,OIL SANDS LONGTERM WQ MONITORING,ATHABASCA RIVER M2 ABOVE HORSE RIVER,AL07DD0002,56.71952778,-111.4044722,2024-05-24 14:40,WATER,VERTICAL INTEGRATED,3.6,,146.28,,0,,1.283,,16.792,,136.792,,0,,0.151,,0.41,,14.704,,7.947,,177.389,,,,,,NA,,NA,,120,,,,2.42,,0.1,,,,8.25,,,,,,,,35.9,,37.8,,10.3,,1.65,,6.21,,11,,,,302,,47.4,,10.36,,8.19,,296,,12.6,,49.27,,,,31,,,,,,,,,,,,,,,,,,,,,,,,,,,,,,,,,,,,,,,,,,,,,,,,,,,,,,,,,,,,,,,,,,,,,,,,,,,,,,,,,,,,,,,,,,,,,,,,,,,,,,,,,,,,,,,,,,,,,,,,,,,,,,
2024PN880002,OIL SANDS LONGTERM WQ MONITORING,M3 LT WQ PANEL 1 OF 10,AL07DD0008,56.8383,-111.41835,2024-05-24 11:40,WATER,VERTICAL INTEGRATED,2.1,,147.499,,0,,1.293,,15.38,,136.38,,0,,0.129,,0.44,,15.64,,7.992,,177.317,,,,,,NA,,NA,,121,,,,2.81,,0.1,,,,8.25,,,,,,,,35.4,,37.8,,10.2,,1.7,,4.88,,11.8,,,,303,,57.4,,10.28,,8.05,,289,,11.8,,56.25,,,,33,,,,,,,,,,,,,,,,,,,,,,,,,,,,,,,,,,,,,,,,,,,,,,,,,,,,,,,,,,,,,,,,,,,,,,,,,,,,,,,,,,,,,,,,,,,,,,,,,,,,,,,,,,,,,,,,,,,,,,,,,,,,,,
2024PN880003,OIL SANDS LONGTERM WQ MONITORING,M3 LT WQ PANEL 4 OF 10,AL07DD0008,56.83861,-111.41628,2024-05-24 12:10,WATER,VERTICAL INTEGRATED,1.6,,147.499,,0,,1.263,,15.13,,136.13,,0,,0.154,,0.42,,14.991,,7.952,,176.659,,,,,,NA,,NA,,121,,,,2.55,,0.1,,,,8.26,,,,,,,,35.7,,37.7,,10.2,,1.66,,4.94,,11.2,,,,302,,53.7,,10.37,,8.04,,297,,12.3,,53.1,,,,38,,,,,,,,,,,,,,,,,,,,,,,,,,,,,,,,,,,,,,,,,,,,,,,,,,,,,,,,,,,,,,,,,,,,,,,,,,,,,,,,,,,,,,,,,,,,,,,,,,,,,,,,,,,,,,,,,,,,,,,,,,,,,,
2024PN880004,OIL SANDS LONGTERM WQ MONITORING,M3 LT WQ PANEL 9 OF 10,AL07DD0008,56.83991,-111.41234,2024-05-24 12:37,WATER,VERTICAL INTEGRATED,2.6,,85.086,,0,,1.469,,1.401,,71.201,,0,,-0.719,,0.65,,27.443,,9.399,,110.325,,,,,,NA,,NA,,69.8,,,,10.4,,0.09,,,,7.96,,,,,,,,12.1,,19.1,,5.71,,1.48,,6.79,,12.7,,,,192,,54.4,,10.38,,7.63,,186,,10.5,,57.01,,,,60,,,,,,,,,,,,,,,,,,,,,,,,,,,,,,,,,,,,,,,,,,,,,,,,,,,,,,,,,,,,,,,,,,,,,,,,,,,,,,,,,,,,,,,,,,,,,,,,,,,,,,,,,,,,,,,,,,,,,,,,,,,,,,
2024PN880005,OIL SANDS LONGTERM WQ MONITORING,M7 LTWQ PANEL 1 OF 10,AL07DD0007,57.31332,-111.67533,2024-05-25 13:25,WATER,VERTICAL INTEGRATED,5.9,,126.776,,0,,1.373,,10.262,,114.262,,0,,-0.068,,0.53,,19.542,,8.296,,156.389,,,,,,NA,,NA,,104,,,,4.08,,0.1,,,,8.16,,,,,,,,29.6,,31.3,,8.77,,1.76,,5.37,,13,,,,268,,52.4,,10.09,,7.88,,265,,12.9,,47.2,,,,52,,,,,,,,,,,,,,,,,,,,,,,,,,,,,,,,,,,,,,,,,,,,,,,,,,,,,,,,,,,,,,,,,,,,,,,,,,,,,,,,,,,,,,,,,,,,,,,,,,,,,,,,,,,,,,,,,,,,,,,,,,,,,,
2024PN880006,OIL SANDS LONGTERM WQ MONITORING,M7 LTWQ PANEL 4 OF 10,AL07DD0007,57.31365,-111.67278,2024-05-25 12:45,WATER,VERTICAL INTEGRATED,2.8,,121.291,,0,,1.344,,10.037,,109.537,,0,,-0.122,,0.51,,19.22,,8.394,,150.019,,,,,,NA,,NA,,99.5,,,,5.83,,0.1,,,,8.15,,,,,,,,26.2,,30.1,,8.35,,1.63,,5.9,,12.2,,,,258,,52.1,,10.08,,7.91,,254,,12.6,,53.3,,,,46,,,,,,,,,,,,,,,,,,,,,,,,,,,,,,,,,,,,,,,,,,,,,,,,,,,,,,,,,,,,,,,,,,,,,,,,,,,,,,,,,,,,,,,,,,,,,,,,,,,,,,,,,,,,,,,,,,,,,,,,,,,,,,
2024PN880007,OIL SANDS LONGTERM WQ MONITORING,M7 LTWQ PANEL 10 OF 10,AL07DD0007,57.31395,-111.66737,2024-05-25 12:15,WATER,VERTICAL INTEGRATED,1.5,,110.076,,0,,1.437,,6.419,,96.719,,0,,-0.305,,0.56,,21.746,,8.69,,136.648,,,,,,NA,,NA,,90.3,,,,7.55,,0.1,,,,8.08,,,,,,,,20.8,,26.5,,7.42,,1.55,,5.93,,12.6,,,,235,,46.1,,10,,7.95,,231,,12,,44.5,,,,49,,,,,,,,,,,,,,,,,,,,,,,,,,,,,,,,,,,,,,,,,,,,,,,,,,,,,,,,,,,,,,,,,,,,,,,,,,,,,,,,,,,,,,,,,,,,,,,,,,,,,,,,,,,,,,,,,,,,,,,,,,,,,,
2024PN880008,OIL SANDS LONGTERM WQ MONITORING,M0 319,M0 319,54.73049,-113.31336,2024-05-22 12:40,WATER,VERTICAL INTEGRATED,2.5,,142.623,,0,,1.374,,15.972,,132.972,,0,,0.07,,0.31,,11.862,,8.07,,164.02,,,,,,NA,,NA,,117,,,,1.4,,0.08,,,,8.21,,,,,,,,30.6,,36.6,,10.1,,1.25,,5.24,,8.32,,,,276,,29.8,,9.83,,8.05,,275,,12,,30.4,,,,24,,,,,,,,,,,,,,,,,,,,,,,,,,,,,,,,,,,,,,,,,,,,,,,,,,,,,,,,,,,,,,,,,,,,,,,,,,,,,,,,,,,,,,,,,,,,,,,,,,,,,,,,,,,,,,,,,,,,,,,,,,,,,,
2024PN880009,OIL SANDS LONGTERM WQ MONITORING,ATHABASCA RIVER M2 ABOVE HORSE RIVER,AL07DD0002,56.71952778,-111.4044722,2024-06-04 12:50,WATER,VERTICAL INTEGRATED,3,,140.185,,0,,1.258,,11.924,,126.924,,0,,0.144,,0.38,,14.234,,7.953,,160.088,,,,,,NA,,NA,,115,,,,1.87,,0.08,,,,8.24,,,,,,,,27.6,,35.2,,9.48,,1.37,,5.47,,9.81,,,,269,,56.6,,9.87,,8.1,,266,,14.1,,55.6,,,,39,,,,,,,,,,,,,,,,,,,,,,,,,,,,,,,,,,,,,,,,,,,,,,,,,,,,,,,,,,,,,,,,,,,,,,,,,,,,,,,,,,,,,,,,,,,,,,,,,,,,,,,,,,,,,,,,,,,,,,,,,,,,,,
2024PN880010,OIL SANDS LONGTERM WQ MONITORING,M3 LT WQ PANEL 1 OF 10,AL07DD0008,56.8383,-111.41835,2024-06-04 9:10,WATER,VERTICAL INTEGRATED,2.1,,140.185,,0,,1.319,,12.129,,127.129,,0,,0.114,,0.4,,14.818,,7.993,,161.78,,,,,,NA,,NA,,115,,,,2.13,,0.08,,,,8.22,,,,,,,,27.9,,35.2,,9.53,,1.38,,6.03,,10.3,,,,271,,60.6,,9.57,,8.04,,268,,13.8,,58.5,,,,36,,,,,,,,,,,,,,,,,,,,,,,,,,,,,,,,,,,,,,,,,,,,,,,,,,,,,,,,,,,,,,,,,,,,,,,,,,,,,,,,,,,,,,,,,,,,,,,,,,,,,,,,,,,,,,,,,,,,,,,,,,,,,,
2024PN880011,OIL SANDS LONGTERM WQ MONITORING,M3 LT WQ PANEL 5 OF 10,AL07DD0008,56.8388,-111.41548,2024-06-04 9:35,WATER,VERTICAL INTEGRATED,1.5,,138.966,,0,,1.277,,12.177,,126.177,,0,,0.127,,0.38,,14.281,,7.975,,159.399,,,,,,NA,,NA,,114,,,,2,,0.08,,,,8.23,,,,,,,,27.7,,35,,9.42,,1.36,,5.45,,9.79,,,,268,,59.8,,9.69,,8.02,,266,,14.1,,57.5,,,,36,,,,,,,,,,,,,,,,,,,,,,,,,,,,,,,,,,,,,,,,,,,,,,,,,,,,,,,,,,,,,,,,,,,,,,,,,,,,,,,,,,,,,,,,,,,,,,,,,,,,,,,,,,,,,,,,,,,,,,,,,,,,,,
2024PN880012,OIL SANDS LONGTERM WQ MONITORING,M3 LT WQ PANEL 9 OF 10,AL07DD0008,56.83991,-111.41234,2024-06-04 9:55,WATER,VERTICAL INTEGRATED,2.6,,99.47,,0,,1.36,,4.288,,85.888,,0,,-0.381,,0.66,,25.975,,8.821,,126.934,,,,,,NA,,NA,,81.6,,,,11.2,,0.08,,,,8.06,,,,,,,,14.9,,23.3,,6.73,,1.24,,6.34,,14.1,,,,218,,32,,9.75,,7.8,,213,,13.3,,32,,,,68,,,,,,,,,,,,,,,,,,,,,,,,,,,,,,,,,,,,,,,,,,,,,,,,,,,,,,,,,,,,,,,,,,,,,,,,,,,,,,,,,,,,,,,,,,,,,,,,,,,,,,,,,,,,,,,,,,,,,,,,,,,,,,
2024PN880013,OIL SANDS LONGTERM WQ MONITORING,M7 LTWQ PANEL 1 OF 10,AL07DD0007,57.31332,-111.67533,2024-06-05 13:45,WATER,VERTICAL INTEGRATED,8.1,,120.559,,0,,1.502,,7.563,,106.463,,0,,-0.169,,0.48,,18.656,,8.437,,143.348,,,,,,NA,,NA,,98.9,,,,3.48,,0.09,,,,8.1,,,,,,,,24.9,,29.1,,8.21,,1.36,,5.3,,11.4,,,,243,,43.6,,9.79,,7.92,,242,,13.2,,38.9,,,,50,,,,,,,,,,,,,,,,,,,,,,,,,,,,,,,,,,,,,,,,,,,,,,,,,,,,,,,,,,,,,,,,,,,,,,,,,,,,,,,,,,,,,,,,,,,,,,,,,,,,,,,,,,,,,,,,,,,,,,,,,,,,,,
2024PN880014,OIL SANDS LONGTERM WQ MONITORING,M7 LTWQ PANEL 4 OF 10,AL07DD0007,57.31365,-111.67278,2024-06-05 13:25,WATER,VERTICAL INTEGRATED,2.7,,124.338,,0,,1.478,,6.543,,108.543,,0,,-0.115,,0.48,,18.642,,8.349,,146.031,,,,,,NA,,NA,,102,,,,5.52,,0.08,,,,8.12,,,,,,,,22.5,,29.9,,8.23,,1.3,,5.55,,11.6,,,,249,,46.4,,9.66,,7.94,,246,,13.5,,45,,,,42,,,,,,,,,,,,,,,,,,,,,,,,,,,,,,,,,,,,,,,,,,,,,,,,,,,,,,,,,,,,,,,,,,,,,,,,,,,,,,,,,,,,,,,,,,,,,,,,,,,,,,,,,,,,,,,,,,,,,,,,,,,,,,
2024PN880015,OIL SANDS LONGTERM WQ MONITORING,M7 LTWQ PANEL 10 OF 10,AL07DD0007,57.31395,-111.66737,2024-06-05 13:05,WATER,VERTICAL INTEGRATED,1.6,,113.977,,0,,1.355,,5.916,,99.416,,0,,-0.199,,0.56,,21.618,,8.518,,138.376,,,,,,NA,,NA,,93.5,,,,8.37,,0.08,,,,8.12,,,,,,,,19.1,,27.3,,7.59,,1.26,,5.67,,12.8,,,,238,,35.2,,9.7,,8.01,,236,,13.2,,32.1,,,,49,,,,,,,,,,,,,,,,,,,,,,,,,,,,,,,,,,,,,,,,,,,,,,,,,,,,,,,,,,,,,,,,,,,,,,,,,,,,,,,,,,,,,,,,,,,,,,,,,,,,,,,,,,,,,,,,,,,,,,,,,,,,,,
2024PN880016,OIL SANDS LONGTERM WQ MONITORING,ATHABASCA RIVER M2 ABOVE HORSE RIVER,AL07DD0002,56.71952778,-111.4044722,2024-06-17 15:00,WATER,VERTICAL INTEGRATED,3.7,,103.371,,0,,1.959,,19.424,,104.224,,0,,-0.429,,0.41,,16.471,,8.777,,136.922,,,,,,NA,,NA,,84.8,,,,1.86,,0.11,,,,7.92,,,,,,,,32.3,,28.5,,8.03,,1.2,,4.4,,9.58,,,,230,,168,,10.22,,7.72,,226,,13,,162,,,,69,,,,,,,,,,,,,,,,,,,,,,,,,,,,,,,,,,,,,,,,,,,,,,,,,,,,,,,,,,,,,,,,,,,,,,,,,,,,,,,,,,,,,,,,,,,,,,,,,,,,,,,,,,,,,,,,,,,,,,,,,,,,,,
2024PN880017,OIL SANDS LONGTERM WQ MONITORING,M3 LT WQ PANEL 1 OF 10,AL07DD0008,56.8383,-111.41835,2024-06-17 11:35,WATER,VERTICAL INTEGRATED,2.7,,103.859,,0,,1.488,,17.902,,103.102,,0,,-0.329,,0.45,,17.923,,8.697,,137.214,,,,,,NA,,NA,,85.2,,,,2.21,,0.11,,,,8.04,,,,,,,,31.1,,28.1,,8,,1.23,,4.72,,10.5,,,,231,,164,,9.91,,7.68,,226,,12.5,EVENTF,145,,,,80,,,,,,,,,,,,,,,,,,,,,,,,,,,,,,,,,,,,,,,,,,,,,,,,,,,,,,,,,,,,,,,,,,,,,,,,,,,,,,,,,,,,,,,,,,,,,,,,,,,,,,,,,,,,,,,,,,,,,,,,,,,,,,
2024PN880018,OIL SANDS LONGTERM WQ MONITORING,M3 LT WQ PANEL 5 OF 10,AL07DD0008,56.8388,-111.41548,2024-06-17 12:20,WATER,VERTICAL INTEGRATED,2.3,,103.006,,0,,1.476,,20.717,,105.217,,0,,-0.311,,0.42,,16.924,,8.662,,138.618,,,,,,NA,,NA,,84.5,,,,1.85,,0.11,,,,8.04,,,,,,,,32.6,,28.7,,8.15,,1.28,,5.17,,10,,,,230,,166,,10.07,,7.65,,225,,12.9,,158,,,,101,,,,,,,,,,,,,,,,,,,,,,,,,,,,,,,,,,,,,,,,,,,,,,,,,,,,,,,,,,,,,,,,,,,,,,,,,,,,,,,,,,,,,,,,,,,,,,,,,,,,,,,,,,,,,,,,,,,,,,,,,,,,,,
2024PN880019,OIL SANDS LONGTERM WQ MONITORING,M3 LT WQ PANEL 9 OF 10,AL07DD0008,56.83991,-111.41234,2024-06-17 12:45,WATER,VERTICAL INTEGRATED,2.8,,82.648,,0,,1.64,,7.926,,75.726,,0,,-0.696,,0.54,,23.354,,9.293,,109.52,,,,,,NA,,NA,,67.8,,,,5.75,,0.09,,,,7.9,,,,,,,,17.8,,20.5,,5.96,,1.12,,6.74,,10.8,,,,185,,116,,10.01,,7.51,,181,,12.5,,123,,,,86,,,,,,,,,,,,,,,,,,,,,,,,,,,,,,,,,,,,,,,,,,,,,,,,,,,,,,,,,,,,,,,,,,,,,,,,,,,,,,,,,,,,,,,,,,,,,,,,,,,,,,,,,,,,,,,,,,,,,,,,,,,,,,
2024PN880020,OIL SANDS LONGTERM WQ MONITORING,M7 LTWQ PANEL 1 OF 10,AL07DD0007,57.31332,-111.67533,2024-06-18 13:45,WATER,VERTICAL INTEGRATED,8.3,,94.838,,0,,1.882,,10.95,,88.75,,0,,-0.577,,0.51,,20.948,,9.054,,122.183,,,,,,NA,,NA,,77.8,,,,2.26,,0.1,,,,7.9,,,,,,,,25.5,,24.1,,6.94,,1.26,,4.25,,11,,,,205,,136,,9.9,,7.67,,200,,12.3,,131,,,,94,,,,,,,,,,,,,,,,,,,,,,,,,,,,,,,,,,,,,,,,,,,,,,,,,,,,,,,,,,,,,,,,,,,,,,,,,,,,,,,,,,,,,,,,,,,,,,,,,,,,,,,,,,,,,,,,,,,,,,,,,,,,,,
2024PN880021,OIL SANDS LONGTERM WQ MONITORING,M7 LTWQ PANEL 4 OF 10,AL07DD0007,57.31365,-111.67278,2024-06-18 13:00,WATER,VERTICAL INTEGRATED,3.6,,96.911,,0,,1.597,,12.529,,92.029,,0,,-0.464,,0.47,,19.338,,8.909,,126.093,,,,,,NA,,NA,,79.5,,,,3.74,,0.1,,,,7.98,,,,,,,,25.9,,25.1,,7.13,,1.17,,4.86,,10.3,,,,215,,148,,9.82,,7.65,,209,,12.5,,147,,,,71,,,,,,,,,,,,,,,,,,,,,,,,,,,,,,,,,,,,,,,,,,,,,,,,,,,,,,,,,,,,,,,,,,,,,,,,,,,,,,,,,,,,,,,,,,,,,,,,,,,,,,,,,,,,,,,,,,,,,,,,,,,,,,
2024PN880022,OIL SANDS LONGTERM WQ MONITORING,M7 LTWQ PANEL 10 OF 10,AL07DD0007,57.31395,-111.66737,2024-06-18 12:31,WATER,VERTICAL INTEGRATED,2.3,,88.256,,0,,1.454,,6.899,,79.299,,0,,-0.571,,0.55,,23.374,,9.121,,113.719,,,,,,NA,,NA,,72.4,,,,6.63,,0.09,,,,7.98,,,,,,,,17.8,,21.7,,6.1,,1.05,,5.52,,11.3,,,,197,,110,,9.8,,7.77,,190,,12.3,,110,,,,77,,,,,,,,,,,,,,,,,,,,,,,,,,,,,,,,,,,,,,,,,,,,,,,,,,,,,,,,,,,,,,,,,,,,,,,,,,,,,,,,,,,,,,,,,,,,,,,,,,,,,,,,,,,,,,,,,,,,,,,,,,,,,,
2024PN880023,OIL SANDS LONGTERM WQ MONITORING,M0 319,M0 319,54.73049,-113.31336,2024-06-20 11:40,WATER,VERTICAL INTEGRATED,2.6,,125.557,,0,,1.127,,14.448,,117.448,,0,,0.092,,0.24,,9.758,,8.056,,144.427,,,,,,NA,,NA,,103,,,,0.95,,0.08,,,,8.24,,,,,,,,29.1,,31.9,,9.18,,0.88,,4.51,,5.89,,,,250,,21,,9.48,,8.21,,246,,15.2,,21,,,,31,,,,,,,,,,,,,,,,,,,,,,,,,,,,,,,,,,,,,,,,,,,,,,,,,,,,,,,,,,,,,,,,,,,,,,,,,,,,,,,,,,,,,,,,,,,,,,,,,,,,,,,,,,,,,,,,,,,,,,,,,,,,,,
2024PN880024,OIL SANDS LONGTERM WQ MONITORING,ATHABASCA RIVER M2 ABOVE HORSE RIVER,AL07DD0002,56.71952778,-111.4044722,2024-07-02 13:45,WATER,VERTICAL INTEGRATED,3.6,,123.119,,0,,1.645,,0,,29.069,,0,,-0.797,,1.57,,58.507,,9.663,,124.749,,,,,,NA,,NA,,101,,,,1.29,,0.1,,,,8.07,,,,,,,,33.2,,4.09,,4.58,,0.69,,0.79,,19.4,,,,253,,66.2,,8.51,,8.41,,248,,21.1,,70,,,,42,,,,,,,,,,,,,,,,,,,,,,,,,,,,,,,,,,,,,,,,,,,,,,,,,,,,,,,,,,,,,,,,,,,,,,,,,,,,,,,,,,,,,,,,,,,,,,,,,,,,,,,,,,,,,,,,,,,,,,,,,,,,,,
2024PN880025,OIL SANDS LONGTERM WQ MONITORING,M3 LT WQ PANEL 1 OF 10,AL07DD0008,56.8383,-111.41835,2024-07-02 10:50,WATER,VERTICAL INTEGRATED,2.6,,124.338,,0,,1.549,,22.616,,124.616,,0,,0.112,,0.32,,12.428,,7.876,,153.692,,,,,,NA,,NA,,102,,,,1.73,,0.1,,,,8.1,,,,,,,,32.9,,33.6,,9.89,,1.03,,4.97,,8.21,,,,260,,71.4,,8.07,,7.82,,251,,20,,72.3,,,,51,,,,,,,,,,,,,,,,,,,,,,,,,,,,,,,,,,,,,,,,,,,,,,,,,,,,,,,,,,,,,,,,,,,,,,,,,,,,,,,,,,,,,,,,,,,,,,,,,,,,,,,,,,,,,,,,,,,,,,,,,,,,,,
2024PN880026,OIL SANDS LONGTERM WQ MONITORING,M3 LT WQ PANEL 5 OF 10,AL07DD0008,56.8388,-111.41548,2024-07-02 11:25,WATER,VERTICAL INTEGRATED,2.5,,124.338,,0,,1.444,,22.616,,124.616,,0,,0.151,,0.3,,11.764,,7.828,,152.879,,,,,,NA,,NA,,102,,,,1.31,,0.1,,,,8.13,,,,,,,,33.2,,33.6,,9.89,,0.99,,4.87,,7.71,,,,258,,67.8,,8.23,,7.86,,250,,20.3,,67.9,,,,42,,,,,,,,,,,,,,,,,,,,,,,,,,,,,,,,,,,,,,,,,,,,,,,,,,,,,,,,,,,,,,,,,,,,,,,,,,,,,,,,,,,,,,,,,,,,,,,,,,,,,,,,,,,,,,,,,,,,,,,,,,,,,,
2024PN880027,OIL SANDS LONGTERM WQ MONITORING,M3 LT WQ PANEL 9 OF 10,AL07DD0008,56.83991,-111.41234,2024-07-02 11:55,WATER,VERTICAL INTEGRATED,2.7,,109.466,,0,,1.762,,18.187,,107.987,,0,,-0.105,,0.38,,15.283,,8.201,,137.552,,,,,,NA,,NA,,89.8,,,,4.2,,0.09,,,,7.99,,,,,,,,26.1,,29.1,,8.58,,0.95,,5.58,,9.05,,,,232,,56.2,,8.16,,7.8,,225,,20.2,,56.3,,,,58,,,,,,,,,,,,,,,,,,,,,,,,,,,,,,,,,,,,,,,,,,,,,,,,,,,,,,,,,,,,,,,,,,,,,,,,,,,,,,,,,,,,,,,,,,,,,,,,,,,,,,,,,,,,,,,,,,,,,,,,,,,,,,
2024PN880028,OIL SANDS LONGTERM WQ MONITORING,M7 LTWQ PANEL 1 OF 10,AL07DD0007,57.31332,-111.67533,2024-07-03 12:50,WATER,VERTICAL INTEGRATED,5.9,,117.755,,0,,1.245,,18.027,,114.627,,0,,0.177,,0.34,,13.452,,7.816,,144.772,,,,,,NA,,NA,,96.6,,,,2.43,,0.1,,,,8.17,,,,,,,,30.5,,31.1,,8.98,,1.05,,4.31,,8.28,,,,252,,70.9,,7.8,,7.61,,242,,21.7,,68.5,,,,47,,,,,,,,,,,,,,,,,,,,,,,,,,,,,,,,,,,,,,,,,,,,,,,,,,,,,,,,,,,,,,,,,,,,,,,,,,,,,,,,,,,,,,,,,,,,,,,,,,,,,,,,,,,,,,,,,,,,,,,,,,,,,,
2024PN880029,OIL SANDS LONGTERM WQ MONITORING,M7 LTWQ PANEL 4 OF 10,AL07DD0007,57.31365,-111.67278,2024-07-03 12:30,WATER,VERTICAL INTEGRATED,2.9,,113.733,,0,,1.321,,16.349,,109.649,,0,,0.1,,0.36,,14.397,,7.93,,140.361,,,,,,NA,,NA,,93.3,,,,3.5,,0.1,,,,8.13,,,,,,,,28.3,,29.7,,8.62,,1,,4.56,,8.57,,,,244,,68.5,,7.81,,7.62,,235,,21.6,EVENTF,78.5,,,,48,,,,,,,,,,,,,,,,,,,,,,,,,,,,,,,,,,,,,,,,,,,,,,,,,,,,,,,,,,,,,,,,,,,,,,,,,,,,,,,,,,,,,,,,,,,,,,,,,,,,,,,,,,,,,,,,,,,,,,,,,,,,,,
2024PN880030,OIL SANDS LONGTERM WQ MONITORING,M7 LTWQ PANEL 10 OF 10,AL07DD0007,57.31395,-111.66737,2024-07-03 11:50,WATER,VERTICAL INTEGRATED,2.1,,105.931,,0,,1.351,,11.926,,98.826,,0,,-0.021,,0.43,,17.626,,8.132,,131.401,,,,,,NA,,NA,,86.9,,,,5.88,,0.09,,,,8.09,,,,,,,,22.9,,26.8,,7.75,,0.92,,5.06,,9.83,,,,230,,54,,7.83,,7.8,,221,,21.3,,58,,,,57,,,,,,,,,,,,,,,,,,,,,,,,,,,,,,,,,,,,,,,,,,,,,,,,,,,,,,,,,,,,,,,,,,,,,,,,,,,,,,,,,,,,,,,,,,,,,,,,,,,,,,,,,,,,,,,,,,,,,,,,,,,,,,
2024PN880031,OIL SANDS LONGTERM WQ MONITORING,ATHABASCA RIVER M2 ABOVE HORSE RIVER,AL07DD0002,56.71952778,-111.4044722,2024-07-15 14:45,WATER,VERTICAL INTEGRATED,3.2,,125.557,,0,,1.392,,25.639,,128.639,,0,,0.252,,0.29,,11.196,,7.645,,153.899,,,,,,NA,,NA,,103,,,,1.03,,0.09,,,,8.15,,,,,,,,33.2,,34.7,,10.2,,1.08,,4.26,,7.53,,,,263,,28.4,,8.76,,8.37,,261,,22.5,,27.1,,,,25,,,,,,,,,,,,,,,,,,,,,,,,,,,,,,,,,,,,,,,,,,,,,,,,,,,,,,,,,,,,,,,,,,,,,,,,,,,,,,,,,,,,,,,,,,,,,,,,,,,,,,,,,,,,,,,,,,,,,,,,,,,,,,
2024PN880032,OIL SANDS LONGTERM WQ MONITORING,M3 LT WQ PANEL 1 OF 10,AL07DD0008,56.8383,-111.41835,2024-07-15 11:15,WATER,VERTICAL INTEGRATED,2.1,,126.776,,0,,1.472,,26.05,,130.05,,0,,0.207,,0.3,,11.578,,7.717,,155.275,,,,,,NA,,NA,,104,,,,1.46,,0.09,,,,8.13,,,,,,,,32.4,,35.1,,10.3,,1.14,,4.44,,7.91,,,,263,,30.8,,8.6,,8.36,,260,,21.3,,30.1,,,,27,,,,,,,,,,,,,,,,,,,,,,,,,,,,,,,,,,,,,,,,,,,,,,,,,,,,,,,,,,,,,,,,,,,,,,,,,,,,,,,,,,,,,,,,,,,,,,,,,,,,,,,,,,,,,,,,,,,,,,,,,,,,,,
2024PN880033,OIL SANDS LONGTERM WQ MONITORING,M3 LT WQ PANEL 5 OF 10,AL07DD0008,56.8388,-111.41548,2024-07-15 12:25,WATER,VERTICAL INTEGRATED,1.8,,125.557,,0,,1.493,,25.39,,128.39,,0,,0.207,,0.29,,11.227,,7.706,,153.269,,,,,,NA,,NA,,103,,,,1.02,,0.09,,,,8.12,,,,,,,,32.6,,34.6,,10.2,,1.09,,4.32,,7.54,,,,261,,30.2,,8.68,,8.37,,259,,22,,28.5,,,,27,,,,,,,,,,,,,,,,,,,,,,,,,,,,,,,,,,,,,,,,,,,,,,,,,,,,,,,,,,,,,,,,,,,,,,,,,,,,,,,,,,,,,,,,,,,,,,,,,,,,,,,,,,,,,,,,,,,,,,,,,,,,,,
2024PN880034,OIL SANDS LONGTERM WQ MONITORING,M3 LT WQ PANEL 9 OF 10,AL07DD0008,56.83991,-111.41234,2024-07-15 12:55,WATER,VERTICAL INTEGRATED,2.2,,118.487,,0,,1.621,,19.617,,116.817,,0,,0.073,,0.4,,15.358,,7.915,,147.881,,,,,,NA,,NA,,97.2,,,,4.64,,0.09,,,,8.06,,,,,,,,28.2,,31.4,,9.33,,1.06,,4.96,,9.85,,,,255,,25.8,,8.68,,8.33,,251,,21.7,,26,,,,40,,,,,,,,,,,,,,,,,,,,,,,,,,,,,,,,,,,,,,,,,,,,,,,,,,,,,,,,,,,,,,,,,,,,,,,,,,,,,,,,,,,,,,,,,,,,,,,,,,,,,,,,,,,,,,,,,,,,,,,,,,,,,,
2024PN880035,OIL SANDS LONGTERM WQ MONITORING,M7 LTWQ PANEL 1 OF 10,AL07DD0007,57.31332,-111.67533,2024-07-16 12:45,WATER,VERTICAL INTEGRATED,5,,121.291,,0,,1.344,,15.372,,114.872,,0,,0.204,,0.37,,14.652,,7.741,,148.593,,,,,,NA,,NA,,99.5,,,,3.94,,0.09,,,,8.15,,,,,,,,30,,31,,9.1,,1,,4.59,,9.16,,,,259,,29.6,,8.16,,8.24,,258,,23,,29,,,,31,,,,,,,,,,,,,,,,,,,,,,,,,,,,,,,,,,,,,,,,,,,,,,,,,,,,,,,,,,,,,,,,,,,,,,,,,,,,,,,,,,,,,,,,,,,,,,,,,,,,,,,,,,,,,,,,,,,,,,,,,,,,,,
2024PN880036,OIL SANDS LONGTERM WQ MONITORING,M7 LTWQ PANEL 4 OF 10,AL07DD0007,57.31365,-111.67278,2024-07-16 12:20,WATER,VERTICAL INTEGRATED,2,,119.218,,0,,1.485,,15.412,,113.212,,0,,0.137,,0.4,,15.701,,7.826,,147.881,,,,,,NA,,NA,,97.8,,,,4.97,,0.09,,,,8.1,,,,,,,,29,,30.5,,9,,1.04,,4.77,,9.8,,,,258,,29.4,,8.15,,8.24,,256,,22.9,,27.8,,,,31,,,,,,,,,,,,,,,,,,,,,,,,,,,,,,,,,,,,,,,,,,,,,,,,,,,,,,,,,,,,,,,,,,,,,,,,,,,,,,,,,,,,,,,,,,,,,,,,,,,,,,,,,,,,,,,,,,,,,,,,,,,,,,
2024PN880037,OIL SANDS LONGTERM WQ MONITORING,M7 LTWQ PANEL 10 OF 10,AL07DD0007,57.31395,-111.66737,2024-07-16 11:55,WATER,VERTICAL INTEGRATED,1.3,,116.049,,0,,1.412,,13.868,,109.068,,0,,0.113,,0.45,,17.699,,7.884,,146.141,,,,,,NA,,NA,,95.2,,,,6.82,,0.09,,,,8.11,,,,,,,,27,,29.5,,8.6,,0.99,,5.09,,10.9,,,,253,,24.4,,8.2,,8.22,,255,,22.6,,25.1,,,,35,,,,,,,,,,,,,,,,,,,,,,,,,,,,,,,,,,,,,,,,,,,,,,,,,,,,,,,,,,,,,,,,,,,,,,,,,,,,,,,,,,,,,,,,,,,,,,,,,,,,,,,,,,,,,,,,,,,,,,,,,,,,,,
2024PN880038,OIL SANDS LONGTERM WQ MONITORING,M0 319,M0 319,54.73049,-113.31336,2024-07-17 11:20,WATER,TRIPLICATE SAMPLE,2.6,,115.439,,0,,1.372,,22.74,,117.44,,0,,0.127,,0.17,,7.197,,7.866,,138.895,,,,,,NA,,NA,,94.7,,,,0.52,,0.08,,,,8.12,,,,,,,,31.9,,31.6,,9.36,,0.79,,3.33,,4.22,,,,237,,37.5,,8.26,,8.3,,242,,21.7,,36,,,,9,,,,,,,,,,,,,,,,,,,,,,,,,,,,,,,,,,,,,,,,,,,,,,,,,,,,,,,,,,,,,,,,,,,,,,,,,,,,,,,,,,,,,,,,,,,,,,,,,,,,,,,,,,,,,,,,,,,,,,,,,,,,,,
2024PN880039,OIL SANDS LONGTERM WQ MONITORING,M0 319,M0 319,54.73049,-113.31336,2024-07-17 11:25,WATER,TRIPLICATE SAMPLE,2.6,,116.415,,0,,1.29,,22.522,,118.022,,0,,PM,,0.17,,7.209,,PM,,139.656,,,,,,NA,,NA,,95.5,,,,0.52,,0.08,,,,8.15,,,,,,,,31.9,,31.8,,9.38,,0.83,,3.33,,4.25,,,,241,,37.6,,,,,,,,,,,,,,8,,,,,,,,,,,,,,,,,,,,,,,,,,,,,,,,,,,,,,,,,,,,,,,,,,,,,,,,,,,,,,,,,,,,,,,,,,,,,,,,,,,,,,,,,,,,,,,,,,,,,,,,,,,,,,,,,,,,,,,,,,,,,,
2024PN880040,OIL SANDS LONGTERM WQ MONITORING,M0 319,M0 319,54.73049,-113.31336,2024-07-17 11:30,WATER,TRIPLICATE SAMPLE,2.6,,115.439,,0,,1.25,,23.031,,117.731,,0,,PM,,0.17,,7.195,,PM,,139.049,,,,,,NA,,NA,,94.7,,,,0.53,,0.08,,,,8.16,,,,,,,,31.9,,31.7,,9.37,,0.81,,3.33,,4.23,,,,241,,37.8,,,,,,,,,,,,,,11,,,,,,,,,,,,,,,,,,,,,,,,,,,,,,,,,,,,,,,,,,,,,,,,,,,,,,,,,,,,,,,,,,,,,,,,,,,,,,,,,,,,,,,,,,,,,,,,,,,,,,,,,,,,,,,,,,,,,,,,,,,,,,
2024PN880043,OIL SANDS LONGTERM WQ MONITORING,ATHABASCA RIVER M2 ABOVE HORSE RIVER,AL07DD0002,56.71952778,-111.4044722,2024-07-30 13:40,WATER,VERTICAL INTEGRATED,3.9,,104.834,,0,,1.649,,22.08,,108.08,,0,,-0.112,,0.24,,10.301,,8.225,,132.628,,,,,,NA,,NA,,86,,,,0.92,,0.09,,,,8,,,,,,,,30.3,,29.5,,8.36,,1.01,,4.87,,5.77,,,,222,,89.8,,8.82,,7.94,,222,,20,EVENTF,109,,,,54,,,,,,,,,,,,,,,,,,,,,,,,,,,,,,,,,,,,,,,,,,,,,,,,,,,,,,,,,,,,,,,,,,,,,,,,,,,,,,,,,,,,,,,,,,,,,,,,,,,,,,,,,,,,,,,,,,,,,,,,,,,,,,
2024PN880044,OIL SANDS LONGTERM WQ MONITORING,M3 LT WQ PANEL 1 OF 10,AL07DD0008,56.8383,-111.41835,2024-07-30 10:50,WATER,VERTICAL INTEGRATED,2.7,,104.225,,0,,1.718,,23.578,,109.078,,0,,-0.156,,0.26,,11.066,,8.292,,134.673,,,,,,NA,,NA,,85.5,,,,1.18,,0.1,,,,7.98,,,,,,,,31.2,,29.9,,8.36,,1.03,,5.08,,6.31,,,,224,,108,,8.54,,7.92,,224,,19.1,,113.3,,,,52,,,,,,,,,,,,,,,,,,,,,,,,,,,,,,,,,,,,,,,,,,,,,,,,,,,,,,,,,,,,,,,,,,,,,,,,,,,,,,,,,,,,,,,,,,,,,,,,,,,,,,,,,,,,,,,,,,,,,,,,,,,,,,
2024PN880045,OIL SANDS LONGTERM WQ MONITORING,M3 LT WQ PANEL 5 OF 10,AL07DD0008,56.8388,-111.41548,2024-07-30 11:20,WATER,VERTICAL INTEGRATED,3,,102.152,,0,,1.683,,23.369,,107.169,,0,,-0.167,,0.25,,10.618,,8.313,,131.576,,,,,,NA,,NA,,83.8,,,,0.95,,0.09,,,,7.98,,,,,,,,30.8,,29.3,,8.26,,1.03,,4.76,,5.92,,,,221,,95.6,,8.73,,7.92,,222,,19.3,EVENTF,106.6,,,,54,,,,,,,,,,,,,,,,,,,,,,,,,,,,,,,,,,,,,,,,,,,,,,,,,,,,,,,,,,,,,,,,,,,,,,,,,,,,,,,,,,,,,,,,,,,,,,,,,,,,,,,,,,,,,,,,,,,,,,,,,,,,,,
2024PN880046,OIL SANDS LONGTERM WQ MONITORING,M3 LT WQ PANEL 9 OF 10,AL07DD0008,56.83991,-111.41234,2024-07-30 11:45,WATER,VERTICAL INTEGRATED,3.1,,99.836,,0,,1.499,,21.037,,102.937,,0,,-0.155,,0.34,,14.16,,8.329,,131.304,,,,,,NA,,NA,,81.9,,,,3.65,,0.09,,,,8.02,,,,,,,,27.8,,28.1,,7.96,,1.03,,5.47,,7.9,,,,221,,86.4,,8.81,,7.92,,222,,19.3,,93.6,,,,59,,,,,,,,,,,,,,,,,,,,,,,,,,,,,,,,,,,,,,,,,,,,,,,,,,,,,,,,,,,,,,,,,,,,,,,,,,,,,,,,,,,,,,,,,,,,,,,,,,,,,,,,,,,,,,,,,,,,,,,,,,,,,,
2024PN880047,OIL SANDS LONGTERM WQ MONITORING,M7 LTWQ PANEL 1 OF 10,AL07DD0007,57.31332,-111.67533,2024-07-31 12:20,WATER,VERTICAL INTEGRATED,5.9,,106.297,,0,,2.21,,18.767,,105.967,,0,,-0.214,,0.28,,12.019,,8.308,,133.857,,,,,,NA,,NA,,87.2,,,,1.97,,0.09,,,,7.88,,,,,,,,29.4,,29,,8.15,,1,,4.94,,6.73,,,,233,,114,,7.97,,7.85,,228,,20.7,,111.5,,,,48,,,,,,,,,,,,,,,,,,,,,,,,,,,,,,,,,,,,,,,,,,,,,,,,,,,,,,,,,,,,,,,,,,,,,,,,,,,,,,,,,,,,,,,,,,,,,,,,,,,,,,,,,,,,,,,,,,,,,,,,,,,,,,
2024PN880048,OIL SANDS LONGTERM WQ MONITORING,M7 LTWQ PANEL 4 OF 10,AL07DD0007,57.31365,-111.67278,2024-07-31 12:00,WATER,VERTICAL INTEGRATED,2.8,,119.584,,0,,3.775,,8.075,,106.175,,0,,-0.347,,0.3,,12.639,,8.393,,141.282,,,,,,NA,,NA,,98.1,,,,2.83,,0.09,,,,7.7,,,,,,,,28.8,,29.1,,8.14,,0.98,,5.16,,7.14,,,,249,,112,,8.04,,7.84,,228,,20.6,,118.5,,,,48,,,,,,,,,,,,,,,,,,,,,,,,,,,,,,,,,,,,,,,,,,,,,,,,,,,,,,,,,,,,,,,,,,,,,,,,,,,,,,,,,,,,,,,,,,,,,,,,,,,,,,,,,,,,,,,,,,,,,,,,,,,,,,
2024PN880049,OIL SANDS LONGTERM WQ MONITORING,M7 LTWQ PANEL 10 OF 10,AL07DD0007,57.31395,-111.66737,2024-07-31 11:35,WATER,VERTICAL INTEGRATED,2.3,,104.59,,0,,1.57,,17.642,,103.442,,0,,-0.098,,0.39,,15.855,,8.216,,136.1,,,,,,NA,,NA,,85.8,,,,5.62,,0.1,,,,8.02,,,,,,,,26.8,,28.5,,7.84,,0.96,,5.51,,9.06,,,,238,,91.3,,8.11,,7.87,,231,,20.4,,95,,,,53,,,,,,,,,,,,,,,,,,,,,,,,,,,,,,,,,,,,,,,,,,,,,,,,,,,,,,,,,,,,,,,,,,,,,,,,,,,,,,,,,,,,,,,,,,,,,,,,,,,,,,,,,,,,,,,,,,,,,,,,,,,,,,
2024PN880050,OIL SANDS LONGTERM WQ MONITORING,ATHABASCA RIVER M2 ABOVE HORSE RIVER,AL07DD0002,56.71952778,-111.4044722,2024-08-13 14:15,WATER,VERTICAL INTEGRATED,2.6,,121.047,,0,,1.473,,16.743,,116.043,,0,,0.123,,0.3,,12.141,,7.864,,144.469,,,,,,NA,,NA,,99.3,,,,1.58,,0.09,,,,8.11,,,,,,,,30.1,,31.7,,8.96,,1.15,,3.84,,7.46,,,,244,,21.1,,8.74,,8.26,,250,,21.2,,21.2,,,,27,,,,,,,,,,,,,,,,,,,,,,,,,,,,,,,,,,,,,,,,,,,,,,,,,,,,,,,,,,,,,,,,,,,,,,,,,,,,,,,,,,,,,,,,,,,,,,,,,,,,,,,,,,,,,,,,,,,,,,,,,,,,,,
2024PN880051,OIL SANDS LONGTERM WQ MONITORING,M3 LT WQ PANEL 1 OF 10,AL07DD0008,56.8383,-111.41835,2024-08-13 10:40,WATER,VERTICAL INTEGRATED,1.9,,123.119,,0,,1.724,,12.804,,113.804,,0,,0.044,,0.29,,11.682,,7.961,,143.209,,,,,,NA,,NA,,101,,,,1.17,,0.09,,,,8.05,,,,,,,,29.6,,31.1,,8.78,,1.09,,3.77,,7,,,,250,,20.8,,8.4,,8.2,,255,,20.6,,20.7,,,,37,,,,,,,,,,,,,,,,,,,,,,,,,,,,,,,,,,,,,,,,,,,,,,,,,,,,,,,,,,,,,,,,,,,,,,,,,,,,,,,,,,,,,,,,,,,,,,,,,,,,,,,,,,,,,,,,,,,,,,,,,,,,,,
2024PN880052,OIL SANDS LONGTERM WQ MONITORING,M3 LT WQ PANEL 5 OF 10,AL07DD0008,56.8388,-111.41548,2024-08-13 11:25,WATER,VERTICAL INTEGRATED,2,,121.9,,0,,1.667,,15.256,,115.256,,0,,0.07,,0.29,,11.776,,7.919,,143.689,,,,,,NA,,NA,,100,,,,1.2,,0.09,,,,8.06,,,,,,,,30,,31.5,,8.89,,1.06,,3.79,,7.15,,,,247,,20.8,,8.49,,8.23,,252,,21.1,,20.6,,,,30,,,,,,,,,,,,,,,,,,,,,,,,,,,,,,,,,,,,,,,,,,,,,,,,,,,,,,,,,,,,,,,,,,,,,,,,,,,,,,,,,,,,,,,,,,,,,,,,,,,,,,,,,,,,,,,,,,,,,,,,,,,,,,
2024PN880053,OIL SANDS LONGTERM WQ MONITORING,M3 LT WQ PANEL 9 OF 10,AL07DD0008,56.83991,-111.41234,2024-08-13 11:45,WATER,VERTICAL INTEGRATED,2,,116.171,,0,,1.665,,12.653,,107.953,,0,,-0.001,,0.43,,16.883,,8.041,,143.699,,,,,,NA,,NA,,95.3,,,,6.06,,0.09,,,,8.04,,,,,,,,27,,29.4,,8.39,,1.06,,4.31,,10.2,,,,248,,18.2,,8.49,,8.21,,254,,21.1,,19.3,,,,32,,,,,,,,,,,,,,,,,,,,,,,,,,,,,,,,,,,,,,,,,,,,,,,,,,,,,,,,,,,,,,,,,,,,,,,,,,,,,,,,,,,,,,,,,,,,,,,,,,,,,,,,,,,,,,,,,,,,,,,,,,,,,,
2024PN880054,OIL SANDS LONGTERM WQ MONITORING,M7 LTWQ PANEL 1 OF 10,AL07DD0007,57.31332,-111.67533,2024-08-14 13:55,WATER,VERTICAL INTEGRATED,5,,118.487,,0,,1.476,,17.34,,114.54,,0,,0.089,,0.39,,15.307,,7.922,,146.389,,,,,,NA,,NA,,97.2,,,,5.15,,0.09,,,,8.1,,,,,,,,27.9,,30.9,,9.08,,1.04,,4.28,,9.62,,,,251,,21.2,,8.28,,8.22,,255,,21.1,,18.3,,,,30,,,,,,,,,,,,,,,,,,,,,,,,,,,,,,,,,,,,,,,,,,,,,,,,,,,,,,,,,,,,,,,,,,,,,,,,,,,,,,,,,,,,,,,,,,,,,,,,,,,,,,,,,,,,,,,,,,,,,,,,,,,,,,
2024PN880055,OIL SANDS LONGTERM WQ MONITORING,M7 LTWQ PANEL 4 OF 10,AL07DD0007,57.31365,-111.67278,2024-08-14 12:40,WATER,VERTICAL INTEGRATED,2.2,,117.512,,0,,1.464,,17.434,,113.834,,0,,0.086,,0.41,,15.899,,7.929,,146.539,,,,,,NA,,NA,,96.4,,,,5.91,,0.09,,,,8.1,,,,,,,,27.6,,30.7,,9.03,,1.03,,4.33,,10,,,,253,,19.6,,8.24,,8.12,,256,,21.2,,19.9,,,,28,,,,,,,,,,,,,,,,,,,,,,,,,,,,,,,,,,,,,,,,,,,,,,,,,,,,,,,,,,,,,,,,,,,,,,,,,,,,,,,,,,,,,,,,,,,,,,,,,,,,,,,,,,,,,,,,,,,,,,,,,,,,,,
2024PN880056,OIL SANDS LONGTERM WQ MONITORING,M7 LTWQ PANEL 10 OF 10,AL07DD0007,57.31395,-111.66737,2024-08-14 12:20,WATER,VERTICAL INTEGRATED,1.1,,116.171,,0,,1.414,,16.833,,112.133,,0,,0.08,,0.46,,17.562,,7.95,,147.289,,,,,,NA,,NA,,95.3,,,,7.57,,0.09,,,,8.11,,,,,,,,26.7,,30.2,,8.92,,1.01,,4.51,,11.1,,,,255,,17,,8.21,,8.15,,258,,21.1,,17,,,,29,,,,,,,,,,,,,,,,,,,,,,,,,,,,,,,,,,,,,,,,,,,,,,,,,,,,,,,,,,,,,,,,,,,,,,,,,,,,,,,,,,,,,,,,,,,,,,,,,,,,,,,,,,,,,,,,,,,,,,,,,,,,,,
2024PN880057,OIL SANDS LONGTERM WQ MONITORING,M0 319,M0 319,54.73049,-113.31336,2024-08-15 11:15,WATER,VERTICAL INTEGRATED,2.3,,132.871,,0,,1.28,,17.241,,126.241,,0,,0.252,,0.27,,10.577,,7.707,,151.789,,,,,,NA,,NA,,109,,,,0.95,,0.09,,,,8.21,,,,,,,,29.3,,34.3,,9.86,,1.02,,3.93,,6.93,,,,262,,20.6,,8.42,,8.36,,261,,19.7,,19.6,,,,19,,,,,,,,,,,,,,,,,,,,,,,,,,,,,,,,,,,,,,,,,,,,,,,,,,,,,,,,,,,,,,,,,,,,,,,,,,,,,,,,,,,,,,,,,,,,,,,,,,,,,,,,,,,,,,,,,,,,,,,,,,,,,,
2024PN880058,OIL SANDS LONGTERM WQ MONITORING,ATHABASCA RIVER M2 ABOVE HORSE RIVER,AL07DD0002,56.71952778,-111.4044722,2024-09-16 14:00,WATER,VERTICAL INTEGRATED,2.7,,135.309,,0,,1.572,,24.692,,135.692,,0,,0.08,,0.33,,12.308,,7.971,,162.789,,,,,,NA,,NA,,111,,,,1.35,,0.09,,,,8.13,,,,,,,,34.5,,36.7,,10.7,,1.23,,2.76,,8.85,,,,277,,6.86,,10.06,,8.4,,275,,15.5,,6.57,,,,15,,,,,,,,,,,,,,,,,,,,,,,,,,,,,,,,,,,,,,,,,,,,,,,,,,,,,,,,,,,,,,,,,,,,,,,,,,,,,,,,,,,,,,,,,,,,,,,,,,,,,,,,,,,,,,,,,,,,,,,,,,,,,,
2024PN880059,OIL SANDS LONGTERM WQ MONITORING,M3 LT WQ PANEL 1 OF 10,AL07DD0008,56.8383,-111.41835,2024-09-16 11:15,WATER,VERTICAL INTEGRATED,1.3,,138.966,,0,,1.614,,24.925,,138.925,,0,,0.052,,0.36,,13.199,,8.027,,169.204,,,,,,NA,,NA,,114,,,,2.82,,0.09,,,,8.13,,,,,,,,35.2,,37.5,,11,,1.29,,2.73,,9.82,,,,288,,6.27,,9.74,,8.32,,285,,14,,6.7,,,,15,,,,,,,,,,,,,,,,,,,,,,,,,,,,,,,,,,,,,,,,,,,,,,,,,,,,,,,,,,,,,,,,,,,,,,,,,,,,,,,,,,,,,,,,,,,,,,,,,,,,,,,,,,,,,,,,,,,,,,,,,,,,,,
2024PN880060,OIL SANDS LONGTERM WQ MONITORING,M3 LT WQ PANEL 5 OF 10,AL07DD0008,56.8388,-111.41548,2024-09-14 9:55,WATER,VERTICAL INTEGRATED,1.6,,137.747,,0,,1.638,,25.837,,138.837,,0,,0.052,,0.31,,11.605,,8.016,,165.849,,,,,,NA,,NA,,113,,,,1.49,,0.09,,,,8.12,,,,,,,,35.5,,37.3,,11.1,,1.12,,2.98,,8.46,,,,282,,8.64,,9.66,,8.32,,279,,14.5,,8.1,,,,16,,,,,,,,,,,,,,,,,,,,,,,,,,,,,,,,,,,,,,,,,,,,,,,,,,,,,,,,,,,,,,,,,,,,,,,,,,,,,,,,,,,,,,,,,,,,,,,,,,,,,,,,,,,,,,,,,,,,,,,,,,,,,,
2024PN880061,OIL SANDS LONGTERM WQ MONITORING,M3 LT WQ PANEL 9 OF 10,AL07DD0008,56.83991,-111.41234,2024-09-14 10:20,WATER,TRIPLICATE SAMPLE,1.5,,129.214,,0,,1.501,,21.803,,127.803,,0,,-0.011,,0.55,,19.415,,8.151,,169.099,,,,,,NA,,NA,,106,,,,10.7,,0.09,,,,8.13,,,,,,,,31,,34.2,,10.3,,1.1,,3.8,,14.3,,,,293,,7.79,,9.72,,8.27,,287,,14.3,,7.72,,,,17,,,,,,,,,,,,,,,,,,,,,,,,,,,,,,,,,,,,,,,,,,,,,,,,,,,,,,,,,,,,,,,,,,,,,,,,,,,,,,,,,,,,,,,,,,,,,,,,,,,,,,,,,,,,,,,,,,,,,,,,,,,,,,
2024PN880062,OIL SANDS LONGTERM WQ MONITORING,M3 LT WQ PANEL 9 OF 10,AL07DD0008,56.83991,-111.41234,2024-09-14 10:25,WATER,TRIPLICATE SAMPLE,1.5,,127.995,,0,,1.558,,21.642,,126.642,,0,,PM,,0.55,,19.553,,PM,,168.119,,,,,,NA,,NA,,105,,,,10.7,,0.09,,,,8.11,,,,,,,,31,,33.9,,10.2,,1.12,,3.8,,14.3,,,,292,,7.86,,,,,,,,,,,,,,17,,,,,,,,,,,,,,,,,,,,,,,,,,,,,,,,,,,,,,,,,,,,,,,,,,,,,,,,,,,,,,,,,,,,,,,,,,,,,,,,,,,,,,,,,,,,,,,,,,,,,,,,,,,,,,,,,,,,,,,,,,,,,,
2024PN880063,OIL SANDS LONGTERM WQ MONITORING,M3 LT WQ PANEL 9 OF 10,AL07DD0008,56.83991,-111.41234,2024-09-14 10:30,WATER,TRIPLICATE SAMPLE,1.5,,127.995,,0,,1.632,,21.642,,126.642,,0,,PM,,0.56,,19.668,,PM,,168.188,,,,,,NA,,NA,,105,,,,10.7,,0.09,,,,8.09,,,,,,,,31,,33.9,,10.2,,1.09,,3.79,,14.4,,,,291,,7.65,,,,,,,,,,,,,,17,,,,,,,,,,,,,,,,,,,,,,,,,,,,,,,,,,,,,,,,,,,,,,,,,,,,,,,,,,,,,,,,,,,,,,,,,,,,,,,,,,,,,,,,,,,,,,,,,,,,,,,,,,,,,,,,,,,,,,,,,,,,,,
2024PN880066,OIL SANDS LONGTERM WQ MONITORING,M7 LTWQ PANEL 1 OF 10,AL07DD0007,57.31332,-111.67533,2024-09-15 12:30,WATER,VERTICAL INTEGRATED,4.4,,131.652,,0,,1.565,,22.3,,130.3,,0,,0.016,,0.52,,18.454,,8.089,,170.399,,,,,,NA,,NA,,108,,,,8.93,,0.09,,,,8.12,,,,,,,,32.6,,35.2,,10.3,,1.16,,3.61,,13.7,,,,294,,8.64,,9.57,,8.24,,290,,14.8,,9.13,,,,17,,,,,,,,,,,,,,,,,,,,,,,,,,,,,,,,,,,,,,,,,,,,,,,,,,,,,,,,,,,,,,,,,,,,,,,,,,,,,,,,,,,,,,,,,,,,,,,,,,,,,,,,,,,,,,,,,,,,,,,,,,,,,,
2024PN880067,OIL SANDS LONGTERM WQ MONITORING,M7 LTWQ PANEL 4 OF 10,AL07DD0007,57.31365,-111.67278,2024-09-15 11:40,WATER,VERTICAL INTEGRATED,1.4,,130.433,,0,,1.913,,24.123,,131.123,,0,,-0.078,,0.51,,18.144,,8.187,,169.893,,,,,,NA,,NA,,107,,,,9.01,,0.09,,,,8.03,,,,,,,,32.6,,35.2,,10.5,,1.14,,3.64,,13.5,,,,294,,8.55,,9.57,,8.25,,290,,14.8,,8.8,,,,17,,,,,,,,,,,,,,,,,,,,,,,,,,,,,,,,,,,,,,,,,,,,,,,,,,,,,,,,,,,,,,,,,,,,,,,,,,,,,,,,,,,,,,,,,,,,,,,,,,,,,,,,,,,,,,,,,,,,,,,,,,,,,,
2024PN880068,OIL SANDS LONGTERM WQ MONITORING,M7 LTWQ PANEL 10 OF 10,AL07DD0007,57.31395,-111.66737,2024-09-15 11:30,WATER,VERTICAL INTEGRATED,0.6,,131.652,,0,,1.64,,22.212,,130.212,,0,,-0.01,,0.54,,19.016,,8.121,,171.88,,,,,,NA,,NA,,108,,,,10.2,,0.09,,,,8.1,,,,,,,,32.3,,35,,10.4,,1.12,,3.73,,14.2,,,,297,,19.6,,9.57,,8.31,,293,,14.7,,8.7,,,,17,,,,,,,,,,,,,,,,,,,,,,,,,,,,,,,,,,,,,,,,,,,,,,,,,,,,,,,,,,,,,,,,,,,,,,,,,,,,,,,,,,,,,,,,,,,,,,,,,,,,,,,,,,,,,,,,,,,,,,,,,,,,,,
2024PN880069,OIL SANDS LONGTERM WQ MONITORING,M0 319,M0 319,54.73049,-113.31336,2024-09-13 12:30,WATER,VERTICAL INTEGRATED,1.9,,136.528,,0,,1.782,,26.175,,138.175,,0,,0.042,,0.27,,10.26,,7.996,,162.869,,,,,,NA,,NA,,112,,,,0.97,,0.09,,,,8.08,,,,,,,,35.4,,37.2,,11,,1.08,,2.59,,7.33,,,,282,,5.66,,9.26,,8.37,,275,,15.6,,5.08,,,,10,,,,,,,,,,,,,,,,,,,,,,,,,,,,,,,,,,,,,,,,,,,,,,,,,,,,,,,,,,,,,,,,,,,,,,,,,,,,,,,,,,,,,,,,,,,,,,,,,,,,,,,,,,,,,,,,,,,,,,,,,,,,,,
2024PN880070,OIL SANDS LONGTERM WQ MONITORING,ATHABASCA RIVER M2 ABOVE HORSE RIVER,AL07DD0002,56.71952778,-111.4044722,2024-10-08 15:10,WATER,TRIPLICATE SAMPLE,2.6,,121.412,,0,,1.7,,24.808,,124.408,,0,,-0.287,,0.27,,10.62,,8.624,,151.691,,,,,,NA,,NA,,99.6,,,,1.52,,0.08,,,,8.05,,,,,,,,35.6,,33.5,,9.9,,1.14,,3.06,,6.87,,,,261,,252,,11.05,,8.15,,259,,9.2,EVENTF,185.5,,,,11,,,,,,,,,,,,,,,,,,,,,,,,,,,,,,,,,,,,,,,,,,,,,,,,,,,,,,,,,,,,,,,,,,,,,,,,,,,,,,,,,,,,,,,,,,,,,,,,,,,,,,,,,,,,,,,,,,,,,,,,,,,,,,
2024PN880071,OIL SANDS LONGTERM WQ MONITORING,ATHABASCA RIVER M2 ABOVE HORSE RIVER,AL07DD0002,56.71952778,-111.4044722,2024-10-08 15:15,WATER,TRIPLICATE SAMPLE,2.6,,121.291,,0,,1.908,,24.285,,123.785,,0,,PM,,0.27,,10.694,,PM,,151.533,,,,,,NA,,NA,,99.5,,,,1.52,,0.08,,,,8,,,,,,,,35.7,,33.3,,9.87,,1.15,,3.07,,6.89,,,,259,,256,,,,,,,,,,,,,,11,,,,,,,,,,,,,,,,,,,,,,,,,,,,,,,,,,,,,,,,,,,,,,,,,,,,,,,,,,,,,,,,,,,,,,,,,,,,,,,,,,,,,,,,,,,,,,,,,,,,,,,,,,,,,,,,,,,,,,,,,,,,,,
2024PN880072,OIL SANDS LONGTERM WQ MONITORING,ATHABASCA RIVER M2 ABOVE HORSE RIVER,AL07DD0002,56.71952778,-111.4044722,2024-10-08 15:20,WATER,TRIPLICATE SAMPLE,2.6,,121.656,,0,,1.703,,23.861,,123.661,,0,,PM,,0.27,,10.691,,PM,,151.653,,,,,,NA,,NA,,99.8,,,,1.52,,0.08,,,,8.05,,,,,,,,35.7,,33.3,,9.84,,1.13,,3.07,,6.88,,,,262,,253,,,,,,,,,,,,,,11,,,,,,,,,,,,,,,,,,,,,,,,,,,,,,,,,,,,,,,,,,,,,,,,,,,,,,,,,,,,,,,,,,,,,,,,,,,,,,,,,,,,,,,,,,,,,,,,,,,,,,,,,,,,,,,,,,,,,,,,,,,,,,
2024PN880075,OIL SANDS LONGTERM WQ MONITORING,M3 LT WQ PANEL 1 OF 10,AL07DD0008,56.8383,-111.41835,2024-10-08 12:20,WATER,VERTICAL INTEGRATED,1.1,,124.338,,0,,1.346,,25.89,,127.89,,0,,-0.16,,0.29,,11.295,,8.48,,158.103,,,,,,NA,,NA,,102,,,,2.4,,0.08,,,,8.16,,,,,,,,37.7,,34.4,,10.2,,1.19,,3,,7.57,,,,275,,175,,10.92,,8.13,,270,,9.1,EVENTF,130,,,,11,,,,,,,,,,,,,,,,,,,,,,,,,,,,,,,,,,,,,,,,,,,,,,,,,,,,,,,,,,,,,,,,,,,,,,,,,,,,,,,,,,,,,,,,,,,,,,,,,,,,,,,,,,,,,,,,,,,,,,,,,,,,,,
2024PN880076,OIL SANDS LONGTERM WQ MONITORING,M3 LT WQ PANEL 5 OF 10,AL07DD0008,56.8388,-111.41548,2024-10-08 11:10,WATER,VERTICAL INTEGRATED,1.6,,121.291,,0,,1.283,,25.569,,125.069,,0,,-0.18,,0.27,,10.761,,8.529,,152.662,,,,,,NA,,NA,,99.5,,,,1.74,,0.08,,,,8.17,,,,,,,,36.9,,33.6,,10,,1.16,,2.25,,7.01,,,,269,,195,,11.04,,8.11,,263,,8.8,EVENTF,151,,,,25,,,,,,,,,,,,,,,,,,,,,,,,,,,,,,,,,,,,,,,,,,,,,,,,,,,,,,,,,,,,,,,,,,,,,,,,,,,,,,,,,,,,,,,,,,,,,,,,,,,,,,,,,,,,,,,,,,,,,,,,,,,,,,
2024PN880077,OIL SANDS LONGTERM WQ MONITORING,M3 LT WQ PANEL 10 OF 10,AL07DD0008,56.83878,-111.41164,2024-10-08 11:30,WATER,VERTICAL INTEGRATED,1.6,,114.22,,0,,2.488,,18.716,,112.416,,0,,-0.579,,0.52,,19.415,,9.018,,154.023,,,,,,NA,,NA,,93.7,,,,10.2,,0.08,,,,7.86,,,,,,,,30.1,,30,,9.11,,1.12,,4.42,,12.6,,,,263,,154,,11.19,,8.08,,265,,8.4,EVENTF,123,,,,15,,,,,,,,,,,,,,,,,,,,,,,,,,,,,,,,,,,,,,,,,,,,,,,,,,,,,,,,,,,,,,,,,,,,,,,,,,,,,,,,,,,,,,,,,,,,,,,,,,,,,,,,,,,,,,,,,,,,,,,,,,,,,,
2024PN880078,OIL SANDS LONGTERM WQ MONITORING,M7 LTWQ PANEL 1 OF 10,AL07DD0007,57.31332,-111.67533,2024-10-09 12:40,WATER,VERTICAL INTEGRATED,4.8,,119.34,,0,,1.671,,19.991,,117.891,,0,,-0.34,,0.46,,17.211,,8.729,,157.143,,,,,,NA,,NA,,97.9,,,,8.27,,0.08,,,,8.05,,,,,,,,32.2,,31.5,,9.53,,1.16,,4.05,,11.4,,,,273,,150,,10.9,,8.08,,270,,8.7,EVENTF,113,,,,15,,,,,,,,,,,,,,,,,,,,,,,,,,,,,,,,,,,,,,,,,,,,,,,,,,,,,,,,,,,,,,,,,,,,,,,,,,,,,,,,,,,,,,,,,,,,,,,,,,,,,,,,,,,,,,,,,,,,,,,,,,,,,,
2024PN880079,OIL SANDS LONGTERM WQ MONITORING,M7 LTWQ PANEL 4 OF 10,AL07DD0007,57.31365,-111.67278,2024-10-09 12:20,WATER,VERTICAL INTEGRATED,1.6,,120.681,,0,,1.729,,19.14,,118.14,,0,,-0.343,,0.46,,17.187,,8.727,,157.922,,,,,,NA,,NA,,99,,,,8.31,,0.08,,,,8.04,,,,,,,,32.2,,31.6,,9.53,,1.12,,4.06,,11.4,,,,274,,148,,10.9,,8.09,,270,,8.7,EVENTF,109,,,,14,,,,,,,,,,,,,,,,,,,,,,,,,,,,,,,,,,,,,,,,,,,,,,,,,,,,,,,,,,,,,,,,,,,,,,,,,,,,,,,,,,,,,,,,,,,,,,,,,,,,,,,,,,,,,,,,,,,,,,,,,,,,,,
2024PN880080,OIL SANDS LONGTERM WQ MONITORING,M7 LTWQ PANEL 10 OF 10,AL07DD0007,57.31395,-111.66737,2024-10-09 11:40,WATER,VERTICAL INTEGRATED,0.6,,118.974,,0,,1.517,,22.324,,119.924,,0,,-0.297,,0.47,,17.469,,8.685,,160.84,,,,,,NA,,NA,,97.6,,,,8.96,,0.08,,,,8.09,,,,,,,,34.2,,32.1,,9.66,,1.12,,4.17,,11.8,,,,281,,136,,10.92,,8.09,,273,,8.6,EVENTF,93,,,,13,,,,,,,,,,,,,,,,,,,,,,,,,,,,,,,,,,,,,,,,,,,,,,,,,,,,,,,,,,,,,,,,,,,,,,,,,,,,,,,,,,,,,,,,,,,,,,,,,,,,,,,,,,,,,,,,,,,,,,,,,,,,,,
2024PN880081,OIL SANDS LONGTERM WQ MONITORING,M0 319,M0 319,54.73049,-113.31336,2024-10-12 15:00,WATER,VERTICAL INTEGRATED,1.8,,145.061,,0,,1.43,,33.341,,152.341,,0,,-0.034,,0.29,,10.337,,8.267,,182.511,,,,,,NA,,NA,,119,,,,1.21,,0.09,,,,8.2,,,,,,,,44.5,,40.4,,12.5,,1.21,,2.98,,8.15,,,,311,,5.42,,11.33,,8.31,,310,,7.8,,5.5,,,,11,,,,,,,,,,,,,,,,,,,,,,,,,,,,,,,,,,,,,,,,,,,,,,,,,,,,,,,,,,,,,,,,,,,,,,,,,,,,,,,,,,,,,,,,,,,,,,,,,,,,,,,,,,,,,,,,,,,,,,,,,,,,,,
2024PN880082,OIL SANDS LONGTERM WQ MONITORING,ATHABASCA RIVER M2 ABOVE HORSE RIVER,AL07DD0002,56.71952778,-111.4044722,2025-01-13 14:30,WATER,VERTICAL INTEGRATED,3.5,,215.763,,0,,2.03,,17.17,,194.17,,0,,-0.02,,0.63,,18.181,,8.26,,263.909,,,,,,NA,,NA,,177,,,,4.38,,0.12,,,,8.22,,,,,,,,56.1,,52.7,,15.2,,2.14,,6.34,,20.1,,,,453,,2.97,,12.75,,7.99,,447,,0,,1.55,,,,15,,,,,,,,,,,,,,,,,,,,,,,,,,,,,,,,,,,,,,,,,,,,,,,,,,,,,,,,,,,,,,,,,,,,,,,,,,,,,,,,,,,,,,,,,,,,,,,,,,,,,,,,,,,,,,,,,,,,,,,,,,,,,,
2024PN880083,OIL SANDS LONGTERM WQ MONITORING,M3 LT WQ PANEL 1 OF 10,AL07DD0008,56.8383,-111.41835,2025-01-13 11:13,WATER,VERTICAL INTEGRATED,0.33,,216.982,,0,,2.09,,18.242,,196.242,,0,,-0.021,,0.64,,18.391,,8.251,,268.127,,,,,,NA,,NA,,178,,,,5.76,,0.12,,,,8.21,,,,,,,,56.8,,53.2,,15.4,,2.15,,6.34,,20.6,,,,460,,2.79,,12.59,,,,444,,0.1,,1.93,,,,16,,,,,,,,,,,,,,,,,,,,,,,,,,,,,,,,,,,,,,,,,,,,,,,,,,,,,,,,,,,,,,,,,,,,,,,,,,,,,,,,,,,,,,,,,,,,,,,,,,,,,,,,,,,,,,,,,,,,,,,,,,,,,,
2024PN880084,OIL SANDS LONGTERM WQ MONITORING,M3 LT WQ PANEL 5 OF 10,AL07DD0008,56.8388,-111.41548,2025-01-13 11:30,WATER,VERTICAL INTEGRATED,1.05,,213.325,,0,,1.827,,17.598,,192.598,,0,,0.013,,0.61,,17.933,,8.234,,261.141,,,,,,NA,,NA,,175,,,,4.47,,0.12,,,,8.26,,,,,,,,55.5,,52.4,,15,,2.08,,6.36,,19.6,,,,448,,2.47,,12.88,,,,445,,0,,1.68,,,,15,,,,,,,,,,,,,,,,,,,,,,,,,,,,,,,,,,,,,,,,,,,,,,,,,,,,,,,,,,,,,,,,,,,,,,,,,,,,,,,,,,,,,,,,,,,,,,,,,,,,,,,,,,,,,,,,,,,,,,,,,,,,,,
2024PN880085,OIL SANDS LONGTERM WQ MONITORING,M3 LT WQ PANEL 9 OF 10,AL07DD0008,56.83991,-111.41234,2025-01-13 11:50,WATER,VERTICAL INTEGRATED,1.95,,127.995,,0,,3.059,,2.312,,107.312,,0,,-0.9,,1.21,,36.584,,9.621,,196.96,,,,,,NA,,NA,,105,,,,32.6,,0.1,,,,7.82,,,,,,,,22,,28.5,,8.78,,1.36,,11.1,,28.9,,,,353,,3.46,,12.56,EVENTF,NM,,349,,0,,2.95,,,,18,,,,,,,,,,,,,,,,,,,,,,,,,,,,,,,,,,,,,,,,,,,,,,,,,,,,,,,,,,,,,,,,,,,,,,,,,,,,,,,,,,,,,,,,,,,,,,,,,,,,,,,,,,,,,,,,,,,,,,,,,,,,,,
2024PN880086,OIL SANDS LONGTERM WQ MONITORING,M7 LTWQ PANEL 1 OF 10,AL07DD0007,57.31332,-111.67533,2025-01-14 12:03,WATER,VERTICAL INTEGRATED,6.4,,181.631,,0,,2.263,,10.245,,159.245,,0,,-0.299,,0.84,,24.823,,8.698,,239.953,,,,,,NA,,NA,,149,,,,17.5,,0.11,,,,8.1,,,,,,,,42,,43,,12.6,,1.78,,8.31,,24.5,,,,421,,3.58,,12.05,,7.97,,416,,0,,2.15,,,,16,,,,,,,,,,,,,,,,,,,,,,,,,,,,,,,,,,,,,,,,,,,,,,,,,,,,,,,,,,,,,,,,,,,,,,,,,,,,,,,,,,,,,,,,,,,,,,,,,,,,,,,,,,,,,,,,,,,,,,,,,,,,,,
2024PN880087,OIL SANDS LONGTERM WQ MONITORING,M7 LTWQ PANEL 4 OF 10,AL07DD0007,57.31365,-111.67278,2025-01-14 12:25,WATER,VERTICAL INTEGRATED,0.9,,171.879,,0,,2.407,,7.96,,148.96,,0,,-0.4,,0.91,,26.784,,8.85,,231.688,,,,,,NA,,NA,,141,,,,20.6,,0.11,,,,8.05,,,,,,,,37.7,,40.2,,11.8,,1.71,,8.89,,25.4,,,,407,,3.18,,12.19,,7.84,,403,,0,,2.37,,,,19,,,,,,,,,,,,,,,,,,,,,,,,,,,,,,,,,,,,,,,,,,,,,,,,,,,,,,,,,,,,,,,,,,,,,,,,,,,,,,,,,,,,,,,,,,,,,,,,,,,,,,,,,,,,,,,,,,,,,,,,,,,,,,
2024PN880088,OIL SANDS LONGTERM WQ MONITORING,ATHABASCA RIVER M2 ABOVE HORSE RIVER,AL07DD0002,56.71952778,-111.4044722,2025-02-11 15:50,WATER,VERTICAL INTEGRATED,3.1,,212.106,,0,,1.775,,18.76,,192.76,,0,,0.019,,0.66,,19.087,,8.232,,262.477,,,,,,NA,,NA,,174,,,,4.69,,0.12,,,,8.27,,,,,,,,55.3,,52.3,,15.1,,2.25,,6.32,,21.2,,,,439,,3.31,,12.96,,7.74,,443,,0,,0,,,,24,,,,,,,,,,,,,,,,,,,,,,,,,,,,,,,,,,,,,,,,,,,,,,,,,,,,,,,,,,,,,,,,,,,,,,,,,,,,,,,,,,,,,,,,,,,,,,,,,,,,,,,,,,,,,,,,,,,,,,,,,,,,,,
2024PN880089,OIL SANDS LONGTERM WQ MONITORING,M3 LT WQ PANEL 1 OF 10,AL07DD0008,56.8383,-111.41835,2025-02-11 12:47,WATER,VERTICAL INTEGRATED,0.27,,208.449,,0,,2.988,,24.993,,195.993,,0,,-0.212,,0.7,,19.678,,8.464,,265.865,,,,,,NA,,NA,,171,,,,6.37,,0.12,,,,8.04,,,,,,,,56,,53.1,,15.4,,2.38,,6.33,,22.4,,,,454,,2.46,,12.6,,7.68,,451,,0,,0,,,,18,,,,,,,,,,,,,,,,,,,,,,,,,,,,,,,,,,,,,,,,,,,,,,,,,,,,,,,,,,,,,,,,,,,,,,,,,,,,,,,,,,,,,,,,,,,,,,,,,,,,,,,,,,,,,,,,,,,,,,,,,,,,,,
2024PN880090,OIL SANDS LONGTERM WQ MONITORING,M3 LT WQ PANEL 5 OF 10,AL07DD0008,56.8388,-111.41548,2025-02-11 13:10,WATER,VERTICAL INTEGRATED,1.03,,209.668,,0,,3.621,,20.098,,192.098,,0,,-0.296,,0.66,,19.065,,8.552,,260.787,,,,,,NA,,NA,,172,,,,4.75,,0.12,,,,7.96,,,,,,,,55,,52.2,,15,,2.26,,6.36,,21.1,,,,436,,2.28,,13.21,,7.71,,439,,0,,0,,,,22,,,,,,,,,,,,,,,,,,,,,,,,,,,,,,,,,,,,,,,,,,,,,,,,,,,,,,,,,,,,,,,,,,,,,,,,,,,,,,,,,,,,,,,,,,,,,,,,,,,,,,,,,,,,,,,,,,,,,,,,,,,,,,
2024PN880091,OIL SANDS LONGTERM WQ MONITORING,M3 LT WQ PANEL 9 OF 10,AL07DD0008,56.83991,-111.41234,2025-02-11 13:30,WATER,VERTICAL INTEGRATED,1.9,,124.338,,0,,5.554,,6.72,,108.72,,0,,-1.179,,1.25,,37.123,,9.908,,197.527,,,,,,NA,,NA,,102,,,,32.5,,0.11,,,,7.55,,,,,,,,21.9,,28.8,,8.94,,1.48,,11.8,,30,,,,348,,3.52,,12.77,,7.39,,347,,0,,1.32,,,,22,,,,,,,,,,,,,,,,,,,,,,,,,,,,,,,,,,,,,,,,,,,,,,,,,,,,,,,,,,,,,,,,,,,,,,,,,,,,,,,,,,,,,,,,,,,,,,,,,,,,,,,,,,,,,,,,,,,,,,,,,,,,,,
2024PN880092,OIL SANDS LONGTERM WQ MONITORING,M7 LTWQ PANEL 1 OF 10,AL07DD0007,57.31332,-111.67533,2025-02-12 13:05,WATER,VERTICAL INTEGRATED,6.09,,174.317,,0,,3.01,,15.746,,158.746,,0,,-0.458,,0.87,,25.472,,8.875,,236.951,,,,,,NA,,NA,,143,,,,18.1,,0.11,,,,7.96,,,,,,,,40.7,,42.8,,12.6,,1.87,,8.71,,25.3,,,,411,,3.18,,12.34,,7.54,,411,,0,,0.3,,,,23,,,,,,,,,,,,,,,,,,,,,,,,,,,,,,,,,,,,,,,,,,,,,,,,,,,,,,,,,,,,,,,,,,,,,,,,,,,,,,,,,,,,,,,,,,,,,,,,,,,,,,,,,,,,,,,,,,,,,,,,,,,,,,
2024PN880093,OIL SANDS LONGTERM WQ MONITORING,M7 LTWQ PANEL 4 OF 10,AL07DD0007,57.31365,-111.67278,2025-02-12 13:25,WATER,TRIPLICATE SAMPLE,0.85,,168.222,,0,,1.865,,10.71,,148.71,,0,,-0.311,,0.94,,27.572,,8.771,,231.359,,,,,,NA,,NA,,138,,,,21.5,,0.11,,,,8.15,,,,,,,,36.6,,40.1,,11.8,,1.76,,9.39,,26.4,,,,399,,3.26,,12.54,,7.51,,399,,0,,0.6,,,,21,,,,,,,,,,,,,,,,,,,,,,,,,,,,,,,,,,,,,,,,,,,,,,,,,,,,,,,,,,,,,,,,,,,,,,,,,,,,,,,,,,,,,,,,,,,,,,,,,,,,,,,,,,,,,,,,,,,,,,,,,,,,,,
2024PN880094,OIL SANDS LONGTERM WQ MONITORING,M7 LTWQ PANEL 4 OF 10,AL07DD0007,57.31365,-111.67278,2025-02-12 13:30,WATER,TRIPLICATE SAMPLE,0.85,,167.003,,0,,1.499,,11.71,,148.71,,0,,PM,,0.94,,27.569,,PM,,230.789,,,,,,NA,,NA,,137,,,,21.5,,0.11,,,,8.24,,,,,,,,36.6,,40.1,,11.8,,1.78,,9.4,,26.4,,,,431,,3.1,,,,,,,,,,,,,,21,,,,,,,,,,,,,,,,,,,,,,,,,,,,,,,,,,,,,,,,,,,,,,,,,,,,,,,,,,,,,,,,,,,,,,,,,,,,,,,,,,,,,,,,,,,,,,,,,,,,,,,,,,,,,,,,,,,,,,,,,,,,,,
2024PN880095,OIL SANDS LONGTERM WQ MONITORING,M7 LTWQ PANEL 4 OF 10,AL07DD0007,57.31365,-111.67278,2025-02-12 13:35,WATER,TRIPLICATE SAMPLE,0.85,,163.346,,0,,3.243,,14.71,,148.71,,0,,PM,,0.94,,27.571,,PM,,228.849,,,,,,NA,,NA,,134,,,,21.5,,0.11,,,,7.9,,,,,,,,36.5,,40.1,,11.8,,1.77,,9.37,,26.4,,,,401,,3.16,,,,,,,,,,,,,,20,,,,,,,,,,,,,,,,,,,,,,,,,,,,,,,,,,,,,,,,,,,,,,,,,,,,,,,,,,,,,,,,,,,,,,,,,,,,,,,,,,,,,,,,,,,,,,,,,,,,,,,,,,,,,,,,,,,,,,,,,,,,,,
2024PN880098,OIL SANDS LONGTERM WQ MONITORING,ATHABASCA RIVER M2 ABOVE HORSE RIVER,AL07DD0002,56.71952778,-111.4044722,2025-03-11 15:05,WATER,VERTICAL INTEGRATED,3.6,,204.792,,0,,2.435,,20.279,,188.279,,0,,-0.157,,0.71,,20.112,,8.434,,262.506,,,,,,NA,,NA,,168,,,,7.25,,0.12,,,,8.12,,,,,,,,54.9,,51,,14.8,,3.55,,6.32,,22.3,,,,438,,4.3,,12.76,,7.75,,450,,0,,0,,,,26,,,,,,,,,,,,,,,,,,,,,,,,,,,,,,,,,,,,,,,,,,,,,,,,,,,,,,,,,,,,,,,,,,,,,,,,,,,,,,,,,,,,,,,,,,,,,,,,,,,,,,,,,,,,,,,,,,,,,,,,,,,,,,
2024PN880099,OIL SANDS LONGTERM WQ MONITORING,M3 LT WQ PANEL 1 OF 10,AL07DD0008,56.8383,-111.41835,2025-03-11 11:30,WATER,VERTICAL INTEGRATED,0.75,,210.887,,0,,2.818,,20.421,,193.421,,0,,-0.184,,0.78,,21.446,,8.438,,273.276,,,,,,NA,,NA,,173,,,,9.88,,0.12,,,,8.07,,,,,,,,55.7,,52.4,,15.2,,3.38,,6.33,,24.8,,,,462,,3.63,,12.54,,7.72,,468,,0,,0,,,,24,,,,,,,,,,,,,,,,,,,,,,,,,,,,,,,,,,,,,,,,,,,,,,,,,,,,,,,,,,,,,,,,,,,,,,,,,,,,,,,,,,,,,,,,,,,,,,,,,,,,,,,,,,,,,,,,,,,,,,,,,,,,,,
2024PN880100,OIL SANDS LONGTERM WQ MONITORING,M3 LT WQ PANEL 5 OF 10,AL07DD0008,56.8388,-111.41548,2025-03-11 11:50,WATER,VERTICAL INTEGRATED,1.03,,206.011,,0,,2.567,,19.778,,188.778,,0,,-0.173,,0.71,,20.228,,8.445,,263.151,,,,,,NA,,NA,,169,,,,7.25,,0.12,,,,8.1,,,,,,,,54.8,,51.2,,14.8,,3.42,,6.35,,22.5,,,,443,,4,,13.02,,7.75,,451,,0,,0,,,,25,,,,,,,,,,,,,,,,,,,,,,,,,,,,,,,,,,,,,,,,,,,,,,,,,,,,,,,,,,,,,,,,,,,,,,,,,,,,,,,,,,,,,,,,,,,,,,,,,,,,,,,,,,,,,,,,,,,,,,,,,,,,,,
2024PN880101,OIL SANDS LONGTERM WQ MONITORING,M3 LT WQ PANEL 9 OF 10,AL07DD0008,56.83991,-111.41234,2025-03-11 12:10,WATER,VERTICAL INTEGRATED,1.95,,137.747,,0,,3.449,,4.679,,117.679,,0,,-0.851,,1.23,,35.74,,9.503,,211.323,,,,,,NA,,NA,,113,,,,32.3,,0.12,,,,7.8,,,,,,,,25.1,,31.3,,9.6,,1.94,,11.4,,30.7,,,,367,,4.29,,12.71,,7.47,,375,,0,,0,,,,24,,,,,,,,,,,,,,,,,,,,,,,,,,,,,,,,,,,,,,,,,,,,,,,,,,,,,,,,,,,,,,,,,,,,,,,,,,,,,,,,,,,,,,,,,,,,,,,,,,,,,,,,,,,,,,,,,,,,,,,,,,,,,,
2024PN880102,OIL SANDS LONGTERM WQ MONITORING,M7 LTWQ PANEL 1 OF 10,AL07DD0007,57.31332,-111.67533,2025-03-12 12:30,WATER,VERTICAL INTEGRATED,6.65,,186.507,,0,,2.02,,12.711,,165.711,,0,,-0.213,,0.93,,26.082,,8.587,,251.379,,,,,,NA,,NA,,153,,,,17.9,,0.12,,,,8.16,,,,,,,,44.2,,44.6,,13.2,,2.6,,8.31,,27.4,,,,429,,5.06,,12.43,,7.57,,436,,0,,0,,,,24,,,,,,,,,,,,,,,,,,,,,,,,,,,,,,,,,,,,,,,,,,,,,,,,,,,,,,,,,,,,,,,,,,,,,,,,,,,,,,,,,,,,,,,,,,,,,,,,,,,,,,,,,,,,,,,,,,,,,,,,,,,,,,
2024PN880103,OIL SANDS LONGTERM WQ MONITORING,M7 LTWQ PANEL 4 OF 10,AL07DD0007,57.31365,-111.67278,2025-03-12 12:50,WATER,VERTICAL INTEGRATED,0.8,,174.317,,0,,2.223,,11.015,,154.015,,0,,-0.343,,1,,28.313,,8.776,,241.822,,,,,,NA,,NA,,143,,,,21.7,,0.12,,,,8.09,,,,,,,,39.3,,41.4,,12.3,,2.4,,9.15,,28.5,,,,415,,4.8,,12.62,,7.58,,422,,0,,0,,,,21,,,,,,,,,,,,,,,,,,,,,,,,,,,,,,,,,,,,,,,,,,,,,,,,,,,,,,,,,,,,,,,,,,,,,,,,,,,,,,,,,,,,,,,,,,,,,,,,,,,,,,,,,,,,,,,,,,,,,,,,,,,,,,
2025PN880001,OIL SANDS LONGTERM WQ MONITORING,ATHABASCA RIVER M2 ABOVE HORSE RIVER,AL07DD0002,56.71952778,-111.4044722,2025-05-20 15:10,WATER,VERTICAL INTEGRATED,4.7,,147.499,,0,,1.597,,14.968,,135.968,,0,,0.127,,0.38,,13.981,,7.907,,170.089,,,,,,NA,,NA,,121,,,,2.21,,0.09,,,,8.16,,,,,,,,31.4,,37.8,,10.1,,1.55,,4.03,,10.3,,,,297,,44.7,,10.03,,8.23,,273,,14.5,,36,,,,27,,,,,,,,,,,,,,,,,,,,,,,,,,,,,,,,,,,,,,,,,,,,,,,,,,,,,,,,,,,,,,,,,,,,,,,,,,,,,,,,,,,,,,,,,,,,,,,,,,,,,,,,,,,,,,,,,,,,,,,,,,,,,,
2025PN880002,OIL SANDS LONGTERM WQ MONITORING,M3 LT WQ PANEL 1 OF 10,AL07DD0008,56.8383,-111.41835,2025-05-20 12:00,WATER,VERTICAL INTEGRATED,1.3,,148.718,,0,,1.727,,13.719,,135.719,,0,,0.077,,0.43,,15.257,,7.977,,172.955,,,,,,NA,,NA,,122,,,,3.44,,0.09,,,,8.13,,,,,,,,31.3,,37.7,,10.1,,1.66,,3.95,,11.4,,,,305,,43.2,,9.79,,8.2,,278,,13.8,,37,,,,28,,,,,,,,,,,,,,,,,,,,,,,,,,,,,,,,,,,,,,,,,,,,,,,,,,,,,,,,,,,,,,,,,,,,,,,,,,,,,,,,,,,,,,,,,,,,,,,,,,,,,,,,,,,,,,,,,,,,,,,,,,,,,,
2025PN880003,OIL SANDS LONGTERM WQ MONITORING,M3 LT WQ PANEL 5 OF 10,AL07DD0008,56.8388,-111.41548,2025-05-20 12:25,WATER,VERTICAL INTEGRATED,1.8,,146.28,,0,,1.547,,15.057,,135.057,,0,,0.124,,0.39,,14.289,,7.921,,169.533,,,,,,NA,,NA,,120,,,,2.34,,0.09,,,,8.17,,,,,,,,31.4,,37.6,,10,,1.6,,3.99,,10.5,,,,300,,41.7,,9.92,,8.22,,274,,14.3,,34,,,,26,,,,,,,,,,,,,,,,,,,,,,,,,,,,,,,,,,,,,,,,,,,,,,,,,,,,,,,,,,,,,,,,,,,,,,,,,,,,,,,,,,,,,,,,,,,,,,,,,,,,,,,,,,,,,,,,,,,,,,,,,,,,,,
2025PN880004,OIL SANDS LONGTERM WQ MONITORING,M3 LT WQ PANEL 9 OF 10,AL07DD0008,56.83991,-111.41234,2025-05-20 12:45,WATER,VERTICAL INTEGRATED,2.8,,89.475,,0,,2.76,,1.994,,75.394,,0,,-0.832,,0.75,,29.661,,9.374,,120.219,,,,,,NA,,NA,,73.4,,,,14.8,,0.08,,,,7.71,,,,,,,,12.6,,20.4,,5.94,,1.19,,6.26,,14.9,,,,217,,23.4,,9.9,,8.02,,201,,13.3,,21,,,,41,,,,,,,,,,,,,,,,,,,,,,,,,,,,,,,,,,,,,,,,,,,,,,,,,,,,,,,,,,,,,,,,,,,,,,,,,,,,,,,,,,,,,,,,,,,,,,,,,,,,,,,,,,,,,,,,,,,,,,,,,,,,,,
2025PN880005,OIL SANDS LONGTERM WQ MONITORING,M7 LTWQ PANEL 1 OF 10,AL07DD0007,57.31332,-111.67533,2025-05-22 11:40,WATER,VERTICAL INTEGRATED,4.9,,137.747,,0,,1.563,,0.809,,113.809,,0,,-0.02,,0.34,,13.752,,8.179,,153.027,,,,,,NA,,NA,,113,,,,4.06,,0.09,,,,8.14,,,,,,,,28.1,,31.3,,8.66,,1.11,,3.44,,8.44,,,,286,,35,,9.83,,8.14,,260,,13.9,,30,,,,33,,,,,,,,,,,,,,,,,,,,,,,,,,,,,,,,,,,,,,,,,,,,,,,,,,,,,,,,,,,,,,,,,,,,,,,,,,,,,,,,,,,,,,,,,,,,,,,,,,,,,,,,,,,,,,,,,,,,,,,,,,,,,,
2025PN880006,OIL SANDS LONGTERM WQ MONITORING,M7 LTWQ PANEL 4 OF 10,AL07DD0007,57.31365,-111.67278,2025-05-22 11:25,WATER,VERTICAL INTEGRATED,2.6,,129.214,,0,,1.61,,0,,103.439,,0,,-0.131,,0.37,,15.36,,8.361,,145.092,,,,,,NA,,NA,,106,,,,6.49,,0.09,,,,8.1,,,,,,,,25.1,,28.4,,7.9,,1,,3.76,,8.73,,,,275,,24.1,,9.93,,8.11,,251,,13.8,,31,,,,29,,,,,,,,,,,,,,,,,,,,,,,,,,,,,,,,,,,,,,,,,,,,,,,,,,,,,,,,,,,,,,,,,,,,,,,,,,,,,,,,,,,,,,,,,,,,,,,,,,,,,,,,,,,,,,,,,,,,,,,,,,,,,,
2025PN880007,OIL SANDS LONGTERM WQ MONITORING,M7 LTWQ PANEL 10 OF 10,AL07DD0007,57.31395,-111.66737,2025-05-22 11:00,WATER,VERTICAL INTEGRATED,1.5,,121.169,,0,,1.657,,0,,93.566,,0,,-0.247,,0.41,,17.389,,8.554,,137.169,,,,,,NA,,NA,,99.4,,,,8.2,,0.09,,,,8.06,,,,,,,,22.3,,25.6,,7.2,,0.99,,3.97,,9.17,,,,264,,30.4,,9.89,,8.07,,240,,13.6,,26.5,,,,34,,,,,,,,,,,,,,,,,,,,,,,,,,,,,,,,,,,,,,,,,,,,,,,,,,,,,,,,,,,,,,,,,,,,,,,,,,,,,,,,,,,,,,,,,,,,,,,,,,,,,,,,,,,,,,,,,,,,,,,,,,,,,,
2025PN880008,OIL SANDS LONGTERM WQ MONITORING,M0 319,M0 319,54.73049,-113.31336,2025-05-21 12:10,WATER,VERTICAL INTEGRATED,2.4,,137.747,,0,,1.527,,0,,106.603,,0,,-0.048,,0.24,,10.326,,8.245,,140.694,,,,,,NA,,NA,,113,,,,1.6,,0.08,,,,8.15,,,,,,,,22.4,,29.7,,7.88,,1.05,,4.27,,5.71,,,,266,,111,,9.43,,8.08,,242,,13.3,,76.2,,,,32,,,,,,,,,,,,,,,,,,,,,,,,,,,,,,,,,,,,,,,,,,,,,,,,,,,,,,,,,,,,,,,,,,,,,,,,,,,,,,,,,,,,,,,,,,,,,,,,,,,,,,,,,,,,,,,,,,,,,,,,,,,,,,
2025PN880009,OIL SANDS LONGTERM WQ MONITORING,ATHABASCA RIVER M2 ABOVE HORSE RIVER,AL07DD0002,56.71952778,-111.4044722,2025-06-17 14:05,WATER,VERTICAL INTEGRATED,5.1,,113.367,,0,,1.702,,25.843,,118.843,,0,,-0.095,,0.19,,7.851,,8.209,,140.882,,,,,,NA,,NA,,93,,,,0.72,,0.09,,,,8.02,,,,,,,,33.8,,31.7,,9.64,,0.77,,3.34,,4.69,,,,248,,55.7,,9.53,,8.21,,229,,17.8,,49.8,,,,15,,,,,,,,,,,,,,,,,,,,,,,,,,,,,,,,,,,,,,,,,,,,,,,,,,,,,,,,,,,,,,,,,,,,,,,,,,,,,,,,,,,,,,,,,,,,,,,,,,,,,,,,,,,,,,,,,,,,,,,,,,,,,,
2025PN880010,OIL SANDS LONGTERM WQ MONITORING,M3 LT WQ PANEL 1 OF 10,AL07DD0008,56.8383,-111.41835,2025-06-17 10:40,WATER,VERTICAL INTEGRATED,1.9,,118.853,,0,,1.703,,24.828,,122.328,,0,,-0.07,,0.23,,9.38,,8.18,,148.078,,,,,,NA,,NA,,97.5,,,,1.76,,0.09,,,,8.04,,,,,,,,34.4,,32.7,,9.88,,0.88,,3.52,,5.87,,,,260,,59.1,,9.37,,8.16,,238,,16.9,,53.3,,,,14,,,,,,,,,,,,,,,,,,,,,,,,,,,,,,,,,,,,,,,,,,,,,,,,,,,,,,,,,,,,,,,,,,,,,,,,,,,,,,,,,,,,,,,,,,,,,,,,,,,,,,,,,,,,,,,,,,,,,,,,,,,,,,
2025PN880011,OIL SANDS LONGTERM WQ MONITORING,M3 LT WQ PANEL 5 OF 10,AL07DD0008,56.8388,-111.41548,2025-06-17 11:05,WATER,VERTICAL INTEGRATED,2,,114.83,,0,,1.57,,25.348,,119.548,,0,,-0.068,,0.19,,7.96,,8.196,,142.397,,,,,,NA,,NA,,94.2,,,,0.76,,0.09,,,,8.06,,,,,,,,34.1,,31.9,,9.69,,0.8,,3.41,,4.79,,,,251,,54,,9.52,,8.2,,231,,17.1,,49.7,,,,15,,,,,,,,,,,,,,,,,,,,,,,,,,,,,,,,,,,,,,,,,,,,,,,,,,,,,,,,,,,,,,,,,,,,,,,,,,,,,,,,,,,,,,,,,,,,,,,,,,,,,,,,,,,,,,,,,,,,,,,,,,,,,,
2025PN880012,OIL SANDS LONGTERM WQ MONITORING,M3 LT WQ PANEL 9 OF 10,AL07DD0008,56.83991,-111.41234,2025-06-17 11:30,WATER,TRIPLICATE SAMPLE,2.7,,99.349,,0,,2.215,,15.403,,96.903,,0,,-0.438,,0.45,,18.481,,8.725,,131.067,,,,,,NA,,NA,,81.5,,,,8.86,,0.09,,,,7.85,,,,,,,,24,,25.7,,7.95,,0.81,,4.38,,10.2,,,,234,,40.3,,9.45,,8.13,,215,,16.9,,34.6,,,,26,,,,,,,,,,,,,,,,,,,,,,,,,,,,,,,,,,,,,,,,,,,,,,,,,,,,,,,,,,,,,,,,,,,,,,,,,,,,,,,,,,,,,,,,,,,,,,,,,,,,,,,,,,,,,,,,,,,,,,,,,,,,,,
2025PN880013,OIL SANDS LONGTERM WQ MONITORING,M3 LT WQ PANEL 9 OF 10,AL07DD0008,56.83991,-111.41234,2025-06-17 11:35,WATER,TRIPLICATE SAMPLE,2.7,,98.617,,0,,2.148,,14.801,,95.701,,0,,PM,,0.46,,18.815,,PM,,130.382,,,,,,NA,,NA,,80.9,,,,9,,0.09,,,,7.86,,,,,,,,23.8,,25.4,,7.84,,0.82,,4.41,,10.3,,,,233,,39.3,,,,,,,,,,,,,,26,,,,,,,,,,,,,,,,,,,,,,,,,,,,,,,,,,,,,,,,,,,,,,,,,,,,,,,,,,,,,,,,,,,,,,,,,,,,,,,,,,,,,,,,,,,,,,,,,,,,,,,,,,,,,,,,,,,,,,,,,,,,,,
2025PN880014,OIL SANDS LONGTERM WQ MONITORING,M3 LT WQ PANEL 9 OF 10,AL07DD0008,56.83991,-111.41234,2025-06-17 11:40,WATER,TRIPLICATE SAMPLE,2.7,,99.105,,0,,2.109,,14.815,,96.115,,0,,PM,,0.46,,18.897,,PM,,130.787,,,,,,NA,,NA,,81.3,,,,8.92,,0.09,,,,7.87,,,,,,,,23.8,,25.5,,7.88,,0.82,,4.42,,10.4,,,,233,,36.8,,,,,,,,,,,,,,27,,,,,,,,,,,,,,,,,,,,,,,,,,,,,,,,,,,,,,,,,,,,,,,,,,,,,,,,,,,,,,,,,,,,,,,,,,,,,,,,,,,,,,,,,,,,,,,,,,,,,,,,,,,,,,,,,,,,,,,,,,,,,,
2025PN880017,OIL SANDS LONGTERM WQ MONITORING,M7 LTWQ PANEL 1 OF 10,AL07DD0007,57.31332,-111.67533,2025-06-19 11:55,WATER,VERTICAL INTEGRATED,5.2,,112.148,,0,,2.332,,22.405,,114.405,,0,,-0.229,,0.25,,10.451,,8.339,,140.133,,,,,,NA,,NA,,92,,,,2.02,,0.09,,,,7.88,,,,,,,,32.2,,30.5,,9.29,,0.82,,3.5,,6.19,,,,239,,55.2,,9,,8.14,,227,,18.7,,48.7,,,,26,,,,,,,,,,,,,,,,,,,,,,,,,,,,,,,,,,,,,,,,,,,,,,,,,,,,,,,,,,,,,,,,,,,,,,,,,,,,,,,,,,,,,,,,,,,,,,,,,,,,,,,,,,,,,,,,,,,,,,,,,,,,,,
2025PN880018,OIL SANDS LONGTERM WQ MONITORING,M7 LTWQ PANEL 4 OF 10,AL07DD0007,57.31365,-111.67278,2025-06-19 11:45,WATER,VERTICAL INTEGRATED,2.4,,107.638,,0,,2.187,,20.88,,109.18,,0,,-0.254,,0.3,,12.605,,8.398,,137.871,,,,,,NA,,NA,,88.3,,,,4.56,,0.09,,,,7.89,,,,,,,,30.1,,29.1,,8.87,,0.78,,3.83,,7.3,,,,242,,54.5,,8.99,,8.09,,225,,18.8,,50.6,,,,24,,,,,,,,,,,,,,,,,,,,,,,,,,,,,,,,,,,,,,,,,,,,,,,,,,,,,,,,,,,,,,,,,,,,,,,,,,,,,,,,,,,,,,,,,,,,,,,,,,,,,,,,,,,,,,,,,,,,,,,,,,,,,,
2025PN880019,OIL SANDS LONGTERM WQ MONITORING,M7 LTWQ PANEL 10 OF 10,AL07DD0007,57.31395,-111.66737,2025-06-19 11:25,WATER,VERTICAL INTEGRATED,1.6,,104.712,,0,,2.389,,17.518,,103.418,,0,,-0.347,,0.39,,16.061,,8.535,,136.114,,,,,,NA,,NA,,85.9,,,,7.05,,0.09,,,,7.84,,,,,,,,27.2,,27.6,,8.38,,0.8,,4.07,,9.18,,,,237,,47,,40.5,,8.07,,223,,18.5,,40.5,,,,27,,,,,,,,,,,,,,,,,,,,,,,,,,,,,,,,,,,,,,,,,,,,,,,,,,,,,,,,,,,,,,,,,,,,,,,,,,,,,,,,,,,,,,,,,,,,,,,,,,,,,,,,,,,,,,,,,,,,,,,,,,,,,,
2025PN880020,OIL SANDS LONGTERM WQ MONITORING,M0 319,M0 319,54.73049,-113.31336,2025-06-18 11:45,WATER,VERTICAL INTEGRATED,3.3,,111.173,,0,,1.965,,24.569,,115.769,,0,,-0.195,,0.15,,6.6,,8.34,,136.635,,,,,,NA,,NA,,91.2,,,,0.6,,0.08,,,,7.95,,,,,,,,32.4,,30.7,,9.5,,0.77,,3.8,,3.79,,,,238,,50.3,,8.92,,8.11,,221,,17.5,,44.9,,,,14,,,,,,,,,,,,,,,,,,,,,,,,,,,,,,,,,,,,,,,,,,,,,,,,,,,,,,,,,,,,,,,,,,,,,,,,,,,,,,,,,,,,,,,,,,,,,,,,,,,,,,,,,,,,,,,,,,,,,,,,,,,,,,
2025PN880021,OIL SANDS LONGTERM WQ MONITORING,M4 LT WQ PANEL 1 OF 10,AL07DD0004,57.12622222,-111.6040278,2025-06-15 10:00,WATER,VERTICAL INTEGRATED,0.5,,126.776,,0,,2.139,,21.201,,125.201,,0,,-0.123,,0.26,,10.348,,8.215,,153.996,,,,,,NA,,NA,,104,,,,2.42,,0.09,,,,7.97,,,,,,,,34,,33.9,,9.85,,0.91,,3.58,,6.7,,,,266,,45.7,,9.69,,8.15,,250,,16.1,,38.39,,,,15,,,,,,,,,,,,,,,,,,,,,,,,,,,,,,,,,,,,,,,,,,,,,,,,,,,,,,,,,,,,,,,,,,,,,,,,,,,,,,,,,,,,,,,,,,,,,,,,,,,,,,,,,,,,,,,,,,,,,,,,,,,,,,
2025PN880022,OIL SANDS LONGTERM WQ MONITORING,M4 LTWQ PANEL 6 OF 10,AL07DD0004,57.12708333,-111.6020556,2025-06-15 10:15,WATER,VERTICAL INTEGRATED,2.1,,124.338,,0,,2.049,,21.582,,123.582,,0,,-0.13,,0.25,,10.02,,8.24,,150.971,,,,,,NA,,NA,,102,,,,2.08,,0.09,,,,7.98,,,,,,,,33.4,,33.4,,9.76,,0.89,,3.62,,6.38,,,,264,,48.2,,9.57,,8.16,,245,,16,,42.49,,,,17,,,,,,,,,,,,,,,,,,,,,,,,,,,,,,,,,,,,,,,,,,,,,,,,,,,,,,,,,,,,,,,,,,,,,,,,,,,,,,,,,,,,,,,,,,,,,,,,,,,,,,,,,,,,,,,,,,,,,,,,,,,,,,
2025PN880023,OIL SANDS LONGTERM WQ MONITORING,M4 LTWQ PANEL 9 OF 10,AL07DD0004,57.12761111,-111.6001389,2025-06-15 10:40,WATER,VERTICAL INTEGRATED,3.9,,110.32,,0,,2.403,,15.162,,105.662,,0,,-0.378,,0.4,,16.112,,8.615,,139.11,,,,,,NA,,NA,,90.5,,,,7.09,,0.09,,,,7.86,,,,,,,,26.3,,28.4,,8.44,,0.86,,4.17,,9.42,,,,245,,38.4,,9.64,,8.16,,227,,15.7,,32.14,,,,24,,,,,,,,,,,,,,,,,,,,,,,,,,,,,,,,,,,,,,,,,,,,,,,,,,,,,,,,,,,,,,,,,,,,,,,,,,,,,,,,,,,,,,,,,,,,,,,,,,,,,,,,,,,,,,,,,,,,,,,,,,,,,,
2025PN880024,OIL SANDS LONGTERM WQ MONITORING,M5 LTWQ PANEL 1 OF 10,AL07DD0005,57.15605556,-111.63,2025-06-15 11:16,WATER,VERTICAL INTEGRATED,0.7,,125.557,,0,,1.975,,21.163,,124.163,,0,,-0.097,,0.25,,9.906,,8.194,,151.753,,,,,,NA,,NA,,103,,,,2.01,,0.09,,,,8,,,,,,,,33.5,,33.6,,9.78,,0.91,,3.56,,6.33,,,,266,,43.6,,9.6,,8.24,,247,,16.2,,41.59,,,,16,,,,,,,,,,,,,,,,,,,,,,,,,,,,,,,,,,,,,,,,,,,,,,,,,,,,,,,,,,,,,,,,,,,,,,,,,,,,,,,,,,,,,,,,,,,,,,,,,,,,,,,,,,,,,,,,,,,,,,,,,,,,,,
2025PN880025,OIL SANDS LONGTERM WQ MONITORING,M5 LTWQ PANEL 6 OF 10,AL07DD0005,57.15683333,-111.6265278,2025-06-15 11:55,WATER,VERTICAL INTEGRATED,2.2,,123.119,,0,,1.982,,20.839,,121.839,,0,,-0.13,,0.26,,10.476,,8.25,,149.594,,,,,,NA,,NA,,101,,,,2.51,,0.08,,,,7.99,,,,,,,,32.6,,32.9,,9.64,,0.88,,3.65,,6.61,,,,263,,53.3,,9.57,,8.2,,244,,16,,43.3,,,,20,,,,,,,,,,,,,,,,,,,,,,,,,,,,,,,,,,,,,,,,,,,,,,,,,,,,,,,,,,,,,,,,,,,,,,,,,,,,,,,,,,,,,,,,,,,,,,,,,,,,,,,,,,,,,,,,,,,,,,,,,,,,,,
2025PN880026,OIL SANDS LONGTERM WQ MONITORING,M5 LTWQ PANEL 9 OF 10,AL07DD0005,57.15747222,-111.6246944,2025-06-15 11:40,WATER,VERTICAL INTEGRATED,4.7,,109.832,,0,,2.231,,14.443,,104.543,,0,,-0.345,,0.41,,16.601,,8.58,,138.468,,,,,,NA,,NA,,90.1,,,,7.48,,0.09,,,,7.89,,,,,,,,25.7,,28.1,,8.35,,0.86,,4.15,,9.66,,,,246,,34.2,,9.63,,8.19,,228,,16,,31.51,,,,27,,,,,,,,,,,,,,,,,,,,,,,,,,,,,,,,,,,,,,,,,,,,,,,,,,,,,,,,,,,,,,,,,,,,,,,,,,,,,,,,,,,,,,,,,,,,,,,,,,,,,,,,,,,,,,,,,,,,,,,,,,,,,,
2025PN880027,OIL SANDS LONGTERM WQ MONITORING,M6 LTWQ PANEL 1 OF 10,AL07DD0009,57.21513,-111.61512,2025-06-15 13:50,WATER,VERTICAL INTEGRATED,1.5,,120.072,,0,,1.933,,13.589,,112.089,,0,,-0.146,,0.36,,14.274,,8.283,,141.115,,,,,,NA,,NA,,98.5,,,,2.32,,0.09,,,,7.99,,,,,,,,27.8,,30.1,,8.97,,0.88,,3.12,,8.66,,,,249,,36.9,,9.81,,8.21,,232,,17,,34.77,,,,44,,,,,,,,,,,,,,,,,,,,,,,,,,,,,,,,,,,,,,,,,,,,,,,,,,,,,,,,,,,,,,,,,,,,,,,,,,,,,,,,,,,,,,,,,,,,,,,,,,,,,,,,,,,,,,,,,,,,,,,,,,,,,,
2025PN880028,OIL SANDS LONGTERM WQ MONITORING,M6 LTWQ PANEL 6 OF 10,AL07DD0009,57.21502,-111.61068,2025-06-15 13:32,WATER,VERTICAL INTEGRATED,2,,120.437,,0,,1.808,,19.513,,118.313,,0,,-0.11,,0.29,,11.558,,8.241,,147.27,,,,,,NA,,NA,,98.8,,,,3.46,,0.09,,,,8.02,,,,,,,,31.3,,31.9,,9.39,,0.88,,3.72,,7.17,,,,260,,47.4,,9.6,,8.2,,230,,16.4,,42.33,,,,19,,,,,,,,,,,,,,,,,,,,,,,,,,,,,,,,,,,,,,,,,,,,,,,,,,,,,,,,,,,,,,,,,,,,,,,,,,,,,,,,,,,,,,,,,,,,,,,,,,,,,,,,,,,,,,,,,,,,,,,,,,,,,,
2025PN880029,OIL SANDS LONGTERM WQ MONITORING,M6 LTWQ PANEL 10 OF 10,AL07DD0009,57.21518,-111.60727,2025-06-15 13:20,WATER,VERTICAL INTEGRATED,4.8,,111.295,,0,,2.109,,13.078,,104.378,,0,,-0.301,,0.43,,17.249,,8.521,,139.339,,,,,,NA,,NA,,91.3,,,,7.85,,0.09,,,,7.92,,,,,,,,25.1,,28.1,,8.31,,0.86,,4.14,,10.1,,,,249,,33.6,,9.72,,8.2,,230,,16.3,,29.11,,,,29,,,,,,,,,,,,,,,,,,,,,,,,,,,,,,,,,,,,,,,,,,,,,,,,,,,,,,,,,,,,,,,,,,,,,,,,,,,,,,,,,,,,,,,,,,,,,,,,,,,,,,,,,,,,,,,,,,,,,,,,,,,,,,
2025PN880030,OIL SANDS LONGTERM WQ MONITORING,ATHABASCA RIVER M2 ABOVE HORSE RIVER,AL07DD0002,56.71952778,-111.4044722,2025-07-15 14:55,WATER,VERTICAL INTEGRATED,4.7,,125.557,,0,,1.127,,23.23,,126.23,,0,,0.275,,0.23,,9.371,,7.689,,151.559,,,,,,NA,,NA,,103,,,,1.19,,0.09,,,,8.24,,,,,,,,33.9,,33.9,,10.1,,0.89,,3.63,,6.05,,,,267,,19.4,,9.57,,8.32,,253,,20.5,,18.1,,,,14,,,,,,,,,,,,,,,,,,,,,,,,,,,,,,,,,,,,,,,,,,,,,,,,,,,,,,,,,,,,,,,,,,,,,,,,,,,,,,,,,,,,,,,,,,,,,,,,,,,,,,,,,,,,,,,,,,,,,,,,,,,,,,
2025PN880031,OIL SANDS LONGTERM WQ MONITORING,M3 LT WQ PANEL 1 OF 10,AL07DD0008,56.8383,-111.41835,2025-07-15 11:15,WATER,VERTICAL INTEGRATED,1.8,,126.776,,0,,1.341,,22.23,,126.23,,0,,0.151,,0.24,,9.736,,7.869,,152.449,,,,,,NA,,NA,,104,,,,1.71,,0.09,,,,8.17,,,,,,,,33.5,,33.9,,10.1,,0.87,,3.56,,6.31,,,,268,,22.3,,9.32,,8.25,,254,,18.5,,20.1,,,,15,,,,,,,,,,,,,,,,,,,,,,,,,,,,,,,,,,,,,,,,,,,,,,,,,,,,,,,,,,,,,,,,,,,,,,,,,,,,,,,,,,,,,,,,,,,,,,,,,,,,,,,,,,,,,,,,,,,,,,,,,,,,,,
2025PN880032,OIL SANDS LONGTERM WQ MONITORING,M3 LT WQ PANEL 5 OF 10,AL07DD0008,56.8388,-111.41548,2025-07-15 11:40,WATER,VERTICAL INTEGRATED,0.9,,125.557,,0,,1.238,,22.731,,125.731,,0,,0.198,,0.23,,9.296,,7.803,,150.779,,,,,,NA,,NA,,103,,,,1.28,,0.09,,,,8.2,,,,,,,,33.4,,33.7,,10.1,,0.84,,3.59,,5.97,,,,265,,21.2,,9.36,,8.28,,251,,19.3,,19.9,,,,13,,,,,,,,,,,,,,,,,,,,,,,,,,,,,,,,,,,,,,,,,,,,,,,,,,,,,,,,,,,,,,,,,,,,,,,,,,,,,,,,,,,,,,,,,,,,,,,,,,,,,,,,,,,,,,,,,,,,,,,,,,,,,,
2025PN880033,OIL SANDS LONGTERM WQ MONITORING,M3 LT WQ PANEL 9 OF 10,AL07DD0008,56.83991,-111.41234,2025-07-15 12:50,WATER,VERTICAL INTEGRATED,1.9,,113.245,,0,,1.585,,15.743,,108.643,,0,,-0.064,,0.48,,18.448,,8.178,,146.239,,,,,,NA,,NA,,92.9,,,,9.64,,0.09,,,,8.05,,,,,,,,26.3,,29,,8.8,,0.83,,4.43,,11.4,,,,261,,18.8,,9.45,,8.31,,247,,19.2,,16.8,,,,22,,,,,,,,,,,,,,,,,,,,,,,,,,,,,,,,,,,,,,,,,,,,,,,,,,,,,,,,,,,,,,,,,,,,,,,,,,,,,,,,,,,,,,,,,,,,,,,,,,,,,,,,,,,,,,,,,,,,,,,,,,,,,,
2025PN880034,OIL SANDS LONGTERM WQ MONITORING,M7 LTWQ PANEL 1 OF 10,AL07DD0007,57.31332,-111.67533,2025-07-16 13:05,WATER,VERTICAL INTEGRATED,5,,121.9,,0,,1.788,,18.845,,118.845,,0,,0.017,,0.34,,13.345,,7.996,,148.839,,,,,,NA,,NA,,100,,,,4.16,,0.09,,,,8.03,,,,,,,,29.9,,31.8,,9.58,,0.91,,3.9,,8.49,,,,262,,20,,9.05,,8.21,,250,,20.2,,14.47,,,,25,,,,,,,,,,,,,,,,,,,,,,,,,,,,,,,,,,,,,,,,,,,,,,,,,,,,,,,,,,,,,,,,,,,,,,,,,,,,,,,,,,,,,,,,,,,,,,,,,,,,,,,,,,,,,,,,,,,,,,,,,,,,,,
2025PN880035,OIL SANDS LONGTERM WQ MONITORING,M7 LTWQ PANEL 4 OF 10,AL07DD0007,57.31365,-111.67278,2025-07-16 12:40,WATER,VERTICAL INTEGRATED,1.6,,119.218,,0,,1.79,,18.642,,116.442,,0,,-0.008,,0.39,,15.279,,8.037,,149.769,,,,,,NA,,NA,,97.8,,,,6.76,,0.09,,,,8.02,,,,,,,,28.9,,31.2,,9.36,,0.88,,4.15,,9.74,,,,266,,19.4,,9.09,,8.22,,252,,20.3,,18.21,,,,21,,,,,,,,,,,,,,,,,,,,,,,,,,,,,,,,,,,,,,,,,,,,,,,,,,,,,,,,,,,,,,,,,,,,,,,,,,,,,,,,,,,,,,,,,,,,,,,,,,,,,,,,,,,,,,,,,,,,,,,,,,,,,,
2025PN880036,OIL SANDS LONGTERM WQ MONITORING,M7 LTWQ PANEL 10 OF 10,AL07DD0007,57.31395,-111.66737,2025-07-16 12:07,WATER,VERTICAL INTEGRATED,1.2,,118.365,,0,,1.696,,18.43,,115.53,,0,,-0.004,,0.43,,16.385,,8.047,,150.949,,,,,,NA,,NA,,97.1,,,,8.07,,0.09,,,,8.04,,,,,,,,28.6,,31,,9.26,,0.87,,4.29,,10.5,,,,268,,18.7,,9.11,,8.24,,252,,20,,17.6,,,,21,,,,,,,,,,,,,,,,,,,,,,,,,,,,,,,,,,,,,,,,,,,,,,,,,,,,,,,,,,,,,,,,,,,,,,,,,,,,,,,,,,,,,,,,,,,,,,,,,,,,,,,,,,,,,,,,,,,,,,,,,,,,,,
2025PN880037,OIL SANDS LONGTERM WQ MONITORING,M0 319,M0 319,54.73049,-113.31336,2025-07-17 11:10,WATER,VERTICAL INTEGRATED,2.5,,121.9,,0,,1.351,,26.142,,126.142,,0,,0.145,,0.15,,6.351,,7.859,,146.403,,,,,,NA,,NA,,100,,,,0.68,,0.08,,,,8.15,,,,,,,,34.2,,33.7,,10.2,,0.75,,2.82,,3.96,,,,258,,15.1,,8.9,,8.27,,244,,19.6,,13.85,,,,9,,,,,,,,,,,,,,,,,,,,,,,,,,,,,,,,,,,,,,,,,,,,,,,,,,,,,,,,,,,,,,,,,,,,,,,,,,,,,,,,,,,,,,,,,,,,,,,,,,,,,,,,,,,,,,,,,,,,,,,,,,,,,,
2025PN880038,OIL SANDS LONGTERM WQ MONITORING,M4 LTWQ PANEL 3 OF 10,AL07DD0004,57.12669444,-111.6035278,2025-07-14 11:06,WATER,VERTICAL INTEGRATED,0.8,,123.119,,0,,1.397,,23.114,,124.114,,0,,0.133,,0.27,,10.602,,7.874,,152.759,,,,,,NA,,NA,,101,,,,2.95,,0.09,,,,8.14,,,,,,,,34.9,,33.3,,9.95,,0.84,,3.3,,6.82,,,,271,,27.7,,8.98,,8.24,,256,,19.6,,24.5,,,,14,,,,,,,,,,,,,,,,,,,,,,,,,,,,,,,,,,,,,,,,,,,,,,,,,,,,,,,,,,,,,,,,,,,,,,,,,,,,,,,,,,,,,,,,,,,,,,,,,,,,,,,,,,,,,,,,,,,,,,,,,,,,,,
2025PN880039,OIL SANDS LONGTERM WQ MONITORING,M4 LTWQ PANEL 8 OF 10,AL07DD0004,57.12733333,-111.6010556,2025-07-14 11:50,WATER,VERTICAL INTEGRATED,4.4,,117.755,,0,,1.537,,20.629,,117.229,,0,,0.035,,0.31,,12.497,,8.01,,147.539,,,,,,NA,,NA,,96.6,,,,4.54,,0.09,,,,8.08,,,,,,,,32,,31.4,,9.43,,0.82,,3.53,,7.76,,,,263,,23.1,,8.9,,8.24,,248,,19.8,,19.3,,,,16,,,,,,,,,,,,,,,,,,,,,,,,,,,,,,,,,,,,,,,,,,,,,,,,,,,,,,,,,,,,,,,,,,,,,,,,,,,,,,,,,,,,,,,,,,,,,,,,,,,,,,,,,,,,,,,,,,,,,,,,,,,,,,
2025PN880040,OIL SANDS LONGTERM WQ MONITORING,M4 LT WQ PANEL 10 OF 10,AL07DD0004,57.12763889,-111.6000278,2025-07-14 11:35,WATER,VERTICAL INTEGRATED,3.3,,113.367,,0,,2.051,,16.06,,109.06,,0,,-0.161,,0.46,,17.859,,8.263,,146.613,,,,,,NA,,NA,,93,,,,9.28,,0.09,,,,7.94,,,,,,,,27.6,,29.2,,8.78,,0.84,,4.01,,11,,,,260,,19.2,,8.95,,8.24,,248,,19.5,,18,,,,23,,,,,,,,,,,,,,,,,,,,,,,,,,,,,,,,,,,,,,,,,,,,,,,,,,,,,,,,,,,,,,,,,,,,,,,,,,,,,,,,,,,,,,,,,,,,,,,,,,,,,,,,,,,,,,,,,,,,,,,,,,,,,,
2025PN880041,OIL SANDS LONGTERM WQ MONITORING,M5 LTWQ PANEL 2 OF 10,AL07DD0005,57.15633333,-111.6294167,2025-07-14 12:55,WATER,VERTICAL INTEGRATED,0.5,,123.119,,0,,1.365,,21.289,,122.289,,0,,0.145,,0.27,,10.656,,7.86,,151.508,,,,,,NA,,NA,,101,,,,2.87,,0.09,,,,8.15,,,,,,,,34.4,,32.8,,9.81,,0.85,,3.31,,6.76,,,,268,,23,,9.02,,8.21,,254,,19.9,,22.9,,,,14,,,,,,,,,,,,,,,,,,,,,,,,,,,,,,,,,,,,,,,,,,,,,,,,,,,,,,,,,,,,,,,,,,,,,,,,,,,,,,,,,,,,,,,,,,,,,,,,,,,,,,,,,,,,,,,,,,,,,,,,,,,,,,
2025PN880042,OIL SANDS LONGTERM WQ MONITORING,M5 LTWQ PANEL 6 OF 10,AL07DD0005,57.15683333,-111.6265278,2025-07-14 13:35,WATER,VERTICAL INTEGRATED,1.8,,121.291,,0,,1.583,,21.047,,120.547,,0,,0.065,,0.27,,10.922,,7.949,,149.403,,,,,,NA,,NA,,99.5,,,,3.16,,0.09,,,,8.08,,,,,,,,33.4,,32.3,,9.69,,0.84,,3.36,,6.85,,,,265,,23.2,,8.97,,8.28,,252,,20,,21.1,,,,17,,,,,,,,,,,,,,,,,,,,,,,,,,,,,,,,,,,,,,,,,,,,,,,,,,,,,,,,,,,,,,,,,,,,,,,,,,,,,,,,,,,,,,,,,,,,,,,,,,,,,,,,,,,,,,,,,,,,,,,,,,,,,,
2025PN880043,OIL SANDS LONGTERM WQ MONITORING,M5 LTWQ PANEL 10 OF 10,AL07DD0005,57.15758333,-111.6239444,2025-07-14 13:17,WATER,VERTICAL INTEGRATED,5.3,,115.317,,0,,1.577,,15.829,,110.429,,0,,-0.017,,0.45,,17.549,,8.094,,147.699,,,,,,NA,,NA,,94.6,,,,8.94,,0.09,,,,8.06,,,,,,,,27.7,,29.6,,8.87,,0.82,,4.01,,10.9,,,,264,,17.9,,9.01,,8.24,,252,,19.9,,17,,,,20,,,,,,,,,,,,,,,,,,,,,,,,,,,,,,,,,,,,,,,,,,,,,,,,,,,,,,,,,,,,,,,,,,,,,,,,,,,,,,,,,,,,,,,,,,,,,,,,,,,,,,,,,,,,,,,,,,,,,,,,,,,,,,
2025PN880044,OIL SANDS LONGTERM WQ MONITORING,M6 LTWQ PANEL 1 OF 10,AL07DD0009,57.21513,-111.61512,2025-07-14 14:45,WATER,VERTICAL INTEGRATED,1.8,,119.34,,0,,1.487,,16.22,,114.12,,0,,0.057,,0.33,,13.366,,7.986,,142.809,,,,,,NA,,NA,,97.9,,,,2.78,,0.09,,,,8.1,,,,,,,,28.9,,30.6,,9.16,,0.79,,3.58,,8.16,,,,253,,21.3,,9.13,,8.18,,239,,20,,18.9,,,,38,,,,,,,,,,,,,,,,,,,,,,,,,,,,,,,,,,,,,,,,,,,,,,,,,,,,,,,,,,,,,,,,,,,,,,,,,,,,,,,,,,,,,,,,,,,,,,,,,,,,,,,,,,,,,,,,,,,,,,,,,,,,,,
2025PN880045,OIL SANDS LONGTERM WQ MONITORING,M6 LTWQ PANEL 6 OF 10,AL07DD0009,57.21502,-111.61068,2025-07-14 15:25,WATER,VERTICAL INTEGRATED,1.1,,119.584,,0,,1.49,,19.294,,117.394,,0,,0.073,,0.31,,12.27,,7.953,,148.169,,,,,,NA,,NA,,98.1,,,,4.33,,0.09,,,,8.1,,,,,,,,32.1,,31.4,,9.47,,0.82,,3.48,,7.61,,,,264,,22.4,,8.95,,8.24,,250,,20.2,,21.2,,,,14,,,,,,,,,,,,,,,,,,,,,,,,,,,,,,,,,,,,,,,,,,,,,,,,,,,,,,,,,,,,,,,,,,,,,,,,,,,,,,,,,,,,,,,,,,,,,,,,,,,,,,,,,,,,,,,,,,,,,,,,,,,,,,
2025PN880046,OIL SANDS LONGTERM WQ MONITORING,M6 LTWQ PANEL 10 OF 10,AL07DD0009,57.21518,-111.60727,2025-07-14 15:10,WATER,VERTICAL INTEGRATED,3.5,,116.049,,0,,1.412,,16.143,,111.343,,0,,0.046,,0.45,,17.299,,8.018,,148.289,,,,,,NA,,NA,,95.2,,,,8.72,,0.09,,,,8.11,,,,,,,,27.9,,29.9,,8.91,,0.82,,4.02,,10.8,,,,265,,17.9,,8.99,,8.24,,251,,20.1,,17.1,,,,21,,,,,,,,,,,,,,,,,,,,,,,,,,,,,,,,,,,,,,,,,,,,,,,,,,,,,,,,,,,,,,,,,,,,,,,,,,,,,,,,,,,,,,,,,,,,,,,,,,,,,,,,,,,,,,,,,,,,,,,,,,,,,,
2025PN880047,OIL SANDS LONGTERM WQ MONITORING,ATHABASCA RIVER M2 ABOVE HORSE RIVER,AL07DD0002,56.71952778,-111.4044722,2025-08-12 14:55,WATER,VERTICAL INTEGRATED,4.7,,132.871,,0,,1.694,,21.549,,130.549,,0,,0.157,,0.22,,8.698,,7.776,,157.11,,,,,,NA,,NA,,109,,,,1.17,,0.09,,,,8.09,,,,,,,,34.1,,35.3,,10.3,,0.83,,3.85,,5.76,,,,270,,117,,8.89,,8.12,,254,,20.2,,92.7,,,,11,,,,,,,,,,,,,,,,,,,,,,,,,,,,,,,,,,,,,,,,,,,,,,,,,,,,,,,,,,,,,,,,,,,,,,,,,,,,,,,,,,,,,,,,,,,,,,,,,,,,,,,,,,,,,,,,,,,,,,,,,,,,,,
2025PN880048,OIL SANDS LONGTERM WQ MONITORING,M3 LT WQ PANEL 1 OF 10,AL07DD0008,56.8383,-111.41835,2025-08-12 11:50,WATER,VERTICAL INTEGRATED,2.1,,135.309,,0,,1.766,,22.532,,133.532,,0,,0.137,,0.23,,8.953,,7.806,,160.572,,,,,,NA,,NA,,111,,,,1.43,,0.09,,,,8.08,,,,,,,,35,,36,,10.6,,0.83,,3.72,,6.08,,,,280,,107,,8.74,,8.11,,260,,19.3,,83.7,,,,12,,,,,,,,,,,,,,,,,,,,,,,,,,,,,,,,,,,,,,,,,,,,,,,,,,,,,,,,,,,,,,,,,,,,,,,,,,,,,,,,,,,,,,,,,,,,,,,,,,,,,,,,,,,,,,,,,,,,,,,,,,,,,,
2025PN880049,OIL SANDS LONGTERM WQ MONITORING,M3 LT WQ PANEL 5 OF 10,AL07DD0008,56.8388,-111.41548,2025-08-12 12:35,WATER,VERTICAL INTEGRATED,1.2,,134.09,,0,,1.452,,21.872,,131.872,,0,,0.219,,0.22,,8.701,,7.722,,158.479,,,,,,NA,,NA,,110,,,,1.21,,0.09,,,,8.16,,,,,,,,34.5,,35.5,,10.5,,0.84,,3.78,,5.82,,,,277,,129,,8.79,,8.14,,256,,19.7,,102,,,,14,,,,,,,,,,,,,,,,,,,,,,,,,,,,,,,,,,,,,,,,,,,,,,,,,,,,,,,,,,,,,,,,,,,,,,,,,,,,,,,,,,,,,,,,,,,,,,,,,,,,,,,,,,,,,,,,,,,,,,,,,,,,,,
2025PN880050,OIL SANDS LONGTERM WQ MONITORING,M3 LT WQ PANEL 9 OF 10,AL07DD0008,56.83991,-111.41234,2025-08-12 12:55,WATER,VERTICAL INTEGRATED,1.9,,126.776,,0,,1.617,,17.378,,121.378,,0,,0.084,,0.43,,16.232,,7.922,,160.135,,,,,,NA,,NA,,104,,,,8.82,,0.09,,,,8.09,,,,,,,,30.4,,32.6,,9.71,,0.84,,4.18,,10.9,,,,282,,106,,8.79,,8.11,,260,,19.6,,86,,,,16,,,,,,,,,,,,,,,,,,,,,,,,,,,,,,,,,,,,,,,,,,,,,,,,,,,,,,,,,,,,,,,,,,,,,,,,,,,,,,,,,,,,,,,,,,,,,,,,,,,,,,,,,,,,,,,,,,,,,,,,,,,,,,
2025PN880051,OIL SANDS LONGTERM WQ MONITORING,M7 LTWQ PANEL 1 OF 10,AL07DD0007,57.31332,-111.67533,2025-08-15 11:45,WATER,VERTICAL INTEGRATED,5.8,,129.214,,0,,3.311,,18.287,,124.287,,0,,-0.262,,0.31,,12.103,,8.313,,154.427,,,,,,NA,,NA,,106,,,,3.47,,0.09,,,,7.79,,,,,,,,31.2,,33.6,,9.81,,0.84,,3.79,,7.93,,,,271,,52.6,,9.02,,8.1,,250,,17.3,,43,,,,14,,,,,,,,,,,,,,,,,,,,,,,,,,,,,,,,,,,,,,,,,,,,,,,,,,,,,,,,,,,,,,,,,,,,,,,,,,,,,,,,,,,,,,,,,,,,,,,,,,,,,,,,,,,,,,,,,,,,,,,,,,,,,,
2025PN880052,OIL SANDS LONGTERM WQ MONITORING,M7 LTWQ PANEL 10 OF 10,AL07DD0007,57.31395,-111.66737,2025-08-15 10:55,WATER,VERTICAL INTEGRATED,1.7,,125.557,,0,,3.217,,16.973,,119.973,,0,,-0.299,,0.42,,16.006,,8.389,,156.479,,,,,,NA,,NA,,103,,,,7.76,,0.09,,,,7.79,,,,,,,,29.3,,32.4,,9.49,,0.87,,4.12,,10.6,,,,279,,46.4,,9.1,,8.11,,254,,17,,40,,,,14,,,,,,,,,,,,,,,,,,,,,,,,,,,,,,,,,,,,,,,,,,,,,,,,,,,,,,,,,,,,,,,,,,,,,,,,,,,,,,,,,,,,,,,,,,,,,,,,,,,,,,,,,,,,,,,,,,,,,,,,,,,,,,
2025PN880053,OIL SANDS LONGTERM WQ MONITORING,M7 LTWQ PANEL 4 OF 10,AL07DD0007,57.31365,-111.67278,2025-08-15 11:15,WATER,TRIPLICATE SAMPLE,2.2,,126.776,,0,,3.483,,19,,123,,0,,-0.303,,0.36,,13.895,,8.365,,155.553,,,,,,NA,,NA,,104,,,,5.55,,0.08,,,,7.76,,,,,,,,30.5,,33.2,,9.74,,0.86,,3.97,,9.2,,,,276,,51.9,,9.03,,8.11,,252,,17.4,,45,,,,11,,,,,,,,,,,,,,,,,,,,,,,,,,,,,,,,,,,,,,,,,,,,,,,,,,,,,,,,,,,,,,,,,,,,,,,,,,,,,,,,,,,,,,,,,,,,,,,,,,,,,,,,,,,,,,,,,,,,,,,,,,,,,,
2025PN880054,OIL SANDS LONGTERM WQ MONITORING,M7 LTWQ PANEL 4 OF 10,AL07DD0007,57.31365,-111.67278,2025-08-15 11:20,WATER,TRIPLICATE SAMPLE,2.2,,126.776,,0,,3.174,,19,,123,,0,,PM,,0.36,,13.814,,PM,,155.453,,,,,,NA,,NA,,104,,,,5.47,,0.08,,,,7.8,,,,,,,,30.5,,33.2,,9.74,,0.89,,3.98,,9.14,,,,233,,53.6,,,,,,,,,,,,,,12,,,,,,,,,,,,,,,,,,,,,,,,,,,,,,,,,,,,,,,,,,,,,,,,,,,,,,,,,,,,,,,,,,,,,,,,,,,,,,,,,,,,,,,,,,,,,,,,,,,,,,,,,,,,,,,,,,,,,,,,,,,,,,
2025PN880055,OIL SANDS LONGTERM WQ MONITORING,M7 LTWQ PANEL 4 OF 10,AL07DD0007,57.31365,-111.67278,2025-08-15 11:25,WATER,TRIPLICATE SAMPLE,2.2,,127.995,,0,,2.854,,18,,123,,0,,PM,,0.36,,13.781,,PM,,156.003,,,,,,NA,,NA,,105,,,,5.55,,0.08,,,,7.85,,,,,,,,30.5,,33.2,,9.74,,0.84,,3.93,,9.11,,,,275,,53.8,,,,,,,,,,,,,,12,,,,,,,,,,,,,,,,,,,,,,,,,,,,,,,,,,,,,,,,,,,,,,,,,,,,,,,,,,,,,,,,,,,,,,,,,,,,,,,,,,,,,,,,,,,,,,,,,,,,,,,,,,,,,,,,,,,,,,,,,,,,,,
2025PN880058,OIL SANDS LONGTERM WQ MONITORING,M0 319,M0 319,54.73049,-113.31336,2025-08-13 12:40,WATER,VERTICAL INTEGRATED,2.8,,142.623,,0,,1.544,,15.223,,132.223,,0,,0.255,,0.26,,10.194,,7.649,,158.301,,,,,,NA,,NA,,117,,,,1.19,,0.08,,,,8.16,,,,,,,,27.4,,36.3,,10.1,,0.83,,5.14,,6.95,,,,277,,45.1,,8.4,,8.05,,256,,19.7,,40.7,,,,25,,,,,,,,,,,,,,,,,,,,,,,,,,,,,,,,,,,,,,,,,,,,,,,,,,,,,,,,,,,,,,,,,,,,,,,,,,,,,,,,,,,,,,,,,,,,,,,,,,,,,,,,,,,,,,,,,,,,,,,,,,,,,,
2025PN880059,OIL SANDS LONGTERM WQ MONITORING,M4 LT WQ PANEL 1 OF 10,AL07DD0004,57.12622222,-111.6040278,2025-08-14 12:30,WATER,VERTICAL INTEGRATED,0.8,,134.09,,0,,2.37,,20.137,,130.137,,0,,-0.054,,0.31,,12.015,,8.058,,162.386,,,,,,NA,,NA,,110,,,,4.17,,0.08,,,,7.95,,,,,,,,33.5,,35.3,,10.2,,0.83,,3.85,,8.23,,,,281,,54.4,,8.91,,8.11,,263,,17.7,,49,,,,11,,,,,,,,,,,,,,,,,,,,,,,,,,,,,,,,,,,,,,,,,,,,,,,,,,,,,,,,,,,,,,,,,,,,,,,,,,,,,,,,,,,,,,,,,,,,,,,,,,,,,,,,,,,,,,,,,,,,,,,,,,,,,,
2025PN880060,OIL SANDS LONGTERM WQ MONITORING,M4 LTWQ PANEL 8 OF 10,AL07DD0004,57.12733333,-111.6010556,2025-08-14 13:05,WATER,VERTICAL INTEGRATED,4.5,,129.214,,0,,2.13,,19.033,,125.033,,0,,-0.045,,0.28,,11.135,,8.07,,154.547,,,,,,NA,,NA,,106,,,,3.16,,0.08,,,,7.98,,,,,,,,31.9,,33.8,,9.87,,0.85,,3.85,,7.26,,,,268,,47.7,,8.88,,8.13,,249,,18.1,,40,,,,13,,,,,,,,,,,,,,,,,,,,,,,,,,,,,,,,,,,,,,,,,,,,,,,,,,,,,,,,,,,,,,,,,,,,,,,,,,,,,,,,,,,,,,,,,,,,,,,,,,,,,,,,,,,,,,,,,,,,,,,,,,,,,,
2025PN880061,OIL SANDS LONGTERM WQ MONITORING,M4 LT WQ PANEL 10 OF 10,AL07DD0004,57.12763889,-111.6000278,2025-08-14 12:50,WATER,VERTICAL INTEGRATED,5,,125.557,,0,,2.551,,16.847,,119.847,,0,,-0.173,,0.41,,15.771,,8.237,,156.45,,,,,,NA,,NA,,103,,,,7.89,,0.08,,,,7.89,,,,,,,,29.4,,32.3,,9.52,,0.83,,4.11,,10.4,,,,272,,44.2,,8.93,,8.11,,254,,17.9,,36,,,,13,,,,,,,,,,,,,,,,,,,,,,,,,,,,,,,,,,,,,,,,,,,,,,,,,,,,,,,,,,,,,,,,,,,,,,,,,,,,,,,,,,,,,,,,,,,,,,,,,,,,,,,,,,,,,,,,,,,,,,,,,,,,,,
2025PN880062,OIL SANDS LONGTERM WQ MONITORING,M5 LTWQ PANEL 1 OF 10,AL07DD0005,57.15605556,-111.63,2025-08-14 13:45,WATER,VERTICAL INTEGRATED,0.5,,131.652,,0,,2.675,,19.566,,127.566,,0,,-0.127,,0.27,,10.563,,8.143,,156.958,,,,,,NA,,NA,,108,,,,2.6,,0.08,,,,7.89,,,,,,,,33,,34.6,,10,,0.85,,3.8,,6.98,,,,272,,60.8,,8.94,,8.14,,252,,17.8,,49,,,,12,,,,,,,,,,,,,,,,,,,,,,,,,,,,,,,,,,,,,,,,,,,,,,,,,,,,,,,,,,,,,,,,,,,,,,,,,,,,,,,,,,,,,,,,,,,,,,,,,,,,,,,,,,,,,,,,,,,,,,,,,,,,,,
2025PN880063,OIL SANDS LONGTERM WQ MONITORING,M5 LTWQ PANEL 6 OF 10,AL07DD0005,57.15683333,-111.6265278,2025-08-14 14:20,WATER,VERTICAL INTEGRATED,1.2,,130.433,,0,,2.415,,18.615,,125.615,,0,,-0.092,,0.27,,10.82,,8.114,,155.03,,,,,,NA,,NA,,107,,,,2.87,,0.08,,,,7.93,,,,,,,,32.1,,34,,9.89,,0.82,,3.82,,7.06,,,,270,,55.8,,8.89,,8.13,,249,,18,,45,,,,11,,,,,,,,,,,,,,,,,,,,,,,,,,,,,,,,,,,,,,,,,,,,,,,,,,,,,,,,,,,,,,,,,,,,,,,,,,,,,,,,,,,,,,,,,,,,,,,,,,,,,,,,,,,,,,,,,,,,,,,,,,,,,,
2025PN880064,OIL SANDS LONGTERM WQ MONITORING,M5 LTWQ PANEL 9 OF 10,AL07DD0005,57.15747222,-111.6246944,2025-08-14 14:05,WATER,VERTICAL INTEGRATED,4.7,,125.557,,0,,2.022,,16.847,,119.847,,0,,-0.08,,0.41,,15.512,,8.149,,155.978,,,,,,NA,,NA,,103,,,,7.42,,0.08,,,,7.99,,,,,,,,29.6,,32.3,,9.52,,0.85,,4.08,,10.2,,,,274,,41.1,,8.94,,8.11,,244,,17.7,,36,,,,12,,,,,,,,,,,,,,,,,,,,,,,,,,,,,,,,,,,,,,,,,,,,,,,,,,,,,,,,,,,,,,,,,,,,,,,,,,,,,,,,,,,,,,,,,,,,,,,,,,,,,,,,,,,,,,,,,,,,,,,,,,,,,,
2025PN880065,OIL SANDS LONGTERM WQ MONITORING,M6 LTWQ PANEL 1 OF 10,AL07DD0009,57.21513,-111.61512,2025-08-14 15:25,WATER,VERTICAL INTEGRATED,2,,134.09,,0,,1.967,,14.743,,124.743,,0,,0.002,,0.33,,12.638,,8.027,,156.575,,,,,,NA,,NA,,110,,,,3.11,,0.09,,,,8.03,,,,,,,,30.6,,33.7,,9.86,,0.83,,3.83,,8.36,,,,280,,56.8,,9.04,,8.13,,251,,17.5,,45,,,,24,,,,,,,,,,,,,,,,,,,,,,,,,,,,,,,,,,,,,,,,,,,,,,,,,,,,,,,,,,,,,,,,,,,,,,,,,,,,,,,,,,,,,,,,,,,,,,,,,,,,,,,,,,,,,,,,,,,,,,,,,,,,,,
2025PN880066,OIL SANDS LONGTERM WQ MONITORING,M6 LTWQ PANEL 6 OF 10,AL07DD0009,57.21502,-111.61068,2025-08-14 15:45,WATER,VERTICAL INTEGRATED,1.7,,129.214,,0,,2.081,,17.873,,123.873,,0,,-0.042,,0.31,,12.084,,8.075,,155.249,,,,,,NA,,NA,,106,,,,4.1,,0.08,,,,7.99,,,,,,,,31.4,,33.5,,9.77,,0.85,,3.9,,7.89,,,,271,,51.5,,8.91,,8.12,,250,,18,,42,,,,10,,,,,,,,,,,,,,,,,,,,,,,,,,,,,,,,,,,,,,,,,,,,,,,,,,,,,,,,,,,,,,,,,,,,,,,,,,,,,,,,,,,,,,,,,,,,,,,,,,,,,,,,,,,,,,,,,,,,,,,,,,,,,,
2025PN880067,OIL SANDS LONGTERM WQ MONITORING,M6 LTWQ PANEL 10 OF 10,AL07DD0009,57.21518,-111.60727,2025-08-14 16:00,WATER,VERTICAL INTEGRATED,3.4,,126.776,,0,,1.948,,16.346,,120.346,,0,,-0.053,,0.41,,15.714,,8.117,,157.36,,,,,,NA,,NA,,104,,,,7.66,,0.08,,,,8.01,,,,,,,,29.7,,32.5,,9.52,,0.85,,4.13,,10.4,,,,276,,48.2,,9,,8.12,,254,,17.7,,40,,,,13,,,,,,,,,,,,,,,,,,,,,,,,,,,,,,,,,,,,,,,,,,,,,,,,,,,,,,,,,,,,,,,,,,,,,,,,,,,,,,,,,,,,,,,,,,,,,,,,,,,,,,,,,,,,,,,,,,,,,,,,,,,,,,
2025PN880068,OIL SANDS LONGTERM WQ MONITORING,ATHABASCA RIVER M2 ABOVE HORSE RIVER,AL07DD0002,56.71952778,-111.4044722,2025-09-10 15:10,WATER,VERTICAL INTEGRATED,4.6,,143.842,,0,,1.452,,24.906,,142.906,,0,,0.277,,0.27,,10.029,,7.637,,172.529,,,,,,NA,,NA,,118,,,,1.41,,0.09,,,,8.19,,,,,,,,39.4,,38.6,,11.3,,0.95,,2.59,,7.38,,,,274,,8.34,,9.83,,8.34,,278,,18.5,,7.07,,,,9,,,,,,,,,,,,,,,,,,,,,,,,,,,,,,,,,,,,,,,,,,,,,,,,,,,,,,,,,,,,,,,,,,,,,,,,,,,,,,,,,,,,,,,,,,,,,,,,,,,,,,,,,,,,,,,,,,,,,,,,,,,,,,
2025PN880069,OIL SANDS LONGTERM WQ MONITORING,M3 LT WQ PANEL 1 OF 10,AL07DD0008,56.8383,-111.41835,2025-09-10 11:30,WATER,VERTICAL INTEGRATED,1.6,,146.28,,0,,1.78,,24.816,,144.816,,0,,0.18,,0.29,,10.781,,7.751,,176.523,,,,,,NA,,NA,,120,,,,2.16,,0.09,,,,8.11,,,,,,,,39.9,,39.2,,11.4,,1,,2.61,,8.11,,,,280,,8.87,,9.49,,8.24,,284,,17.5,,7.69,,,,9,,,,,,,,,,,,,,,,,,,,,,,,,,,,,,,,,,,,,,,,,,,,,,,,,,,,,,,,,,,,,,,,,,,,,,,,,,,,,,,,,,,,,,,,,,,,,,,,,,,,,,,,,,,,,,,,,,,,,,,,,,,,,,
2025PN880070,OIL SANDS LONGTERM WQ MONITORING,M3 LT WQ PANEL 5 OF 10,AL07DD0008,56.8388,-111.41548,2025-09-10 12:15,WATER,VERTICAL INTEGRATED,1.2,,143.842,,0,,2.211,,24.906,,142.906,,0,,0.069,,0.28,,10.469,,7.872,,173.499,,,,,,NA,,NA,,118,,,,1.84,,0.09,,,,8.01,,,,,,,,39.5,,38.6,,11.3,,0.93,,2.69,,7.74,,,,277,,8.67,,9.39,,8.23,,280,,17.6,,7.5,,,,9,,,,,,,,,,,,,,,,,,,,,,,,,,,,,,,,,,,,,,,,,,,,,,,,,,,,,,,,,,,,,,,,,,,,,,,,,,,,,,,,,,,,,,,,,,,,,,,,,,,,,,,,,,,,,,,,,,,,,,,,,,,,,,
2025PN880071,OIL SANDS LONGTERM WQ MONITORING,M3 LT WQ PANEL 9 OF 10,AL07DD0008,56.83991,-111.41234,2025-09-10 12:35,WATER,VERTICAL INTEGRATED,1.5,,125.557,,0,,2.492,,16.553,,119.553,,0,,-0.187,,0.55,,19.923,,8.274,,165.099,,,,,,NA,,NA,,103,,,,12.1,,0.09,,,,7.9,,,,,,,,30.5,,32.1,,9.57,,0.93,,4.2,,13.8,,,,270,,7.7,,9.36,,8.17,,270,,17.3,,6.9,,,,14,,,,,,,,,,,,,,,,,,,,,,,,,,,,,,,,,,,,,,,,,,,,,,,,,,,,,,,,,,,,,,,,,,,,,,,,,,,,,,,,,,,,,,,,,,,,,,,,,,,,,,,,,,,,,,,,,,,,,,,,,,,,,,
2025PN880072,OIL SANDS LONGTERM WQ MONITORING,M7 LTWQ PANEL 1 OF 10,AL07DD0007,57.31332,-111.67533,2025-09-11 12:35,WATER,VERTICAL INTEGRATED,5.1,,136.528,,0,,1.623,,19.46,,131.46,,0,,0.115,,0.43,,15.755,,7.89,,170.628,,,,,,NA,,NA,,112,,,,7.37,,0.09,,,,8.12,,,,,,,,34.2,,35.5,,10.4,,0.97,,3.48,,11.4,,,,279,,9.24,,9.24,,8.15,,279,,17.4,,8.3,,,,12,,,,,,,,,,,,,,,,,,,,,,,,,,,,,,,,,,,,,,,,,,,,,,,,,,,,,,,,,,,,,,,,,,,,,,,,,,,,,,,,,,,,,,,,,,,,,,,,,,,,,,,,,,,,,,,,,,,,,,,,,,,,,,
2025PN880073,OIL SANDS LONGTERM WQ MONITORING,M7 LTWQ PANEL 4 OF 10,AL07DD0007,57.31365,-111.67278,2025-09-11 12:20,WATER,VERTICAL INTEGRATED,1.1,,135.309,,0,,1.766,,20.211,,131.211,,0,,0.069,,0.45,,16.358,,7.941,,171.763,,,,,,NA,,NA,,111,,,,8.47,,0.09,,,,8.08,,,,,,,,34.2,,35.4,,10.4,,0.97,,3.72,,11.9,,,,285,,8.54,,9.23,,8.14,,279,,17.4,,8.02,,,,12,,,,,,,,,,,,,,,,,,,,,,,,,,,,,,,,,,,,,,,,,,,,,,,,,,,,,,,,,,,,,,,,,,,,,,,,,,,,,,,,,,,,,,,,,,,,,,,,,,,,,,,,,,,,,,,,,,,,,,,,,,,,,,
2025PN880074,OIL SANDS LONGTERM WQ MONITORING,M7 LTWQ PANEL 10 OF 10,AL07DD0007,57.31395,-111.66737,2025-09-11 11:55,WATER,VERTICAL INTEGRATED,0.7,,135.309,,0,,1.647,,20.46,,131.46,,0,,0.1,,0.47,,16.787,,7.91,,173.799,,,,,,NA,,NA,,111,,,,9.04,,0.09,,,,8.11,,,,,,,,35,,35.5,,10.4,,0.99,,3.87,,12.3,,,,291,,8.89,,9.22,,8.17,,283,,17.4,,7.66,,,,14,,,,,,,,,,,,,,,,,,,,,,,,,,,,,,,,,,,,,,,,,,,,,,,,,,,,,,,,,,,,,,,,,,,,,,,,,,,,,,,,,,,,,,,,,,,,,,,,,,,,,,,,,,,,,,,,,,,,,,,,,,,,,,
2025PN880075,OIL SANDS LONGTERM WQ MONITORING,M4 LT WQ PANEL 1 OF 10,AL07DD0004,57.12622222,-111.6040278,2025-09-12 11:40,WATER,VERTICAL INTEGRATED,1.1,,140.185,,0,,1.554,,23.263,,138.263,,0,,0.199,,0.4,,14.419,,7.753,,176.219,,,,,,NA,,NA,,115,,,,6.38,,0.09,,,,8.15,,,,,,,,37.7,,37.4,,10.9,,1,,2.94,,10.8,,,,297,,8.19,,9.63,,8.24,,286,,18.1,,5.4,,,,10,,,,,,,,,,,,,,,,,,,,,,,,,,,,,,,,,,,,,,,,,,,,,,,,,,,,,,,,,,,,,,,,,,,,,,,,,,,,,,,,,,,,,,,,,,,,,,,,,,,,,,,,,,,,,,,,,,,,,,,,,,,,,,
2025PN880076,OIL SANDS LONGTERM WQ MONITORING,M4 LTWQ PANEL 5 OF 10,AL07DD0004,57.12697222,-111.6024167,2025-09-12 12:30,WATER,VERTICAL INTEGRATED,1.2,,138.966,,0,,1.307,,21.692,,135.692,,0,,0.257,,0.4,,14.422,,7.706,,173.818,,,,,,NA,,NA,,114,,,,6.37,,0.09,,,,8.22,,,,,,,,37,,36.7,,10.7,,0.96,,2.98,,10.6,,,,297,,9.2,,9.42,,8.23,,281,,18.1,,5.9,,,,9,,,,,,,,,,,,,,,,,,,,,,,,,,,,,,,,,,,,,,,,,,,,,,,,,,,,,,,,,,,,,,,,,,,,,,,,,,,,,,,,,,,,,,,,,,,,,,,,,,,,,,,,,,,,,,,,,,,,,,,,,,,,,,
2025PN880077,OIL SANDS LONGTERM WQ MONITORING,M4 LTWQ PANEL 9 OF 10,AL07DD0004,57.12761111,-111.6001389,2025-09-12 12:10,WATER,VERTICAL INTEGRATED,5,,131.652,,0,,1.36,,17.818,,125.818,,0,,0.164,,0.48,,17.525,,7.852,,168.153,,,,,,NA,,NA,,108,,,,9.48,,0.09,,,,8.18,,,,,,,,33,,33.9,,10,,0.95,,3.52,,12.4,,,,292,,7.64,,9.29,,8.19,,274,,18.2,,7.2,,,,11,,,,,,,,,,,,,,,,,,,,,,,,,,,,,,,,,,,,,,,,,,,,,,,,,,,,,,,,,,,,,,,,,,,,,,,,,,,,,,,,,,,,,,,,,,,,,,,,,,,,,,,,,,,,,,,,,,,,,,,,,,,,,,
2025PN880078,OIL SANDS LONGTERM WQ MONITORING,M5 LTWQ PANEL 7 OF 10,AL07DD0005,57.15686111,-111.6257222,2025-09-12 13:50,WATER,VERTICAL INTEGRATED,1.5,,136.528,,0,,1.701,,22.032,,134.032,,0,,0.148,,0.41,,15.036,,7.804,,172.275,,,,,,NA,,NA,,112,,,,6.84,,0.09,,,,8.1,,,,,,,,36.2,,36.2,,10.6,,1,,3.07,,11,,,,299,,7.52,,9.43,,8.26,,280,,18.9,,6.4,,,,9,,,,,,,,,,,,,,,,,,,,,,,,,,,,,,,,,,,,,,,,,,,,,,,,,,,,,,,,,,,,,,,,,,,,,,,,,,,,,,,,,,,,,,,,,,,,,,,,,,,,,,,,,,,,,,,,,,,,,,,,,,,,,,
2025PN880079,OIL SANDS LONGTERM WQ MONITORING,M5 LTWQ PANEL 9 OF 10,AL07DD0005,57.15747222,-111.6246944,2025-09-12 14:25,WATER,VERTICAL INTEGRATED,4.2,,134.09,,0,,1.204,,20.05,,130.05,,0,,0.258,,0.43,,15.778,,7.723,,169.408,,,,,,NA,,NA,,110,,,,7.61,,0.09,,,,8.24,,,,,,,,34.8,,35.1,,10.3,,0.98,,3.21,,11.3,,,,289,,8.23,,9.31,,8.21,,276,,18.6,,7,,,,11,,,,,,,,,,,,,,,,,,,,,,,,,,,,,,,,,,,,,,,,,,,,,,,,,,,,,,,,,,,,,,,,,,,,,,,,,,,,,,,,,,,,,,,,,,,,,,,,,,,,,,,,,,,,,,,,,,,,,,,,,,,,,,
2025PN880080,OIL SANDS LONGTERM WQ MONITORING,M5 LTWQ PANEL 10 OF 10,AL07DD0005,57.15758333,-111.6239444,2025-09-12 14:05,WATER,VERTICAL INTEGRATED,3.9,,132.871,,0,,1.617,,18.728,,127.728,,0,,0.117,,0.5,,17.997,,7.876,,170.559,,,,,,NA,,NA,,109,,,,10.1,,0.09,,,,8.11,,,,,,,,32.6,,34.5,,10.1,,0.95,,3.81,,13,,,,288,,7.38,,9.37,,8.21,,277,,18.6,,6.6,,,,13,,,,,,,,,,,,,,,,,,,,,,,,,,,,,,,,,,,,,,,,,,,,,,,,,,,,,,,,,,,,,,,,,,,,,,,,,,,,,,,,,,,,,,,,,,,,,,,,,,,,,,,,,,,,,,,,,,,,,,,,,,,,,,
2025PN880081,OIL SANDS LONGTERM WQ MONITORING,M6 LTWQ PANEL 1 OF 10,AL07DD0009,57.21513,-111.61512,2025-09-12 15:35,WATER,VERTICAL INTEGRATED,1.4,,137.747,,0,,1.457,,19.871,,132.871,,0,,0.218,,0.44,,15.844,,7.734,,171.668,,,,,,NA,,NA,,113,,,,7.1,,0.09,,,,8.17,,,,,,,,34.6,,35.9,,10.5,,0.98,,3.08,,11.6,,,,289,,7.82,,9.54,,8.21,,280,,18.9,,7.09,,,,15,,,,,,,,,,,,,,,,,,,,,,,,,,,,,,,,,,,,,,,,,,,,,,,,,,,,,,,,,,,,,,,,,,,,,,,,,,,,,,,,,,,,,,,,,,,,,,,,,,,,,,,,,,,,,,,,,,,,,,,,,,,,,,
2025PN880082,OIL SANDS LONGTERM WQ MONITORING,M6 LTWQ PANEL 7 OF 10,AL07DD0009,57.2152,-111.6098,2025-09-12 16:15,WATER,VERTICAL INTEGRATED,1.3,,134.09,,0,,1.385,,21.211,,131.211,,0,,0.211,,0.43,,15.66,,7.758,,169.778,,,,,,NA,,NA,,110,,,,7.5,,0.09,,,,8.18,,,,,,,,34.9,,35.4,,10.4,,0.99,,3.18,,11.3,,,,286,,8.63,,9.38,,8.22,,277,,18.9,,7.4,,,,11,,,,,,,,,,,,,,,,,,,,,,,,,,,,,,,,,,,,,,,,,,,,,,,,,,,,,,,,,,,,,,,,,,,,,,,,,,,,,,,,,,,,,,,,,,,,,,,,,,,,,,,,,,,,,,,,,,,,,,,,,,,,,,
2025PN880083,OIL SANDS LONGTERM WQ MONITORING,M6 LTWQ PANEL 10 OF 10,AL07DD0009,57.21518,-111.60727,2025-09-12 15:55,WATER,VERTICAL INTEGRATED,3.1,,132.871,,0,,1.655,,18.978,,127.978,,0,,0.114,,0.49,,17.621,,7.872,,170.299,,,,,,NA,,NA,,109,,,,9.74,,0.09,,,,8.1,,,,,,,,33,,34.6,,10.1,,0.99,,3.67,,12.7,,,,289,,7.97,,9.37,,8.2,,278,,18.8,,7.1,,,,12,,,,,,,,,,,,,,,,,,,,,,,,,,,,,,,,,,,,,,,,,,,,,,,,,,,,,,,,,,,,,,,,,,,,,,,,,,,,,,,,,,,,,,,,,,,,,,,,,,,,,,,,,,,,,,,,,,,,,,,,,,,,,,
2025PN880084,OIL SANDS LONGTERM WQ MONITORING,ATHABASCA RIVER M2 ABOVE HORSE RIVER,AL07DD0002,56.71952778,-111.4044722,2025-10-21 15:35,WATER,VERTICAL INTEGRATED,4,,173.098,,0,,5.098,,28.401,,170.401,,0,,-0.485,,0.37,,12.43,,8.7,,214.019,,,,,,NA,,NA,,142,,,,2.31,,0.1,,,,7.73,,,,,,,,53.2,,44.5,,14.4,,1.07,,2.03,,11.2,,,,355,,3,,12.81,,8.31,,355,,5.1,,2.65,,,,10,,,,,,,,,,,,,,,,,,,,,,,,,,,,,,,,,,,,,,,,,,,,,,,,,,,,,,,,,,,,,,,,,,,,,,,,,,,,,,,,,,,,,,,,,,,,,,,,,,,,,,,,,,,,,,,,,,,,,,,,,,,,,,
2025PN880085,OIL SANDS LONGTERM WQ MONITORING,M3 LT WQ PANEL 1 OF 10,AL07DD0008,56.8383,-111.41835,2025-10-21 12:25,WATER,VERTICAL INTEGRATED,1.5,,175.536,,0,,4.712,,26.901,,170.901,,0,,-0.444,,0.41,,13.445,,8.659,,217.424,,,,,,NA,,NA,,144,,,,3.45,,0.1,,,,7.77,,,,,,,,52.7,,44.7,,14.4,,1.15,,2.02,,12.3,,,,362,,3.09,,12.57,,8.25,,258,,4.9,,2.81,,,,9,,,,,,,,,,,,,,,,,,,,,,,,,,,,,,,,,,,,,,,,,,,,,,,,,,,,,,,,,,,,,,,,,,,,,,,,,,,,,,,,,,,,,,,,,,,,,,,,,,,,,,,,,,,,,,,,,,,,,,,,,,,,,,
2025PN880086,OIL SANDS LONGTERM WQ MONITORING,M3 LT WQ PANEL 5 OF 10,AL07DD0008,56.8388,-111.41548,2025-10-21 13:30,WATER,VERTICAL INTEGRATED,1.1,,168.222,,0,,4.622,,29.169,,167.169,,0,,-0.488,,0.4,,13.225,,8.737,,210.619,,,,,,NA,,NA,,138,,,,3.17,,0.1,,,,7.76,,,,,,,,51.7,,43.7,,14.1,,1.07,,2.17,,11.8,,,,358,,3.03,,12.61,,8.23,,353,,4.7,,2.7,,,,8,,,,,,,,,,,,,,,,,,,,,,,,,,,,,,,,,,,,,,,,,,,,,,,,,,,,,,,,,,,,,,,,,,,,,,,,,,,,,,,,,,,,,,,,,,,,,,,,,,,,,,,,,,,,,,,,,,,,,,,,,,,,,,
2025PN880087,OIL SANDS LONGTERM WQ MONITORING,M3 LT WQ PANEL 9 OF 10,AL07DD0008,56.83991,-111.41234,2025-10-21 13:43,WATER,VERTICAL INTEGRATED,1.3,,143.842,,0,,7.381,,17.901,,135.901,,0,,-0.927,,0.71,,23.064,,9.344,,196.369,,,,,,NA,,NA,,118,,,,15.9,,0.1,,,,7.49,,,,,,,,38,,35.3,,11.6,,1.05,,4.71,,18.9,,,,333,,3.68,,12.75,,8.22,,328,,4.4,,3.3,,,,16,,,,,,,,,,,,,,,,,,,,,,,,,,,,,,,,,,,,,,,,,,,,,,,,,,,,,,,,,,,,,,,,,,,,,,,,,,,,,,,,,,,,,,,,,,,,,,,,,,,,,,,,,,,,,,,,,,,,,,,,,,,,,,
2025PN880088,OIL SANDS LONGTERM WQ MONITORING,M7 LTWQ PANEL 1 OF 10,AL07DD0007,57.31332,-111.67533,2025-10-15 14:00,WATER,VERTICAL INTEGRATED,5.2,,145.061,,0,,3.388,,24.541,,143.541,,0,,-0.548,,0.6,,19.859,,8.925,,195.415,,,,,,NA,,NA,,119,,,,12,,0.1,,,,7.83,,,,,,,,41.5,,37.7,,12,,1.1,,3.08,,16.5,,,,339,,4.15,,12.39,,8.1,,337,,4.6,,3.53,,,,13,,,,,,,,,,,,,,,,,,,,,,,,,,,,,,,,,,,,,,,,,,,,,,,,,,,,,,,,,,,,,,,,,,,,,,,,,,,,,,,,,,,,,,,,,,,,,,,,,,,,,,,,,,,,,,,,,,,,,,,,,,,,,,
2025PN880089,OIL SANDS LONGTERM WQ MONITORING,M7 LTWQ PANEL 4 OF 10,AL07DD0007,57.31365,-111.67278,2025-10-15 13:40,WATER,VERTICAL INTEGRATED,1.2,,143.842,,0,,2.484,,25.291,,143.291,,0,,-0.422,,0.6,,19.791,,8.805,,195.165,,,,,,NA,,NA,,118,,,,12.3,,0.1,,,,7.96,,,,,,,,41.7,,37.6,,12,,1.09,,3.14,,16.4,,,,344,,4.14,,12.37,,7.97,,337,,4.6,,3.5,,,,12,,,,,,,,,,,,,,,,,,,,,,,,,,,,,,,,,,,,,,,,,,,,,,,,,,,,,,,,,,,,,,,,,,,,,,,,,,,,,,,,,,,,,,,,,,,,,,,,,,,,,,,,,,,,,,,,,,,,,,,,,,,,,,
2025PN880090,OIL SANDS LONGTERM WQ MONITORING,M3 LT WQ PANEL 1 OF 10,AL07DD0008,56.8383,-111.41835,2026-02-03 12:45,WATER,VERTICAL INTEGRATED,2.1,,225.515,,0,,3.232,,36.53,,221.53,,0,,NC,,0.64,,17.549,,NC,,NC,,,,,,NA,,,,185,,,,5.56,,0.12,,,,8.04,,,,,,,,70.7,,59.7,,17.6,,1.92,,7.25,,21.9,,,,487,,,,12.39,,7.48,,473,,0,,0.8,,,,,,,,,,,,,,,,,,,,,,,,,,,,,,,,,,,,,,,,,,,,,,,,,,,,,,,,,,,,,,,,,,,,,,,,,,,,,,,,,,,,,,,,,,,,,,,,,,,,,,,,,,,,,,,,,,,,,,,,,,,,,,,,,,
2025PN880091,OIL SANDS LONGTERM WQ MONITORING,M4 LT WQ PANEL 1 OF 10,AL07DD0004,57.12622222,-111.6040278,2025-10-22 10:50,WATER,VERTICAL INTEGRATED,0.7,,153.594,,0,,8.447,,29.311,,155.311,,0,,-0.87,,0.58,,18.646,,9.2,,208.166,,,,,,NA,,NA,,126,,,,10.6,,0.1,,,,7.46,,,,,,,,47.1,,40.6,,13.1,,1.1,,3.4,,16.5,,,,352,,6.26,,12.56,,8.25,,355,,4.4,,3.73,,,,9,,,,,,,,,,,,,,,,,,,,,,,,,,,,,,,,,,,,,,,,,,,,,,,,,,,,,,,,,,,,,,,,,,,,,,,,,,,,,,,,,,,,,,,,,,,,,,,,,,,,,,,,,,,,,,,,,,,,,,,,,,,,,,
2025PN880092,OIL SANDS LONGTERM WQ MONITORING,M4 LTWQ PANEL 5 OF 10,AL07DD0004,57.12697222,-111.6024167,2025-10-22 11:35,WATER,VERTICAL INTEGRATED,2.6,,152.375,,0,,8.002,,28.651,,153.651,,0,,-0.851,,0.57,,18.437,,9.183,,204.866,,,,,,NA,,NA,,125,,,,10.4,,0.1,,,,7.48,,,,,,,,45.5,,40.1,,13,,1.09,,3.51,,16.1,,,,344,,3.92,,12.6,,8.22,,353,,4.6,,3.68,,,,8,,,,,,,,,,,,,,,,,,,,,,,,,,,,,,,,,,,,,,,,,,,,,,,,,,,,,,,,,,,,,,,,,,,,,,,,,,,,,,,,,,,,,,,,,,,,,,,,,,,,,,,,,,,,,,,,,,,,,,,,,,,,,,
2025PN880093,OIL SANDS LONGTERM WQ MONITORING,M4 LTWQ PANEL 9 OF 10,AL07DD0004,57.12761111,-111.6001389,2025-10-22 11:20,WATER,VERTICAL INTEGRATED,4.3,,147.499,,0,,9.105,,23.776,,144.776,,0,,-0.968,,0.64,,20.768,,9.347,,200.08,,,,,,NA,,NA,,121,,,,13.1,,0.1,,,,7.41,,,,,,,,41.4,,37.7,,12.3,,1.09,,4.15,,17.6,,,,337,,3.68,,12.61,,8.23,,341,,4.4,,3.54,,,,11,,,,,,,,,,,,,,,,,,,,,,,,,,,,,,,,,,,,,,,,,,,,,,,,,,,,,,,,,,,,,,,,,,,,,,,,,,,,,,,,,,,,,,,,,,,,,,,,,,,,,,,,,,,,,,,,,,,,,,,,,,,,,,
2025PN880094,OIL SANDS LONGTERM WQ MONITORING,M5 LTWQ PANEL 1 OF 10,AL07DD0005,57.15605556,-111.63,2025-10-22 12:20,WATER,VERTICAL INTEGRATED,1.3,,154.813,,0,,8.32,,28.311,,155.311,,0,,-0.857,,0.57,,18.46,,9.183,,207.045,,,,,,NA,,NA,,127,,,,10.5,,0.1,,,,7.47,,,,,,,,45.7,,40.6,,13.1,,1.11,,3.32,,16.3,,,,350,,4.37,,12.96,,8.29,,353,,4.4,,2.75,,,,7,,,,,,,,,,,,,,,,,,,,,,,,,,,,,,,,,,,,,,,,,,,,,,,,,,,,,,,,,,,,,,,,,,,,,,,,,,,,,,,,,,,,,,,,,,,,,,,,,,,,,,,,,,,,,,,,,,,,,,,,,,,,,,
2025PN880095,OIL SANDS LONGTERM WQ MONITORING,M5 LTWQ PANEL 5 OF 10,AL07DD0005,57.15680556,-111.6275,2025-10-22 12:45,WATER,VERTICAL INTEGRATED,3,,148.718,,0,,6.799,,30.74,,152.74,,0,,-0.804,,0.57,,18.621,,9.147,,202.791,,,,,,NA,,NA,,122,,,,10.6,,0.1,,,,7.54,,,,,,,,45.2,,39.9,,12.9,,1.08,,3.54,,16.2,,,,348,,3.62,,12.64,,8.22,,348,,4.6,,3.5,,,,7,,,,,,,,,,,,,,,,,,,,,,,,,,,,,,,,,,,,,,,,,,,,,,,,,,,,,,,,,,,,,,,,,,,,,,,,,,,,,,,,,,,,,,,,,,,,,,,,,,,,,,,,,,,,,,,,,,,,,,,,,,,,,,
2025PN880096,OIL SANDS LONGTERM WQ MONITORING,M5 LTWQ PANEL 9 OF 10,AL07DD0005,57.15747222,-111.6246944,2025-10-22 12:30,WATER,VERTICAL INTEGRATED,3.7,,147.499,,0,,8.112,,25.187,,146.187,,0,,-0.907,,0.63,,20.424,,9.273,,200.3,,,,,,NA,,NA,,121,,,,12.7,,0.1,,,,7.46,,,,,,,,41.8,,38.1,,12.4,,1.09,,4.07,,17.4,,,,345,,3.71,,12.63,,8.22,,339,,4.6,,6.25,,,,10,,,,,,,,,,,,,,,,,,,,,,,,,,,,,,,,,,,,,,,,,,,,,,,,,,,,,,,,,,,,,,,,,,,,,,,,,,,,,,,,,,,,,,,,,,,,,,,,,,,,,,,,,,,,,,,,,,,,,,,,,,,,,,
2025PN880097,OIL SANDS LONGTERM WQ MONITORING,M6 LTWQ PANEL 1 OF 10,AL07DD0009,57.21513,-111.61512,2025-10-22 14:30,WATER,VERTICAL INTEGRATED,0.9,,154.813,,0,,6.019,,24.991,,151.991,,0,,-0.716,,0.61,,19.707,,9.043,,205.571,,,,,,NA,,NA,,127,,,,10.9,,0.1,,,,7.61,,,,,,,,43.7,,39.6,,12.9,,1.13,,3.67,,17.3,,,,354,,6.08,,12.74,,8.26,,350,,4.7,,3.63,,,,11,,,,,,,,,,,,,,,,,,,,,,,,,,,,,,,,,,,,,,,,,,,,,,,,,,,,,,,,,,,,,,,,,,,,,,,,,,,,,,,,,,,,,,,,,,,,,,,,,,,,,,,,,,,,,,,,,,,,,,,,,,,,,,
2025PN880098,OIL SANDS LONGTERM WQ MONITORING,M6 LTWQ PANEL 7 OF 10,AL07DD0009,57.2152,-111.6098,2025-10-22 15:15,WATER,VERTICAL INTEGRATED,0.9,,153.594,,0,,7.526,,25.741,,151.741,,0,,-0.817,,0.6,,19.551,,9.145,,204.775,,,,,,NA,,NA,,126,,,,10.9,,0.1,,,,7.51,,,,,,,,43.8,,39.5,,12.9,,1.12,,3.68,,17.1,,,,352,,4.23,,12.69,,8.25,,347,,4.8,,3.86,,,,10,,,,,,,,,,,,,,,,,,,,,,,,,,,,,,,,,,,,,,,,,,,,,,,,,,,,,,,,,,,,,,,,,,,,,,,,,,,,,,,,,,,,,,,,,,,,,,,,,,,,,,,,,,,,,,,,,,,,,,,,,,,,,,
2025PN880099,OIL SANDS LONGTERM WQ MONITORING,M6 LTWQ PANEL 9 OF 10,AL07DD0009,57.21523,-111.60808,2025-10-22 15:00,WATER,VERTICAL INTEGRATED,2.9,,148.718,,0,,6.958,,26.758,,148.758,,0,,-0.818,,0.61,,19.77,,9.166,,201.529,,,,,,NA,,NA,,122,,,,11.8,,0.1,,,,7.53,,,,,,,,43,,38.8,,12.6,,1.11,,3.87,,17,,,,347,,3.89,,12.64,,8.23,,346,,4.8,,3.66,,,,10,,,,,,,,,,,,,,,,,,,,,,,,,,,,,,,,,,,,,,,,,,,,,,,,,,,,,,,,,,,,,,,,,,,,,,,,,,,,,,,,,,,,,,,,,,,,,,,,,,,,,,,,,,,,,,,,,,,,,,,,,,,,,,
2025PN880100,OIL SANDS LONGTERM WQ MONITORING,M3 LT WQ PANEL 5 OF 10,AL07DD0008,56.8388,-111.41548,2026-02-03 13:10,WATER,VERTICAL INTEGRATED,1.7,,220.639,,0,,3.392,,35.388,,216.388,,0,,NC,,0.66,,18.092,,NC,,NC,,,,,,NA,,,,181,,,,6.67,,0.12,,,,8.01,,,,,,,,68.2,,58.3,,17.2,,1.88,,7.54,,22.2,,,,476,,,,12.62,,7.57,,464,,0,,1,,,,,,,,,,,,,,,,,,,,,,,,,,,,,,,,,,,,,,,,,,,,,,,,,,,,,,,,,,,,,,,,,,,,,,,,,,,,,,,,,,,,,,,,,,,,,,,,,,,,,,,,,,,,,,,,,,,,,,,,,,,,,,,,,,
2025PN880101,OIL SANDS LONGTERM WQ MONITORING,M3 LT WQ PANEL 9 OF 10,AL07DD0008,56.83991,-111.41234,2026-02-03 13:35,WATER,VERTICAL INTEGRATED,2.6,,125.557,,0,,7.751,,6.88,,109.88,,0,,NC,,1.42,,40.009,,NC,,NC,,,,,,NA,,,,103,,,,39.9,,0.11,,,,7.41,,,,,,,,23.4,,29.1,,9.04,,1.37,,12.8,,34.2,,,,365,,,,12.42,,7.51,,358,,0,,2.8,,,,,,,,,,,,,,,,,,,,,,,,,,,,,,,,,,,,,,,,,,,,,,,,,,,,,,,,,,,,,,,,,,,,,,,,,,,,,,,,,,,,,,,,,,,,,,,,,,,,,,,,,,,,,,,,,,,,,,,,,,,,,,,,,,
2025PN880102,OIL SANDS LONGTERM WQ MONITORING,M2 LT WQ PANEL 3 OF 10,AL07DD0002,56.72008333,-111.405,2026-02-03 16:15,WATER,TRIPLICATE SAMPLE,3.7,,225.515,,0,,3.309,,36.78,,221.78,,0,,NC,,0.63,,17.333,,NC,,NC,,,,,,NA,,,,185,,,,5.12,,0.12,,,,8.03,,,,,,,,70.4,,59.8,,17.6,,1.93,,7.22,,21.6,,,,481,,,,12.79,,7.66,,470,,0,,0.75,,,,,,,,,,,,,,,,,,,,,,,,,,,,,,,,,,,,,,,,,,,,,,,,,,,,,,,,,,,,,,,,,,,,,,,,,,,,,,,,,,,,,,,,,,,,,,,,,,,,,,,,,,,,,,,,,,,,,,,,,,,,,,,,,,
2025PN880103,OIL SANDS LONGTERM WQ MONITORING,M2 LT WQ PANEL 3 OF 10,AL07DD0002,56.72008333,-111.405,2026-02-03 16:20,WATER,TRIPLICATE SAMPLE,3.7,,224.296,,0,,2.667,,36.369,,220.369,,0,,PM,,0.63,,17.291,,PM,,NC,,,,,,NA,,,,184,,,,5.1,,0.12,,,,8.12,,,,,,,,70.3,,59.4,,17.5,,1.92,,7.18,,21.4,,,,479,,,,,,,,,,,,,,,,,,,,,,,,,,,,,,,,,,,,,,,,,,,,,,,,,,,,,,,,,,,,,,,,,,,,,,,,,,,,,,,,,,,,,,,,,,,,,,,,,,,,,,,,,,,,,,,,,,,,,,,,,,,,,,,,,,,,,,,,,,,,,,
2025PN880104,OIL SANDS LONGTERM WQ MONITORING,M2 LT WQ PANEL 3 OF 10,AL07DD0002,56.72008333,-111.405,2026-02-03 16:25,WATER,TRIPLICATE SAMPLE,3.7,,224.296,,0,,3.141,,36.869,,220.869,,0,,PM,,0.62,,17.192,,PM,,NC,,,,,,NA,,,,184,,,,5.05,,0.12,,,,8.05,,,,,,,,70.2,,59.6,,17.5,,1.93,,7.19,,21.3,,,,483,,,,,,,,,,,,,,,,,,,,,,,,,,,,,,,,,,,,,,,,,,,,,,,,,,,,,,,,,,,,,,,,,,,,,,,,,,,,,,,,,,,,,,,,,,,,,,,,,,,,,,,,,,,,,,,,,,,,,,,,,,,,,,,,,,,,,,,,,,,,,,
2025PN880107,OIL SANDS LONGTERM WQ MONITORING,M7 LTWQ PANEL 1 OF 10,AL07DD0007,57.31332,-111.67533,2026-02-05 13:15,WATER,VERTICAL INTEGRATED,6.3,,186.507,,0,,3.535,,25.068,,178.068,,0,,-0.425,,0.91,,25.27,,8.77,,265.383,,,,,,NA,,,,153,,,,21.2,,0.12,,,,7.92,,,,,,,,49.8,,47.9,,14.2,,1.71,,9.74,,28,,,,450,,2.94,,12.12,,7.46,,429,,0,,1.73,,,,20,,,,,,,,,,,,,,,,,,,,,,,,,,,,,,,,,,,,,,,,,,,,,,,,,,,,,,,,,,,,,,,,,,,,,,,,,,,,,,,,,,,,,,,,,,,,,,,,,,,,,,,,,,,,,,,,,,,,,,,,,,,,,,
2025PN880108,OIL SANDS LONGTERM WQ MONITORING,M7 LTWQ PANEL 4 OF 10,AL07DD0007,57.31365,-111.67278,2026-02-05 13:35,WATER,VERTICAL INTEGRATED,6.3,,181.631,,0,,3.606,,22.764,,171.764,,0,,-0.471,,0.95,,26.431,,8.843,,261.167,,,,,,NA,,,,149,,,,23.2,,0.12,,,,7.9,,,,,,,,47.2,,46.2,,13.7,,1.67,,10.1,,28.7,,,,443,,3.18,,12.32,,7.5,,422,,0,,0.85,,,,18,,,,,,,,,,,,,,,,,,,,,,,,,,,,,,,,,,,,,,,,,,,,,,,,,,,,,,,,,,,,,,,,,,,,,,,,,,,,,,,,,,,,,,,,,,,,,,,,,,,,,,,,,,,,,,,,,,,,,,,,,,,,,,
2025PN880109,OIL SANDS LONGTERM WQ MONITORING,M4 LT WQ PANEL 2 OF 10,AL07DD0004,57.12633333,-111.6036111,2026-02-10 12:30,WATER,VERTICAL INTEGRATED,1.5,,198.697,,0,,4.862,,34.14,,197.14,,0,,NC,,0.85,,23.068,,NC,,NC,,,,,,NA,,,,163,,,,17.1,,0.12,,,,7.81,,,,,,,,59.9,,52.9,,15.8,,1.96,,8.69,,27.5,,,,467,,,,12.54,,7.55,,449,,0,,0.29,,,,,,,,,,,,,,,,,,,,,,,,,,,,,,,,,,,,,,,,,,,,,,,,,,,,,,,,,,,,,,,,,,,,,,,,,,,,,,,,,,,,,,,,,,,,,,,,,,,,,,,,,,,,,,,,,,,,,,,,,,,,,,,,,,
2025PN880110,OIL SANDS LONGTERM WQ MONITORING,M4 LTWQ PANEL 6 OF 10,AL07DD0004,57.12708333,-111.6020556,2026-02-10 12:05,WATER,VERTICAL INTEGRATED,2.8,,187.726,,0,,4.924,,28.785,,182.785,,0,,NC,,0.88,,24.293,,NC,,NC,,,,,,NA,,,,154,,,,18.1,,0.12,,,,7.78,,,,,,,,54.3,,48.8,,14.8,,1.89,,9.21,,27.3,,,,443,,,,12.45,,7.52,,428,,0,,1.7,,,,,,,,,,,,,,,,,,,,,,,,,,,,,,,,,,,,,,,,,,,,,,,,,,,,,,,,,,,,,,,,,,,,,,,,,,,,,,,,,,,,,,,,,,,,,,,,,,,,,,,,,,,,,,,,,,,,,,,,,,,,,,,,,,
2025PN880111,OIL SANDS LONGTERM WQ MONITORING,M4 LTWQ PANEL 9 OF 10,AL07DD0004,57.12761111,-111.6001389,2026-02-10 11:35,WATER,VERTICAL INTEGRATED,5,,163.346,,0,,6.351,,20.089,,154.089,,0,,NC,,1.06,,29.55,,NC,,NC,,,,,,NA,,,,134,,,,27.1,,0.11,,,,7.61,,,,,,,,41.3,,41.1,,12.5,,1.66,,10.7,,30.1,,,,414,,,,11.98,,7.5,,399,,0,,1.95,,,,,,,,,,,,,,,,,,,,,,,,,,,,,,,,,,,,,,,,,,,,,,,,,,,,,,,,,,,,,,,,,,,,,,,,,,,,,,,,,,,,,,,,,,,,,,,,,,,,,,,,,,,,,,,,,,,,,,,,,,,,,,,,,,
2025PN880112,OIL SANDS LONGTERM WQ MONITORING,M5 LTWQ PANEL 9 OF 10,AL07DD0005,57.15747222,-111.6246944,2026-02-10 14:15,WATER,VERTICAL INTEGRATED,3.8,,169.441,,0,,6.29,,21.892,,160.892,,0,,NC,,1,,28.044,,NC,,NC,,,,,,NA,,,,139,,,,24.9,,0.11,,,,7.63,,,,,,,,44.3,,43,,13,,1.72,,10.4,,29.2,,,,423,,,,12.35,,7.5,,404,,0,,2,,,,,,,,,,,,,,,,,,,,,,,,,,,,,,,,,,,,,,,,,,,,,,,,,,,,,,,,,,,,,,,,,,,,,,,,,,,,,,,,,,,,,,,,,,,,,,,,,,,,,,,,,,,,,,,,,,,,,,,,,,,,,,,,,,
2025PN880113,OIL SANDS LONGTERM WQ MONITORING,M6 LTWQ PANEL 9 OF 10,AL07DD0009,57.21523,-111.60808,2026-02-11 12:20,WATER,VERTICAL INTEGRATED,3.1,,179.193,,0,,5.157,,24.839,,171.839,,0,,NC,,0.94,,26.061,,NC,,NC,,,,,,NA,,,,147,,,,21.2,,0.11,,,,7.74,,,,,,,,49.1,,45.9,,13.9,,1.82,,9.7,,28.2,,,,440,,,,12.16,,7.38,,414,,0,,1.95,,,,,,,,,,,,,,,,,,,,,,,,,,,,,,,,,,,,,,,,,,,,,,,,,,,,,,,,,,,,,,,,,,,,,,,,,,,,,,,,,,,,,,,,,,,,,,,,,,,,,,,,,,,,,,,,,,,,,,,,,,,,,,,,,,
2025PN880114,OIL SANDS LONGTERM WQ MONITORING,M2 LT WQ PANEL 3 OF 10,AL07DD0002,56.72008333,-111.405,2026-03-11 14:25,WATER,VERTICAL INTEGRATED,3.5,,,,,,,,,,,,,,,,,,,,,,,,,,,,,,,,,,,,,,,,,,,,,,,,,,,,,,,,,,,,,,,,,,,,12.43,,7.61,,477,,0,,4.8,,,,,,,,,,,,,,,,,,,,,,,,,,,,,,,,,,,,,,,,,,,,,,,,,,,,,,,,,,,,,,,,,,,,,,,,,,,,,,,,,,,,,,,,,,,,,,,,,,,,,,,,,,,,,,,,,,,,,,,,,,,,,,,,,,
2025PN880115,OIL SANDS LONGTERM WQ MONITORING,M3 LT WQ PANEL 1 OF 10,AL07DD0008,56.8383,-111.41835,2026-03-11 10:55,WATER,VERTICAL INTEGRATED,2.2,,,,,,,,,,,,,,,,,,,,,,,,,,,,,,,,,,,,,,,,,,,,,,,,,,,,,,,,,,,,,,,,,,,,12.06,,7.56,,481,,0,,2.11,,,,,,,,,,,,,,,,,,,,,,,,,,,,,,,,,,,,,,,,,,,,,,,,,,,,,,,,,,,,,,,,,,,,,,,,,,,,,,,,,,,,,,,,,,,,,,,,,,,,,,,,,,,,,,,,,,,,,,,,,,,,,,,,,,
2025PN880116,OIL SANDS LONGTERM WQ MONITORING,M3 LT WQ PANEL 5 OF 10,AL07DD0008,56.8388,-111.41548,2026-03-11 11:15,WATER,VERTICAL INTEGRATED,1.7,,,,,,,,,,,,,,,,,,,,,,,,,,,,,,,,,,,,,,,,,,,,,,,,,,,,,,,,,,,,,,,,,,,,12.36,,7.61,,471,,0,,2.3,,,,,,,,,,,,,,,,,,,,,,,,,,,,,,,,,,,,,,,,,,,,,,,,,,,,,,,,,,,,,,,,,,,,,,,,,,,,,,,,,,,,,,,,,,,,,,,,,,,,,,,,,,,,,,,,,,,,,,,,,,,,,,,,,,
2025PN880117,OIL SANDS LONGTERM WQ MONITORING,M3 LT WQ PANEL 9 OF 10,AL07DD0008,56.83991,-111.41234,2026-03-11 11:35,WATER,VERTICAL INTEGRATED,2.6,,,,,,,,,,,,,,,,,,,,,,,,,,,,,,,,,,,,,,,,,,,,,,,,,,,,,,,,,,,,,,,,,,,,12.3,,7.59,,362,,0,,4.1,,,,,,,,,,,,,,,,,,,,,,,,,,,,,,,,,,,,,,,,,,,,,,,,,,,,,,,,,,,,,,,,,,,,,,,,,,,,,,,,,,,,,,,,,,,,,,,,,,,,,,,,,,,,,,,,,,,,,,,,,,,,,,,,,,
2025PN880118,OIL SANDS LONGTERM WQ MONITORING,M7 LTWQ PANEL 1 OF 10,AL07DD0007,57.31332,-111.67533,2026-03-12 11:10,WATER,VERTICAL INTEGRATED,6.4,,,,,,,,,,,,,,,,,,,,,,,,,,,,,,,,,,,,,,,,,,,,,,,,,,,,,,,,,,,,,,,,,,,,11.8,,7.5,,437,,0,,3.1,,,,,,,,,,,,,,,,,,,,,,,,,,,,,,,,,,,,,,,,,,,,,,,,,,,,,,,,,,,,,,,,,,,,,,,,,,,,,,,,,,,,,,,,,,,,,,,,,,,,,,,,,,,,,,,,,,,,,,,,,,,,,,,,,,
2025PN880119,OIL SANDS LONGTERM WQ MONITORING,M7 LTWQ PANEL 4 OF 10,AL07DD0007,57.31365,-111.67278,2026-03-12 11:30,WATER,VERTICAL INTEGRATED,1.3,,,,,,,,,,,,,,,,,,,,,,,,,,,,,,,,,,,,,,,,,,,,,,,,,,,,,,,,,,,,,,,,,,,,12.2,,7.5,,433,,0,,3.4,,,,,,,,,,,,,,,,,,,,,,,,,,,,,,,,,,,,,,,,,,,,,,,,,,,,,,,,,,,,,,,,,,,,,,,,,,,,,,,,,,,,,,,,,,,,,,,,,,,,,,,,,,,,,,,,,,,,,,,,,,,,,,,,,,
2025PN880120,OIL SANDS LONGTERM WQ MONITORING,M4 LTWQ PANEL 9 OF 10,AL07DD0004,57.12761111,-111.6001389,2026-03-12 13:40,WATER,VERTICAL INTEGRATED,4.9,,,,,,,,,,,,,,,,,,,,,,,,,,,,,,,,,,,,,,,,,,,,,,,,,,,,,,,,,,,,,,,,,,,,12.16,,7.39,,418,,0,,3.41,,,,,,,,,,,,,,,,,,,,,,,,,,,,,,,,,,,,,,,,,,,,,,,,,,,,,,,,,,,,,,,,,,,,,,,,,,,,,,,,,,,,,,,,,,,,,,,,,,,,,,,,,,,,,,,,,,,,,,,,,,,,,,,,,,
2025PN880121,OIL SANDS LONGTERM WQ MONITORING,M5 LTWQ PANEL 9 OF 10,AL07DD0005,57.15747222,-111.6246944,2026-03-12 14:10,WATER,VERTICAL INTEGRATED,3.7,,,,,,,,,,,,,,,,,,,,,,,,,,,,,,,,,,,,,,,,,,,,,,,,,,,,,,,,,,,,,,,,,,,,12.47,,7.47,,423,,0,,3.39,,,,,,,,,,,,,,,,,,,,,,,,,,,,,,,,,,,,,,,,,,,,,,,,,,,,,,,,,,,,,,,,,,,,,,,,,,,,,,,,,,,,,,,,,,,,,,,,,,,,,,,,,,,,,,,,,,,,,,,,,,,,,,,,,,
2025PN880122,OIL SANDS LONGTERM WQ MONITORING,M6 LTWQ PANEL 9 OF 10,AL07DD0009,57.21523,-111.60808,2026-03-10 12:25,WATER,VERTICAL INTEGRATED,3.4,,,,,,,,,,,,,,,,,,,,,,,,,,,,,,,,,,,,,,,,,,,,,,,,,,,,,,,,,,,,,,,,,,,,12.21,,7.41,,436,,0,,3.33,,,,,,,,,,,,,,,,,,,,,,,,,,,,,,,,,,,,,,,,,,,,,,,,,,,,,,,,,,,,,,,,,,,,,,,,,,,,,,,,,,,,,,,,,,,,,,,,,,,,,,,,,,,,,,,,,,,,,,,,,,,,,,,,,,
